row_kind,run_id,config_hash,N,contamination,seed,alpha,definition,bounded_support,support_length,analytical_null,M,gamma,delta_b,delta_c,eq32_rhs,eq33_epsilon_bound,observed_violation,accepted,l1_discrepancy,discrepancy,retained_count
coverage,r03-coverage-N200-c00-s401,f83d9f5a3d6551e5521876b1962f33f4e2d55f6d03ea127d3d75dcf03658ee2c,200,0.0,401,0.0,,True,1.0,bounded-support-contamination-mixture,10,0.01,0.014,0.014,0.038,20.341079324724635,False,True,0.005890277267283418,,
coverage,r03-coverage-N200-c00-s402,bd0348536d1b805710cdaa79bde60b92b43827b4b32a8f76c6f2ee464db4288c,200,0.0,402,0.0,,True,1.0,bounded-support-contamination-mixture,10,0.01,0.014,0.014,0.038,20.341079324724635,False,True,0.007220507871183532,,
coverage,r03-coverage-N200-c00-s403,7c15cc0c433294f8b8927d5f042d84343c5cd03307a04ff5785db53316b6e857,200,0.0,403,0.0,,True,1.0,bounded-support-contamination-mixture,10,0.01,0.014,0.014,0.038,20.341079324724635,False,True,0.008696045641013185,,
coverage,r03-coverage-N200-c00-s404,336b1a7a4cdd9145a1c7d99409bd9e4184561ce7667a4c8e9a17474b69aa8293,200,0.0,404,0.0,,True,1.0,bounded-support-contamination-mixture,10,0.01,0.014,0.014,0.038,20.341079324724635,False,True,0.00785009534251561,,
coverage,r03-coverage-N200-c00-s405,4dce2ac0b56a9af5ecb6f64106ae8ed8489e82b557ecb26bd00e6d20e7de80fa,200,0.0,405,0.0,,True,1.0,bounded-support-contamination-mixture,10,0.01,0.014,0.014,0.038,20.341079324724635,False,True,0.0038888295103721,,
coverage,r03-coverage-N200-c15-s401,4d0e8af16b44c226d484e9e9322ec3facf06ee8a1a9ccd7e5cd1202446efff21,200,0.15,401,0.15,,True,1.0,bounded-support-contamination-mixture,10,0.01,0.014,0.014,0.188,20.341079324724635,False,True,0.15905761207772723,,
coverage,r03-coverage-N200-c15-s402,908f8ceae2964018860de0473d5b9ceb1f63e840c7d216491980ab26defb7a05,200,0.15,402,0.15,,True,1.0,bounded-support-contamination-mixture,10,0.01,0.014,0.014,0.188,20.341079324724635,False,True,0.10638058857868404,,
coverage,r03-coverage-N200-c15-s403,aac8a41c6feab8983c4799f2f8019714d85a99d332fa515a4e0556c898c2ce0c,200,0.15,403,0.15,,True,1.0,bounded-support-contamination-mixture,10,0.01,0.014,0.014,0.188,20.341079324724635,False,True,0.1009782222226889,,
coverage,r03-coverage-N200-c15-s404,92fc770702367e15e02e0e0508cc30969f3abd06e872f2121c0782c8e10976dd,200,0.15,404,0.15,,True,1.0,bounded-support-contamination-mixture,10,0.01,0.014,0.014,0.188,20.341079324724635,False,True,0.12870300220437803,,
coverage,r03-coverage-N200-c15-s405,74f469b6e2ccbe8b76654deaf34e79bc263c33b6c7ef3b26cecabdb43b191b69,200,0.15,405,0.15,,True,1.0,bounded-support-contamination-mixture,10,0.01,0.014,0.014,0.188,20.341079324724635,False,True,0.09466381411425875,,
coverage,r03-coverage-N200-c30-s401,6ce92e039e3473732e0338088492e168e250d24bf39b2cc6882ab27b017c5440,200,0.3,401,0.3,,True,1.0,bounded-support-contamination-mixture,10,0.01,0.014,0.014,0.33799999999999997,20.341079324724635,False,True,0.2565182222226889,,
coverage,r03-coverage-N200-c30-s402,c9e83b427419cbbc0f3cbbbee62460b71db65b5d0dcd6f120cd3dd8897be1997,200,0.3,402,0.3,,True,1.0,bounded-support-contamination-mixture,10,0.01,0.014,0.014,0.33799999999999997,20.341079324724635,False,True,0.2587882222226888,,
coverage,r03-coverage-N200-c30-s403,4686b810909fe29741511ef3d1055c11f8d9311cb27c03122f0e6c9f5aeec744,200,0.3,403,0.3,,True,1.0,bounded-support-contamination-mixture,10,0.01,0.014,0.014,0.33799999999999997,20.341079324724635,False,True,0.21012627715925447,,
coverage,r03-coverage-N200-c30-s404,b2d2017651d48b0456ed9ca2f81b1c4c54d3f998501e43ac9696e83975f3d554,200,0.3,404,0.3,,True,1.0,bounded-support-contamination-mixture,10,0.01,0.014,0.014,0.33799999999999997,20.341079324724635,False,True,0.20330420597313292,,
coverage,r03-coverage-N200-c30-s405,c65e1933a56d15aeac71db8af94a364acf3ec1bd169a3c16b129440e7d21ef34,200,0.3,405,0.3,,True,1.0,bounded-support-contamination-mixture,10,0.01,0.014,0.014,0.33799999999999997,20.341079324724635,False,True,0.24620822222268893,,
coverage,r03-coverage-N800-c00-s401,503eed1331f8f3f8aff4ab77e00830854760bcb8da7e8519e293ffc8bc0d161e,800,0.0,401,0.0,,True,1.0,bounded-support-contamination-mixture,10,0.01,0.014,0.014,0.038,16.077848472840085,False,True,0.008081496946368385,,
coverage,r03-coverage-N800-c00-s402,cca00de94f4db59a079cf409ad3a48ea3391cb698529a23c259bf246316795fb,800,0.0,402,0.0,,True,1.0,bounded-support-contamination-mixture,10,0.01,0.014,0.014,0.038,16.077848472840085,False,True,0.0049770862542890286,,
coverage,r03-coverage-N800-c00-s403,9934f23843874dd9b750ffee5048b31bccb1acdead18769d24ad8303195ca780,800,0.0,403,0.0,,True,1.0,bounded-support-contamination-mixture,10,0.01,0.014,0.014,0.038,16.077848472840085,False,True,0.004488898454075368,,
coverage,r03-coverage-N800-c00-s404,6fd38a39a4ac7939e3ab55c2cf390bbc4a7ce6874c06903f94a1bab9a9505095,800,0.0,404,0.0,,True,1.0,bounded-support-contamination-mixture,10,0.01,0.014,0.014,0.038,16.077848472840085,False,True,0.005224881358341007,,
coverage,r03-coverage-N800-c00-s405,2afa3801fe180c7701974624d51a1ce98ff1732199400d8dd2ba27bb8808060a,800,0.0,405,0.0,,True,1.0,bounded-support-contamination-mixture,10,0.01,0.014,0.014,0.038,16.077848472840085,False,True,0.003001391102831072,,
coverage,r03-coverage-N800-c15-s401,11acabb53b760b347c2d3dc412c6029b331adac6651795e3752de570411b306d,800,0.15,401,0.15,,True,1.0,bounded-support-contamination-mixture,10,0.01,0.014,0.014,0.188,16.077848472840085,False,True,0.1287607222226889,,
coverage,r03-coverage-N800-c15-s402,49b9636252a08719bf4f81e1b945676d722b61910f8a7029f55f72af9d1feedd,800,0.15,402,0.15,,True,1.0,bounded-support-contamination-mixture,10,0.01,0.014,0.014,0.188,16.077848472840085,False,True,0.1111914453289253,,
coverage,r03-coverage-N800-c15-s403,58fb1794f3578af5b15647b8fdcc455d1ec2fcd8da3309109b95b7adb2f003aa,800,0.15,403,0.15,,True,1.0,bounded-support-contamination-mixture,10,0.01,0.014,0.014,0.188,16.077848472840085,False,True,0.1219694722226889,,
coverage,r03-coverage-N800-c15-s404,71a6b8dbff10d585baea271fb9d9582f50cf59dc8aabf17edf420fcb1155d094,800,0.15,404,0.15,,True,1.0,bounded-support-contamination-mixture,10,0.01,0.014,0.014,0.188,16.077848472840085,False,True,0.12242644532892531,,
coverage,r03-coverage-N800-c15-s405,98081b6589e49c7979de7196e4329546382ef671a502af4ee847eab8b2ddfb3b,800,0.15,405,0.15,,True,1.0,bounded-support-contamination-mixture,10,0.01,0.014,0.014,0.188,16.077848472840085,False,True,0.1087375261719416,,
coverage,r03-coverage-N800-c30-s401,3747a7934b8c38ca7250612afb91e7d8407cc09412bc16c79c29b96181aaf2c9,800,0.3,401,0.3,,True,1.0,bounded-support-contamination-mixture,10,0.01,0.014,0.014,0.33799999999999997,16.077848472840085,False,True,0.2419619722226889,,
coverage,r03-coverage-N800-c30-s402,6003b50316a2d72f86d2948cef258f97ffbfde1ce12f00db227165154567e6cc,800,0.3,402,0.3,,True,1.0,bounded-support-contamination-mixture,10,0.01,0.014,0.014,0.33799999999999997,16.077848472840085,False,True,0.2386944722226889,,
coverage,r03-coverage-N800-c30-s403,369706560ca1f37da563c928b2319aa7237c04859fd884db66bd19abf7ed024e,800,0.3,403,0.3,,True,1.0,bounded-support-contamination-mixture,10,0.01,0.014,0.014,0.33799999999999997,16.077848472840085,False,True,0.23130175220437804,,
coverage,r03-coverage-N800-c30-s404,86ed824af85d3a9e2adfc7a82bb860bc20b0857f469eb8193310a3c36ef12496,800,0.3,404,0.3,,True,1.0,bounded-support-contamination-mixture,10,0.01,0.014,0.014,0.33799999999999997,16.077848472840085,False,True,0.2443755012170652,,
coverage,r03-coverage-N800-c30-s405,088472ee6edc628ba6630dc268bd39703651c7f6c08dbb2167b52752013e85e5,800,0.3,405,0.3,,True,1.0,bounded-support-contamination-mixture,10,0.01,0.014,0.014,0.33799999999999997,16.077848472840085,False,True,0.2344469722226889,,
trim,r03-coverage-N200-c00-s401,f83d9f5a3d6551e5521876b1962f33f4e2d55f6d03ea127d3d75dcf03658ee2c,200,0.0,401,0.0,alpha_excess,True,1.0,bounded-support-contamination-mixture,10,0.01,0.014,0.014,,,,,,0.005890277267283418,200
trim,r03-coverage-N200-c00-s401,f83d9f5a3d6551e5521876b1962f33f4e2d55f6d03ea127d3d75dcf03658ee2c,200,0.0,401,0.0,literal_trim,True,1.0,bounded-support-contamination-mixture,10,0.01,0.014,0.014,,,,,,0.005890277267283418,200
trim,r03-coverage-N200-c00-s401,f83d9f5a3d6551e5521876b1962f33f4e2d55f6d03ea127d3d75dcf03658ee2c,200,0.0,401,0.05,alpha_excess,True,1.0,bounded-support-contamination-mixture,10,0.01,0.014,0.014,,,,,,8.526520279994046e-06,190
trim,r03-coverage-N200-c00-s401,f83d9f5a3d6551e5521876b1962f33f4e2d55f6d03ea127d3d75dcf03658ee2c,200,0.0,401,0.05,literal_trim,True,1.0,bounded-support-contamination-mixture,10,0.01,0.014,0.014,,,,,,0.01577529869912571,190
trim,r03-coverage-N200-c00-s401,f83d9f5a3d6551e5521876b1962f33f4e2d55f6d03ea127d3d75dcf03658ee2c,200,0.0,401,0.1,alpha_excess,True,1.0,bounded-support-contamination-mixture,10,0.01,0.014,0.014,,,,,,0.0,180
trim,r03-coverage-N200-c00-s401,f83d9f5a3d6551e5521876b1962f33f4e2d55f6d03ea127d3d75dcf03658ee2c,200,0.0,401,0.1,literal_trim,True,1.0,bounded-support-contamination-mixture,10,0.01,0.014,0.014,,,,,,0.025559031363914728,180
trim,r03-coverage-N200-c00-s401,f83d9f5a3d6551e5521876b1962f33f4e2d55f6d03ea127d3d75dcf03658ee2c,200,0.0,401,0.15,alpha_excess,True,1.0,bounded-support-contamination-mixture,10,0.01,0.014,0.014,,,,,,0.0,170
trim,r03-coverage-N200-c00-s401,f83d9f5a3d6551e5521876b1962f33f4e2d55f6d03ea127d3d75dcf03658ee2c,200,0.0,401,0.15,literal_trim,True,1.0,bounded-support-contamination-mixture,10,0.01,0.014,0.014,,,,,,0.03445405661915139,170
trim,r03-coverage-N200-c00-s401,f83d9f5a3d6551e5521876b1962f33f4e2d55f6d03ea127d3d75dcf03658ee2c,200,0.0,401,0.2,alpha_excess,True,1.0,bounded-support-contamination-mixture,10,0.01,0.014,0.014,,,,,,0.0,160
trim,r03-coverage-N200-c00-s401,f83d9f5a3d6551e5521876b1962f33f4e2d55f6d03ea127d3d75dcf03658ee2c,200,0.0,401,0.2,literal_trim,True,1.0,bounded-support-contamination-mixture,10,0.01,0.014,0.014,,,,,,0.042581997795621974,160
trim,r03-coverage-N200-c00-s401,f83d9f5a3d6551e5521876b1962f33f4e2d55f6d03ea127d3d75dcf03658ee2c,200,0.0,401,0.25,alpha_excess,True,1.0,bounded-support-contamination-mixture,10,0.01,0.014,0.014,,,,,,0.0,150
trim,r03-coverage-N200-c00-s401,f83d9f5a3d6551e5521876b1962f33f4e2d55f6d03ea127d3d75dcf03658ee2c,200,0.0,401,0.25,literal_trim,True,1.0,bounded-support-contamination-mixture,10,0.01,0.014,0.014,,,,,,0.045405358267243005,150
trim,r03-coverage-N200-c00-s401,f83d9f5a3d6551e5521876b1962f33f4e2d55f6d03ea127d3d75dcf03658ee2c,200,0.0,401,0.3,alpha_excess,True,1.0,bounded-support-contamination-mixture,10,0.01,0.014,0.014,,,,,,0.0,140
trim,r03-coverage-N200-c00-s401,f83d9f5a3d6551e5521876b1962f33f4e2d55f6d03ea127d3d75dcf03658ee2c,200,0.0,401,0.3,literal_trim,True,1.0,bounded-support-contamination-mixture,10,0.01,0.014,0.014,,,,,,0.042568495524083254,140
trim,r03-coverage-N200-c00-s402,bd0348536d1b805710cdaa79bde60b92b43827b4b32a8f76c6f2ee464db4288c,200,0.0,402,0.0,alpha_excess,True,1.0,bounded-support-contamination-mixture,10,0.01,0.014,0.014,,,,,,0.007220507871183532,200
trim,r03-coverage-N200-c00-s402,bd0348536d1b805710cdaa79bde60b92b43827b4b32a8f76c6f2ee464db4288c,200,0.0,402,0.0,literal_trim,True,1.0,bounded-support-contamination-mixture,10,0.01,0.014,0.014,,,,,,0.007220507871183532,200
trim,r03-coverage-N200-c00-s402,bd0348536d1b805710cdaa79bde60b92b43827b4b32a8f76c6f2ee464db4288c,200,0.0,402,0.05,alpha_excess,True,1.0,bounded-support-contamination-mixture,10,0.01,0.014,0.014,,,,,,7.355888693242125e-05,190
trim,r03-coverage-N200-c00-s402,bd0348536d1b805710cdaa79bde60b92b43827b4b32a8f76c6f2ee464db4288c,200,0.0,402,0.05,literal_trim,True,1.0,bounded-support-contamination-mixture,10,0.01,0.014,0.014,,,,,,0.020243839900885133,190
trim,r03-coverage-N200-c00-s402,bd0348536d1b805710cdaa79bde60b92b43827b4b32a8f76c6f2ee464db4288c,200,0.0,402,0.1,alpha_excess,True,1.0,bounded-support-contamination-mixture,10,0.01,0.014,0.014,,,,,,0.0,180
trim,r03-coverage-N200-c00-s402,bd0348536d1b805710cdaa79bde60b92b43827b4b32a8f76c6f2ee464db4288c,200,0.0,402,0.1,literal_trim,True,1.0,bounded-support-contamination-mixture,10,0.01,0.014,0.014,,,,,,0.028206997795621976,180
trim,r03-coverage-N200-c00-s402,bd0348536d1b805710cdaa79bde60b92b43827b4b32a8f76c6f2ee464db4288c,200,0.0,402,0.15,alpha_excess,True,1.0,bounded-support-contamination-mixture,10,0.01,0.014,0.014,,,,,,0.0,170
trim,r03-coverage-N200-c00-s402,bd0348536d1b805710cdaa79bde60b92b43827b4b32a8f76c6f2ee464db4288c,200,0.0,402,0.15,literal_trim,True,1.0,bounded-support-contamination-mixture,10,0.01,0.014,0.014,,,,,,0.03521876250150433,170
trim,r03-coverage-N200-c00-s402,bd0348536d1b805710cdaa79bde60b92b43827b4b32a8f76c6f2ee464db4288c,200,0.0,402,0.2,alpha_excess,True,1.0,bounded-support-contamination-mixture,10,0.01,0.014,0.014,,,,,,0.0,160
trim,r03-coverage-N200-c00-s402,bd0348536d1b805710cdaa79bde60b92b43827b4b32a8f76c6f2ee464db4288c,200,0.0,402,0.2,literal_trim,True,1.0,bounded-support-contamination-mixture,10,0.01,0.014,0.014,,,,,,0.0419594987829348,160
trim,r03-coverage-N200-c00-s402,bd0348536d1b805710cdaa79bde60b92b43827b4b32a8f76c6f2ee464db4288c,200,0.0,402,0.25,alpha_excess,True,1.0,bounded-support-contamination-mixture,10,0.01,0.014,0.014,,,,,,0.0,150
trim,r03-coverage-N200-c00-s402,bd0348536d1b805710cdaa79bde60b92b43827b4b32a8f76c6f2ee464db4288c,200,0.0,402,0.25,literal_trim,True,1.0,bounded-support-contamination-mixture,10,0.01,0.014,0.014,,,,,,0.04191787992481129,150
trim,r03-coverage-N200-c00-s402,bd0348536d1b805710cdaa79bde60b92b43827b4b32a8f76c6f2ee464db4288c,200,0.0,402,0.3,alpha_excess,True,1.0,bounded-support-contamination-mixture,10,0.01,0.014,0.014,,,,,,0.0,140
trim,r03-coverage-N200-c00-s402,bd0348536d1b805710cdaa79bde60b92b43827b4b32a8f76c6f2ee464db4288c,200,0.0,402,0.3,literal_trim,True,1.0,bounded-support-contamination-mixture,10,0.01,0.014,0.014,,,,,,0.04212945362119557,140
trim,r03-coverage-N200-c00-s403,7c15cc0c433294f8b8927d5f042d84343c5cd03307a04ff5785db53316b6e857,200,0.0,403,0.0,alpha_excess,True,1.0,bounded-support-contamination-mixture,10,0.01,0.014,0.014,,,,,,0.008696045641013185,200
trim,r03-coverage-N200-c00-s403,7c15cc0c433294f8b8927d5f042d84343c5cd03307a04ff5785db53316b6e857,200,0.0,403,0.0,literal_trim,True,1.0,bounded-support-contamination-mixture,10,0.01,0.014,0.014,,,,,,0.008696045641013185,200
trim,r03-coverage-N200-c00-s403,7c15cc0c433294f8b8927d5f042d84343c5cd03307a04ff5785db53316b6e857,200,0.0,403,0.05,alpha_excess,True,1.0,bounded-support-contamination-mixture,10,0.01,0.014,0.014,,,,,,6.536849042695309e-05,190
trim,r03-coverage-N200-c00-s403,7c15cc0c433294f8b8927d5f042d84343c5cd03307a04ff5785db53316b6e857,200,0.0,403,0.05,literal_trim,True,1.0,bounded-support-contamination-mixture,10,0.01,0.014,0.014,,,,,,0.015649925763391165,190
trim,r03-coverage-N200-c00-s403,7c15cc0c433294f8b8927d5f042d84343c5cd03307a04ff5785db53316b6e857,200,0.0,403,0.1,alpha_excess,True,1.0,bounded-support-contamination-mixture,10,0.01,0.014,0.014,,,,,,0.0,180
trim,r03-coverage-N200-c00-s403,7c15cc0c433294f8b8927d5f042d84343c5cd03307a04ff5785db53316b6e857,200,0.0,403,0.1,literal_trim,True,1.0,bounded-support-contamination-mixture,10,0.01,0.014,0.014,,,,,,0.02252660593463552,180
trim,r03-coverage-N200-c00-s403,7c15cc0c433294f8b8927d5f042d84343c5cd03307a04ff5785db53316b6e857,200,0.0,403,0.15,alpha_excess,True,1.0,bounded-support-contamination-mixture,10,0.01,0.014,0.014,,,,,,0.0,170
trim,r03-coverage-N200-c00-s403,7c15cc0c433294f8b8927d5f042d84343c5cd03307a04ff5785db53316b6e857,200,0.0,403,0.15,literal_trim,True,1.0,bounded-support-contamination-mixture,10,0.01,0.014,0.014,,,,,,0.028954640840237883,170
trim,r03-coverage-N200-c00-s403,7c15cc0c433294f8b8927d5f042d84343c5cd03307a04ff5785db53316b6e857,200,0.0,403,0.2,alpha_excess,True,1.0,bounded-support-contamination-mixture,10,0.01,0.014,0.014,,,,,,0.0,160
trim,r03-coverage-N200-c00-s403,7c15cc0c433294f8b8927d5f042d84343c5cd03307a04ff5785db53316b6e857,200,0.0,403,0.2,literal_trim,True,1.0,bounded-support-contamination-mixture,10,0.01,0.014,0.014,,,,,,0.03492020197016934,160
trim,r03-coverage-N200-c00-s403,7c15cc0c433294f8b8927d5f042d84343c5cd03307a04ff5785db53316b6e857,200,0.0,403,0.25,alpha_excess,True,1.0,bounded-support-contamination-mixture,10,0.01,0.014,0.014,,,,,,0.0,150
trim,r03-coverage-N200-c00-s403,7c15cc0c433294f8b8927d5f042d84343c5cd03307a04ff5785db53316b6e857,200,0.0,403,0.25,literal_trim,True,1.0,bounded-support-contamination-mixture,10,0.01,0.014,0.014,,,,,,0.038364519219076,150
trim,r03-coverage-N200-c00-s403,7c15cc0c433294f8b8927d5f042d84343c5cd03307a04ff5785db53316b6e857,200,0.0,403,0.3,alpha_excess,True,1.0,bounded-support-contamination-mixture,10,0.01,0.014,0.014,,,,,,0.0,140
trim,r03-coverage-N200-c00-s403,7c15cc0c433294f8b8927d5f042d84343c5cd03307a04ff5785db53316b6e857,200,0.0,403,0.3,literal_trim,True,1.0,bounded-support-contamination-mixture,10,0.01,0.014,0.014,,,,,,0.03992618920521378,140
trim,r03-coverage-N200-c00-s404,336b1a7a4cdd9145a1c7d99409bd9e4184561ce7667a4c8e9a17474b69aa8293,200,0.0,404,0.0,alpha_excess,True,1.0,bounded-support-contamination-mixture,10,0.01,0.014,0.014,,,,,,0.00785009534251561,200
trim,r03-coverage-N200-c00-s404,336b1a7a4cdd9145a1c7d99409bd9e4184561ce7667a4c8e9a17474b69aa8293,200,0.0,404,0.0,literal_trim,True,1.0,bounded-support-contamination-mixture,10,0.01,0.014,0.014,,,,,,0.00785009534251561,200
trim,r03-coverage-N200-c00-s404,336b1a7a4cdd9145a1c7d99409bd9e4184561ce7667a4c8e9a17474b69aa8293,200,0.0,404,0.05,alpha_excess,True,1.0,bounded-support-contamination-mixture,10,0.01,0.014,0.014,,,,,,0.0,190
trim,r03-coverage-N200-c00-s404,336b1a7a4cdd9145a1c7d99409bd9e4184561ce7667a4c8e9a17474b69aa8293,200,0.0,404,0.05,literal_trim,True,1.0,bounded-support-contamination-mixture,10,0.01,0.014,0.014,,,,,,0.020104066660756075,190
trim,r03-coverage-N200-c00-s404,336b1a7a4cdd9145a1c7d99409bd9e4184561ce7667a4c8e9a17474b69aa8293,200,0.0,404,0.1,alpha_excess,True,1.0,bounded-support-contamination-mixture,10,0.01,0.014,0.014,,,,,,0.0,180
trim,r03-coverage-N200-c00-s404,336b1a7a4cdd9145a1c7d99409bd9e4184561ce7667a4c8e9a17474b69aa8293,200,0.0,404,0.1,literal_trim,True,1.0,bounded-support-contamination-mixture,10,0.01,0.014,0.014,,,,,,0.029249120488890556,180
trim,r03-coverage-N200-c00-s404,336b1a7a4cdd9145a1c7d99409bd9e4184561ce7667a4c8e9a17474b69aa8293,200,0.0,404,0.15,alpha_excess,True,1.0,bounded-support-contamination-mixture,10,0.01,0.014,0.014,,,,,,0.0,170
trim,r03-coverage-N200-c00-s404,336b1a7a4cdd9145a1c7d99409bd9e4184561ce7667a4c8e9a17474b69aa8293,200,0.0,404,0.15,literal_trim,True,1.0,bounded-support-contamination-mixture,10,0.01,0.014,0.014,,,,,,0.03724707189495816,170
trim,r03-coverage-N200-c00-s404,336b1a7a4cdd9145a1c7d99409bd9e4184561ce7667a4c8e9a17474b69aa8293,200,0.0,404,0.2,alpha_excess,True,1.0,bounded-support-contamination-mixture,10,0.01,0.014,0.014,,,,,,0.0,160
trim,r03-coverage-N200-c00-s404,336b1a7a4cdd9145a1c7d99409bd9e4184561ce7667a4c8e9a17474b69aa8293,200,0.0,404,0.2,literal_trim,True,1.0,bounded-support-contamination-mixture,10,0.01,0.014,0.014,,,,,,0.04360552777731111,160
trim,r03-coverage-N200-c00-s404,336b1a7a4cdd9145a1c7d99409bd9e4184561ce7667a4c8e9a17474b69aa8293,200,0.0,404,0.25,alpha_excess,True,1.0,bounded-support-contamination-mixture,10,0.01,0.014,0.014,,,,,,0.0,150
trim,r03-coverage-N200-c00-s404,336b1a7a4cdd9145a1c7d99409bd9e4184561ce7667a4c8e9a17474b69aa8293,200,0.0,404,0.25,literal_trim,True,1.0,bounded-support-contamination-mixture,10,0.01,0.014,0.014,,,,,,0.04276604688666334,150
trim,r03-coverage-N200-c00-s404,336b1a7a4cdd9145a1c7d99409bd9e4184561ce7667a4c8e9a17474b69aa8293,200,0.0,404,0.3,alpha_excess,True,1.0,bounded-support-contamination-mixture,10,0.01,0.014,0.014,,,,,,0.0,140
trim,r03-coverage-N200-c00-s404,336b1a7a4cdd9145a1c7d99409bd9e4184561ce7667a4c8e9a17474b69aa8293,200,0.0,404,0.3,literal_trim,True,1.0,bounded-support-contamination-mixture,10,0.01,0.014,0.014,,,,,,0.04283341671036365,140
trim,r03-coverage-N200-c00-s405,4dce2ac0b56a9af5ecb6f64106ae8ed8489e82b557ecb26bd00e6d20e7de80fa,200,0.0,405,0.0,alpha_excess,True,1.0,bounded-support-contamination-mixture,10,0.01,0.014,0.014,,,,,,0.0038888295103721,200
trim,r03-coverage-N200-c00-s405,4dce2ac0b56a9af5ecb6f64106ae8ed8489e82b557ecb26bd00e6d20e7de80fa,200,0.0,405,0.0,literal_trim,True,1.0,bounded-support-contamination-mixture,10,0.01,0.014,0.014,,,,,,0.0038888295103721,200
trim,r03-coverage-N200-c00-s405,4dce2ac0b56a9af5ecb6f64106ae8ed8489e82b557ecb26bd00e6d20e7de80fa,200,0.0,405,0.05,alpha_excess,True,1.0,bounded-support-contamination-mixture,10,0.01,0.014,0.014,,,,,,0.0,190
trim,r03-coverage-N200-c00-s405,4dce2ac0b56a9af5ecb6f64106ae8ed8489e82b557ecb26bd00e6d20e7de80fa,200,0.0,405,0.05,literal_trim,True,1.0,bounded-support-contamination-mixture,10,0.01,0.014,0.014,,,,,,0.015833961137342683,190
trim,r03-coverage-N200-c00-s405,4dce2ac0b56a9af5ecb6f64106ae8ed8489e82b557ecb26bd00e6d20e7de80fa,200,0.0,405,0.1,alpha_excess,True,1.0,bounded-support-contamination-mixture,10,0.01,0.014,0.014,,,,,,0.0,180
trim,r03-coverage-N200-c00-s405,4dce2ac0b56a9af5ecb6f64106ae8ed8489e82b557ecb26bd00e6d20e7de80fa,200,0.0,405,0.1,literal_trim,True,1.0,bounded-support-contamination-mixture,10,0.01,0.014,0.014,,,,,,0.02512721092643425,180
trim,r03-coverage-N200-c00-s405,4dce2ac0b56a9af5ecb6f64106ae8ed8489e82b557ecb26bd00e6d20e7de80fa,200,0.0,405,0.15,alpha_excess,True,1.0,bounded-support-contamination-mixture,10,0.01,0.014,0.014,,,,,,0.0,170
trim,r03-coverage-N200-c00-s405,4dce2ac0b56a9af5ecb6f64106ae8ed8489e82b557ecb26bd00e6d20e7de80fa,200,0.0,405,0.15,literal_trim,True,1.0,bounded-support-contamination-mixture,10,0.01,0.014,0.014,,,,,,0.033502568050032454,170
trim,r03-coverage-N200-c00-s405,4dce2ac0b56a9af5ecb6f64106ae8ed8489e82b557ecb26bd00e6d20e7de80fa,200,0.0,405,0.2,alpha_excess,True,1.0,bounded-support-contamination-mixture,10,0.01,0.014,0.014,,,,,,0.0,160
trim,r03-coverage-N200-c00-s405,4dce2ac0b56a9af5ecb6f64106ae8ed8489e82b557ecb26bd00e6d20e7de80fa,200,0.0,405,0.2,literal_trim,True,1.0,bounded-support-contamination-mixture,10,0.01,0.014,0.014,,,,,,0.041282748040146096,160
trim,r03-coverage-N200-c00-s405,4dce2ac0b56a9af5ecb6f64106ae8ed8489e82b557ecb26bd00e6d20e7de80fa,200,0.0,405,0.25,alpha_excess,True,1.0,bounded-support-contamination-mixture,10,0.01,0.014,0.014,,,,,,0.0,150
trim,r03-coverage-N200-c00-s405,4dce2ac0b56a9af5ecb6f64106ae8ed8489e82b557ecb26bd00e6d20e7de80fa,200,0.0,405,0.25,literal_trim,True,1.0,bounded-support-contamination-mixture,10,0.01,0.014,0.014,,,,,,0.046296497708125044,150
trim,r03-coverage-N200-c00-s405,4dce2ac0b56a9af5ecb6f64106ae8ed8489e82b557ecb26bd00e6d20e7de80fa,200,0.0,405,0.3,alpha_excess,True,1.0,bounded-support-contamination-mixture,10,0.01,0.014,0.014,,,,,,0.0,140
trim,r03-coverage-N200-c00-s405,4dce2ac0b56a9af5ecb6f64106ae8ed8489e82b557ecb26bd00e6d20e7de80fa,200,0.0,405,0.3,literal_trim,True,1.0,bounded-support-contamination-mixture,10,0.01,0.014,0.014,,,,,,0.04659396822059827,140
trim,r03-coverage-N200-c15-s401,4d0e8af16b44c226d484e9e9322ec3facf06ee8a1a9ccd7e5cd1202446efff21,200,0.15,401,0.0,alpha_excess,True,1.0,bounded-support-contamination-mixture,10,0.01,0.014,0.014,,,,,,0.15905761207772723,200
trim,r03-coverage-N200-c15-s401,4d0e8af16b44c226d484e9e9322ec3facf06ee8a1a9ccd7e5cd1202446efff21,200,0.15,401,0.0,literal_trim,True,1.0,bounded-support-contamination-mixture,10,0.01,0.014,0.014,,,,,,0.15905761207772723,200
trim,r03-coverage-N200-c15-s401,4d0e8af16b44c226d484e9e9322ec3facf06ee8a1a9ccd7e5cd1202446efff21,200,0.15,401,0.05,alpha_excess,True,1.0,bounded-support-contamination-mixture,10,0.01,0.014,0.014,,,,,,0.11049050364166346,190
trim,r03-coverage-N200-c15-s401,4d0e8af16b44c226d484e9e9322ec3facf06ee8a1a9ccd7e5cd1202446efff21,200,0.15,401,0.05,literal_trim,True,1.0,bounded-support-contamination-mixture,10,0.01,0.014,0.014,,,,,,0.12149340155319309,190
trim,r03-coverage-N200-c15-s401,4d0e8af16b44c226d484e9e9322ec3facf06ee8a1a9ccd7e5cd1202446efff21,200,0.15,401,0.1,alpha_excess,True,1.0,bounded-support-contamination-mixture,10,0.01,0.014,0.014,,,,,,0.06656743964349475,180
trim,r03-coverage-N200-c15-s401,4d0e8af16b44c226d484e9e9322ec3facf06ee8a1a9ccd7e5cd1202446efff21,200,0.15,401,0.1,literal_trim,True,1.0,bounded-support-contamination-mixture,10,0.01,0.014,0.014,,,,,,0.08384765290780195,180
trim,r03-coverage-N200-c15-s401,4d0e8af16b44c226d484e9e9322ec3facf06ee8a1a9ccd7e5cd1202446efff21,200,0.15,401,0.15,alpha_excess,True,1.0,bounded-support-contamination-mixture,10,0.01,0.014,0.014,,,,,,0.028008328219248153,170
trim,r03-coverage-N200-c15-s401,4d0e8af16b44c226d484e9e9322ec3facf06ee8a1a9ccd7e5cd1202446efff21,200,0.15,401,0.15,literal_trim,True,1.0,bounded-support-contamination-mixture,10,0.01,0.014,0.014,,,,,,0.04381156364456057,170
trim,r03-coverage-N200-c15-s401,4d0e8af16b44c226d484e9e9322ec3facf06ee8a1a9ccd7e5cd1202446efff21,200,0.15,401,0.2,alpha_excess,True,1.0,bounded-support-contamination-mixture,10,0.01,0.014,0.014,,,,,,0.0,160
trim,r03-coverage-N200-c15-s401,4d0e8af16b44c226d484e9e9322ec3facf06ee8a1a9ccd7e5cd1202446efff21,200,0.15,401,0.2,literal_trim,True,1.0,bounded-support-contamination-mixture,10,0.01,0.014,0.014,,,,,,0.008035506267904394,160
trim,r03-coverage-N200-c15-s401,4d0e8af16b44c226d484e9e9322ec3facf06ee8a1a9ccd7e5cd1202446efff21,200,0.15,401,0.25,alpha_excess,True,1.0,bounded-support-contamination-mixture,10,0.01,0.014,0.014,,,,,,0.0,150
trim,r03-coverage-N200-c15-s401,4d0e8af16b44c226d484e9e9322ec3facf06ee8a1a9ccd7e5cd1202446efff21,200,0.15,401,0.25,literal_trim,True,1.0,bounded-support-contamination-mixture,10,0.01,0.014,0.014,,,,,,0.016907457427370945,150
trim,r03-coverage-N200-c15-s401,4d0e8af16b44c226d484e9e9322ec3facf06ee8a1a9ccd7e5cd1202446efff21,200,0.15,401,0.3,alpha_excess,True,1.0,bounded-support-contamination-mixture,10,0.01,0.014,0.014,,,,,,0.0,140
trim,r03-coverage-N200-c15-s401,4d0e8af16b44c226d484e9e9322ec3facf06ee8a1a9ccd7e5cd1202446efff21,200,0.15,401,0.3,literal_trim,True,1.0,bounded-support-contamination-mixture,10,0.01,0.014,0.014,,,,,,0.026036562911648926,140
trim,r03-coverage-N200-c15-s402,908f8ceae2964018860de0473d5b9ceb1f63e840c7d216491980ab26defb7a05,200,0.15,402,0.0,alpha_excess,True,1.0,bounded-support-contamination-mixture,10,0.01,0.014,0.014,,,,,,0.10638058857868404,200
trim,r03-coverage-N200-c15-s402,908f8ceae2964018860de0473d5b9ceb1f63e840c7d216491980ab26defb7a05,200,0.15,402,0.0,literal_trim,True,1.0,bounded-support-contamination-mixture,10,0.01,0.014,0.014,,,,,,0.10638058857868404,200
trim,r03-coverage-N200-c15-s402,908f8ceae2964018860de0473d5b9ceb1f63e840c7d216491980ab26defb7a05,200,0.15,402,0.05,alpha_excess,True,1.0,bounded-support-contamination-mixture,10,0.01,0.014,0.014,,,,,,0.0604764490806946,190
trim,r03-coverage-N200-c15-s402,908f8ceae2964018860de0473d5b9ceb1f63e840c7d216491980ab26defb7a05,200,0.15,402,0.05,literal_trim,True,1.0,bounded-support-contamination-mixture,10,0.01,0.014,0.014,,,,,,0.06802199840079703,190
trim,r03-coverage-N200-c15-s402,908f8ceae2964018860de0473d5b9ceb1f63e840c7d216491980ab26defb7a05,200,0.15,402,0.1,alpha_excess,True,1.0,bounded-support-contamination-mixture,10,0.01,0.014,0.014,,,,,,0.02357612877286685,180
trim,r03-coverage-N200-c15-s402,908f8ceae2964018860de0473d5b9ceb1f63e840c7d216491980ab26defb7a05,200,0.15,402,0.1,literal_trim,True,1.0,bounded-support-contamination-mixture,10,0.01,0.014,0.014,,,,,,0.03131775260681622,180
trim,r03-coverage-N200-c15-s402,908f8ceae2964018860de0473d5b9ceb1f63e840c7d216491980ab26defb7a05,200,0.15,402,0.15,alpha_excess,True,1.0,bounded-support-contamination-mixture,10,0.01,0.014,0.014,,,,,,0.0,170
trim,r03-coverage-N200-c15-s402,908f8ceae2964018860de0473d5b9ceb1f63e840c7d216491980ab26defb7a05,200,0.15,402,0.15,literal_trim,True,1.0,bounded-support-contamination-mixture,10,0.01,0.014,0.014,,,,,,0.010031546701291544,170
trim,r03-coverage-N200-c15-s402,908f8ceae2964018860de0473d5b9ceb1f63e840c7d216491980ab26defb7a05,200,0.15,402,0.2,alpha_excess,True,1.0,bounded-support-contamination-mixture,10,0.01,0.014,0.014,,,,,,0.0,160
trim,r03-coverage-N200-c15-s402,908f8ceae2964018860de0473d5b9ceb1f63e840c7d216491980ab26defb7a05,200,0.15,402,0.2,literal_trim,True,1.0,bounded-support-contamination-mixture,10,0.01,0.014,0.014,,,,,,0.024799277777311106,160
trim,r03-coverage-N200-c15-s402,908f8ceae2964018860de0473d5b9ceb1f63e840c7d216491980ab26defb7a05,200,0.15,402,0.25,alpha_excess,True,1.0,bounded-support-contamination-mixture,10,0.01,0.014,0.014,,,,,,0.0,150
trim,r03-coverage-N200-c15-s402,908f8ceae2964018860de0473d5b9ceb1f63e840c7d216491980ab26defb7a05,200,0.15,402,0.25,literal_trim,True,1.0,bounded-support-contamination-mixture,10,0.01,0.014,0.014,,,,,,0.033151777777311105,150
trim,r03-coverage-N200-c15-s402,908f8ceae2964018860de0473d5b9ceb1f63e840c7d216491980ab26defb7a05,200,0.15,402,0.3,alpha_excess,True,1.0,bounded-support-contamination-mixture,10,0.01,0.014,0.014,,,,,,0.0,140
trim,r03-coverage-N200-c15-s402,908f8ceae2964018860de0473d5b9ceb1f63e840c7d216491980ab26defb7a05,200,0.15,402,0.3,literal_trim,True,1.0,bounded-support-contamination-mixture,10,0.01,0.014,0.014,,,,,,0.04072606349159682,140
trim,r03-coverage-N200-c15-s403,aac8a41c6feab8983c4799f2f8019714d85a99d332fa515a4e0556c898c2ce0c,200,0.15,403,0.0,alpha_excess,True,1.0,bounded-support-contamination-mixture,10,0.01,0.014,0.014,,,,,,0.1009782222226889,200
trim,r03-coverage-N200-c15-s403,aac8a41c6feab8983c4799f2f8019714d85a99d332fa515a4e0556c898c2ce0c,200,0.15,403,0.0,literal_trim,True,1.0,bounded-support-contamination-mixture,10,0.01,0.014,0.014,,,,,,0.1009782222226889,200
trim,r03-coverage-N200-c15-s403,aac8a41c6feab8983c4799f2f8019714d85a99d332fa515a4e0556c898c2ce0c,200,0.15,403,0.05,alpha_excess,True,1.0,bounded-support-contamination-mixture,10,0.01,0.014,0.014,,,,,,0.05312088914503689,190
trim,r03-coverage-N200-c15-s403,aac8a41c6feab8983c4799f2f8019714d85a99d332fa515a4e0556c898c2ce0c,200,0.15,403,0.05,literal_trim,True,1.0,bounded-support-contamination-mixture,10,0.01,0.014,0.014,,,,,,0.06092506432842619,190
trim,r03-coverage-N200-c15-s403,aac8a41c6feab8983c4799f2f8019714d85a99d332fa515a4e0556c898c2ce0c,200,0.15,403,0.1,alpha_excess,True,1.0,bounded-support-contamination-mixture,10,0.01,0.014,0.014,,,,,,0.013809238173110446,180
trim,r03-coverage-N200-c15-s403,aac8a41c6feab8983c4799f2f8019714d85a99d332fa515a4e0556c898c2ce0c,200,0.15,403,0.1,literal_trim,True,1.0,bounded-support-contamination-mixture,10,0.01,0.014,0.014,,,,,,0.02134005949019945,180
trim,r03-coverage-N200-c15-s403,aac8a41c6feab8983c4799f2f8019714d85a99d332fa515a4e0556c898c2ce0c,200,0.15,403,0.15,alpha_excess,True,1.0,bounded-support-contamination-mixture,10,0.01,0.014,0.014,,,,,,0.0,170
trim,r03-coverage-N200-c15-s403,aac8a41c6feab8983c4799f2f8019714d85a99d332fa515a4e0556c898c2ce0c,200,0.15,403,0.15,literal_trim,True,1.0,bounded-support-contamination-mixture,10,0.01,0.014,0.014,,,,,,0.013105987173059887,170
trim,r03-coverage-N200-c15-s403,aac8a41c6feab8983c4799f2f8019714d85a99d332fa515a4e0556c898c2ce0c,200,0.15,403,0.2,alpha_excess,True,1.0,bounded-support-contamination-mixture,10,0.01,0.014,0.014,,,,,,0.0,160
trim,r03-coverage-N200-c15-s403,aac8a41c6feab8983c4799f2f8019714d85a99d332fa515a4e0556c898c2ce0c,200,0.15,403,0.2,literal_trim,True,1.0,bounded-support-contamination-mixture,10,0.01,0.014,0.014,,,,,,0.02296997791748183,160
trim,r03-coverage-N200-c15-s403,aac8a41c6feab8983c4799f2f8019714d85a99d332fa515a4e0556c898c2ce0c,200,0.15,403,0.25,alpha_excess,True,1.0,bounded-support-contamination-mixture,10,0.01,0.014,0.014,,,,,,0.0,150
trim,r03-coverage-N200-c15-s403,aac8a41c6feab8983c4799f2f8019714d85a99d332fa515a4e0556c898c2ce0c,200,0.15,403,0.25,literal_trim,True,1.0,bounded-support-contamination-mixture,10,0.01,0.014,0.014,,,,,,0.031076534260003032,150
trim,r03-coverage-N200-c15-s403,aac8a41c6feab8983c4799f2f8019714d85a99d332fa515a4e0556c898c2ce0c,200,0.15,403,0.3,alpha_excess,True,1.0,bounded-support-contamination-mixture,10,0.01,0.014,0.014,,,,,,0.0,140
trim,r03-coverage-N200-c15-s403,aac8a41c6feab8983c4799f2f8019714d85a99d332fa515a4e0556c898c2ce0c,200,0.15,403,0.3,literal_trim,True,1.0,bounded-support-contamination-mixture,10,0.01,0.014,0.014,,,,,,0.03811135266694039,140
trim,r03-coverage-N200-c15-s404,92fc770702367e15e02e0e0508cc30969f3abd06e872f2121c0782c8e10976dd,200,0.15,404,0.0,alpha_excess,True,1.0,bounded-support-contamination-mixture,10,0.01,0.014,0.014,,,,,,0.12870300220437803,200
trim,r03-coverage-N200-c15-s404,92fc770702367e15e02e0e0508cc30969f3abd06e872f2121c0782c8e10976dd,200,0.15,404,0.0,literal_trim,True,1.0,bounded-support-contamination-mixture,10,0.01,0.014,0.014,,,,,,0.12870300220437803,200
trim,r03-coverage-N200-c15-s404,92fc770702367e15e02e0e0508cc30969f3abd06e872f2121c0782c8e10976dd,200,0.15,404,0.05,alpha_excess,True,1.0,bounded-support-contamination-mixture,10,0.01,0.014,0.014,,,,,,0.08057928827956885,190
trim,r03-coverage-N200-c15-s404,92fc770702367e15e02e0e0508cc30969f3abd06e872f2121c0782c8e10976dd,200,0.15,404,0.05,literal_trim,True,1.0,bounded-support-contamination-mixture,10,0.01,0.014,0.014,,,,,,0.09007194957487433,190
trim,r03-coverage-N200-c15-s404,92fc770702367e15e02e0e0508cc30969f3abd06e872f2121c0782c8e10976dd,200,0.15,404,0.1,alpha_excess,True,1.0,bounded-support-contamination-mixture,10,0.01,0.014,0.014,,,,,,0.038731547838404816,180
trim,r03-coverage-N200-c15-s404,92fc770702367e15e02e0e0508cc30969f3abd06e872f2121c0782c8e10976dd,200,0.15,404,0.1,literal_trim,True,1.0,bounded-support-contamination-mixture,10,0.01,0.014,0.014,,,,,,0.050409671483470184,180
trim,r03-coverage-N200-c15-s404,92fc770702367e15e02e0e0508cc30969f3abd06e872f2121c0782c8e10976dd,200,0.15,404,0.15,alpha_excess,True,1.0,bounded-support-contamination-mixture,10,0.01,0.014,0.014,,,,,,0.007602931279818292,170
trim,r03-coverage-N200-c15-s404,92fc770702367e15e02e0e0508cc30969f3abd06e872f2121c0782c8e10976dd,200,0.15,404,0.15,literal_trim,True,1.0,bounded-support-contamination-mixture,10,0.01,0.014,0.014,,,,,,0.0133227723469284,170
trim,r03-coverage-N200-c15-s404,92fc770702367e15e02e0e0508cc30969f3abd06e872f2121c0782c8e10976dd,200,0.15,404,0.2,alpha_excess,True,1.0,bounded-support-contamination-mixture,10,0.01,0.014,0.014,,,,,,0.0,160
trim,r03-coverage-N200-c15-s404,92fc770702367e15e02e0e0508cc30969f3abd06e872f2121c0782c8e10976dd,200,0.15,404,0.2,literal_trim,True,1.0,bounded-support-contamination-mixture,10,0.01,0.014,0.014,,,,,,0.01711328714693444,160
trim,r03-coverage-N200-c15-s404,92fc770702367e15e02e0e0508cc30969f3abd06e872f2121c0782c8e10976dd,200,0.15,404,0.25,alpha_excess,True,1.0,bounded-support-contamination-mixture,10,0.01,0.014,0.014,,,,,,0.0,150
trim,r03-coverage-N200-c15-s404,92fc770702367e15e02e0e0508cc30969f3abd06e872f2121c0782c8e10976dd,200,0.15,404,0.25,literal_trim,True,1.0,bounded-support-contamination-mixture,10,0.01,0.014,0.014,,,,,,0.02762746027889414,150
trim,r03-coverage-N200-c15-s404,92fc770702367e15e02e0e0508cc30969f3abd06e872f2121c0782c8e10976dd,200,0.15,404,0.3,alpha_excess,True,1.0,bounded-support-contamination-mixture,10,0.01,0.014,0.014,,,,,,0.0,140
trim,r03-coverage-N200-c15-s404,92fc770702367e15e02e0e0508cc30969f3abd06e872f2121c0782c8e10976dd,200,0.15,404,0.3,literal_trim,True,1.0,bounded-support-contamination-mixture,10,0.01,0.014,0.014,,,,,,0.037180040245774114,140
trim,r03-coverage-N200-c15-s405,74f469b6e2ccbe8b76654deaf34e79bc263c33b6c7ef3b26cecabdb43b191b69,200,0.15,405,0.0,alpha_excess,True,1.0,bounded-support-contamination-mixture,10,0.01,0.014,0.014,,,,,,0.09466381411425875,200
trim,r03-coverage-N200-c15-s405,74f469b6e2ccbe8b76654deaf34e79bc263c33b6c7ef3b26cecabdb43b191b69,200,0.15,405,0.0,literal_trim,True,1.0,bounded-support-contamination-mixture,10,0.01,0.014,0.014,,,,,,0.09466381411425875,200
trim,r03-coverage-N200-c15-s405,74f469b6e2ccbe8b76654deaf34e79bc263c33b6c7ef3b26cecabdb43b191b69,200,0.15,405,0.05,alpha_excess,True,1.0,bounded-support-contamination-mixture,10,0.01,0.014,0.014,,,,,,0.05040993625839722,190
trim,r03-coverage-N200-c15-s405,74f469b6e2ccbe8b76654deaf34e79bc263c33b6c7ef3b26cecabdb43b191b69,200,0.15,405,0.05,literal_trim,True,1.0,bounded-support-contamination-mixture,10,0.01,0.014,0.014,,,,,,0.056506149782852594,190
trim,r03-coverage-N200-c15-s405,74f469b6e2ccbe8b76654deaf34e79bc263c33b6c7ef3b26cecabdb43b191b69,200,0.15,405,0.1,alpha_excess,True,1.0,bounded-support-contamination-mixture,10,0.01,0.014,0.014,,,,,,0.013445435066294965,180
trim,r03-coverage-N200-c15-s405,74f469b6e2ccbe8b76654deaf34e79bc263c33b6c7ef3b26cecabdb43b191b69,200,0.15,405,0.1,literal_trim,True,1.0,bounded-support-contamination-mixture,10,0.01,0.014,0.014,,,,,,0.019897554669168174,180
trim,r03-coverage-N200-c15-s405,74f469b6e2ccbe8b76654deaf34e79bc263c33b6c7ef3b26cecabdb43b191b69,200,0.15,405,0.15,alpha_excess,True,1.0,bounded-support-contamination-mixture,10,0.01,0.014,0.014,,,,,,0.0,170
trim,r03-coverage-N200-c15-s405,74f469b6e2ccbe8b76654deaf34e79bc263c33b6c7ef3b26cecabdb43b191b69,200,0.15,405,0.15,literal_trim,True,1.0,bounded-support-contamination-mixture,10,0.01,0.014,0.014,,,,,,0.01352942483613463,170
trim,r03-coverage-N200-c15-s405,74f469b6e2ccbe8b76654deaf34e79bc263c33b6c7ef3b26cecabdb43b191b69,200,0.15,405,0.2,alpha_excess,True,1.0,bounded-support-contamination-mixture,10,0.01,0.014,0.014,,,,,,0.0,160
trim,r03-coverage-N200-c15-s405,74f469b6e2ccbe8b76654deaf34e79bc263c33b6c7ef3b26cecabdb43b191b69,200,0.15,405,0.2,literal_trim,True,1.0,bounded-support-contamination-mixture,10,0.01,0.014,0.014,,,,,,0.026543027777311108,160
trim,r03-coverage-N200-c15-s405,74f469b6e2ccbe8b76654deaf34e79bc263c33b6c7ef3b26cecabdb43b191b69,200,0.15,405,0.25,alpha_excess,True,1.0,bounded-support-contamination-mixture,10,0.01,0.014,0.014,,,,,,0.0,150
trim,r03-coverage-N200-c15-s405,74f469b6e2ccbe8b76654deaf34e79bc263c33b6c7ef3b26cecabdb43b191b69,200,0.15,405,0.25,literal_trim,True,1.0,bounded-support-contamination-mixture,10,0.01,0.014,0.014,,,,,,0.03580511111064444,150
trim,r03-coverage-N200-c15-s405,74f469b6e2ccbe8b76654deaf34e79bc263c33b6c7ef3b26cecabdb43b191b69,200,0.15,405,0.3,alpha_excess,True,1.0,bounded-support-contamination-mixture,10,0.01,0.014,0.014,,,,,,0.0,140
trim,r03-coverage-N200-c15-s405,74f469b6e2ccbe8b76654deaf34e79bc263c33b6c7ef3b26cecabdb43b191b69,200,0.15,405,0.3,literal_trim,True,1.0,bounded-support-contamination-mixture,10,0.01,0.014,0.014,,,,,,0.044647492063025394,140
trim,r03-coverage-N200-c30-s401,6ce92e039e3473732e0338088492e168e250d24bf39b2cc6882ab27b017c5440,200,0.3,401,0.0,alpha_excess,True,1.0,bounded-support-contamination-mixture,10,0.01,0.014,0.014,,,,,,0.2565182222226889,200
trim,r03-coverage-N200-c30-s401,6ce92e039e3473732e0338088492e168e250d24bf39b2cc6882ab27b017c5440,200,0.3,401,0.0,literal_trim,True,1.0,bounded-support-contamination-mixture,10,0.01,0.014,0.014,,,,,,0.2565182222226889,200
trim,r03-coverage-N200-c30-s401,6ce92e039e3473732e0338088492e168e250d24bf39b2cc6882ab27b017c5440,200,0.3,401,0.05,alpha_excess,True,1.0,bounded-support-contamination-mixture,10,0.01,0.014,0.014,,,,,,0.2075939214316364,190
trim,r03-coverage-N200-c30-s401,6ce92e039e3473732e0338088492e168e250d24bf39b2cc6882ab27b017c5440,200,0.3,401,0.05,literal_trim,True,1.0,bounded-support-contamination-mixture,10,0.01,0.014,0.014,,,,,,0.22417243274905663,190
trim,r03-coverage-N200-c30-s401,6ce92e039e3473732e0338088492e168e250d24bf39b2cc6882ab27b017c5440,200,0.3,401,0.1,alpha_excess,True,1.0,bounded-support-contamination-mixture,10,0.01,0.014,0.014,,,,,,0.1614371554814246,180
trim,r03-coverage-N200-c30-s401,6ce92e039e3473732e0338088492e168e250d24bf39b2cc6882ab27b017c5440,200,0.3,401,0.1,literal_trim,True,1.0,bounded-support-contamination-mixture,10,0.01,0.014,0.014,,,,,,0.1905326667411127,180
trim,r03-coverage-N200-c30-s401,6ce92e039e3473732e0338088492e168e250d24bf39b2cc6882ab27b017c5440,200,0.3,401,0.15,alpha_excess,True,1.0,bounded-support-contamination-mixture,10,0.01,0.014,0.014,,,,,,0.11815234868242046,170
trim,r03-coverage-N200-c30-s401,6ce92e039e3473732e0338088492e168e250d24bf39b2cc6882ab27b017c5440,200,0.3,401,0.15,literal_trim,True,1.0,bounded-support-contamination-mixture,10,0.01,0.014,0.014,,,,,,0.15506469311370547,170
trim,r03-coverage-N200-c30-s401,6ce92e039e3473732e0338088492e168e250d24bf39b2cc6882ab27b017c5440,200,0.3,401,0.2,alpha_excess,True,1.0,bounded-support-contamination-mixture,10,0.01,0.014,0.014,,,,,,0.07948773104747224,160
trim,r03-coverage-N200-c30-s401,6ce92e039e3473732e0338088492e168e250d24bf39b2cc6882ab27b017c5440,200,0.3,401,0.2,literal_trim,True,1.0,bounded-support-contamination-mixture,10,0.01,0.014,0.014,,,,,,0.11680072696301698,160
trim,r03-coverage-N200-c30-s401,6ce92e039e3473732e0338088492e168e250d24bf39b2cc6882ab27b017c5440,200,0.3,401,0.25,alpha_excess,True,1.0,bounded-support-contamination-mixture,10,0.01,0.014,0.014,,,,,,0.04369424168213029,150
trim,r03-coverage-N200-c30-s401,6ce92e039e3473732e0338088492e168e250d24bf39b2cc6882ab27b017c5440,200,0.3,401,0.25,literal_trim,True,1.0,bounded-support-contamination-mixture,10,0.01,0.014,0.014,,,,,,0.0755815721629873,150
trim,r03-coverage-N200-c30-s401,6ce92e039e3473732e0338088492e168e250d24bf39b2cc6882ab27b017c5440,200,0.3,401,0.3,alpha_excess,True,1.0,bounded-support-contamination-mixture,10,0.01,0.014,0.014,,,,,,0.011532168273526667,140
trim,r03-coverage-N200-c30-s401,6ce92e039e3473732e0338088492e168e250d24bf39b2cc6882ab27b017c5440,200,0.3,401,0.3,literal_trim,True,1.0,bounded-support-contamination-mixture,10,0.01,0.014,0.014,,,,,,0.03015900221244657,140
trim,r03-coverage-N200-c30-s402,c9e83b427419cbbc0f3cbbbee62460b71db65b5d0dcd6f120cd3dd8897be1997,200,0.3,402,0.0,alpha_excess,True,1.0,bounded-support-contamination-mixture,10,0.01,0.014,0.014,,,,,,0.2587882222226888,200
trim,r03-coverage-N200-c30-s402,c9e83b427419cbbc0f3cbbbee62460b71db65b5d0dcd6f120cd3dd8897be1997,200,0.3,402,0.0,literal_trim,True,1.0,bounded-support-contamination-mixture,10,0.01,0.014,0.014,,,,,,0.2587882222226888,200
trim,r03-coverage-N200-c30-s402,c9e83b427419cbbc0f3cbbbee62460b71db65b5d0dcd6f120cd3dd8897be1997,200,0.3,402,0.05,alpha_excess,True,1.0,bounded-support-contamination-mixture,10,0.01,0.014,0.014,,,,,,0.209966033675089,190
trim,r03-coverage-N200-c30-s402,c9e83b427419cbbc0f3cbbbee62460b71db65b5d0dcd6f120cd3dd8897be1997,200,0.3,402,0.05,literal_trim,True,1.0,bounded-support-contamination-mixture,10,0.01,0.014,0.014,,,,,,0.22654085380165162,190
trim,r03-coverage-N200-c30-s402,c9e83b427419cbbc0f3cbbbee62460b71db65b5d0dcd6f120cd3dd8897be1997,200,0.3,402,0.1,alpha_excess,True,1.0,bounded-support-contamination-mixture,10,0.01,0.014,0.014,,,,,,0.16327747203792975,180
trim,r03-coverage-N200-c30-s402,c9e83b427419cbbc0f3cbbbee62460b71db65b5d0dcd6f120cd3dd8897be1997,200,0.3,402,0.1,literal_trim,True,1.0,bounded-support-contamination-mixture,10,0.01,0.014,0.014,,,,,,0.19220488889088103,180
trim,r03-coverage-N200-c30-s402,c9e83b427419cbbc0f3cbbbee62460b71db65b5d0dcd6f120cd3dd8897be1997,200,0.3,402,0.15,alpha_excess,True,1.0,bounded-support-contamination-mixture,10,0.01,0.014,0.014,,,,,,0.11875847722698546,170
trim,r03-coverage-N200-c30-s402,c9e83b427419cbbc0f3cbbbee62460b71db65b5d0dcd6f120cd3dd8897be1997,200,0.3,402,0.15,literal_trim,True,1.0,bounded-support-contamination-mixture,10,0.01,0.014,0.014,,,,,,0.15507057519539724,170
trim,r03-coverage-N200-c30-s402,c9e83b427419cbbc0f3cbbbee62460b71db65b5d0dcd6f120cd3dd8897be1997,200,0.3,402,0.2,alpha_excess,True,1.0,bounded-support-contamination-mixture,10,0.01,0.014,0.014,,,,,,0.07763498658722987,160
trim,r03-coverage-N200-c30-s402,c9e83b427419cbbc0f3cbbbee62460b71db65b5d0dcd6f120cd3dd8897be1997,200,0.3,402,0.2,literal_trim,True,1.0,bounded-support-contamination-mixture,10,0.01,0.014,0.014,,,,,,0.11527572317118141,160
trim,r03-coverage-N200-c30-s402,c9e83b427419cbbc0f3cbbbee62460b71db65b5d0dcd6f120cd3dd8897be1997,200,0.3,402,0.25,alpha_excess,True,1.0,bounded-support-contamination-mixture,10,0.01,0.014,0.014,,,,,,0.042878791125182544,150
trim,r03-coverage-N200-c30-s402,c9e83b427419cbbc0f3cbbbee62460b71db65b5d0dcd6f120cd3dd8897be1997,200,0.3,402,0.25,literal_trim,True,1.0,bounded-support-contamination-mixture,10,0.01,0.014,0.014,,,,,,0.07276157311173367,150
trim,r03-coverage-N200-c30-s402,c9e83b427419cbbc0f3cbbbee62460b71db65b5d0dcd6f120cd3dd8897be1997,200,0.3,402,0.3,alpha_excess,True,1.0,bounded-support-contamination-mixture,10,0.01,0.014,0.014,,,,,,0.013693988151913574,140
trim,r03-coverage-N200-c30-s402,c9e83b427419cbbc0f3cbbbee62460b71db65b5d0dcd6f120cd3dd8897be1997,200,0.3,402,0.3,literal_trim,True,1.0,bounded-support-contamination-mixture,10,0.01,0.014,0.014,,,,,,0.029734818774441785,140
trim,r03-coverage-N200-c30-s403,4686b810909fe29741511ef3d1055c11f8d9311cb27c03122f0e6c9f5aeec744,200,0.3,403,0.0,alpha_excess,True,1.0,bounded-support-contamination-mixture,10,0.01,0.014,0.014,,,,,,0.21012627715925447,200
trim,r03-coverage-N200-c30-s403,4686b810909fe29741511ef3d1055c11f8d9311cb27c03122f0e6c9f5aeec744,200,0.3,403,0.0,literal_trim,True,1.0,bounded-support-contamination-mixture,10,0.01,0.014,0.014,,,,,,0.21012627715925447,200
trim,r03-coverage-N200-c30-s403,4686b810909fe29741511ef3d1055c11f8d9311cb27c03122f0e6c9f5aeec744,200,0.3,403,0.05,alpha_excess,True,1.0,bounded-support-contamination-mixture,10,0.01,0.014,0.014,,,,,,0.16159715544443945,190
trim,r03-coverage-N200-c30-s403,4686b810909fe29741511ef3d1055c11f8d9311cb27c03122f0e6c9f5aeec744,200,0.3,403,0.05,literal_trim,True,1.0,bounded-support-contamination-mixture,10,0.01,0.014,0.014,,,,,,0.175419698211895,190
trim,r03-coverage-N200-c30-s403,4686b810909fe29741511ef3d1055c11f8d9311cb27c03122f0e6c9f5aeec744,200,0.3,403,0.1,alpha_excess,True,1.0,bounded-support-contamination-mixture,10,0.01,0.014,0.014,,,,,,0.11569306755788215,180
trim,r03-coverage-N200-c30-s403,4686b810909fe29741511ef3d1055c11f8d9311cb27c03122f0e6c9f5aeec744,200,0.3,403,0.1,literal_trim,True,1.0,bounded-support-contamination-mixture,10,0.01,0.014,0.014,,,,,,0.1383457216079894,180
trim,r03-coverage-N200-c30-s403,4686b810909fe29741511ef3d1055c11f8d9311cb27c03122f0e6c9f5aeec744,200,0.3,403,0.15,alpha_excess,True,1.0,bounded-support-contamination-mixture,10,0.01,0.014,0.014,,,,,,0.07311772312671698,170
trim,r03-coverage-N200-c30-s403,4686b810909fe29741511ef3d1055c11f8d9311cb27c03122f0e6c9f5aeec744,200,0.3,403,0.15,literal_trim,True,1.0,bounded-support-contamination-mixture,10,0.01,0.014,0.014,,,,,,0.09909256376828551,170
trim,r03-coverage-N200-c30-s403,4686b810909fe29741511ef3d1055c11f8d9311cb27c03122f0e6c9f5aeec744,200,0.3,403,0.2,alpha_excess,True,1.0,bounded-support-contamination-mixture,10,0.01,0.014,0.014,,,,,,0.03687898298262257,160
trim,r03-coverage-N200-c30-s403,4686b810909fe29741511ef3d1055c11f8d9311cb27c03122f0e6c9f5aeec744,200,0.3,403,0.2,literal_trim,True,1.0,bounded-support-contamination-mixture,10,0.01,0.014,0.014,,,,,,0.057138522803028474,160
trim,r03-coverage-N200-c30-s403,4686b810909fe29741511ef3d1055c11f8d9311cb27c03122f0e6c9f5aeec744,200,0.3,403,0.25,alpha_excess,True,1.0,bounded-support-contamination-mixture,10,0.01,0.014,0.014,,,,,,0.00739391868140353,150
trim,r03-coverage-N200-c30-s403,4686b810909fe29741511ef3d1055c11f8d9311cb27c03122f0e6c9f5aeec744,200,0.3,403,0.25,literal_trim,True,1.0,bounded-support-contamination-mixture,10,0.01,0.014,0.014,,,,,,0.016782588796825714,150
trim,r03-coverage-N200-c30-s403,4686b810909fe29741511ef3d1055c11f8d9311cb27c03122f0e6c9f5aeec744,200,0.3,403,0.3,alpha_excess,True,1.0,bounded-support-contamination-mixture,10,0.01,0.014,0.014,,,,,,0.0,140
trim,r03-coverage-N200-c30-s403,4686b810909fe29741511ef3d1055c11f8d9311cb27c03122f0e6c9f5aeec744,200,0.3,403,0.3,literal_trim,True,1.0,bounded-support-contamination-mixture,10,0.01,0.014,0.014,,,,,,0.018621389014924647,140
trim,r03-coverage-N200-c30-s404,b2d2017651d48b0456ed9ca2f81b1c4c54d3f998501e43ac9696e83975f3d554,200,0.3,404,0.0,alpha_excess,True,1.0,bounded-support-contamination-mixture,10,0.01,0.014,0.014,,,,,,0.20330420597313292,200
trim,r03-coverage-N200-c30-s404,b2d2017651d48b0456ed9ca2f81b1c4c54d3f998501e43ac9696e83975f3d554,200,0.3,404,0.0,literal_trim,True,1.0,bounded-support-contamination-mixture,10,0.01,0.014,0.014,,,,,,0.20330420597313292,200
trim,r03-coverage-N200-c30-s404,b2d2017651d48b0456ed9ca2f81b1c4c54d3f998501e43ac9696e83975f3d554,200,0.3,404,0.05,alpha_excess,True,1.0,bounded-support-contamination-mixture,10,0.01,0.014,0.014,,,,,,0.1558894526327504,190
trim,r03-coverage-N200-c30-s404,b2d2017651d48b0456ed9ca2f81b1c4c54d3f998501e43ac9696e83975f3d554,200,0.3,404,0.05,literal_trim,True,1.0,bounded-support-contamination-mixture,10,0.01,0.014,0.014,,,,,,0.16873345708834275,190
trim,r03-coverage-N200-c30-s404,b2d2017651d48b0456ed9ca2f81b1c4c54d3f998501e43ac9696e83975f3d554,200,0.3,404,0.1,alpha_excess,True,1.0,bounded-support-contamination-mixture,10,0.01,0.014,0.014,,,,,,0.11253617473315713,180
trim,r03-coverage-N200-c30-s404,b2d2017651d48b0456ed9ca2f81b1c4c54d3f998501e43ac9696e83975f3d554,200,0.3,404,0.1,literal_trim,True,1.0,bounded-support-contamination-mixture,10,0.01,0.014,0.014,,,,,,0.13330303687267164,180
trim,r03-coverage-N200-c30-s404,b2d2017651d48b0456ed9ca2f81b1c4c54d3f998501e43ac9696e83975f3d554,200,0.3,404,0.15,alpha_excess,True,1.0,bounded-support-contamination-mixture,10,0.01,0.014,0.014,,,,,,0.07337218241154009,170
trim,r03-coverage-N200-c30-s404,b2d2017651d48b0456ed9ca2f81b1c4c54d3f998501e43ac9696e83975f3d554,200,0.3,404,0.15,literal_trim,True,1.0,bounded-support-contamination-mixture,10,0.01,0.014,0.014,,,,,,0.09584445880464754,170
trim,r03-coverage-N200-c30-s404,b2d2017651d48b0456ed9ca2f81b1c4c54d3f998501e43ac9696e83975f3d554,200,0.3,404,0.2,alpha_excess,True,1.0,bounded-support-contamination-mixture,10,0.01,0.014,0.014,,,,,,0.03852561942579317,160
trim,r03-coverage-N200-c30-s404,b2d2017651d48b0456ed9ca2f81b1c4c54d3f998501e43ac9696e83975f3d554,200,0.3,404,0.2,literal_trim,True,1.0,bounded-support-contamination-mixture,10,0.01,0.014,0.014,,,,,,0.05587312060866105,160
trim,r03-coverage-N200-c30-s404,b2d2017651d48b0456ed9ca2f81b1c4c54d3f998501e43ac9696e83975f3d554,200,0.3,404,0.25,alpha_excess,True,1.0,bounded-support-contamination-mixture,10,0.01,0.014,0.014,,,,,,0.009578443035420468,150
trim,r03-coverage-N200-c30-s404,b2d2017651d48b0456ed9ca2f81b1c4c54d3f998501e43ac9696e83975f3d554,200,0.3,404,0.25,literal_trim,True,1.0,bounded-support-contamination-mixture,10,0.01,0.014,0.014,,,,,,0.02060091580080981,150
trim,r03-coverage-N200-c30-s404,b2d2017651d48b0456ed9ca2f81b1c4c54d3f998501e43ac9696e83975f3d554,200,0.3,404,0.3,alpha_excess,True,1.0,bounded-support-contamination-mixture,10,0.01,0.014,0.014,,,,,,0.0,140
trim,r03-coverage-N200-c30-s404,b2d2017651d48b0456ed9ca2f81b1c4c54d3f998501e43ac9696e83975f3d554,200,0.3,404,0.3,literal_trim,True,1.0,bounded-support-contamination-mixture,10,0.01,0.014,0.014,,,,,,0.02338320634873968,140
trim,r03-coverage-N200-c30-s405,c65e1933a56d15aeac71db8af94a364acf3ec1bd169a3c16b129440e7d21ef34,200,0.3,405,0.0,alpha_excess,True,1.0,bounded-support-contamination-mixture,10,0.01,0.014,0.014,,,,,,0.24620822222268893,200
trim,r03-coverage-N200-c30-s405,c65e1933a56d15aeac71db8af94a364acf3ec1bd169a3c16b129440e7d21ef34,200,0.3,405,0.0,literal_trim,True,1.0,bounded-support-contamination-mixture,10,0.01,0.014,0.014,,,,,,0.24620822222268893,200
trim,r03-coverage-N200-c30-s405,c65e1933a56d15aeac71db8af94a364acf3ec1bd169a3c16b129440e7d21ef34,200,0.3,405,0.05,alpha_excess,True,1.0,bounded-support-contamination-mixture,10,0.01,0.014,0.014,,,,,,0.1976182842297056,190
trim,r03-coverage-N200-c30-s405,c65e1933a56d15aeac71db8af94a364acf3ec1bd169a3c16b129440e7d21ef34,200,0.3,405,0.05,literal_trim,True,1.0,bounded-support-contamination-mixture,10,0.01,0.014,0.014,,,,,,0.21336716959112528,190
trim,r03-coverage-N200-c30-s405,c65e1933a56d15aeac71db8af94a364acf3ec1bd169a3c16b129440e7d21ef34,200,0.3,405,0.1,alpha_excess,True,1.0,bounded-support-contamination-mixture,10,0.01,0.014,0.014,,,,,,0.15171140777525421,180
trim,r03-coverage-N200-c30-s405,c65e1933a56d15aeac71db8af94a364acf3ec1bd169a3c16b129440e7d21ef34,200,0.3,405,0.1,literal_trim,True,1.0,bounded-support-contamination-mixture,10,0.01,0.014,0.014,,,,,,0.17846600000419424,180
trim,r03-coverage-N200-c30-s405,c65e1933a56d15aeac71db8af94a364acf3ec1bd169a3c16b129440e7d21ef34,200,0.3,405,0.15,alpha_excess,True,1.0,bounded-support-contamination-mixture,10,0.01,0.014,0.014,,,,,,0.10888199785696676,170
trim,r03-coverage-N200-c30-s405,c65e1933a56d15aeac71db8af94a364acf3ec1bd169a3c16b129440e7d21ef34,200,0.3,405,0.15,literal_trim,True,1.0,bounded-support-contamination-mixture,10,0.01,0.014,0.014,,,,,,0.14113539074207127,170
trim,r03-coverage-N200-c30-s405,c65e1933a56d15aeac71db8af94a364acf3ec1bd169a3c16b129440e7d21ef34,200,0.3,405,0.2,alpha_excess,True,1.0,bounded-support-contamination-mixture,10,0.01,0.014,0.014,,,,,,0.06886194344380815,160
trim,r03-coverage-N200-c30-s405,c65e1933a56d15aeac71db8af94a364acf3ec1bd169a3c16b129440e7d21ef34,200,0.3,405,0.2,literal_trim,True,1.0,bounded-support-contamination-mixture,10,0.01,0.014,0.014,,,,,,0.10061296605424132,160
trim,r03-coverage-N200-c30-s405,c65e1933a56d15aeac71db8af94a364acf3ec1bd169a3c16b129440e7d21ef34,200,0.3,405,0.25,alpha_excess,True,1.0,bounded-support-contamination-mixture,10,0.01,0.014,0.014,,,,,,0.03283197827164151,150
trim,r03-coverage-N200-c30-s405,c65e1933a56d15aeac71db8af94a364acf3ec1bd169a3c16b129440e7d21ef34,200,0.3,405,0.25,literal_trim,True,1.0,bounded-support-contamination-mixture,10,0.01,0.014,0.014,,,,,,0.057427558689829614,150
trim,r03-coverage-N200-c30-s405,c65e1933a56d15aeac71db8af94a364acf3ec1bd169a3c16b129440e7d21ef34,200,0.3,405,0.3,alpha_excess,True,1.0,bounded-support-contamination-mixture,10,0.01,0.014,0.014,,,,,,0.0037946736793640877,140
trim,r03-coverage-N200-c30-s405,c65e1933a56d15aeac71db8af94a364acf3ec1bd169a3c16b129440e7d21ef34,200,0.3,405,0.3,literal_trim,True,1.0,bounded-support-contamination-mixture,10,0.01,0.014,0.014,,,,,,0.012107596565503786,140
trim,r03-coverage-N800-c00-s401,503eed1331f8f3f8aff4ab77e00830854760bcb8da7e8519e293ffc8bc0d161e,800,0.0,401,0.0,alpha_excess,True,1.0,bounded-support-contamination-mixture,10,0.01,0.014,0.014,,,,,,0.008081496946368385,800
trim,r03-coverage-N800-c00-s401,503eed1331f8f3f8aff4ab77e00830854760bcb8da7e8519e293ffc8bc0d161e,800,0.0,401,0.0,literal_trim,True,1.0,bounded-support-contamination-mixture,10,0.01,0.014,0.014,,,,,,0.008081496946368385,800
trim,r03-coverage-N800-c00-s401,503eed1331f8f3f8aff4ab77e00830854760bcb8da7e8519e293ffc8bc0d161e,800,0.0,401,0.05,alpha_excess,True,1.0,bounded-support-contamination-mixture,10,0.01,0.014,0.014,,,,,,0.0,760
trim,r03-coverage-N800-c00-s401,503eed1331f8f3f8aff4ab77e00830854760bcb8da7e8519e293ffc8bc0d161e,800,0.0,401,0.05,literal_trim,True,1.0,bounded-support-contamination-mixture,10,0.01,0.014,0.014,,,,,,0.008142414830674972,760
trim,r03-coverage-N800-c00-s401,503eed1331f8f3f8aff4ab77e00830854760bcb8da7e8519e293ffc8bc0d161e,800,0.0,401,0.1,alpha_excess,True,1.0,bounded-support-contamination-mixture,10,0.01,0.014,0.014,,,,,,0.0,720
trim,r03-coverage-N800-c00-s401,503eed1331f8f3f8aff4ab77e00830854760bcb8da7e8519e293ffc8bc0d161e,800,0.0,401,0.1,literal_trim,True,1.0,bounded-support-contamination-mixture,10,0.01,0.014,0.014,,,,,,0.01930472930744182,720
trim,r03-coverage-N800-c00-s401,503eed1331f8f3f8aff4ab77e00830854760bcb8da7e8519e293ffc8bc0d161e,800,0.0,401,0.15,alpha_excess,True,1.0,bounded-support-contamination-mixture,10,0.01,0.014,0.014,,,,,,0.0,680
trim,r03-coverage-N800-c00-s401,503eed1331f8f3f8aff4ab77e00830854760bcb8da7e8519e293ffc8bc0d161e,800,0.0,401,0.15,literal_trim,True,1.0,bounded-support-contamination-mixture,10,0.01,0.014,0.014,,,,,,0.02852361320511504,680
trim,r03-coverage-N800-c00-s401,503eed1331f8f3f8aff4ab77e00830854760bcb8da7e8519e293ffc8bc0d161e,800,0.0,401,0.2,alpha_excess,True,1.0,bounded-support-contamination-mixture,10,0.01,0.014,0.014,,,,,,0.0,640
trim,r03-coverage-N800-c00-s401,503eed1331f8f3f8aff4ab77e00830854760bcb8da7e8519e293ffc8bc0d161e,800,0.0,401,0.2,literal_trim,True,1.0,bounded-support-contamination-mixture,10,0.01,0.014,0.014,,,,,,0.03697085585217386,640
trim,r03-coverage-N800-c00-s401,503eed1331f8f3f8aff4ab77e00830854760bcb8da7e8519e293ffc8bc0d161e,800,0.0,401,0.25,alpha_excess,True,1.0,bounded-support-contamination-mixture,10,0.01,0.014,0.014,,,,,,0.0,600
trim,r03-coverage-N800-c00-s401,503eed1331f8f3f8aff4ab77e00830854760bcb8da7e8519e293ffc8bc0d161e,800,0.0,401,0.25,literal_trim,True,1.0,bounded-support-contamination-mixture,10,0.01,0.014,0.014,,,,,,0.044545331128955305,600
trim,r03-coverage-N800-c00-s401,503eed1331f8f3f8aff4ab77e00830854760bcb8da7e8519e293ffc8bc0d161e,800,0.0,401,0.3,alpha_excess,True,1.0,bounded-support-contamination-mixture,10,0.01,0.014,0.014,,,,,,0.0,560
trim,r03-coverage-N800-c00-s401,503eed1331f8f3f8aff4ab77e00830854760bcb8da7e8519e293ffc8bc0d161e,800,0.0,401,0.3,literal_trim,True,1.0,bounded-support-contamination-mixture,10,0.01,0.014,0.014,,,,,,0.044873654872526196,560
trim,r03-coverage-N800-c00-s402,cca00de94f4db59a079cf409ad3a48ea3391cb698529a23c259bf246316795fb,800,0.0,402,0.0,alpha_excess,True,1.0,bounded-support-contamination-mixture,10,0.01,0.014,0.014,,,,,,0.0049770862542890286,800
trim,r03-coverage-N800-c00-s402,cca00de94f4db59a079cf409ad3a48ea3391cb698529a23c259bf246316795fb,800,0.0,402,0.0,literal_trim,True,1.0,bounded-support-contamination-mixture,10,0.01,0.014,0.014,,,,,,0.0049770862542890286,800
trim,r03-coverage-N800-c00-s402,cca00de94f4db59a079cf409ad3a48ea3391cb698529a23c259bf246316795fb,800,0.0,402,0.05,alpha_excess,True,1.0,bounded-support-contamination-mixture,10,0.01,0.014,0.014,,,,,,0.0,760
trim,r03-coverage-N800-c00-s402,cca00de94f4db59a079cf409ad3a48ea3391cb698529a23c259bf246316795fb,800,0.0,402,0.05,literal_trim,True,1.0,bounded-support-contamination-mixture,10,0.01,0.014,0.014,,,,,,0.011571750329079571,760
trim,r03-coverage-N800-c00-s402,cca00de94f4db59a079cf409ad3a48ea3391cb698529a23c259bf246316795fb,800,0.0,402,0.1,alpha_excess,True,1.0,bounded-support-contamination-mixture,10,0.01,0.014,0.014,,,,,,0.0,720
trim,r03-coverage-N800-c00-s402,cca00de94f4db59a079cf409ad3a48ea3391cb698529a23c259bf246316795fb,800,0.0,402,0.1,literal_trim,True,1.0,bounded-support-contamination-mixture,10,0.01,0.014,0.014,,,,,,0.02222872168080363,720
trim,r03-coverage-N800-c00-s402,cca00de94f4db59a079cf409ad3a48ea3391cb698529a23c259bf246316795fb,800,0.0,402,0.15,alpha_excess,True,1.0,bounded-support-contamination-mixture,10,0.01,0.014,0.014,,,,,,0.0,680
trim,r03-coverage-N800-c00-s402,cca00de94f4db59a079cf409ad3a48ea3391cb698529a23c259bf246316795fb,800,0.0,402,0.15,literal_trim,True,1.0,bounded-support-contamination-mixture,10,0.01,0.014,0.014,,,,,,0.030248310124465338,680
trim,r03-coverage-N800-c00-s402,cca00de94f4db59a079cf409ad3a48ea3391cb698529a23c259bf246316795fb,800,0.0,402,0.2,alpha_excess,True,1.0,bounded-support-contamination-mixture,10,0.01,0.014,0.014,,,,,,0.0,640
trim,r03-coverage-N800-c00-s402,cca00de94f4db59a079cf409ad3a48ea3391cb698529a23c259bf246316795fb,800,0.0,402,0.2,literal_trim,True,1.0,bounded-support-contamination-mixture,10,0.01,0.014,0.014,,,,,,0.03762615938917122,640
trim,r03-coverage-N800-c00-s402,cca00de94f4db59a079cf409ad3a48ea3391cb698529a23c259bf246316795fb,800,0.0,402,0.25,alpha_excess,True,1.0,bounded-support-contamination-mixture,10,0.01,0.014,0.014,,,,,,0.0,600
trim,r03-coverage-N800-c00-s402,cca00de94f4db59a079cf409ad3a48ea3391cb698529a23c259bf246316795fb,800,0.0,402,0.25,literal_trim,True,1.0,bounded-support-contamination-mixture,10,0.01,0.014,0.014,,,,,,0.04366438855583788,600
trim,r03-coverage-N800-c00-s402,cca00de94f4db59a079cf409ad3a48ea3391cb698529a23c259bf246316795fb,800,0.0,402,0.3,alpha_excess,True,1.0,bounded-support-contamination-mixture,10,0.01,0.014,0.014,,,,,,0.0,560
trim,r03-coverage-N800-c00-s402,cca00de94f4db59a079cf409ad3a48ea3391cb698529a23c259bf246316795fb,800,0.0,402,0.3,literal_trim,True,1.0,bounded-support-contamination-mixture,10,0.01,0.014,0.014,,,,,,0.04272150472791358,560
trim,r03-coverage-N800-c00-s403,9934f23843874dd9b750ffee5048b31bccb1acdead18769d24ad8303195ca780,800,0.0,403,0.0,alpha_excess,True,1.0,bounded-support-contamination-mixture,10,0.01,0.014,0.014,,,,,,0.004488898454075368,800
trim,r03-coverage-N800-c00-s403,9934f23843874dd9b750ffee5048b31bccb1acdead18769d24ad8303195ca780,800,0.0,403,0.0,literal_trim,True,1.0,bounded-support-contamination-mixture,10,0.01,0.014,0.014,,,,,,0.004488898454075368,800
trim,r03-coverage-N800-c00-s403,9934f23843874dd9b750ffee5048b31bccb1acdead18769d24ad8303195ca780,800,0.0,403,0.05,alpha_excess,True,1.0,bounded-support-contamination-mixture,10,0.01,0.014,0.014,,,,,,0.0,760
trim,r03-coverage-N800-c00-s403,9934f23843874dd9b750ffee5048b31bccb1acdead18769d24ad8303195ca780,800,0.0,403,0.05,literal_trim,True,1.0,bounded-support-contamination-mixture,10,0.01,0.014,0.014,,,,,,0.015940985557600353,760
trim,r03-coverage-N800-c00-s403,9934f23843874dd9b750ffee5048b31bccb1acdead18769d24ad8303195ca780,800,0.0,403,0.1,alpha_excess,True,1.0,bounded-support-contamination-mixture,10,0.01,0.014,0.014,,,,,,0.0,720
trim,r03-coverage-N800-c00-s403,9934f23843874dd9b750ffee5048b31bccb1acdead18769d24ad8303195ca780,800,0.0,403,0.1,literal_trim,True,1.0,bounded-support-contamination-mixture,10,0.01,0.014,0.014,,,,,,0.025256804915598806,720
trim,r03-coverage-N800-c00-s403,9934f23843874dd9b750ffee5048b31bccb1acdead18769d24ad8303195ca780,800,0.0,403,0.15,alpha_excess,True,1.0,bounded-support-contamination-mixture,10,0.01,0.014,0.014,,,,,,0.0,680
trim,r03-coverage-N800-c00-s403,9934f23843874dd9b750ffee5048b31bccb1acdead18769d24ad8303195ca780,800,0.0,403,0.15,literal_trim,True,1.0,bounded-support-contamination-mixture,10,0.01,0.014,0.014,,,,,,0.03309898142209829,680
trim,r03-coverage-N800-c00-s403,9934f23843874dd9b750ffee5048b31bccb1acdead18769d24ad8303195ca780,800,0.0,403,0.2,alpha_excess,True,1.0,bounded-support-contamination-mixture,10,0.01,0.014,0.014,,,,,,0.0,640
trim,r03-coverage-N800-c00-s403,9934f23843874dd9b750ffee5048b31bccb1acdead18769d24ad8303195ca780,800,0.0,403,0.2,literal_trim,True,1.0,bounded-support-contamination-mixture,10,0.01,0.014,0.014,,,,,,0.039902198333863,640
trim,r03-coverage-N800-c00-s403,9934f23843874dd9b750ffee5048b31bccb1acdead18769d24ad8303195ca780,800,0.0,403,0.25,alpha_excess,True,1.0,bounded-support-contamination-mixture,10,0.01,0.014,0.014,,,,,,0.0,600
trim,r03-coverage-N800-c00-s403,9934f23843874dd9b750ffee5048b31bccb1acdead18769d24ad8303195ca780,800,0.0,403,0.25,literal_trim,True,1.0,bounded-support-contamination-mixture,10,0.01,0.014,0.014,,,,,,0.041224050756174364,600
trim,r03-coverage-N800-c00-s403,9934f23843874dd9b750ffee5048b31bccb1acdead18769d24ad8303195ca780,800,0.0,403,0.3,alpha_excess,True,1.0,bounded-support-contamination-mixture,10,0.01,0.014,0.014,,,,,,0.0,560
trim,r03-coverage-N800-c00-s403,9934f23843874dd9b750ffee5048b31bccb1acdead18769d24ad8303195ca780,800,0.0,403,0.3,literal_trim,True,1.0,bounded-support-contamination-mixture,10,0.01,0.014,0.014,,,,,,0.039832476398124386,560
trim,r03-coverage-N800-c00-s404,6fd38a39a4ac7939e3ab55c2cf390bbc4a7ce6874c06903f94a1bab9a9505095,800,0.0,404,0.0,alpha_excess,True,1.0,bounded-support-contamination-mixture,10,0.01,0.014,0.014,,,,,,0.005224881358341007,800
trim,r03-coverage-N800-c00-s404,6fd38a39a4ac7939e3ab55c2cf390bbc4a7ce6874c06903f94a1bab9a9505095,800,0.0,404,0.0,literal_trim,True,1.0,bounded-support-contamination-mixture,10,0.01,0.014,0.014,,,,,,0.005224881358341007,800
trim,r03-coverage-N800-c00-s404,6fd38a39a4ac7939e3ab55c2cf390bbc4a7ce6874c06903f94a1bab9a9505095,800,0.0,404,0.05,alpha_excess,True,1.0,bounded-support-contamination-mixture,10,0.01,0.014,0.014,,,,,,0.0,760
trim,r03-coverage-N800-c00-s404,6fd38a39a4ac7939e3ab55c2cf390bbc4a7ce6874c06903f94a1bab9a9505095,800,0.0,404,0.05,literal_trim,True,1.0,bounded-support-contamination-mixture,10,0.01,0.014,0.014,,,,,,0.01223974792488413,760
trim,r03-coverage-N800-c00-s404,6fd38a39a4ac7939e3ab55c2cf390bbc4a7ce6874c06903f94a1bab9a9505095,800,0.0,404,0.1,alpha_excess,True,1.0,bounded-support-contamination-mixture,10,0.01,0.014,0.014,,,,,,0.0,720
trim,r03-coverage-N800-c00-s404,6fd38a39a4ac7939e3ab55c2cf390bbc4a7ce6874c06903f94a1bab9a9505095,800,0.0,404,0.1,literal_trim,True,1.0,bounded-support-contamination-mixture,10,0.01,0.014,0.014,,,,,,0.023202164794872974,720
trim,r03-coverage-N800-c00-s404,6fd38a39a4ac7939e3ab55c2cf390bbc4a7ce6874c06903f94a1bab9a9505095,800,0.0,404,0.15,alpha_excess,True,1.0,bounded-support-contamination-mixture,10,0.01,0.014,0.014,,,,,,0.0,680
trim,r03-coverage-N800-c00-s404,6fd38a39a4ac7939e3ab55c2cf390bbc4a7ce6874c06903f94a1bab9a9505095,800,0.0,404,0.15,literal_trim,True,1.0,bounded-support-contamination-mixture,10,0.01,0.014,0.014,,,,,,0.03222296643578057,680
trim,r03-coverage-N800-c00-s404,6fd38a39a4ac7939e3ab55c2cf390bbc4a7ce6874c06903f94a1bab9a9505095,800,0.0,404,0.2,alpha_excess,True,1.0,bounded-support-contamination-mixture,10,0.01,0.014,0.014,,,,,,0.0,640
trim,r03-coverage-N800-c00-s404,6fd38a39a4ac7939e3ab55c2cf390bbc4a7ce6874c06903f94a1bab9a9505095,800,0.0,404,0.2,literal_trim,True,1.0,bounded-support-contamination-mixture,10,0.01,0.014,0.014,,,,,,0.040162304671074685,640
trim,r03-coverage-N800-c00-s404,6fd38a39a4ac7939e3ab55c2cf390bbc4a7ce6874c06903f94a1bab9a9505095,800,0.0,404,0.25,alpha_excess,True,1.0,bounded-support-contamination-mixture,10,0.01,0.014,0.014,,,,,,0.0,600
trim,r03-coverage-N800-c00-s404,6fd38a39a4ac7939e3ab55c2cf390bbc4a7ce6874c06903f94a1bab9a9505095,800,0.0,404,0.25,literal_trim,True,1.0,bounded-support-contamination-mixture,10,0.01,0.014,0.014,,,,,,0.04697355467107469,600
trim,r03-coverage-N800-c00-s404,6fd38a39a4ac7939e3ab55c2cf390bbc4a7ce6874c06903f94a1bab9a9505095,800,0.0,404,0.3,alpha_excess,True,1.0,bounded-support-contamination-mixture,10,0.01,0.014,0.014,,,,,,0.0,560
trim,r03-coverage-N800-c00-s404,6fd38a39a4ac7939e3ab55c2cf390bbc4a7ce6874c06903f94a1bab9a9505095,800,0.0,404,0.3,literal_trim,True,1.0,bounded-support-contamination-mixture,10,0.01,0.014,0.014,,,,,,0.04541953714078802,560
trim,r03-coverage-N800-c00-s405,2afa3801fe180c7701974624d51a1ce98ff1732199400d8dd2ba27bb8808060a,800,0.0,405,0.0,alpha_excess,True,1.0,bounded-support-contamination-mixture,10,0.01,0.014,0.014,,,,,,0.003001391102831072,800
trim,r03-coverage-N800-c00-s405,2afa3801fe180c7701974624d51a1ce98ff1732199400d8dd2ba27bb8808060a,800,0.0,405,0.0,literal_trim,True,1.0,bounded-support-contamination-mixture,10,0.01,0.014,0.014,,,,,,0.003001391102831072,800
trim,r03-coverage-N800-c00-s405,2afa3801fe180c7701974624d51a1ce98ff1732199400d8dd2ba27bb8808060a,800,0.0,405,0.05,alpha_excess,True,1.0,bounded-support-contamination-mixture,10,0.01,0.014,0.014,,,,,,0.0,760
trim,r03-coverage-N800-c00-s405,2afa3801fe180c7701974624d51a1ce98ff1732199400d8dd2ba27bb8808060a,800,0.0,405,0.05,literal_trim,True,1.0,bounded-support-contamination-mixture,10,0.01,0.014,0.014,,,,,,0.016624971662961473,760
trim,r03-coverage-N800-c00-s405,2afa3801fe180c7701974624d51a1ce98ff1732199400d8dd2ba27bb8808060a,800,0.0,405,0.1,alpha_excess,True,1.0,bounded-support-contamination-mixture,10,0.01,0.014,0.014,,,,,,0.0,720
trim,r03-coverage-N800-c00-s405,2afa3801fe180c7701974624d51a1ce98ff1732199400d8dd2ba27bb8808060a,800,0.0,405,0.1,literal_trim,True,1.0,bounded-support-contamination-mixture,10,0.01,0.014,0.014,,,,,,0.026386219930347267,720
trim,r03-coverage-N800-c00-s405,2afa3801fe180c7701974624d51a1ce98ff1732199400d8dd2ba27bb8808060a,800,0.0,405,0.15,alpha_excess,True,1.0,bounded-support-contamination-mixture,10,0.01,0.014,0.014,,,,,,0.0,680
trim,r03-coverage-N800-c00-s405,2afa3801fe180c7701974624d51a1ce98ff1732199400d8dd2ba27bb8808060a,800,0.0,405,0.15,literal_trim,True,1.0,bounded-support-contamination-mixture,10,0.01,0.014,0.014,,,,,,0.03436406026586415,680
trim,r03-coverage-N800-c00-s405,2afa3801fe180c7701974624d51a1ce98ff1732199400d8dd2ba27bb8808060a,800,0.0,405,0.2,alpha_excess,True,1.0,bounded-support-contamination-mixture,10,0.01,0.014,0.014,,,,,,0.0,640
trim,r03-coverage-N800-c00-s405,2afa3801fe180c7701974624d51a1ce98ff1732199400d8dd2ba27bb8808060a,800,0.0,405,0.2,literal_trim,True,1.0,bounded-support-contamination-mixture,10,0.01,0.014,0.014,,,,,,0.04162913080705028,640
trim,r03-coverage-N800-c00-s405,2afa3801fe180c7701974624d51a1ce98ff1732199400d8dd2ba27bb8808060a,800,0.0,405,0.25,alpha_excess,True,1.0,bounded-support-contamination-mixture,10,0.01,0.014,0.014,,,,,,0.0,600
trim,r03-coverage-N800-c00-s405,2afa3801fe180c7701974624d51a1ce98ff1732199400d8dd2ba27bb8808060a,800,0.0,405,0.25,literal_trim,True,1.0,bounded-support-contamination-mixture,10,0.01,0.014,0.014,,,,,,0.045249831041458376,600
trim,r03-coverage-N800-c00-s405,2afa3801fe180c7701974624d51a1ce98ff1732199400d8dd2ba27bb8808060a,800,0.0,405,0.3,alpha_excess,True,1.0,bounded-support-contamination-mixture,10,0.01,0.014,0.014,,,,,,0.0,560
trim,r03-coverage-N800-c00-s405,2afa3801fe180c7701974624d51a1ce98ff1732199400d8dd2ba27bb8808060a,800,0.0,405,0.3,literal_trim,True,1.0,bounded-support-contamination-mixture,10,0.01,0.014,0.014,,,,,,0.044134810764052713,560
trim,r03-coverage-N800-c15-s401,11acabb53b760b347c2d3dc412c6029b331adac6651795e3752de570411b306d,800,0.15,401,0.0,alpha_excess,True,1.0,bounded-support-contamination-mixture,10,0.01,0.014,0.014,,,,,,0.1287607222226889,800
trim,r03-coverage-N800-c15-s401,11acabb53b760b347c2d3dc412c6029b331adac6651795e3752de570411b306d,800,0.15,401,0.0,literal_trim,True,1.0,bounded-support-contamination-mixture,10,0.01,0.014,0.014,,,,,,0.1287607222226889,800
trim,r03-coverage-N800-c15-s401,11acabb53b760b347c2d3dc412c6029b331adac6651795e3752de570411b306d,800,0.15,401,0.05,alpha_excess,True,1.0,bounded-support-contamination-mixture,10,0.01,0.014,0.014,,,,,,0.08108851817061838,760
trim,r03-coverage-N800-c15-s401,11acabb53b760b347c2d3dc412c6029b331adac6651795e3752de570411b306d,800,0.15,401,0.05,literal_trim,True,1.0,bounded-support-contamination-mixture,10,0.01,0.014,0.014,,,,,,0.09031980117434787,760
trim,r03-coverage-N800-c15-s401,11acabb53b760b347c2d3dc412c6029b331adac6651795e3752de570411b306d,800,0.15,401,0.1,alpha_excess,True,1.0,bounded-support-contamination-mixture,10,0.01,0.014,0.014,,,,,,0.038563095206739714,720
trim,r03-coverage-N800-c15-s401,11acabb53b760b347c2d3dc412c6029b331adac6651795e3752de570411b306d,800,0.15,401,0.1,literal_trim,True,1.0,bounded-support-contamination-mixture,10,0.01,0.014,0.014,,,,,,0.05102155704094778,720
trim,r03-coverage-N800-c15-s401,11acabb53b760b347c2d3dc412c6029b331adac6651795e3752de570411b306d,800,0.15,401,0.15,alpha_excess,True,1.0,bounded-support-contamination-mixture,10,0.01,0.014,0.014,,,,,,0.0032050404469285273,680
trim,r03-coverage-N800-c15-s401,11acabb53b760b347c2d3dc412c6029b331adac6651795e3752de570411b306d,800,0.15,401,0.15,literal_trim,True,1.0,bounded-support-contamination-mixture,10,0.01,0.014,0.014,,,,,,0.01069095368794067,680
trim,r03-coverage-N800-c15-s401,11acabb53b760b347c2d3dc412c6029b331adac6651795e3752de570411b306d,800,0.15,401,0.2,alpha_excess,True,1.0,bounded-support-contamination-mixture,10,0.01,0.014,0.014,,,,,,0.0,640
trim,r03-coverage-N800-c15-s401,11acabb53b760b347c2d3dc412c6029b331adac6651795e3752de570411b306d,800,0.15,401,0.2,literal_trim,True,1.0,bounded-support-contamination-mixture,10,0.01,0.014,0.014,,,,,,0.00855278837191936,640
trim,r03-coverage-N800-c15-s401,11acabb53b760b347c2d3dc412c6029b331adac6651795e3752de570411b306d,800,0.15,401,0.25,alpha_excess,True,1.0,bounded-support-contamination-mixture,10,0.01,0.014,0.014,,,,,,0.0,600
trim,r03-coverage-N800-c15-s401,11acabb53b760b347c2d3dc412c6029b331adac6651795e3752de570411b306d,800,0.15,401,0.25,literal_trim,True,1.0,bounded-support-contamination-mixture,10,0.01,0.014,0.014,,,,,,0.020824536008148223,600
trim,r03-coverage-N800-c15-s401,11acabb53b760b347c2d3dc412c6029b331adac6651795e3752de570411b306d,800,0.15,401,0.3,alpha_excess,True,1.0,bounded-support-contamination-mixture,10,0.01,0.014,0.014,,,,,,0.0,560
trim,r03-coverage-N800-c15-s401,11acabb53b760b347c2d3dc412c6029b331adac6651795e3752de570411b306d,800,0.15,401,0.3,literal_trim,True,1.0,bounded-support-contamination-mixture,10,0.01,0.014,0.014,,,,,,0.031142007603456933,560
trim,r03-coverage-N800-c15-s402,49b9636252a08719bf4f81e1b945676d722b61910f8a7029f55f72af9d1feedd,800,0.15,402,0.0,alpha_excess,True,1.0,bounded-support-contamination-mixture,10,0.01,0.014,0.014,,,,,,0.1111914453289253,800
trim,r03-coverage-N800-c15-s402,49b9636252a08719bf4f81e1b945676d722b61910f8a7029f55f72af9d1feedd,800,0.15,402,0.0,literal_trim,True,1.0,bounded-support-contamination-mixture,10,0.01,0.014,0.014,,,,,,0.1111914453289253,800
trim,r03-coverage-N800-c15-s402,49b9636252a08719bf4f81e1b945676d722b61910f8a7029f55f72af9d1feedd,800,0.15,402,0.05,alpha_excess,True,1.0,bounded-support-contamination-mixture,10,0.01,0.014,0.014,,,,,,0.06448390778124147,760
trim,r03-coverage-N800-c15-s402,49b9636252a08719bf4f81e1b945676d722b61910f8a7029f55f72af9d1feedd,800,0.15,402,0.05,literal_trim,True,1.0,bounded-support-contamination-mixture,10,0.01,0.014,0.014,,,,,,0.0724519347334833,760
trim,r03-coverage-N800-c15-s402,49b9636252a08719bf4f81e1b945676d722b61910f8a7029f55f72af9d1feedd,800,0.15,402,0.1,alpha_excess,True,1.0,bounded-support-contamination-mixture,10,0.01,0.014,0.014,,,,,,0.024045686786415044,720
trim,r03-coverage-N800-c15-s402,49b9636252a08719bf4f81e1b945676d722b61910f8a7029f55f72af9d1feedd,800,0.15,402,0.1,literal_trim,True,1.0,bounded-support-contamination-mixture,10,0.01,0.014,0.014,,,,,,0.033253532179987035,720
trim,r03-coverage-N800-c15-s402,49b9636252a08719bf4f81e1b945676d722b61910f8a7029f55f72af9d1feedd,800,0.15,402,0.15,alpha_excess,True,1.0,bounded-support-contamination-mixture,10,0.01,0.014,0.014,,,,,,0.0,680
trim,r03-coverage-N800-c15-s402,49b9636252a08719bf4f81e1b945676d722b61910f8a7029f55f72af9d1feedd,800,0.15,402,0.15,literal_trim,True,1.0,bounded-support-contamination-mixture,10,0.01,0.014,0.014,,,,,,0.0033494321438891595,680
trim,r03-coverage-N800-c15-s402,49b9636252a08719bf4f81e1b945676d722b61910f8a7029f55f72af9d1feedd,800,0.15,402,0.2,alpha_excess,True,1.0,bounded-support-contamination-mixture,10,0.01,0.014,0.014,,,,,,0.0,640
trim,r03-coverage-N800-c15-s402,49b9636252a08719bf4f81e1b945676d722b61910f8a7029f55f72af9d1feedd,800,0.15,402,0.2,literal_trim,True,1.0,bounded-support-contamination-mixture,10,0.01,0.014,0.014,,,,,,0.017641253896443332,640
trim,r03-coverage-N800-c15-s402,49b9636252a08719bf4f81e1b945676d722b61910f8a7029f55f72af9d1feedd,800,0.15,402,0.25,alpha_excess,True,1.0,bounded-support-contamination-mixture,10,0.01,0.014,0.014,,,,,,0.0,600
trim,r03-coverage-N800-c15-s402,49b9636252a08719bf4f81e1b945676d722b61910f8a7029f55f72af9d1feedd,800,0.15,402,0.25,literal_trim,True,1.0,bounded-support-contamination-mixture,10,0.01,0.014,0.014,,,,,,0.028601777777311106,600
trim,r03-coverage-N800-c15-s402,49b9636252a08719bf4f81e1b945676d722b61910f8a7029f55f72af9d1feedd,800,0.15,402,0.3,alpha_excess,True,1.0,bounded-support-contamination-mixture,10,0.01,0.014,0.014,,,,,,0.0,560
trim,r03-coverage-N800-c15-s402,49b9636252a08719bf4f81e1b945676d722b61910f8a7029f55f72af9d1feedd,800,0.15,402,0.3,literal_trim,True,1.0,bounded-support-contamination-mixture,10,0.01,0.014,0.014,,,,,,0.037093920634453964,560
trim,r03-coverage-N800-c15-s403,58fb1794f3578af5b15647b8fdcc455d1ec2fcd8da3309109b95b7adb2f003aa,800,0.15,403,0.0,alpha_excess,True,1.0,bounded-support-contamination-mixture,10,0.01,0.014,0.014,,,,,,0.1219694722226889,800
trim,r03-coverage-N800-c15-s403,58fb1794f3578af5b15647b8fdcc455d1ec2fcd8da3309109b95b7adb2f003aa,800,0.15,403,0.0,literal_trim,True,1.0,bounded-support-contamination-mixture,10,0.01,0.014,0.014,,,,,,0.1219694722226889,800
trim,r03-coverage-N800-c15-s403,58fb1794f3578af5b15647b8fdcc455d1ec2fcd8da3309109b95b7adb2f003aa,800,0.15,403,0.05,alpha_excess,True,1.0,bounded-support-contamination-mixture,10,0.01,0.014,0.014,,,,,,0.07440121539942868,760
trim,r03-coverage-N800-c15-s403,58fb1794f3578af5b15647b8fdcc455d1ec2fcd8da3309109b95b7adb2f003aa,800,0.15,403,0.05,literal_trim,True,1.0,bounded-support-contamination-mixture,10,0.01,0.014,0.014,,,,,,0.08325006433359995,760
trim,r03-coverage-N800-c15-s403,58fb1794f3578af5b15647b8fdcc455d1ec2fcd8da3309109b95b7adb2f003aa,800,0.15,403,0.1,alpha_excess,True,1.0,bounded-support-contamination-mixture,10,0.01,0.014,0.014,,,,,,0.032016218761485346,720
trim,r03-coverage-N800-c15-s403,58fb1794f3578af5b15647b8fdcc455d1ec2fcd8da3309109b95b7adb2f003aa,800,0.15,403,0.1,literal_trim,True,1.0,bounded-support-contamination-mixture,10,0.01,0.014,0.014,,,,,,0.043461834523893766,720
trim,r03-coverage-N800-c15-s403,58fb1794f3578af5b15647b8fdcc455d1ec2fcd8da3309109b95b7adb2f003aa,800,0.15,403,0.15,alpha_excess,True,1.0,bounded-support-contamination-mixture,10,0.01,0.014,0.014,,,,,,0.0018665210855999034,680
trim,r03-coverage-N800-c15-s403,58fb1794f3578af5b15647b8fdcc455d1ec2fcd8da3309109b95b7adb2f003aa,800,0.15,403,0.15,literal_trim,True,1.0,bounded-support-contamination-mixture,10,0.01,0.014,0.014,,,,,,0.00650129454629708,680
trim,r03-coverage-N800-c15-s403,58fb1794f3578af5b15647b8fdcc455d1ec2fcd8da3309109b95b7adb2f003aa,800,0.15,403,0.2,alpha_excess,True,1.0,bounded-support-contamination-mixture,10,0.01,0.014,0.014,,,,,,0.0,640
trim,r03-coverage-N800-c15-s403,58fb1794f3578af5b15647b8fdcc455d1ec2fcd8da3309109b95b7adb2f003aa,800,0.15,403,0.2,literal_trim,True,1.0,bounded-support-contamination-mixture,10,0.01,0.014,0.014,,,,,,0.017190047301422477,640
trim,r03-coverage-N800-c15-s403,58fb1794f3578af5b15647b8fdcc455d1ec2fcd8da3309109b95b7adb2f003aa,800,0.15,403,0.25,alpha_excess,True,1.0,bounded-support-contamination-mixture,10,0.01,0.014,0.014,,,,,,0.0,600
trim,r03-coverage-N800-c15-s403,58fb1794f3578af5b15647b8fdcc455d1ec2fcd8da3309109b95b7adb2f003aa,800,0.15,403,0.25,literal_trim,True,1.0,bounded-support-contamination-mixture,10,0.01,0.014,0.014,,,,,,0.02701828459330423,600
trim,r03-coverage-N800-c15-s403,58fb1794f3578af5b15647b8fdcc455d1ec2fcd8da3309109b95b7adb2f003aa,800,0.15,403,0.3,alpha_excess,True,1.0,bounded-support-contamination-mixture,10,0.01,0.014,0.014,,,,,,0.0,560
trim,r03-coverage-N800-c15-s403,58fb1794f3578af5b15647b8fdcc455d1ec2fcd8da3309109b95b7adb2f003aa,800,0.15,403,0.3,literal_trim,True,1.0,bounded-support-contamination-mixture,10,0.01,0.014,0.014,,,,,,0.03578985592579194,560
trim,r03-coverage-N800-c15-s404,71a6b8dbff10d585baea271fb9d9582f50cf59dc8aabf17edf420fcb1155d094,800,0.15,404,0.0,alpha_excess,True,1.0,bounded-support-contamination-mixture,10,0.01,0.014,0.014,,,,,,0.12242644532892531,800
trim,r03-coverage-N800-c15-s404,71a6b8dbff10d585baea271fb9d9582f50cf59dc8aabf17edf420fcb1155d094,800,0.15,404,0.0,literal_trim,True,1.0,bounded-support-contamination-mixture,10,0.01,0.014,0.014,,,,,,0.12242644532892531,800
trim,r03-coverage-N800-c15-s404,71a6b8dbff10d585baea271fb9d9582f50cf59dc8aabf17edf420fcb1155d094,800,0.15,404,0.05,alpha_excess,True,1.0,bounded-support-contamination-mixture,10,0.01,0.014,0.014,,,,,,0.07583016340941695,760
trim,r03-coverage-N800-c15-s404,71a6b8dbff10d585baea271fb9d9582f50cf59dc8aabf17edf420fcb1155d094,800,0.15,404,0.05,literal_trim,True,1.0,bounded-support-contamination-mixture,10,0.01,0.014,0.014,,,,,,0.08375483673197268,760
trim,r03-coverage-N800-c15-s404,71a6b8dbff10d585baea271fb9d9582f50cf59dc8aabf17edf420fcb1155d094,800,0.15,404,0.1,alpha_excess,True,1.0,bounded-support-contamination-mixture,10,0.01,0.014,0.014,,,,,,0.034578195340918896,720
trim,r03-coverage-N800-c15-s404,71a6b8dbff10d585baea271fb9d9582f50cf59dc8aabf17edf420fcb1155d094,800,0.15,404,0.1,literal_trim,True,1.0,bounded-support-contamination-mixture,10,0.01,0.014,0.014,,,,,,0.04481676985384317,720
trim,r03-coverage-N800-c15-s404,71a6b8dbff10d585baea271fb9d9582f50cf59dc8aabf17edf420fcb1155d094,800,0.15,404,0.15,alpha_excess,True,1.0,bounded-support-contamination-mixture,10,0.01,0.014,0.014,,,,,,0.0010062518714933377,680
trim,r03-coverage-N800-c15-s404,71a6b8dbff10d585baea271fb9d9582f50cf59dc8aabf17edf420fcb1155d094,800,0.15,404,0.15,literal_trim,True,1.0,bounded-support-contamination-mixture,10,0.01,0.014,0.014,,,,,,0.006650870439036604,680
trim,r03-coverage-N800-c15-s404,71a6b8dbff10d585baea271fb9d9582f50cf59dc8aabf17edf420fcb1155d094,800,0.15,404,0.2,alpha_excess,True,1.0,bounded-support-contamination-mixture,10,0.01,0.014,0.014,,,,,,0.0,640
trim,r03-coverage-N800-c15-s404,71a6b8dbff10d585baea271fb9d9582f50cf59dc8aabf17edf420fcb1155d094,800,0.15,404,0.2,literal_trim,True,1.0,bounded-support-contamination-mixture,10,0.01,0.014,0.014,,,,,,0.013185215277311106,640
trim,r03-coverage-N800-c15-s404,71a6b8dbff10d585baea271fb9d9582f50cf59dc8aabf17edf420fcb1155d094,800,0.15,404,0.25,alpha_excess,True,1.0,bounded-support-contamination-mixture,10,0.01,0.014,0.014,,,,,,0.0,600
trim,r03-coverage-N800-c15-s404,71a6b8dbff10d585baea271fb9d9582f50cf59dc8aabf17edf420fcb1155d094,800,0.15,404,0.25,literal_trim,True,1.0,bounded-support-contamination-mixture,10,0.01,0.014,0.014,,,,,,0.025588444443977773,600
trim,r03-coverage-N800-c15-s404,71a6b8dbff10d585baea271fb9d9582f50cf59dc8aabf17edf420fcb1155d094,800,0.15,404,0.3,alpha_excess,True,1.0,bounded-support-contamination-mixture,10,0.01,0.014,0.014,,,,,,0.0,560
trim,r03-coverage-N800-c15-s404,71a6b8dbff10d585baea271fb9d9582f50cf59dc8aabf17edf420fcb1155d094,800,0.15,404,0.3,literal_trim,True,1.0,bounded-support-contamination-mixture,10,0.01,0.014,0.014,,,,,,0.03566713492016824,560
trim,r03-coverage-N800-c15-s405,98081b6589e49c7979de7196e4329546382ef671a502af4ee847eab8b2ddfb3b,800,0.15,405,0.0,alpha_excess,True,1.0,bounded-support-contamination-mixture,10,0.01,0.014,0.014,,,,,,0.1087375261719416,800
trim,r03-coverage-N800-c15-s405,98081b6589e49c7979de7196e4329546382ef671a502af4ee847eab8b2ddfb3b,800,0.15,405,0.0,literal_trim,True,1.0,bounded-support-contamination-mixture,10,0.01,0.014,0.014,,,,,,0.1087375261719416,800
trim,r03-coverage-N800-c15-s405,98081b6589e49c7979de7196e4329546382ef671a502af4ee847eab8b2ddfb3b,800,0.15,405,0.05,alpha_excess,True,1.0,bounded-support-contamination-mixture,10,0.01,0.014,0.014,,,,,,0.06291188971123282,760
trim,r03-coverage-N800-c15-s405,98081b6589e49c7979de7196e4329546382ef671a502af4ee847eab8b2ddfb3b,800,0.15,405,0.05,literal_trim,True,1.0,bounded-support-contamination-mixture,10,0.01,0.014,0.014,,,,,,0.0702468136195627,760
trim,r03-coverage-N800-c15-s405,98081b6589e49c7979de7196e4329546382ef671a502af4ee847eab8b2ddfb3b,800,0.15,405,0.1,alpha_excess,True,1.0,bounded-support-contamination-mixture,10,0.01,0.014,0.014,,,,,,0.02404237976220975,720
trim,r03-coverage-N800-c15-s405,98081b6589e49c7979de7196e4329546382ef671a502af4ee847eab8b2ddfb3b,800,0.15,405,0.1,literal_trim,True,1.0,bounded-support-contamination-mixture,10,0.01,0.014,0.014,,,,,,0.03097861673695022,720
trim,r03-coverage-N800-c15-s405,98081b6589e49c7979de7196e4329546382ef671a502af4ee847eab8b2ddfb3b,800,0.15,405,0.15,alpha_excess,True,1.0,bounded-support-contamination-mixture,10,0.01,0.014,0.014,,,,,,0.0,680
trim,r03-coverage-N800-c15-s405,98081b6589e49c7979de7196e4329546382ef671a502af4ee847eab8b2ddfb3b,800,0.15,405,0.15,literal_trim,True,1.0,bounded-support-contamination-mixture,10,0.01,0.014,0.014,,,,,,0.007089032913305777,680
trim,r03-coverage-N800-c15-s405,98081b6589e49c7979de7196e4329546382ef671a502af4ee847eab8b2ddfb3b,800,0.15,405,0.2,alpha_excess,True,1.0,bounded-support-contamination-mixture,10,0.01,0.014,0.014,,,,,,0.0,640
trim,r03-coverage-N800-c15-s405,98081b6589e49c7979de7196e4329546382ef671a502af4ee847eab8b2ddfb3b,800,0.15,405,0.2,literal_trim,True,1.0,bounded-support-contamination-mixture,10,0.01,0.014,0.014,,,,,,0.022178965277311107,640
trim,r03-coverage-N800-c15-s405,98081b6589e49c7979de7196e4329546382ef671a502af4ee847eab8b2ddfb3b,800,0.15,405,0.25,alpha_excess,True,1.0,bounded-support-contamination-mixture,10,0.01,0.014,0.014,,,,,,0.0,600
trim,r03-coverage-N800-c15-s405,98081b6589e49c7979de7196e4329546382ef671a502af4ee847eab8b2ddfb3b,800,0.15,405,0.25,literal_trim,True,1.0,bounded-support-contamination-mixture,10,0.01,0.014,0.014,,,,,,0.03248344444397778,600
trim,r03-coverage-N800-c15-s405,98081b6589e49c7979de7196e4329546382ef671a502af4ee847eab8b2ddfb3b,800,0.15,405,0.3,alpha_excess,True,1.0,bounded-support-contamination-mixture,10,0.01,0.014,0.014,,,,,,0.0,560
trim,r03-coverage-N800-c15-s405,98081b6589e49c7979de7196e4329546382ef671a502af4ee847eab8b2ddfb3b,800,0.15,405,0.3,literal_trim,True,1.0,bounded-support-contamination-mixture,10,0.01,0.014,0.014,,,,,,0.041059992063025394,560
trim,r03-coverage-N800-c30-s401,3747a7934b8c38ca7250612afb91e7d8407cc09412bc16c79c29b96181aaf2c9,800,0.3,401,0.0,alpha_excess,True,1.0,bounded-support-contamination-mixture,10,0.01,0.014,0.014,,,,,,0.2419619722226889,800
trim,r03-coverage-N800-c30-s401,3747a7934b8c38ca7250612afb91e7d8407cc09412bc16c79c29b96181aaf2c9,800,0.3,401,0.0,literal_trim,True,1.0,bounded-support-contamination-mixture,10,0.01,0.014,0.014,,,,,,0.2419619722226889,800
trim,r03-coverage-N800-c30-s401,3747a7934b8c38ca7250612afb91e7d8407cc09412bc16c79c29b96181aaf2c9,800,0.3,401,0.05,alpha_excess,True,1.0,bounded-support-contamination-mixture,10,0.01,0.014,0.014,,,,,,0.19317416396952636,760
trim,r03-coverage-N800-c30-s401,3747a7934b8c38ca7250612afb91e7d8407cc09412bc16c79c29b96181aaf2c9,800,0.3,401,0.05,literal_trim,True,1.0,bounded-support-contamination-mixture,10,0.01,0.014,0.014,,,,,,0.20881585380164525,760
trim,r03-coverage-N800-c30-s401,3747a7934b8c38ca7250612afb91e7d8407cc09412bc16c79c29b96181aaf2c9,800,0.3,401,0.1,alpha_excess,True,1.0,bounded-support-contamination-mixture,10,0.01,0.014,0.014,,,,,,0.14710862194021102,720
trim,r03-coverage-N800-c30-s401,3747a7934b8c38ca7250612afb91e7d8407cc09412bc16c79c29b96181aaf2c9,800,0.3,401,0.1,literal_trim,True,1.0,bounded-support-contamination-mixture,10,0.01,0.014,0.014,,,,,,0.17376183333944795,720
trim,r03-coverage-N800-c30-s401,3747a7934b8c38ca7250612afb91e7d8407cc09412bc16c79c29b96181aaf2c9,800,0.3,401,0.15,alpha_excess,True,1.0,bounded-support-contamination-mixture,10,0.01,0.014,0.014,,,,,,0.10412897281343725,680
trim,r03-coverage-N800-c30-s401,3747a7934b8c38ca7250612afb91e7d8407cc09412bc16c79c29b96181aaf2c9,800,0.3,401,0.15,literal_trim,True,1.0,bounded-support-contamination-mixture,10,0.01,0.014,0.014,,,,,,0.1367323401237604,680
trim,r03-coverage-N800-c30-s401,3747a7934b8c38ca7250612afb91e7d8407cc09412bc16c79c29b96181aaf2c9,800,0.3,401,0.2,alpha_excess,True,1.0,bounded-support-contamination-mixture,10,0.01,0.014,0.014,,,,,,0.06496021167146321,640
trim,r03-coverage-N800-c30-s401,3747a7934b8c38ca7250612afb91e7d8407cc09412bc16c79c29b96181aaf2c9,800,0.3,401,0.2,literal_trim,True,1.0,bounded-support-contamination-mixture,10,0.01,0.014,0.014,,,,,,0.09710228792317557,640
trim,r03-coverage-N800-c30-s401,3747a7934b8c38ca7250612afb91e7d8407cc09412bc16c79c29b96181aaf2c9,800,0.3,401,0.25,alpha_excess,True,1.0,bounded-support-contamination-mixture,10,0.01,0.014,0.014,,,,,,0.0290008250904457,600
trim,r03-coverage-N800-c30-s401,3747a7934b8c38ca7250612afb91e7d8407cc09412bc16c79c29b96181aaf2c9,800,0.3,401,0.25,literal_trim,True,1.0,bounded-support-contamination-mixture,10,0.01,0.014,0.014,,,,,,0.0542215751549566,600
trim,r03-coverage-N800-c30-s401,3747a7934b8c38ca7250612afb91e7d8407cc09412bc16c79c29b96181aaf2c9,800,0.3,401,0.3,alpha_excess,True,1.0,bounded-support-contamination-mixture,10,0.01,0.014,0.014,,,,,,7.536182357723096e-05,560
trim,r03-coverage-N800-c30-s401,3747a7934b8c38ca7250612afb91e7d8407cc09412bc16c79c29b96181aaf2c9,800,0.3,401,0.3,literal_trim,True,1.0,bounded-support-contamination-mixture,10,0.01,0.014,0.014,,,,,,0.009112723769700374,560
trim,r03-coverage-N800-c30-s402,6003b50316a2d72f86d2948cef258f97ffbfde1ce12f00db227165154567e6cc,800,0.3,402,0.0,alpha_excess,True,1.0,bounded-support-contamination-mixture,10,0.01,0.014,0.014,,,,,,0.2386944722226889,800
trim,r03-coverage-N800-c30-s402,6003b50316a2d72f86d2948cef258f97ffbfde1ce12f00db227165154567e6cc,800,0.3,402,0.0,literal_trim,True,1.0,bounded-support-contamination-mixture,10,0.01,0.014,0.014,,,,,,0.2386944722226889,800
trim,r03-coverage-N800-c30-s402,6003b50316a2d72f86d2948cef258f97ffbfde1ce12f00db227165154567e6cc,800,0.3,402,0.05,alpha_excess,True,1.0,bounded-support-contamination-mixture,10,0.01,0.014,0.014,,,,,,0.18980714817662464,760
trim,r03-coverage-N800-c30-s402,6003b50316a2d72f86d2948cef258f97ffbfde1ce12f00db227165154567e6cc,800,0.3,402,0.05,literal_trim,True,1.0,bounded-support-contamination-mixture,10,0.01,0.014,0.014,,,,,,0.20526322222269033,760
trim,r03-coverage-N800-c30-s402,6003b50316a2d72f86d2948cef258f97ffbfde1ce12f00db227165154567e6cc,800,0.3,402,0.1,alpha_excess,True,1.0,bounded-support-contamination-mixture,10,0.01,0.014,0.014,,,,,,0.1435346585937502,720
trim,r03-coverage-N800-c30-s402,6003b50316a2d72f86d2948cef258f97ffbfde1ce12f00db227165154567e6cc,800,0.3,402,0.1,literal_trim,True,1.0,bounded-support-contamination-mixture,10,0.01,0.014,0.014,,,,,,0.16987850000369792,720
trim,r03-coverage-N800-c30-s402,6003b50316a2d72f86d2948cef258f97ffbfde1ce12f00db227165154567e6cc,800,0.3,402,0.15,alpha_excess,True,1.0,bounded-support-contamination-mixture,10,0.01,0.014,0.014,,,,,,0.1002556450342555,680
trim,r03-coverage-N800-c30-s402,6003b50316a2d72f86d2948cef258f97ffbfde1ce12f00db227165154567e6cc,800,0.3,402,0.15,literal_trim,True,1.0,bounded-support-contamination-mixture,10,0.01,0.014,0.014,,,,,,0.13213528117973267,680
trim,r03-coverage-N800-c30-s402,6003b50316a2d72f86d2948cef258f97ffbfde1ce12f00db227165154567e6cc,800,0.3,402,0.2,alpha_excess,True,1.0,bounded-support-contamination-mixture,10,0.01,0.014,0.014,,,,,,0.06084689724003748,640
trim,r03-coverage-N800-c30-s402,6003b50316a2d72f86d2948cef258f97ffbfde1ce12f00db227165154567e6cc,800,0.3,402,0.2,literal_trim,True,1.0,bounded-support-contamination-mixture,10,0.01,0.014,0.014,,,,,,0.09195228792317557,640
trim,r03-coverage-N800-c30-s402,6003b50316a2d72f86d2948cef258f97ffbfde1ce12f00db227165154567e6cc,800,0.3,402,0.25,alpha_excess,True,1.0,bounded-support-contamination-mixture,10,0.01,0.014,0.014,,,,,,0.02636524294833605,600
trim,r03-coverage-N800-c30-s402,6003b50316a2d72f86d2948cef258f97ffbfde1ce12f00db227165154567e6cc,800,0.3,402,0.25,literal_trim,True,1.0,bounded-support-contamination-mixture,10,0.01,0.014,0.014,,,,,,0.04873491455011231,600
trim,r03-coverage-N800-c30-s402,6003b50316a2d72f86d2948cef258f97ffbfde1ce12f00db227165154567e6cc,800,0.3,402,0.3,alpha_excess,True,1.0,bounded-support-contamination-mixture,10,0.01,0.014,0.014,,,,,,9.296381786508275e-07,560
trim,r03-coverage-N800-c30-s402,6003b50316a2d72f86d2948cef258f97ffbfde1ce12f00db227165154567e6cc,800,0.3,402,0.3,literal_trim,True,1.0,bounded-support-contamination-mixture,10,0.01,0.014,0.014,,,,,,0.004808131156873606,560
trim,r03-coverage-N800-c30-s403,369706560ca1f37da563c928b2319aa7237c04859fd884db66bd19abf7ed024e,800,0.3,403,0.0,alpha_excess,True,1.0,bounded-support-contamination-mixture,10,0.01,0.014,0.014,,,,,,0.23130175220437804,800
trim,r03-coverage-N800-c30-s403,369706560ca1f37da563c928b2319aa7237c04859fd884db66bd19abf7ed024e,800,0.3,403,0.0,literal_trim,True,1.0,bounded-support-contamination-mixture,10,0.01,0.014,0.014,,,,,,0.23130175220437804,800
trim,r03-coverage-N800-c30-s403,369706560ca1f37da563c928b2319aa7237c04859fd884db66bd19abf7ed024e,800,0.3,403,0.05,alpha_excess,True,1.0,bounded-support-contamination-mixture,10,0.01,0.014,0.014,,,,,,0.18272516662098345,760
trim,r03-coverage-N800-c30-s403,369706560ca1f37da563c928b2319aa7237c04859fd884db66bd19abf7ed024e,800,0.3,403,0.05,literal_trim,True,1.0,bounded-support-contamination-mixture,10,0.01,0.014,0.014,,,,,,0.19773905483597684,760
trim,r03-coverage-N800-c30-s403,369706560ca1f37da563c928b2319aa7237c04859fd884db66bd19abf7ed024e,800,0.3,403,0.1,alpha_excess,True,1.0,bounded-support-contamination-mixture,10,0.01,0.014,0.014,,,,,,0.1367364257946817,720
trim,r03-coverage-N800-c30-s403,369706560ca1f37da563c928b2319aa7237c04859fd884db66bd19abf7ed024e,800,0.3,403,0.1,literal_trim,True,1.0,bounded-support-contamination-mixture,10,0.01,0.014,0.014,,,,,,0.1622666133238911,720
trim,r03-coverage-N800-c30-s403,369706560ca1f37da563c928b2319aa7237c04859fd884db66bd19abf7ed024e,800,0.3,403,0.15,alpha_excess,True,1.0,bounded-support-contamination-mixture,10,0.01,0.014,0.014,,,,,,0.09390590215032352,680
trim,r03-coverage-N800-c30-s403,369706560ca1f37da563c928b2319aa7237c04859fd884db66bd19abf7ed024e,800,0.3,403,0.15,literal_trim,True,1.0,bounded-support-contamination-mixture,10,0.01,0.014,0.014,,,,,,0.1246694731523151,680
trim,r03-coverage-N800-c30-s403,369706560ca1f37da563c928b2319aa7237c04859fd884db66bd19abf7ed024e,800,0.3,403,0.2,alpha_excess,True,1.0,bounded-support-contamination-mixture,10,0.01,0.014,0.014,,,,,,0.056199567118579666,640
trim,r03-coverage-N800-c30-s403,369706560ca1f37da563c928b2319aa7237c04859fd884db66bd19abf7ed024e,800,0.3,403,0.2,literal_trim,True,1.0,bounded-support-contamination-mixture,10,0.01,0.014,0.014,,,,,,0.08449144335958035,640
trim,r03-coverage-N800-c30-s403,369706560ca1f37da563c928b2319aa7237c04859fd884db66bd19abf7ed024e,800,0.3,403,0.25,alpha_excess,True,1.0,bounded-support-contamination-mixture,10,0.01,0.014,0.014,,,,,,0.023147604334896026,600
trim,r03-coverage-N800-c30-s403,369706560ca1f37da563c928b2319aa7237c04859fd884db66bd19abf7ed024e,800,0.3,403,0.25,literal_trim,True,1.0,bounded-support-contamination-mixture,10,0.01,0.014,0.014,,,,,,0.040836578436461345,600
trim,r03-coverage-N800-c30-s403,369706560ca1f37da563c928b2319aa7237c04859fd884db66bd19abf7ed024e,800,0.3,403,0.3,alpha_excess,True,1.0,bounded-support-contamination-mixture,10,0.01,0.014,0.014,,,,,,0.0,560
trim,r03-coverage-N800-c30-s403,369706560ca1f37da563c928b2319aa7237c04859fd884db66bd19abf7ed024e,800,0.3,403,0.3,literal_trim,True,1.0,bounded-support-contamination-mixture,10,0.01,0.014,0.014,,,,,,0.008198562243567168,560
trim,r03-coverage-N800-c30-s404,86ed824af85d3a9e2adfc7a82bb860bc20b0857f469eb8193310a3c36ef12496,800,0.3,404,0.0,alpha_excess,True,1.0,bounded-support-contamination-mixture,10,0.01,0.014,0.014,,,,,,0.2443755012170652,800
trim,r03-coverage-N800-c30-s404,86ed824af85d3a9e2adfc7a82bb860bc20b0857f469eb8193310a3c36ef12496,800,0.3,404,0.0,literal_trim,True,1.0,bounded-support-contamination-mixture,10,0.01,0.014,0.014,,,,,,0.2443755012170652,800
trim,r03-coverage-N800-c30-s404,86ed824af85d3a9e2adfc7a82bb860bc20b0857f469eb8193310a3c36ef12496,800,0.3,404,0.05,alpha_excess,True,1.0,bounded-support-contamination-mixture,10,0.01,0.014,0.014,,,,,,0.19604496539660726,760
trim,r03-coverage-N800-c30-s404,86ed824af85d3a9e2adfc7a82bb860bc20b0857f469eb8193310a3c36ef12496,800,0.3,404,0.05,literal_trim,True,1.0,bounded-support-contamination-mixture,10,0.01,0.014,0.014,,,,,,0.21120102753285974,760
trim,r03-coverage-N800-c30-s404,86ed824af85d3a9e2adfc7a82bb860bc20b0857f469eb8193310a3c36ef12496,800,0.3,404,0.1,alpha_excess,True,1.0,bounded-support-contamination-mixture,10,0.01,0.014,0.014,,,,,,0.1504760842825064,720
trim,r03-coverage-N800-c30-s404,86ed824af85d3a9e2adfc7a82bb860bc20b0857f469eb8193310a3c36ef12496,800,0.3,404,0.1,literal_trim,True,1.0,bounded-support-contamination-mixture,10,0.01,0.014,0.014,,,,,,0.17631730215289637,720
trim,r03-coverage-N800-c30-s404,86ed824af85d3a9e2adfc7a82bb860bc20b0857f469eb8193310a3c36ef12496,800,0.3,404,0.15,alpha_excess,True,1.0,bounded-support-contamination-mixture,10,0.01,0.014,0.014,,,,,,0.10749468619429868,680
trim,r03-coverage-N800-c30-s404,86ed824af85d3a9e2adfc7a82bb860bc20b0857f469eb8193310a3c36ef12496,800,0.3,404,0.15,literal_trim,True,1.0,bounded-support-contamination-mixture,10,0.01,0.014,0.014,,,,,,0.13927961755153678,680
trim,r03-coverage-N800-c30-s404,86ed824af85d3a9e2adfc7a82bb860bc20b0857f469eb8193310a3c36ef12496,800,0.3,404,0.2,alpha_excess,True,1.0,bounded-support-contamination-mixture,10,0.01,0.014,0.014,,,,,,0.06756310675405827,640
trim,r03-coverage-N800-c30-s404,86ed824af85d3a9e2adfc7a82bb860bc20b0857f469eb8193310a3c36ef12496,800,0.3,404,0.2,literal_trim,True,1.0,bounded-support-contamination-mixture,10,0.01,0.014,0.014,,,,,,0.09977553801737443,640
trim,r03-coverage-N800-c30-s404,86ed824af85d3a9e2adfc7a82bb860bc20b0857f469eb8193310a3c36ef12496,800,0.3,404,0.25,alpha_excess,True,1.0,bounded-support-contamination-mixture,10,0.01,0.014,0.014,,,,,,0.03166317277501909,600
trim,r03-coverage-N800-c30-s404,86ed824af85d3a9e2adfc7a82bb860bc20b0857f469eb8193310a3c36ef12496,800,0.3,404,0.25,literal_trim,True,1.0,bounded-support-contamination-mixture,10,0.01,0.014,0.014,,,,,,0.05731231856474072,600
trim,r03-coverage-N800-c30-s404,86ed824af85d3a9e2adfc7a82bb860bc20b0857f469eb8193310a3c36ef12496,800,0.3,404,0.3,alpha_excess,True,1.0,bounded-support-contamination-mixture,10,0.01,0.014,0.014,,,,,,0.0016219600457047921,560
trim,r03-coverage-N800-c30-s404,86ed824af85d3a9e2adfc7a82bb860bc20b0857f469eb8193310a3c36ef12496,800,0.3,404,0.3,literal_trim,True,1.0,bounded-support-contamination-mixture,10,0.01,0.014,0.014,,,,,,0.01158739206675209,560
trim,r03-coverage-N800-c30-s405,088472ee6edc628ba6630dc268bd39703651c7f6c08dbb2167b52752013e85e5,800,0.3,405,0.0,alpha_excess,True,1.0,bounded-support-contamination-mixture,10,0.01,0.014,0.014,,,,,,0.2344469722226889,800
trim,r03-coverage-N800-c30-s405,088472ee6edc628ba6630dc268bd39703651c7f6c08dbb2167b52752013e85e5,800,0.3,405,0.0,literal_trim,True,1.0,bounded-support-contamination-mixture,10,0.01,0.014,0.014,,,,,,0.2344469722226889,800
trim,r03-coverage-N800-c30-s405,088472ee6edc628ba6630dc268bd39703651c7f6c08dbb2167b52752013e85e5,800,0.3,405,0.05,alpha_excess,True,1.0,bounded-support-contamination-mixture,10,0.01,0.014,0.014,,,,,,0.18583837700105527,760
trim,r03-coverage-N800-c30-s405,088472ee6edc628ba6630dc268bd39703651c7f6c08dbb2167b52752013e85e5,800,0.3,405,0.05,literal_trim,True,1.0,bounded-support-contamination-mixture,10,0.01,0.014,0.014,,,,,,0.2010000643279719,760
trim,r03-coverage-N800-c30-s405,088472ee6edc628ba6630dc268bd39703651c7f6c08dbb2167b52752013e85e5,800,0.3,405,0.1,alpha_excess,True,1.0,bounded-support-contamination-mixture,10,0.01,0.014,0.014,,,,,,0.14049389578609625,720
trim,r03-coverage-N800-c30-s405,088472ee6edc628ba6630dc268bd39703651c7f6c08dbb2167b52752013e85e5,800,0.3,405,0.1,literal_trim,True,1.0,bounded-support-contamination-mixture,10,0.01,0.014,0.014,,,,,,0.16552711111530538,720
trim,r03-coverage-N800-c30-s405,088472ee6edc628ba6630dc268bd39703651c7f6c08dbb2167b52752013e85e5,800,0.3,405,0.15,alpha_excess,True,1.0,bounded-support-contamination-mixture,10,0.01,0.014,0.014,,,,,,0.09819191057228283,680
trim,r03-coverage-N800-c30-s405,088472ee6edc628ba6630dc268bd39703651c7f6c08dbb2167b52752013e85e5,800,0.3,405,0.15,literal_trim,True,1.0,bounded-support-contamination-mixture,10,0.01,0.014,0.014,,,,,,0.12773234003095826,680
trim,r03-coverage-N800-c30-s405,088472ee6edc628ba6630dc268bd39703651c7f6c08dbb2167b52752013e85e5,800,0.3,405,0.2,alpha_excess,True,1.0,bounded-support-contamination-mixture,10,0.01,0.014,0.014,,,,,,0.059762255806866324,640
trim,r03-coverage-N800-c30-s405,088472ee6edc628ba6630dc268bd39703651c7f6c08dbb2167b52752013e85e5,800,0.3,405,0.2,literal_trim,True,1.0,bounded-support-contamination-mixture,10,0.01,0.014,0.014,,,,,,0.08753822612608708,640
trim,r03-coverage-N800-c30-s405,088472ee6edc628ba6630dc268bd39703651c7f6c08dbb2167b52752013e85e5,800,0.3,405,0.25,alpha_excess,True,1.0,bounded-support-contamination-mixture,10,0.01,0.014,0.014,,,,,,0.026133448050585505,600
trim,r03-coverage-N800-c30-s405,088472ee6edc628ba6630dc268bd39703651c7f6c08dbb2167b52752013e85e5,800,0.3,405,0.25,literal_trim,True,1.0,bounded-support-contamination-mixture,10,0.01,0.014,0.014,,,,,,0.044232421838996644,600
trim,r03-coverage-N800-c30-s405,088472ee6edc628ba6630dc268bd39703651c7f6c08dbb2167b52752013e85e5,800,0.3,405,0.3,alpha_excess,True,1.0,bounded-support-contamination-mixture,10,0.01,0.014,0.014,,,,,,2.4180223741981386e-05,560
trim,r03-coverage-N800-c30-s405,088472ee6edc628ba6630dc268bd39703651c7f6c08dbb2167b52752013e85e5,800,0.3,405,0.3,literal_trim,True,1.0,bounded-support-contamination-mixture,10,0.01,0.014,0.014,,,,,,0.004241246983130739,560
