t,timestamp,feature_available_at,label_start,label_end,label_complete,y,ret,regime,edge_segment,latent_signal,ambiguous,f_mom,f_ma5,f_sd5,f_ma10,f_sd10,f_ma20,f_sd20,f_ma40,f_sd40,f_ma80,f_sd80,f_ma120,f_sd120,f_leak3
0,2015-01-01T00:00:00,0,1,6,1,0.8347535773,-0.6727177839,0,0,0.09298953306,0,-0.6727177839,nan,nan,nan,nan,nan,nan,nan,nan,nan,nan,nan,nan,0.7845889594
1,2015-01-01T00:01:00,1,2,7,1,0.5546757078,-0.7224745431,0,0,-0.192826847,0,-0.7224745431,nan,nan,nan,nan,nan,nan,nan,nan,nan,nan,nan,nan,1.03603591
2,2015-01-01T00:02:00,2,3,8,1,0.2402913963,0.3106797906,0,0,-0.1224511838,0,0.3106797906,nan,nan,nan,nan,nan,nan,nan,nan,nan,nan,nan,nan,0.381545191
3,2015-01-01T00:03:00,3,4,9,1,-0.7414297065,1.196383712,0,0,-0.9156131216,0,1.196383712,nan,nan,nan,nan,nan,nan,nan,nan,nan,nan,nan,nan,0.05016461792
4,2015-01-01T00:04:00,4,5,10,1,-1.248467353,-0.4710275924,0,0,-1.646795143,0,-0.4710275924,-0.07183128339,0.7381384143,nan,nan,nan,nan,nan,nan,nan,nan,nan,nan,-0.4813602023
5,2015-01-01T00:05:00,5,6,11,1,-0.2072890195,-0.3438109285,0,0,-2.07774934,0,-0.3438109285,-0.006049912298,0.6913607352,nan,nan,nan,nan,nan,nan,nan,nan,nan,nan,-0.1412537947
6,2015-01-01T01:00:00,6,7,12,1,-0.6793883423,0.8650031388,0,0,-2.204025823,0,0.8650031388,0.3114456241,0.7233476752,nan,nan,nan,nan,nan,nan,nan,nan,nan,nan,-0.7915943244
7,2015-01-01T01:01:00,7,8,13,1,0.4683007479,-1.002552413,0,0,-2.289160588,0,-1.002552413,0.04879918344,0.8396128517,nan,nan,nan,nan,nan,nan,nan,nan,nan,nan,-0.7671071512
8,2015-01-01T01:02:00,8,9,14,1,0.9109593908,-0.003704520923,0,0,-2.246863532,0,-0.003704520923,-0.1912184631,0.6470592618,nan,nan,nan,nan,nan,nan,nan,nan,nan,nan,-0.06603522472
9,2015-01-01T01:03:00,9,10,15,1,2.130085638,0.2146626092,0,0,-2.094728523,0,0.2146626092,-0.05408042281,0.6192966146,-0.0629558531,0.6813136633,nan,nan,nan,nan,nan,nan,nan,nan,0.1122059821
10,2015-01-01T01:04:00,10,11,16,1,5.072650854,-0.9780652395,0,0,-2.251207938,0,-0.9780652395,-0.180931285,0.7424347974,-0.09349059865,0.7173524568,nan,nan,nan,nan,nan,nan,nan,nan,1.235407899
11,2015-01-01T01:05:00,11,12,17,1,5.381115488,0.6973674056,0,0,-2.014824457,0,0.6973674056,-0.2144584317,0.7062772841,0.04849359621,0.7148634349,nan,nan,nan,nan,nan,nan,nan,nan,0.9769946155
12,2015-01-01T02:00:00,12,13,18,1,4.218940795,0.392903816,0,0,-1.549758512,0,0.392903816,0.06463281408,0.5733062147,0.05671599876,0.7188983783,nan,nan,nan,nan,nan,nan,nan,nan,2.017879656
13,2015-01-01T02:01:00,13,14,19,1,5.054142573,0.1451366776,0,0,-1.268748919,0,0.1451366776,0.09440105377,0.5769663787,-0.04840870468,0.6130154526,nan,nan,nan,nan,nan,nan,nan,nan,3.837242954
14,2015-01-01T02:02:00,14,15,20,1,3.681350947,0.438954122,0,0,-0.7546774792,0,0.438954122,0.1392593563,0.6018391307,0.04258946676,0.6106302629,nan,nan,nan,nan,nan,nan,nan,nan,4.404120873
15,2015-01-01T02:03:00,15,16,21,1,2.680019452,1.433788856,0,0,0.1151229981,0,1.433788856,0.6216301755,0.7629142243,0.2203494452,0.7527441604,nan,nan,nan,nan,nan,nan,nan,nan,2.201061139
16,2015-01-01T02:04:00,16,17,22,1,0.1434289153,1.964499976,0,0,-0.1570812582,0,1.964499976,0.8750566896,1.120993258,0.330299129,0.9368707187,nan,nan,nan,nan,nan,nan,nan,nan,1.216899618
17,2015-01-01T02:05:00,17,18,23,1,0.4305768114,1.00583204,0,0,0.555183867,0,1.00583204,0.9976423344,1.19502754,0.5311375743,0.9372221823,nan,nan,nan,nan,nan,nan,nan,nan,-0.7227699259
18,2015-01-01T03:00:00,18,19,24,1,2.330327233,-0.7692708768,0,0,0.05444111441,0,-0.7692708768,0.8147608236,1.241866912,0.4545809387,0.968277757,nan,nan,nan,nan,nan,nan,nan,nan,0.478958313
19,2015-01-01T03:01:00,19,20,25,1,2.267244549,0.980338455,0,0,0.03161425245,0,0.980338455,0.9230376902,1.302271086,0.5311485232,1.014426025,0.2340963351,0.8640742062,nan,nan,nan,nan,nan,nan,-1.073470703
20,2015-01-01T03:02:00,20,21,26,1,4.095297974,-0.9338375041,0,0,0.470508022,0,-0.9338375041,0.4495124181,1.20796125,0.5355712968,1.010249596,0.2210403491,0.8761275005,nan,nan,nan,nan,nan,nan,1.153346737
21,2015-01-01T03:03:00,21,22,27,1,4.21302243,0.4324573621,0,0,1.018378055,0,0.4324573621,0.1431038953,0.8513061865,0.5090802924,0.9953261044,0.2787869443,0.8665171045,nan,nan,nan,nan,nan,nan,1.85136892
22,2015-01-01T03:04:00,22,23,28,1,6.40782192,-0.572090561,0,0,1.221478845,0,-0.572090561,-0.172480625,0.7667073278,0.4125808547,1.003974837,0.2346484267,0.8731495727,nan,nan,nan,nan,nan,nan,3.340715253
23,2015-01-01T03:05:00,23,24,29,1,5.97563292,1.292979936,0,0,1.413355025,0,1.292979936,0.2399695376,0.8965734846,0.5273651806,1.083069121,0.239478238,0.8800075754,nan,nan,nan,nan,nan,nan,2.941951236
24,2015-01-01T04:00:00,24,25,30,1,4.641597923,1.130479545,0,0,1.850184243,0,1.130479545,0.2699977556,0.9312508342,0.5965177229,1.132064065,0.3195535948,0.909515906,nan,nan,nan,nan,nan,nan,2.36165351
25,2015-01-01T04:01:00,25,26,31,1,2.381054555,0.9172557713,0,0,1.715793761,0,0.9172557713,0.6402164107,0.9279489476,0.5448644144,1.077093225,0.3826069298,0.9291807106,nan,nan,nan,nan,nan,nan,3.067106667
26,2015-01-01T04:02:00,26,27,32,1,0.578556853,0.8942159201,0,0,1.851567977,0,0.8942159201,0.7325681223,0.991771041,0.4378360088,0.9242110205,0.3840675689,0.9305623982,nan,nan,nan,nan,nan,nan,3.033681684
27,2015-01-01T04:03:00,27,28,33,1,-0.3977689326,0.5501818187,0,0,1.379322984,0,0.5501818187,0.9570225983,0.9892887761,0.3922709866,0.8850232791,0.4617042805,0.9114964683,nan,nan,nan,nan,nan,nan,2.279944413
28,2015-01-01T04:04:00,28,29,34,1,-3.161301763,1.622708928,0,0,0.5855834899,0,1.622708928,1.022968397,1.08211354,0.6314689672,0.9936834823,0.5430249529,0.9810628618,nan,nan,nan,nan,nan,nan,-0.6860521117
29,2015-01-01T04:05:00,29,30,35,1,-4.225495861,0.8607909367,0,0,-0.3843813029,0,0.8607909367,0.969030675,1.031292936,0.6195142153,0.9825459877,0.5753313693,0.9986132329,nan,nan,nan,nan,nan,nan,-2.455124831
30,2015-01-01T05:00:00,30,31,36,1,-2.739277777,-0.2035554524,0,0,0.3142922228,0,-0.2035554524,0.7448684303,0.9505684899,0.6925424205,0.9393268077,0.6140568586,0.9754330061,nan,nan,nan,nan,nan,nan,-2.677713345
31,2015-01-01T05:01:00,31,32,37,1,-2.715499707,-1.343287596,0,0,0.5754943514,0,-1.343287596,0.2973677271,1.050971144,0.5149679247,1.021799917,0.5120241086,1.008649871,nan,nan,nan,nan,nan,nan,-2.475249651
32,2015-01-01T05:02:00,32,33,38,1,-1.961708185,-0.9082817822,0,0,0.299235381,0,-0.9082817822,0.005675006869,1.099543313,0.4813488026,1.04586992,0.4469648287,1.025136421,nan,nan,nan,nan,nan,nan,-1.77037103
33,2015-01-01T05:03:00,33,34,39,1,-1.839508582,-0.426143967,0,0,0.0005836528282,0,-0.426143967,-0.4040955722,0.8477490078,0.3094364122,0.9720205998,0.4184007964,1.029043917,nan,nan,nan,nan,nan,nan,-0.06156443214
34,2015-01-01T05:04:00,34,35,40,1,-2.252492001,-1.140823902,0,0,-0.2395908011,0,-1.140823902,-0.8044185399,0.9114724394,0.08230606757,0.9732284232,0.3394118952,1.055637867,nan,nan,nan,nan,nan,nan,-0.2402500558
35,2015-01-01T05:05:00,35,36,41,1,-2.955208556,-0.2034031615,0,0,-0.7284936907,0,-0.2034031615,-0.8043880817,0.9114656398,-0.02975982571,0.9312223329,0.2575522943,1.006803071,nan,nan,nan,nan,nan,nan,-0.1913371546
36,2015-01-01T06:00:00,36,37,42,1,-4.099244146,1.282662631,0,0,-1.032077776,0,1.282662631,-0.2791980363,0.893828834,0.009084845393,0.9755691491,0.2234604271,0.9502371218,nan,nan,nan,nan,nan,nan,-1.77794415
37,2015-01-01T06:01:00,37,38,43,1,-2.974259267,-1.319509525,0,0,-1.117949515,0,-1.319509525,-0.3614435849,0.9910377909,-0.177884289,1.046697521,0.1071933488,0.9692373044,nan,nan,nan,nan,nan,nan,-2.012241945
38,2015-01-01T06:02:00,38,39,44,1,-4.984551053,-0.1544902603,0,0,-0.5571651857,0,-0.1544902603,-0.3071128436,0.9749921102,-0.3556042079,0.9135885275,0.1379323796,0.9544765216,nan,nan,nan,nan,nan,nan,-2.763871401
39,2015-01-01T06:03:00,39,40,45,1,-4.935764881,-0.3039443642,0,0,-0.3649945169,0,-0.3039443642,-0.1397369361,0.8418967961,-0.472077738,0.877374556,0.07371823868,0.9314458464,0.1539072869,0.8983917849,nan,nan,nan,nan,-2.321299996
40,2015-01-01T06:04:00,40,41,46,1,-4.21952372,-1.553807321,0,0,-0.9988100655,0,-1.553807321,-0.4098177679,1.087832287,-0.6071029248,1.00353094,0.04271974784,0.9719591555,0.1318800485,0.9252848203,nan,nan,nan,nan,-0.9620173212
41,2015-01-01T06:05:00,41,42,47,1,-3.070160338,-0.9061197161,0,0,-0.4037058955,0,-0.9061197161,-0.8475742374,1.009229898,-0.5633861368,0.9532772345,-0.02420910607,0.9881327231,0.1272889191,0.9293164614,nan,nan,nan,nan,-2.220679652
42,2015-01-01T07:00:00,42,43,48,1,-3.391212399,0.1386270411,0,0,0.0102183368,0,0.1386270411,-0.5559469241,0.8210769762,-0.4586952545,0.910033874,0.01132677403,0.9803074879,0.1229876004,0.9282760762,nan,nan,nan,nan,-2.614464885
43,2015-01-01T07:01:00,43,44,49,1,-1.696005013,-0.1945246462,0,0,0.08051971637,0,-0.1945246462,-0.5639538013,0.8227769566,-0.4355333224,0.9021007525,-0.06304845509,0.937712593,0.08821489144,0.9093179421,nan,nan,nan,nan,-3.257506399
44,2015-01-01T07:02:00,44,45,50,1,0.614003457,-2.164782047,0,0,0.09714370676,0,-2.164782047,-0.9361213378,1.26322672,-0.537929137,1.073436529,-0.2278115347,1.02455833,0.04587103007,0.9687463434,nan,nan,nan,nan,-0.8494806857
45,2015-01-01T07:03:00,45,46,51,1,1.302135646,-0.2551581913,0,0,0.2985237086,0,-0.2551581913,-0.6763915119,1.061084092,-0.5431046399,1.074541422,-0.2864322328,1.005438785,0.0480873485,0.9680609338,nan,nan,nan,nan,-0.7767475148
46,2015-01-01T07:04:00,46,47,52,1,1.513875115,-0.8375661606,0,0,0.3364020712,0,-0.8375661606,-0.6626808008,1.049758199,-0.7551275191,1.029693465,-0.3730213369,1.00299646,0.005523116014,0.9674575637,nan,nan,nan,nan,1.561501386
47,2015-01-01T07:05:00,47,48,53,1,1.942687004,0.2432436662,0,0,-0.01521470032,0,0.2432436662,-0.6417574758,1.053556966,-0.5988521999,0.9444971366,-0.3883682445,0.9969078546,0.03666801798,0.9551573384,nan,nan,nan,nan,1.463484143
48,2015-01-01T08:00:00,48,49,54,1,2.917086619,-0.1824250204,0,0,0.784283586,0,-0.1824250204,-0.6393375507,1.053123968,-0.601645676,0.9449952412,-0.4786249419,0.9294245541,0.0322000055,0.9555925755,nan,nan,nan,nan,2.078883161
49,2015-01-01T08:01:00,49,50,55,1,1.476551688,1.50068274,0,0,1.095326489,0,1.50068274,0.09375540682,0.7888114898,-0.4211829655,1.053082455,-0.4466303517,0.9692184399,0.06435050877,0.9840256026,nan,nan,nan,nan,-0.04762627115
50,2015-01-01T08:02:00,50,51,56,1,0.3626357872,0.1452264229,0,0,1.159845144,0,0.1452264229,0.1738323297,0.7832117011,-0.2512795911,0.9325556333,-0.429191258,0.9686935422,0.09243280033,0.9720691149,nan,nan,nan,nan,0.4792028615
51,2015-01-01T08:03:00,51,52,57,1,-0.5962762754,0.4329739976,0,0,0.700740086,0,0.4329739976,0.4279403613,0.7145701159,-0.1173702198,0.8979428509,-0.3403781783,0.9260234471,0.08582296513,0.9682184638,nan,nan,nan,nan,0.8382034586
52,2015-01-01T08:04:00,52,53,58,1,0.5216027804,-0.6258266917,0,0,0.1628032953,0,-0.6258266917,0.2541262897,0.7596767496,-0.193815593,0.9184473434,-0.3262554238,0.914250287,0.06035470244,0.9712770638,nan,nan,nan,nan,1.524177959
53,2015-01-01T08:05:00,53,54,59,1,0.9176808434,0.6720555556,0,0,0.5511670718,0,0.6720555556,0.4250224049,0.8128866589,-0.1071575729,0.9407058019,-0.2713454476,0.9216054398,0.07352767439,0.9768029407,nan,nan,nan,nan,-0.1165670743
54,2015-01-01T09:00:00,54,55,60,1,0.7046161482,0.7919745947,0,0,0.6352709599,0,0.7919745947,0.2832807758,0.5794995553,0.1885180913,0.6921138999,-0.1747055228,0.9031300105,0.08235318621,0.9823479836,nan,nan,nan,nan,-1.434479734
55,2015-01-01T09:01:00,55,56,61,1,-0.3702814122,0.06014780864,0,0,0.8022171911,0,0.06014780864,0.266265053,0.5764764901,0.2200486913,0.6876575137,-0.1615279743,0.9020842874,0.04801216002,0.9558787804,nan,nan,nan,nan,-1.002575178
56,2015-01-01T09:02:00,56,57,62,1,-0.5921811139,-0.9686894777,0,0,0.2866429614,0,-0.9686894777,-0.01406764209,0.6946248685,0.2069363596,0.7046680631,-0.2740955797,0.8822770854,-0.02531757633,0.9168869731,nan,nan,nan,nan,1.034247918
57,2015-01-01T09:03:00,57,58,63,1,0.9784917067,-0.525938065,0,0,0.2850073752,0,-0.525938065,0.005910083257,0.6778599176,0.1300181865,0.7199315356,-0.2344170067,0.8397548026,-0.06361182896,0.9068100906,nan,nan,nan,nan,2.139095882
58,2015-01-01T09:04:00,58,59,64,1,1.487480563,0.4920523641,0,0,-0.2565081974,0,0.4920523641,-0.03009055503,0.6462085111,0.197465925,0.7342922307,-0.2020898755,0.8462272407,-0.03207874793,0.901977265,nan,nan,nan,nan,0.6322937663
59,2015-01-01T09:05:00,59,60,65,1,0.4524965634,1.068133619,0,0,-0.4039212083,0,1.068133619,0.02514124973,0.7213338849,0.1542110128,0.6542714681,-0.1334859764,0.8766566634,-0.02988386884,0.9044662156,nan,nan,nan,nan,-1.626429032
60,2015-01-01T10:00:00,60,61,66,1,-0.5493191014,0.5789098995,0,0,-0.3779182275,0,0.5789098995,0.1288936679,0.7659153713,0.1975793604,0.6778464058,-0.02685011535,0.8152103284,0.007934816246,0.8970151837,nan,nan,nan,nan,-1.160604175
61,2015-01-01T10:01:00,61,62,67,1,-1.078330644,-1.014749752,0,0,0.2573301714,0,-1.014749752,0.1196816131,0.7777518286,0.0528069855,0.7373607037,-0.03228161713,0.8215844968,-0.0282453616,0.9086823879,nan,nan,nan,nan,0.8551867969
62,2015-01-01T10:02:00,62,63,68,1,0.6740518667,-1.190589179,0,0,-0.07540244376,0,-1.190589179,-0.01324860978,0.9127301113,-0.003669263264,0.803918629,-0.09874242815,0.8630847828,-0.04370782706,0.9235578253,nan,nan,nan,nan,2.078925595
63,2015-01-01T10:03:00,63,64,69,1,-0.7098664198,1.044734756,0,0,-0.5407490798,0,1.044734756,0.09728786852,1.001472562,0.03359865675,0.8427730216,-0.03677945806,0.893082799,-0.04991395657,0.9156696437,nan,nan,nan,nan,0.611285074
64,2015-01-01T10:04:00,64,65,70,1,-2.249044762,1.001041221,0,0,-0.2396152887,0,1.001041221,0.08386938893,0.9875130945,0.05450531933,0.8647267445,0.1215117053,0.7831902684,-0.05314991468,0.9118954899,nan,nan,nan,nan,-1.933517441
65,2015-01-01T10:05:00,65,66,71,1,-4.708993675,0.0331496188,0,0,0.1082044036,0,0.0331496188,-0.02528266721,0.953086857,0.05180550035,0.8645810873,0.1359270958,0.7811444529,-0.0752525685,0.9003037839,nan,nan,nan,nan,-1.404873728
66,2015-01-01T11:00:00,66,67,72,1,-3.857618407,-0.4229057653,0,0,-0.538061376,0,-0.4229057653,0.09308613008,0.8591862443,0.1063838716,0.8194812107,0.1566601156,0.7642337777,-0.1081806106,0.8916431924,nan,nan,nan,nan,-1.321151494
67,2015-01-01T11:01:00,67,68,73,1,-2.307988919,-1.543761294,0,0,-0.2231199457,0,-1.543761294,0.0224517071,0.9650597237,0.004601548656,0.9392594228,0.06730986758,0.8368123084,-0.1605291885,0.9203477903,nan,nan,nan,nan,-0.3155273212
68,2015-01-01T11:02:00,68,69,74,1,-4.126366787,0.5617933312,0,0,0.2825795983,0,0.5617933312,-0.0741365778,0.8810042439,0.01157564536,0.9431637636,0.1045207852,0.8452049944,-0.1870520784,0.8883134256,nan,nan,nan,nan,-3.304119946
69,2015-01-01T11:03:00,69,70,75,1,-3.098372441,-0.3391835307,0,0,0.1236229501,0,-0.3391835307,-0.3421815281,0.7737963985,-0.1291560696,0.8871141353,0.01252747161,0.7794365411,-0.2170514401,0.8794616836,nan,nan,nan,nan,-2.536466913
70,2015-01-01T11:04:00,70,71,76,1,-3.422667505,-0.5381371217,0,0,0.197661424,0,-0.5381371217,-0.4564388762,0.810221821,-0.2408607717,0.8845433726,-0.02164070562,0.7880015,-0.2254159818,0.8829817503,nan,nan,nan,nan,-1.992461597
71,2015-01-01T11:05:00,71,72,77,1,-0.461944639,-2.426799294,0,0,0.543549179,0,-2.426799294,-0.8572175818,1.341104211,-0.3820657259,1.126224113,-0.1646293702,0.9518617444,-0.2525037742,0.9390314705,nan,nan,nan,nan,-0.8222468411
72,2015-01-01T12:00:00,72,73,78,1,0.4701700806,0.4284695025,0,0,0.7926722316,0,0.4284695025,-0.4627714225,1.165606255,-0.2201598577,1.070041637,-0.1119145605,0.9463810722,-0.2190849921,0.9304543839,nan,nan,nan,nan,-0.5619055279
73,2015-01-01T12:01:00,73,74,79,1,-0.2661041541,0.005868193854,0,0,0.6805813793,0,0.005868193854,-0.57395645,1.138210208,-0.3240465139,1.017764942,-0.1452239286,0.9343746155,-0.2082846881,0.9280119904,nan,nan,nan,nan,-1.430205908
74,2015-01-01T12:02:00,74,75,80,1,0.3554120578,-1.256584537,0,0,0.5022096869,0,-1.256584537,-0.7574366513,1.26028343,-0.5498090897,1.045723479,-0.2476518852,0.9595024591,-0.211178704,0.9317426643,nan,nan,nan,nan,0.3603022021
75,2015-01-01T12:03:00,75,76,81,1,-0.05604456393,0.6888108157,0,0,0.5712431443,0,0.6888108157,-0.5120470638,1.274867868,-0.48424297,1.068116913,-0.2162187348,0.9716929032,-0.1888733546,0.9375348419,nan,nan,nan,nan,1.032075609
76,2015-01-01T12:04:00,76,77,82,1,1.389962576,-0.8624321859,0,0,0.7516344251,0,-0.8624321859,-0.1991736423,0.7721236773,-0.5281956121,1.094242998,-0.2109058702,0.9666739868,-0.242500725,0.9254381266,nan,nan,nan,nan,1.164101754
77,2015-01-01T12:05:00,77,78,83,1,0.4331543935,0.5339235723,0,0,0.5771023353,0,0.5339235723,-0.1780828283,0.7851577079,-0.3204271254,0.9937581615,-0.1579127884,0.9668928448,-0.1961648975,0.905557812,nan,nan,nan,nan,-0.004890144239
78,2015-01-01T13:00:00,78,79,84,1,-1.301360886,1.360584222,0,0,0.2005607951,0,1.360584222,0.09286037736,0.9933295648,-0.2405480363,1.068228932,-0.1144861955,1.00763856,-0.1582880355,0.930439684,nan,nan,nan,nan,-1.088120172
79,2015-01-01T13:01:00,79,80,85,1,0.5650657935,-0.7304060408,0,0,0.4416556533,0,-0.7304060408,0.1980960767,0.8818170339,-0.2796702873,1.087638636,-0.2044131784,0.9924538508,-0.1689495774,0.9363470381,-0.007521145262,0.9175656857,nan,nan,0.2258608222
80,2015-01-01T13:02:00,80,81,86,1,1.006087123,-0.6350683256,0,0,0.7366581107,0,-0.6350683256,-0.06667975157,0.8737113762,-0.2893634077,1.092853981,-0.2651120897,0.9941697045,-0.1459811025,0.9091043067,-0.007050527033,0.9172302435,nan,nan,0.4380445378
81,2015-01-01T13:03:00,81,82,87,1,0.9562036604,0.2773541939,0,0,1.077359955,0,0.2773541939,0.1612775244,0.7937246271,-0.01894805893,0.7829986452,-0.2005068924,0.9699143343,-0.1163942548,0.8988144695,0.00544733218,0.9141926865,nan,nan,-0.2132407131
82,2015-01-01T13:04:00,82,83,88,1,0.4394904395,0.5835749539,0,0,0.7988269399,0,0.5835749539,0.1712078007,0.8006846151,-0.003437513799,0.7929591664,-0.1117986857,0.9417466074,-0.1052705569,0.9032723883,0.008858521721,0.9158595637,nan,nan,0.3392049713
83,2015-01-01T13:05:00,83,84,89,1,0.2688128912,-0.42288461,0,0,1.383887935,0,-0.42288461,-0.1854859657,0.5537366218,-0.04631279419,0.8041541739,-0.185179654,0.9171993822,-0.110979556,0.9052214073,-0.0113823323,0.9072719868,nan,nan,0.5680425852
84,2015-01-01T14:00:00,84,85,90,1,0.429091526,-0.3739310569,0,0,2.245429957,0,-0.3739310569,-0.1141909689,0.4773788187,0.04195255387,0.7090457735,-0.2539282679,0.893387795,-0.06620828129,0.8400978362,-0.01016862561,0.9067066373,nan,nan,1.169444373
85,2015-01-01T14:01:00,85,86,91,1,-0.6073463688,1.136020638,0,0,1.697205392,0,1.136020638,0.2400268238,0.6366606309,0.08667353612,0.7644306142,-0.1987847169,0.9287701287,-0.03142881055,0.8581376953,0.008329268974,0.9147519543,nan,nan,0.1002854683
86,2015-01-01T14:02:00,86,87,92,1,-0.8291838146,-0.194046996,0,0,1.654463877,0,-0.194046996,0.1457465858,0.6304621611,0.1535120551,0.716757044,-0.1873417785,0.9249617286,-0.01534083144,0.8484124782,-0.004908857712,0.909884023,nan,nan,-0.299229694
87,2015-01-01T14:03:00,87,88,93,1,-0.9674407071,0.2274707313,0,0,1.741130674,0,0.2274707313,0.0745257413,0.5828543368,0.122866771,0.7002910219,-0.0987801772,0.8596402733,-0.01573515481,0.8483030823,0.01046643159,0.9033115909,nan,nan,-0.7403528474
88,2015-01-01T14:04:00,88,89,94,1,-1.537069635,0.06686173301,0,0,0.7175100066,0,0.06686173301,0.1724750099,0.5521295115,-0.00650547791,0.5529336505,-0.1235267571,0.8505435536,-0.009502985975,0.8478784757,0.01134850976,0.9033424267,nan,nan,-0.7076318371
89,2015-01-01T14:05:00,89,90,95,1,-1.879227345,-0.5935621583,0,0,0.4741065494,0,-0.5935621583,0.1285487896,0.5893600916,0.007178910341,0.536300221,-0.1362456885,0.8574892798,-0.06185910844,0.8193928199,0.001245700167,0.905458718,nan,nan,-0.5299541206
90,2015-01-01T15:00:00,90,91,96,1,-0.7109404638,-0.2136524221,0,0,-0.09581185159,0,-0.2136524221,-0.1413858224,0.3136338805,0.04932050069,0.5018480696,-0.1200214535,0.850347373,-0.07083107956,0.8197673508,0.01080086038,0.8991487289,nan,nan,-0.2270878596
91,2015-01-01T15:01:00,91,92,97,1,-2.147839698,0.09958274341,0,0,-0.3186158016,0,0.09958274341,-0.08265987455,0.304661629,0.03154335563,0.495126875,0.006297648351,0.6550715612,-0.07916586092,0.8170555461,0.003328552107,0.8958311111,nan,nan,-0.8294377984
92,2015-01-01T15:02:00,92,93,98,1,-0.7128760677,-0.4158844418,0,0,-0.8687597382,0,-0.4158844418,-0.2113309092,0.3421433841,-0.06840258394,0.4779023295,-0.03592004887,0.6546658981,-0.07391730467,0.8137028241,-0.006781301116,0.895960775,nan,nan,-1.349273225
93,2015-01-01T15:03:00,93,94,99,1,0.7064687906,0.0892138388,0,0,-1.028836367,0,0.0892138388,-0.206860488,0.3431615054,-0.01719273906,0.4596775045,-0.03175276662,0.654968451,-0.08848834759,0.8068579781,-0.0074803366,0.8958693493,nan,nan,-0.4838526042
94,2015-01-01T15:04:00,94,95,100,1,2.69480742,-0.5027671954,0,0,-1.018693203,0,-0.5027671954,-0.1887014954,0.3128123754,-0.0300763529,0.4718034017,0.005938100483,0.6022226992,-0.1208568923,0.8010359382,-0.01925185307,0.8962884957,nan,nan,-1.3184019
95,2015-01-01T15:05:00,95,96,101,1,3.51322588,-0.935719868,0,0,-1.089131982,0,-0.935719868,-0.3331149846,0.5136501192,-0.2372504035,0.4255600169,-0.0752884337,0.6186499381,-0.1457535843,0.8145289572,-0.04887071212,0.8880207387,nan,nan,0.636397157
96,2015-01-01T16:00:00,96,97,102,1,3.833679973,0.9546344593,0,0,-0.5167209801,0,0.9546344593,-0.1621046414,0.6664221565,-0.122382258,0.5181395559,0.01556489856,0.6253835861,-0.09767048584,0.8141140051,-0.06149403108,0.867024606,nan,nan,1.190321395
97,2015-01-01T16:01:00,97,98,103,1,5.109433903,-1.337316491,0,0,-0.5532825132,0,-1.337316491,-0.3463910513,0.8759050155,-0.2788609802,0.6649329634,-0.07799710461,0.6828408896,-0.1179549465,0.8370046158,-0.09078338772,0.8726056576,nan,nan,4.01320932
98,2015-01-01T16:02:00,98,99,104,1,4.267974457,1.019079189,0,0,-0.2459796704,0,1.019079189,-0.1604179813,0.9865709569,-0.1836392347,0.7386074979,-0.09507235628,0.6524096328,-0.1047792759,0.8488149967,-0.0684290119,0.8757996018,nan,nan,2.876828723
99,2015-01-01T16:03:00,99,100,105,1,4.966248055,1.508558697,0,0,-0.04929110085,0,1.508558697,0.2418471972,1.173847158,0.02657285089,0.8590019596,0.01687588061,0.7160664402,-0.09376864891,0.8653657588,-0.06182625888,0.88513192,nan,nan,2.643358578
100,2015-01-01T16:04:00,100,101,106,1,1.510739265,1.485571434,0,0,-0.1126446147,0,1.485571434,0.7261054576,1.282258677,0.1964952365,0.9767353169,0.1229078686,0.7764867559,-0.07110211055,0.8919935772,-0.03158364715,0.8945079043,nan,nan,1.096224584
101,2015-01-01T16:05:00,101,102,107,1,3.208648462,-0.1173014081,0,0,-0.1859684979,0,-0.1173014081,0.5117182841,1.210237104,0.1748068213,0.9769320187,0.1031750885,0.774450383,-0.04866590196,0.8776409322,-0.03845563178,0.8932965039,nan,nan,1.391145734
102,2015-01-01T17:00:00,102,103,108,1,-0.2052793076,1.275088552,0,0,0.1709611943,0,1.275088552,1.034199293,1.196729264,0.3439041207,1.048658793,0.1377507684,0.8148852374,0.01297604133,0.8806033792,-0.01536589286,0.9023362367,nan,nan,2.322889477
103,2015-01-01T17:01:00,103,104,109,1,0.9955057684,-0.06156256073,0,0,0.4326515856,0,-0.06156256073,0.8180709429,1.106894052,0.3288264808,1.048459989,0.1558168709,0.8094972996,-0.01468139158,0.8650261802,-0.03229767408,0.8907079176,nan,nan,0.4145146815
104,2015-01-01T17:02:00,104,105,110,1,-0.3574892931,0.1776197427,0,0,0.8804956427,0,0.1776197427,0.551883152,0.8811210636,0.3968651746,1.037856319,0.1833944108,0.8061464475,-0.03526692853,0.8508859639,-0.0442084216,0.8819184509,nan,nan,1.817502728
105,2015-01-01T17:03:00,105,106,111,1,-0.9557064255,2.206832295,0,0,0.445256905,0,2.206832295,0.6961353242,1.144120443,0.7111203909,1.215154085,0.2369349937,0.9104122084,0.01907513838,0.9196369776,-0.02808871506,0.9100217233,nan,nan,-2.528168785
106,2015-01-01T17:04:00,106,107,112,1,0.9956910185,-1.969937356,0,0,0.5672918609,0,-1.969937356,0.3256081346,1.44304896,0.4186632094,1.331740243,0.1481404757,1.010445613,-0.01960065139,0.9686471329,-0.06389063101,0.9309416874,nan,nan,0.5809910869
107,2015-01-01T17:05:00,107,108,113,1,-0.2456249017,1.580607789,0,0,0.4609053259,0,1.580607789,0.386711982,1.502293025,0.7104556374,1.358132038,0.2157973286,1.069265748,0.05850857569,0.970131599,-0.05101030638,0.945567389,nan,nan,-2.174992021
108,2015-01-01T18:00:00,108,109,114,1,0.290872452,-2.138839217,0,0,0.4590275159,0,-2.138839217,-0.02874334938,1.780745064,0.3946637968,1.482610439,0.105512281,1.171254616,-0.009007238028,1.0235384,-0.09802965821,0.9583140398,nan,nan,1.572462359
109,2015-01-01T18:01:00,109,110,115,1,-0.4346073981,1.139222515,0,0,0.7348449569,0,1.139222515,0.1635772051,1.850488805,0.3577301786,1.449255524,0.1921515147,1.191265281,0.02795291312,1.037882661,-0.09454926347,0.9619389976,nan,nan,0.4146999317
110,2015-01-01T18:02:00,110,111,116,1,0.5434536566,-1.175375319,0,0,1.349642117,0,-1.175375319,-0.5128643176,1.651238471,0.09163550331,1.420492886,0.1440653699,1.218977423,0.01202195819,1.050951144,-0.1066970118,0.9706067891,nan,nan,1.929367119
111,2015-01-01T18:03:00,111,112,117,1,0.618509287,1.608615163,0,0,0.5902167636,0,1.608615163,0.2028461861,1.570982623,0.2642271604,1.508372749,0.2195169909,1.270744766,0.1129073196,1.01091815,-0.06979822732,0.9756371271,nan,nan,-1.281589907
112,2015-01-01T18:04:00,112,113,118,1,3.004271915,-0.01853991219,0,0,0.1892925865,0,-0.01853991219,-0.1169833541,1.402993567,0.1348643139,1.453491535,0.2393842173,1.267344252,0.1017320842,1.008649813,-0.05867645394,0.9703400965,nan,nan,-0.8493073297
113,2015-01-01T18:05:00,113,114,119,1,2.628990317,0.3392918687,0,0,0.5966644544,0,0.3392918687,0.3786428631,1.037539447,0.1749497569,1.457316213,0.2518881188,1.269456358,0.1100676761,1.010075026,-0.049108506,0.9699118035,nan,nan,-1.385913463
114,2015-01-01T19:00:00,114,115,120,1,5.339472579,-1.602341864,0,0,0.7197771175,0,-1.602341864,-0.1696700127,1.153439381,-0.003046403761,1.541870815,0.1969093854,1.314250994,0.101423743,1.022234771,-0.05487748052,0.9780358685,nan,nan,1.900099194
115,2015-01-01T19:01:00,115,116,121,1,6.945683317,0.4137426653,0,0,1.34704076,0,0.4137426653,0.1481535841,1.043243776,-0.1823553667,1.381112969,0.2643825121,1.300782934,0.09454703919,1.018519511,-0.04716315769,0.9788650504,nan,nan,3.853579245
116,2015-01-01T19:02:00,116,117,122,1,7.571563064,-0.1973142641,0,0,1.600549316,0,-0.1973142641,-0.2130323012,0.7606678724,-0.005093057527,1.234220809,0.2067850759,1.283906749,0.1111749872,1.009831959,-0.06566286888,0.9685546735,nan,nan,4.01490378
117,2015-01-01T19:03:00,117,118,123,1,5.12599161,1.683670793,0,0,1.532901247,0,1.683670793,0.1274098398,1.070278625,0.005213242877,1.247775477,0.3578344401,1.304121596,0.1399186678,1.040914218,-0.0281231149,0.9755863262,nan,nan,3.439373385
118,2015-01-01T19:04:00,118,119,124,1,1.090876768,2.367222716,0,0,1.623876968,0,2.367222716,0.5329960093,1.497738701,0.4558194362,1.288353469,0.4252416165,1.388882352,0.1650846301,1.085042054,0.003398297309,1.010701307,nan,nan,3.092104072
119,2015-01-01T19:05:00,119,120,125,1,0.5816023178,-0.03598972954,0,0,2.366579712,0,-0.03598972954,0.8462664362,1.315287185,0.3382982117,1.237013093,0.3480141952,1.347320112,0.1824450379,1.07889356,0.006747730243,1.010137884,0.05580091579,0.97431427,3.556659284
120,2015-01-01T20:00:00,120,121,126,1,-1.285728077,1.108140398,0,0,1.969994031,0,1.108140398,0.9851459827,1.393319349,0.5666497834,1.230791694,0.3291426434,1.32903127,0.226025256,1.088406128,0.04002207673,1.002770796,0.07064140064,0.9776247641,1.686618225
121,2015-01-01T20:01:00,121,122,127,1,-2.408624154,2.019953403,0,0,1.802883013,0,2.019953403,1.428599516,1.658190151,0.6077836075,1.290001974,0.4360053839,1.403441029,0.2695902362,1.13345051,0.07659799072,1.022882571,0.09349496686,0.992674266,-2.001227303
122,2015-01-01T20:02:00,122,123,128,1,-3.924311853,0.4285654828,0,0,1.030095011,0,0.4285654828,1.177578454,1.489757961,0.652494147,1.297088107,0.3936792305,1.377511379,0.2657149994,1.131718947,0.08022222124,1.023886904,0.09447734762,0.9930399885,-2.975056966
123,2015-01-01T20:03:00,123,124,129,1,-1.964036752,-0.7619006609,0,0,0.7767778466,0,-0.7619006609,0.5517537787,1.102147281,0.542374894,1.31490491,0.3586623254,1.387938303,0.2572395982,1.136146692,0.07313002106,1.027194018,0.07815831118,0.9894635284,-2.972346302
124,2015-01-01T20:04:00,124,125,130,1,0.4269224919,-1.667892125,0,0,0.805506152,0,-1.667892125,0.2253732996,1.330730027,0.5358198679,1.323031138,0.2663867321,1.436623995,0.2248905715,1.16485205,0.07934114508,1.015540416,0.06818444008,1.000185675,-0.4073968509
125,2015-01-01T20:05:00,125,126,131,1,0.7012572335,-0.5452641801,0,0,0.6501347272,0,-0.5452641801,-0.105307616,1.258852645,0.4399191833,1.327789289,0.1287819083,1.354713517,0.182858451,1.154144511,0.07571482022,1.016968499,0.06650566298,1.000931537,-0.9492548866
126,2015-01-01T21:00:00,126,127,132,1,1.97930712,-0.7591899973,0,0,0.6958432334,0,-0.7591899973,-0.6611362961,0.940181643,0.38373161,1.347875383,0.1893192762,1.292298157,0.168729876,1.15996441,0.07669452226,1.016199086,0.05297072018,1.000215861,1.00830955
127,2015-01-01T21:01:00,127,128,133,1,1.900736408,0.8970573265,0,0,0.06821525719,0,0.8970573265,-0.5674379274,1.004066839,0.3050702634,1.270340309,0.1551417531,1.259108443,0.1854695408,1.168050365,0.08486719302,1.020774161,0.06880080134,0.9993806942,0.8343193428
128,2015-01-01T21:02:00,128,129,134,1,2.394640777,-1.087122216,0,0,-0.06363454196,0,-1.087122216,-0.6324822384,1.06227051,-0.04036422983,1.08239255,0.2077276032,1.189837866,0.1566199421,1.180582805,0.07355847807,1.027782484,0.05977232055,1.004295913,1.65051212
129,2015-01-01T21:03:00,129,130,135,1,0.8921179591,1.19837444,0,0,-0.05624482392,0,1.19837444,-0.05922892542,0.9269660549,0.08307218708,1.146758142,0.2106851994,1.192739626,0.2014183571,1.192002681,0.06977962432,1.02280863,0.06796991914,1.01004643,0.9709975699
130,2015-01-01T21:04:00,130,131,136,1,0.2951580321,0.723067119,0,0,-0.04546331777,0,0.723067119,0.1944373344,0.9509830038,0.04456485918,1.115589229,0.3056073213,1.174603661,0.2248363456,1.196996182,0.07700263302,1.025869965,0.08214602212,1.00825538,1.066417065
131,2015-01-01T21:05:00,131,132,137,1,1.123662921,-0.2709294386,0,0,0.6039982827,0,-0.2709294386,0.2920894461,0.8965351835,-0.184523425,0.9186176727,0.2116300912,1.119813271,0.2155735411,1.197658971,0.06820384007,1.025174808,0.07407688176,1.006547527,0.7441286568
132,2015-01-01T22:00:00,132,133,138,1,1.640820696,0.5188598895,0,0,-0.1917493103,0,0.5188598895,0.2164499587,0.8346712423,-0.1754939843,0.9232622324,0.2385000813,1.125799873,0.2389421493,1.198663173,0.08251242233,1.024428057,0.0751265157,1.007022811,-0.07887961077
133,2015-01-01T22:01:00,133,134,139,1,1.273136522,0.818486614,0,0,0.245961091,0,0.818486614,0.5975717247,0.7709041496,-0.01745525683,0.9280926256,0.2624598186,1.138053348,0.2571739687,1.205546529,0.08434281056,1.0257588,0.08073776517,1.009703953,-0.7712590328
134,2015-01-01T22:02:00,134,135,140,1,0.5898660577,-0.5932178466,0,0,0.5191829141,0,-0.5932178466,0.2392532675,0.6143732017,0.09001217102,0.7863588551,0.3129160194,1.088294914,0.2549127024,1.206573971,0.06702790504,1.02407991,0.0721363321,1.010360807,0.3795342645
135,2015-01-01T22:03:00,135,136,141,1,0.521538543,-0.3041483781,0,0,-0.3276811906,0,-0.3041483781,0.03381016803,0.5398059526,0.1141237512,0.7732267261,0.2770214673,1.086486071,0.2707019897,1.198434025,0.06247420271,1.024622256,0.05765352181,1.002231806,1.719700307
136,2015-01-01T22:04:00,136,137,142,1,-0.570393356,0.126107192,0,0,-0.7203571413,0,0.126107192,0.1132174941,0.5290468024,0.2026534701,0.7360930153,0.2931925401,1.085956025,0.249988808,1.189057826,0.07615916108,1.018979913,0.04233358194,0.986124037,2.044395555
137,2015-01-01T22:05:00,137,138,143,1,-0.7265810518,0.5575754507,0,0,-0.431902826,0,0.5575754507,0.1209606064,0.5368663509,0.1687052826,0.7017483743,0.236887773,1.026210329,0.2973611065,1.173422511,0.08970308002,1.019190148,0.03859811036,0.9831584572,0.2103317933
138,2015-01-01T23:00:00,138,139,144,1,-0.2471482139,1.036017664,0,0,0.326835945,0,1.036017664,0.1644668164,0.6073779148,0.3810192706,0.6939744733,0.1703275204,0.9091683567,0.2977845684,1.173793271,0.09650264628,1.024274754,0.05364218154,0.9851971933,-1.198161764
139,2015-01-01T23:01:00,139,140,145,1,-0.8420736912,0.4508024401,0,0,-0.04467446922,0,0.4508024401,0.3732708738,0.5823839084,0.3062620706,0.5985922852,0.1946671288,0.9147040395,0.271340662,1.151510956,0.08878600655,1.018537034,0.04922938142,0.9819868487,-2.614788911
140,2015-01-01T23:02:00,140,141,146,1,1.367250517,-1.276488311,0,0,-0.1378749523,0,-1.276488311,0.1788028872,0.8040859725,0.1063065276,0.6848155656,0.07543569339,0.9256110647,0.2022891684,1.14522486,0.06559352891,1.026448372,0.04637395802,0.9851952025,-0.9369128451
141,2015-01-01T23:03:00,141,142,147,1,1.665750115,-0.3724758929,0,0,-0.06845782905,0,-0.3724758929,0.0790862702,0.8192199366,0.09615188216,0.689569367,-0.04418577141,0.8122082062,0.1959098063,1.146588176,0.07362195215,1.021008828,0.0396661809,0.9849909871,0.95101355
142,2015-01-01T23:04:00,142,143,148,1,3.507022796,-0.965824707,0,0,-0.5344947238,0,-0.965824707,-0.2255937613,0.8919118235,-0.05231657748,0.7361155411,-0.1139052809,0.8349488725,0.1398869748,1.13900773,0.07643150805,1.018037554,0.03638506302,0.9875491512,1.77271522
143,2015-01-01T23:05:00,143,144,149,1,3.010670886,0.4013877548,0,0,-0.3143160663,0,0.4013877548,-0.3525197432,0.7829831459,-0.0940264634,0.7007034102,-0.05574086011,0.8222959293,0.1514607327,1.140732951,0.06838967054,1.012309725,0.02895512817,0.981154567,2.304163362
144,2015-01-02T00:00:00,144,145,150,1,1.354958796,1.515450502,0,0,0.3301076417,0,1.515450502,-0.1395901308,1.015744103,0.1168403715,0.8279212222,0.1034262713,0.8074075177,0.1849065017,1.165288677,0.07481978656,1.020270705,0.03216321948,0.9854707858,0.7147365649
145,2015-01-02T00:01:00,145,146,151,1,2.424856547,-0.1441230372,0,0,0.09403266164,0,-0.1441230372,0.08688292398,0.8426184735,0.1328429056,0.8235776051,0.1234833284,0.7987989864,0.1261326183,1.112054076,0.07260387836,1.020391209,0.02331839608,0.981995136,1.734307576
146,2015-01-02T00:02:00,146,147,152,1,2.656064309,0.9328358968,0,0,-0.4621440635,0,0.9328358968,0.3479452819,0.925361981,0.2135157761,0.8739039136,0.2080846231,0.807942132,0.1987019497,1.077683863,0.08955064914,1.024616947,0.02364022922,0.9822944838,0.7065075243
147,2015-01-02T00:03:00,147,148,153,1,2.345467956,-0.07397629468,0,0,-0.290525144,0,-0.07397629468,0.5263149644,0.8190395725,0.1503606015,0.8562512838,0.159532942,0.7828208741,0.1573373476,1.048370782,0.1079229616,1.010009063,0.0184389116,0.981032903,0.6402222307
148,2015-01-02T00:04:00,148,149,154,1,2.262680239,0.8754479743,0,0,-0.257044982,0,0.8754479743,0.6211270083,0.8898793326,0.1343036325,0.8381371705,0.2576614515,0.7694395643,0.2326945274,1.001935973,0.1118436447,1.012794784,0.01221173699,0.9730719899,0.6905489701
149,2015-01-02T00:05:00,149,150,155,1,3.045802247,-0.09496415528,0,0,-1.005682607,0,-0.09496415528,0.2990440768,0.5782480608,0.079726973,0.8264704784,0.1929945218,0.7215837358,0.2018398606,0.9857258499,0.1148963869,1.012140274,0.004247111222,0.9699327677,1.949556784
150,2015-01-02T01:00:00,150,151,156,1,1.987974452,-0.1402615883,0,0,-0.4442299257,0,-0.1402615883,0.2998163666,0.578058122,0.1933496453,0.7225500274,0.1498280864,0.7039356863,0.2277177039,0.9683024349,0.119869831,1.010472145,0.004774560089,0.9698392794,1.705245725
151,2015-01-02T01:01:00,151,152,157,1,0.6649274995,0.9257747137,0,0,0.02260943387,0,0.9257747137,0.29840413,0.5757832878,0.3231747059,0.7706559512,0.2096632941,0.7312374809,0.2106466926,0.9456981587,0.1617770061,0.9788514986,0.02368341267,0.9657606009,1.572131269
152,2015-01-02T01:02:00,152,153,158,1,-0.7394236876,1.164043659,0,0,0.1133022249,0,1.164043659,0.5460081207,0.775520099,0.5361615425,0.797576719,0.2419224825,0.7674616318,0.2402112819,0.9634372606,0.1709716831,0.9863026413,0.04095279135,0.9680446204,1.096245462
153,2015-01-02T01:03:00,153,154,159,1,-0.9918464605,-0.3845726477,0,0,0.1814063115,0,-0.3845726477,0.2940039962,0.6911792945,0.4575655023,0.796747778,0.1817695194,0.7502640505,0.222114669,0.96386243,0.1660911726,0.9872391662,0.04129921901,0.9678995466,0.282728727
154,2015-01-02T01:04:00,154,155,160,1,-2.471650779,0.7926602582,0,0,0.2102655079,0,0.7926602582,0.4715288789,0.7756205489,0.3852864779,0.6840899267,0.2510634247,0.7594183886,0.2819897221,0.9383768192,0.1917067325,0.9812020644,0.05741158701,0.9649973014,-0.9072037698
155,2015-01-02T01:05:00,155,156,161,1,-3.733802347,0.688157852,0,0,0.1690059597,0,0.688157852,0.637212767,0.8320846226,0.4685145668,0.7164202718,0.3006787362,0.7718607638,0.2888501017,0.9423961538,0.1916985705,0.9811963373,0.06484126212,0.9668616041,-1.83566915
156,2015-01-02T02:00:00,156,157,162,1,-2.980555306,-1.198089383,0,0,0.2855875316,0,-1.198089383,0.2124399476,0.89890861,0.2554220388,0.7548387522,0.2344689074,0.8165444238,0.2638307238,0.9607406737,0.1875028555,0.9855920117,0.04416832867,0.9659570303,-1.274575188
157,2015-01-02T02:01:00,157,158,163,1,-1.539789138,-0.3972722386,0,0,-0.2135621179,0,-0.3972722386,-0.09982323187,0.7540571646,0.2230924444,0.7648639197,0.186726523,0.8118445285,0.211807148,0.9252564992,0.1758629079,0.9847847476,0.05185363939,0.9591032181,-1.56444701
158,2015-01-02T02:02:00,158,159,164,1,-1.359194127,-0.2403075282,0,0,-0.2550657244,0,-0.2403075282,-0.07097020796,0.7420057444,0.1115168941,0.717043005,0.1229102633,0.779943776,0.1466188919,0.8470240241,0.155851761,0.9733360045,0.05113849549,0.959250395,-1.898133197
159,2015-01-02T02:03:00,159,160,165,1,-1.074440663,-0.6369954207,0,0,-0.3349065528,0,-0.6369954207,-0.3569013437,0.7113811222,0.0573137676,0.7441943083,0.0685203703,0.7864091239,0.1315937496,0.8529720951,0.1570193937,0.972515478,0.04836307002,0.960610654,-1.705980118
160,2015-01-02T02:04:00,160,161,166,1,-1.094231441,-0.6871440607,0,0,0.02174820485,0,-0.6871440607,-0.6319617263,0.7111851005,0.00262552036,0.7739990524,0.09798758282,0.7487165937,0.0867116381,0.8418231349,0.156368447,0.9729578843,0.05558526385,0.9521492757,0.02465787183
161,2015-01-02T02:05:00,161,162,167,1,-1.639037584,-0.5739937152,0,0,0.16778729,0,-0.5739937152,-0.5071425927,0.5334738702,-0.1473513225,0.7391316051,0.0879116917,0.7550583172,0.02186296015,0.7841540769,0.1457265982,0.9745788001,0.05835298053,0.9499956361,0.5389390695
162,2015-01-02T03:00:00,162,163,168,1,-0.7450949543,-0.4448423423,0,0,0.1191088995,0,-0.4448423423,-0.5166566134,0.5409309252,-0.3082399227,0.6562044168,0.1139608099,0.7303194025,2.776451754e-05,0.7843806631,0.132871382,0.9736633915,0.05349073567,0.9507789451,0.6315394553
163,2015-01-02T03:01:00,163,164,169,1,-0.8139966414,1.043493929,0,0,0.07573427138,0,1.043493929,-0.2598963219,0.7062808509,-0.1654332649,0.7243635707,0.1460661187,0.7614163133,0.04516262927,0.792440975,0.1512011137,0.9794876223,0.06380755713,0.9553738886,-1.118889313
164,2015-01-02T03:02:00,164,165,170,1,-0.1378525859,-0.05971251759,0,0,0.751223241,0,-0.05971251759,-0.1444397413,0.6468331501,-0.2506705425,0.6798736004,0.06730796767,0.681985022,0.08536711946,0.747332078,0.1551288455,0.9786177837,0.08134980321,0.934728108,-2.177976654
165,2015-01-02T03:03:00,165,166,171,1,1.056002884,-0.3522419565,0,0,0.8623391809,0,-0.3522419565,-0.07745932045,0.5905714277,-0.3547105234,0.6536661451,0.05690202171,0.6857614144,0.09019267505,0.7444288207,0.136525563,0.9711394907,0.08054077183,0.9349909313,-1.37663441
166,2015-01-02T03:04:00,166,167,172,1,1.158442749,-0.7069348392,0,0,0.7840393637,0,-0.7069348392,-0.1040475452,0.6187343756,-0.305595069,0.5776792353,-0.02508651509,0.6721215815,0.091499054,0.7431412749,0.130114465,0.9741089227,0.08162936618,0.9340913802,0.3048926719
167,2015-01-02T03:05:00,167,168,173,1,1.944472623,-1.118799858,0,0,-0.2970768196,0,-1.118799858,-0.2388390484,0.7704530551,-0.3777478309,0.665659138,-0.07732769326,0.7169793943,0.04110262439,0.7506223993,0.1132860826,0.9817778877,0.07027900348,0.9393958628,2.040124068
168,2015-01-02T04:00:00,168,169,174,1,1.845847472,0.4491002877,0,0,-0.04698153741,0,0.4491002877,-0.3577177767,0.6451048036,-0.3088070493,0.6763848195,-0.09864507759,0.6970104357,0.07950818698,0.7341187883,0.1180640646,0.9830325925,0.07554171438,0.940142554,2.432637294
169,2015-01-02T04:01:00,169,170,175,1,1.097202003,0.9745922423,0,0,-0.537563302,0,0.9745922423,-0.1508568248,0.7780829637,-0.147648283,0.7154740465,-0.04516725771,0.7299754379,0.07391363204,0.7257917152,0.1376659946,0.9868242006,0.07115762689,0.9343533591,0.8535500767
170,2015-01-02T04:02:00,170,171,176,1,-0.4728745248,0.6164315379,0,0,-0.2671660117,0,0.6164315379,0.04287787412,0.8103059839,-0.01729072316,0.7090029615,-0.007332601401,0.7422128174,0.07124774252,0.7233274904,0.1480420441,0.9889394617,0.07508433618,0.9359524609,-0.09565144497
171,2015-01-02T04:03:00,171,172,177,1,-1.615662939,0.8416135135,0,0,0.1103149403,0,0.8416135135,0.3525875447,0.8356476981,0.1242699997,0.7352344194,-0.01154066141,0.7371855876,0.09906131632,0.7342175577,0.1573174287,0.9933434533,0.07848966548,0.9382682982,-0.5867898215
172,2015-01-02T04:04:00,172,173,178,1,0.2408821131,-0.6044949748,0,0,-1.067897542,0,-0.6044949748,0.4554485213,0.7218360519,0.1083047365,0.7465404195,-0.0999675931,0.7028253106,0.07097744471,0.735853509,0.154959797,0.994553616,0.07866742979,0.9381517425,0.2436519268
173,2015-01-02T04:05:00,173,174,179,1,-0.3210332734,-0.3327699837,0,0,-0.7184556859,0,-0.3327699837,0.2990744671,0.7091235749,-0.02932165484,0.6778703608,-0.09737745989,0.7015022483,0.04219602977,0.7262924858,0.1496849992,0.9951992788,0.07029388363,0.9366363588,-0.3772230798
174,2015-01-02T05:00:00,174,175,180,1,-0.751471309,0.350475137,0,0,0.2072880812,0,0.350475137,0.174251046,0.580910321,0.01169711061,0.6866112071,-0.119486716,0.6832507089,0.06578835436,0.7223391932,0.1603505284,0.9943828886,0.06661472148,0.9343898602,-1.028873118
175,2015-01-02T05:01:00,175,176,181,1,-0.8612657621,0.2259467735,0,0,0.1128694097,0,0.2259467735,0.0961540931,0.5212193605,0.06951598361,0.6812728562,-0.1425972699,0.667612213,0.07904073315,0.7216214747,0.1748713614,0.9891869553,0.06799637952,0.9346013566,-0.002769813716
176,2015-01-02T05:02:00,176,177,182,1,0.6319930506,-0.9536449903,0,0,0.8303137688,0,-0.9536449903,-0.2628976077,0.5584753477,0.04484496851,0.7107045059,-0.1303750502,0.6476164735,0.0520469286,0.7369368673,0.1510178683,0.9891750251,0.06812175025,0.9344724133,0.05618980635
177,2015-01-02T05:03:00,177,178,183,1,1.244494686,-0.3011749011,0,0,0.1978465821,0,-0.3011749011,-0.2022335929,0.506905458,0.1266074642,0.6236988172,-0.1255701834,0.645020272,0.0305781698,0.7331925701,0.1639696382,0.9783894249,0.06999477662,0.9336431261,0.2774018089
178,2015-01-02T05:04:00,178,179,184,1,-0.2622198756,1.252050078,0,0,-0.2273589551,0,1.252050078,0.1147304194,0.7404943284,0.2069024432,0.7249786531,-0.05095230306,0.701102871,0.03597898014,0.7415718204,0.1668817743,0.9817635685,0.0763280909,0.9395400129,-0.8584959484
179,2015-01-02T05:05:00,179,180,185,1,0.3864618129,-0.8946853702,0,0,0.02247147774,0,-0.8946853702,-0.1343016821,0.8269568721,0.01997468195,0.714602851,-0.06383680054,0.7150385815,0.00234178488,0.7515715146,0.1368412234,0.9723263914,0.05997126599,0.9380289831,0.5758032443
180,2015-01-02T06:00:00,180,181,186,1,1.891916392,-0.07996289859,0,0,-0.3263953956,0,-0.07996289859,-0.1954836165,0.8215388563,-0.0496647617,0.6879664651,-0.03347774243,0.6985639042,0.03225492019,0.7240746045,0.1172720443,0.9580772444,0.05448065934,0.9365675904,0.9670928776
181,2015-01-02T06:01:00,181,182,187,1,1.343256154,0.1161523204,0,0,0.3908435914,0,0.1161523204,0.01847584563,0.7040856562,-0.122210881,0.6354649185,0.001029559351,0.6871627588,0.04447062553,0.7219091769,0.1201902159,0.9580754944,0.06390484327,0.9320355701,0.5962760728
182,2015-01-02T06:02:00,182,183,188,1,-0.446730813,0.5396138225,0,0,0.8710302356,0,0.5396138225,0.1866335904,0.7320054389,-0.007800001284,0.6295971354,0.05025236759,0.6905487495,0.08210658876,0.7107123205,0.1109967818,0.9493288715,0.07832320162,0.9269866816,-0.1893414314
183,2015-01-02T06:03:00,183,184,189,1,-0.4512702774,0.3113267347,0,0,0.4908493312,0,0.3113267347,-0.001511078239,0.4916207383,0.05660967056,0.628499324,0.01364400786,0.6536511403,0.07985506326,0.7095824883,0.115657898,0.949941833,0.07221146812,0.922505513,0.9248235144
184,2015-01-02T06:04:00,184,185,190,1,-0.5622108118,-0.2546644844,0,0,0.6314828967,0,-0.2546644844,0.1264930989,0.3075213292,-0.003904291577,0.6238697926,0.003896409518,0.6559910319,0.0356021886,0.6691142668,0.1102543451,0.9501609345,0.06174725391,0.9182625852,0.7469800813
185,2015-01-02T06:05:00,185,186,191,1,-1.642861631,-0.2460036818,0,0,1.075148952,0,-0.2460036818,0.09328494229,0.3246446013,-0.0510993371,0.6246279731,0.009208323254,0.6535643845,0.03305517248,0.6698563735,0.07959389541,0.9179792559,0.0594209764,0.9185321622,-0.2573893816
186,2015-01-02T07:00:00,186,187,192,1,-3.529808097,1.425491681,0,0,1.325180587,0,1.425491681,0.3551528143,0.7135132452,0.18681433,0.7088151248,0.1158296492,0.709760444,0.04537156708,0.6911972614,0.1220367584,0.9053055181,0.07482428845,0.9269004676,-1.376093792
187,2015-01-02T07:01:00,187,188,193,1,-2.624768572,-0.4325079174,0,0,1.644401288,0,-0.4325079174,0.1607284663,0.6987683131,0.1736810283,0.715579876,0.1501442463,0.671213369,0.03640827651,0.6944734835,0.09687281204,0.8892060265,0.08408473326,0.9169751059,-1.309190893
188,2015-01-02T07:02:00,188,189,194,1,-0.676245523,-1.250373145,0,0,1.430399996,0,-1.250373145,-0.1516115095,0.8840695043,-0.07656129389,0.7152865994,0.06517057466,0.7201489314,-0.01673725147,0.708674125,0.107978638,0.8677830115,0.06898334596,0.9226276905,-1.385472249
189,2015-01-02T07:03:00,189,190,195,1,-0.140975592,0.3067872703,0,0,1.05878671,0,0.3067872703,-0.0393211586,0.8873735258,0.04358597016,0.6640787386,0.03178032606,0.6898035248,-0.006693465828,0.7101735854,0.09757319739,0.8590698378,0.07436643597,0.9225331773,-2.153714306
190,2015-01-02T07:04:00,190,191,196,1,0.9223316177,-0.3656050188,0,0,1.273093745,0,-0.3656050188,-0.06324142601,0.8955789289,0.01502175814,0.6735932508,-0.01732150178,0.6808177894,-0.01232705159,0.7121772001,0.1076953261,0.8499429304,0.07580420349,0.9218286675,-1.315577679
191,2015-01-02T07:05:00,191,192,197,1,2.663021332,-1.326654501,0,0,0.5666859297,0,-1.326654501,-0.6136706623,0.8646726228,-0.129258924,0.7927041995,-0.1257349025,0.7183994747,-0.06863778196,0.7278531431,0.07100445535,0.8438350565,0.08497207677,0.9029711532,0.7092267263
192,2015-01-02T08:00:00,192,193,198,1,3.245559477,-0.461454786,0,0,0.586331753,0,-0.461454786,-0.619460036,0.8676602035,-0.2293657848,0.7877535732,-0.1185828931,0.7130737146,-0.1092752431,0.7079680571,0.06546801942,0.8454082224,0.07755604103,0.9031065959,2.012738714
193,2015-01-02T08:01:00,193,194,199,1,3.027290873,0.4725316083,0,0,0.8173573732,0,0.4725316083,-0.2748790854,0.6962792922,-0.2132452975,0.7957335425,-0.07831781346,0.7170088113,-0.08784763667,0.7092979063,0.06713351617,0.8462075111,0.08144490282,0.9041360264,2.237909296
194,2015-01-02T08:02:00,194,195,200,1,2.485779351,0.698149904,0,0,0.3994148703,0,0.698149904,-0.1966065587,0.7506422748,-0.1179638586,0.8218563132,-0.06093407511,0.7296099361,-0.09021039553,0.7068105085,0.09588966327,0.8307021578,0.09773435649,0.8990914075,1.953794606
195,2015-01-02T08:03:00,195,196,201,1,3.410516258,0.8420572014,0,0,0.1533249902,0,0.8420572014,0.04492588536,0.8237369026,-0.009157770322,0.8604080726,-0.03012855371,0.7518185141,-0.08636291179,0.7109631302,0.101243595,0.8347392057,0.09901140971,0.9001779596,1.232820764
196,2015-01-02T08:04:00,196,197,202,1,3.607274191,0.6977021909,0,0,0.7624534697,0,0.6977021909,0.4497972237,0.6510742825,-0.08193671928,0.7653615048,0.05243880535,0.7376303662,-0.03896812244,0.6940841642,0.1124313007,0.838085756,0.1120125295,0.8989875887,0.7893815768
197,2015-01-02T08:05:00,197,198,203,1,3.383320824,0.4140352136,0,0,0.3723532984,0,0.4140352136,0.6248952236,0.6446663082,0.002717593819,0.7643392172,0.08819931108,0.7403610598,-0.01868543614,0.6943290467,0.09656085591,0.8179830116,0.1110134599,0.8984606879,0.5319847455
198,2015-01-02T09:00:00,198,199,204,1,4.146779765,0.1210833593,0,0,0.3710688976,0,0.1210833593,0.5546055738,0.6114488211,0.1398632442,0.6552383206,0.03165097516,0.6859198846,-0.00965066395,0.6935529265,0.06848411395,0.7741012076,0.100684286,0.8899029193,2.177695494
199,2015-01-02T09:01:00,199,200,205,1,3.260372331,0.2542630039,0,0,0.3586657776,0,0.2542630039,0.4658281938,0.5378818998,0.1346108176,0.6529857436,0.08909839387,0.6585555984,0.01263079666,0.6873774979,0.07211227312,0.7746125546,0.1088898614,0.8877050063,2.817892614
200,2015-01-02T09:02:00,200,201,206,1,3.51944543,0.1566383823,0,0,0.5176999107,0,0.1566383823,0.32874443,0.3903997805,0.1868351577,0.6445752374,0.1009284579,0.6592439246,0.03372535774,0.6791885159,0.06021849792,0.7648409085,0.1154874173,0.885925341,2.851336079
201,2015-01-02T09:03:00,201,202,207,1,2.113841092,1.766794108,0,0,0.1870577712,0,1.766794108,0.5425628134,0.8242369823,0.4961800185,0.742719437,0.1834605473,0.7681185163,0.09224505332,0.7287656386,0.05705400673,0.7569666348,0.1278994166,0.9001309222,1.969084271
202,2015-01-02T09:04:00,202,203,208,1,3.227702996,0.8944601241,0,0,0.3664511413,0,0.8944601241,0.6386477955,0.897269945,0.6317715096,0.781245161,0.2012028624,0.7845061165,0.125727615,0.7390221317,0.06287768975,0.7620389543,0.1304901263,0.9022554167,0.4424797169
203,2015-01-02T09:05:00,203,204,209,1,1.361341119,0.190081847,0,0,-0.2056241795,0,0.190081847,0.652447493,0.8996595689,0.6035265334,0.7691739077,0.195140618,0.7825664096,0.1043923129,0.7209958386,0.0747774711,0.757561119,0.1355981801,0.9015961779,0.6681093508
204,2015-01-02T10:00:00,204,205,210,1,1.660325633,0.8845422998,0,0,-0.8790136344,0,0.8845422998,0.7785033522,0.9761866732,0.622165773,0.7881171737,0.2521009572,0.8051634862,0.1279986834,0.734374725,0.1066829014,0.7408817286,0.1460854581,0.904560993,0.1447568207
205,2015-01-02T10:01:00,205,206,211,1,2.04663046,-0.63214443,0,0,0.2188127947,0,-0.63214443,0.6207467897,1.01388097,0.4747456099,0.7682338866,0.2327939198,0.8156241033,0.1210011215,0.7390497556,0.1055968983,0.7417441643,0.1313507492,0.9004477335,2.785223279
206,2015-01-02T10:02:00,206,207,212,1,0.828691288,0.415711481,0,0,0.9992756683,0,0.415711481,0.3505302644,0.6619709538,0.4465465389,0.7475199484,0.1823049098,0.7564933266,0.1490672795,0.7334991619,0.1202831668,0.7383359584,0.1364320698,0.9010729544,0.693231768
207,2015-01-02T10:03:00,207,208,213,1,1.971794831,0.3611897697,0,0,0.260553469,0,0.3611897697,0.2438761935,0.5516206766,0.4412619945,0.7447747059,0.2219897942,0.7546203686,0.1860670202,0.714135592,0.1135848223,0.7326061801,0.1375463951,0.9014368688,1.515568813
208,2015-01-02T10:04:00,208,209,214,1,-0.2766585115,2.008322029,0,0,0.1701245327,0,2.008322029,0.6075242298,1.050585848,0.6299858614,0.9780383334,0.3849245528,0.832435054,0.2250475637,0.7783195367,0.1522778754,0.7565420334,0.1537252309,0.9198709071,-0.7385928195
209,2015-01-02T10:05:00,209,210,215,1,0.2301317872,-1.67628003,0,0,-0.1715613581,0,-1.67628003,0.09535976379,1.22850745,0.436931558,1.109542918,0.2857711878,0.9103504461,0.1587757569,0.8076406495,0.1163446945,0.7678076037,0.144702582,0.9309363431,0.13545952
210,2015-01-02T11:00:00,210,211,216,1,-1.870791181,1.183526814,0,0,-0.1577796809,0,1.183526814,0.4584940126,1.307461809,0.5396204012,1.169916878,0.3632277794,0.9445058863,0.1729531388,0.8232873835,0.1221004407,0.7749208908,0.1563457423,0.9369817917,0.4562260189
211,2015-01-02T11:01:00,211,212,217,1,-0.5865036692,-0.2458396036,0,0,-0.05957382128,0,-0.2458396036,0.3261837957,1.298838172,0.3383570301,1.030821551,0.4172685243,0.898394466,0.1457668109,0.8133911795,0.1224140636,0.7748163114,0.1534672228,0.937206424,0.461934308
212,2015-01-02T11:02:00,212,213,218,1,0.07818359417,-0.8022276907,0,0,-0.2246999042,0,-0.8022276907,0.09350030366,1.337760383,0.1686882486,1.023202867,0.4002298791,0.9102988816,0.140823493,0.8176546265,0.1059004689,0.7778301469,0.1502476957,0.9392963463,0.09467226719
213,2015-01-02T11:03:00,213,214,219,1,-2.689240299,1.504293313,0,0,0.4281883705,0,1.504293313,-0.007305439409,1.198128141,0.3001093952,1.126774526,0.4518179643,0.9646888962,0.1867500754,0.8499194968,0.1144730526,0.7905263834,0.1620400246,0.9492464309,-2.3270172
214,2015-01-02T11:04:00,214,215,220,1,-2.934517072,-0.2401313144,0,0,-0.0321281802,0,-0.2401313144,0.2799243037,0.9407766492,0.1876420338,1.094141503,0.4049039034,0.9534868402,0.1719849141,0.8489604859,0.1188866343,0.7881966178,0.164228657,0.9483896114,-1.048437977
215,2015-01-02T11:05:00,215,216,221,1,-3.654511919,-1.169489732,0,0,-0.6002312922,0,-1.169489732,-0.1906790054,0.937259199,0.1339075036,1.13752169,0.3043265567,0.9706026219,0.1370990015,0.8681303265,0.1080698673,0.7982442661,0.1622805748,0.9505493024,-0.01648867302
216,2015-01-02T12:00:00,216,217,222,1,-3.547601176,-0.9173961544,0,0,-0.4538222615,0,-0.9173961544,-0.3249903156,1.017197387,0.0005967400736,1.166548568,0.2235716395,0.9796993505,0.1380052224,0.8671532086,0.0950260755,0.8046833643,0.1466803197,0.9502436789,-0.3622230988
217,2015-01-02T12:01:00,217,218,223,1,-4.678040411,1.038447909,0,0,0.1464473139,0,1.038447909,0.04314480429,1.059080489,0.06832255398,1.206493747,0.2547922742,1.002575814,0.1714957927,0.8812754284,0.1010369812,0.8106225156,0.1664783563,0.9471251438,-1.886079095
218,2015-01-02T12:02:00,218,219,224,1,-3.159495239,-0.1375404273,0,0,-1.068327533,0,-0.1375404273,-0.2852219438,0.8202775643,-0.1462636916,1.026734222,0.2418610849,1.00268194,0.13675603,0.8590276945,0.08636750509,0.8024516636,0.1568398595,0.9426289459,-3.638023246
219,2015-01-02T12:03:00,219,220,225,1,-2.02774643,-1.26313058,0,0,-0.6801340714,0,-1.26313058,-0.4898217969,0.9901628378,-0.1049487466,0.9657854703,0.1659914057,1.040150725,0.1275448998,0.8705196745,0.06494334233,0.813223292,0.1337424489,0.9396172495,-3.185378077
220,2015-01-02T12:04:00,220,221,226,1,-0.5403049653,-0.4854080874,0,0,-0.5764117629,0,-0.4854080874,-0.3530054681,0.868334844,-0.2718422368,0.9034545388,0.1338890822,1.045211846,0.1174087701,0.8738049997,0.07483184513,0.8024397829,0.1173176195,0.9308346058,-2.791961316
221,2015-01-02T12:05:00,221,222,227,1,1.403865932,-1.889484578,0,0,-0.1689967729,0,-1.889484578,-0.5474231529,1.140049409,-0.4362067342,1.080371043,-0.04892485208,1.055886987,0.0672678476,0.9232831054,0.05586923656,0.8287353475,0.1025494265,0.9466201277,0.4785280068
222,2015-01-02T13:00:00,222,223,228,1,1.983048538,-0.8104854117,0,0,0.3212103229,0,-0.8104854117,-0.917209817,1.10245869,-0.4370325063,1.080987198,-0.1341721289,1.05249167,0.03351536674,0.9282210301,0.05781097775,0.8266517657,0.08516964343,0.9423454592,1.157631647
223,2015-01-02T13:01:00,223,224,229,1,1.816368083,-0.09199132605,0,0,0.07702850774,0,-0.09199132605,-0.9080999967,1.10150995,-0.5966609702,0.971128069,-0.1482757875,1.051834245,0.02343241523,0.9270289815,0.05164373924,0.8254968323,0.08491607038,0.9423661186,2.251656351
224,2015-01-02T13:02:00,224,225,230,1,-1.136565406,1.381004745,0,0,0.4707822138,0,1.381004745,-0.3792729318,1.129450848,-0.4345473644,1.062092666,-0.1234526653,1.078236167,0.06432414595,0.9515464966,0.04996316727,0.8225432017,0.09494427873,0.9506230129,0.9253379257
225,2015-01-02T13:03:00,225,226,231,1,-2.043899352,-0.1313817715,0,0,0.4947308214,0,-0.1313817715,-0.3084676686,1.109949211,-0.3307365683,0.9964920099,-0.09841453237,1.069334354,0.0671896937,0.9509780855,0.05012243309,0.8225165288,0.07545916151,0.929109098,0.8254168911
226,2015-01-02T13:04:00,226,227,232,1,-2.071565232,1.002033378,0,0,0.4249250755,0,1.002033378,0.2698359226,0.8478036531,-0.1387936151,1.004610295,-0.06909843753,1.08859483,0.05660323613,0.9373688858,0.0509874016,0.8235332665,0.1002255843,0.9161180037,-0.4352882672
227,2015-01-02T13:05:00,227,228,233,1,-4.268448129,0.05468631958,0,0,0.1420655898,0,0.05468631958,0.4428702688,0.7668062548,-0.2371697741,0.9495806958,-0.08442361004,1.085663544,0.06878309206,0.9349110201,0.05259568428,0.8235144306,0.08750957205,0.9046976163,-2.061903331
228,2015-01-02T14:00:00,228,229,234,1,-4.519327509,-0.2313028061,0,0,-0.2540094843,0,-0.2313028061,0.4150079728,0.7726574591,-0.2465460119,0.9513999473,-0.1964048518,0.9897840729,0.09425985052,0.9145000356,0.03876129953,0.8180859767,0.1034057088,0.8836298292,-2.869316243
229,2015-01-02T14:01:00,229,230,235,1,-4.536927521,-0.2586717808,0,0,0.4274808554,0,-0.2586717808,0.08707266777,0.4784840084,-0.146100132,0.8673540699,-0.1255244393,0.9178901506,0.08012337424,0.9141280718,0.03671495421,0.8185281464,0.09175658968,0.8778063765,-1.636276965
230,2015-01-02T14:02:00,230,231,236,1,-3.223436654,-1.571928745,0,0,0.07056884255,0,-1.571928745,-0.2010367269,0.8483435083,-0.2547521977,0.9878446129,-0.2632972172,0.9465904824,0.0499652811,0.9455487588,0.01881911475,0.8370360863,0.08845197779,0.8829625181,-2.206544797
231,2015-01-02T14:03:00,231,232,237,1,-2.890869223,-1.038715718,0,0,-0.006471055203,0,-1.038715718,-0.609186546,0.8571222775,-0.1696753117,0.8524756984,-0.302941023,0.9731177745,0.05716375067,0.936501687,-0.005737015643,0.8386911254,0.06639088712,0.8758140242,-1.650011265
232,2015-01-02T14:04:00,232,233,238,1,-3.814344264,0.974367498,0,0,0.249533629,0,0.974367498,-0.4252503103,0.9612173969,0.008809979269,0.8694626836,-0.2141112635,0.9809430874,0.09305930777,0.9462804538,-0.008107967653,0.8356630503,0.07466511554,0.8803175227,-2.900650556
233,2015-01-02T14:05:00,233,234,239,1,-1.59985401,-2.142196577,0,0,-0.3633728999,0,-2.142196577,-0.8074290646,1.353159237,-0.1962105459,1.101825638,-0.3964357581,1.038534896,0.02769110312,1.002292222,-0.03007826677,0.8682434044,0.05398604515,0.9012443255,-1.016891856
234,2015-01-02T15:00:00,234,235,240,1,-1.86884328,-0.4821821857,0,0,-0.5468159283,0,-0.4821821857,-0.8521311456,1.365341582,-0.3825292389,1.023011384,-0.4085383016,1.042735135,-0.001817199116,0.9991080312,-0.04601379732,0.8653894941,0.06332070914,0.8903836266,-1.240857958
235,2015-01-02T15:01:00,235,236,241,1,-0.5823979256,-0.2762717931,0,0,-0.8266877656,0,-0.2762717931,-0.5929997553,1.176958309,-0.3970182411,1.025894139,-0.3638774047,1.011299933,-0.02977542398,0.99116018,-0.05806916789,0.8625158187,0.05757058865,0.8899396207,-0.913693708
236,2015-01-02T15:02:00,236,237,242,1,-1.097227283,-0.2584378775,0,0,-0.654773878,0,-0.2584378775,-0.4369441871,1.087567386,-0.5230653666,0.9791479506,-0.3309294909,0.9919608242,-0.05367892569,0.9858491503,-0.04632352407,0.8525407245,0.05706122521,0.8900700377,-0.5829621538
237,2015-01-02T15:03:00,237,238,243,1,0.01204563563,-0.7061482874,0,0,-0.7930183591,0,-0.7061482874,-0.7730473442,1.045300673,-0.5991488273,1.004139527,-0.4181593007,0.9772409345,-0.08168351321,0.9899894208,-0.05018447467,0.8550356362,0.0371460662,0.8790660703,-0.6279853219
238,2015-01-02T15:04:00,238,239,244,1,0.03890088805,0.05089245686,0,0,-0.9190840632,0,0.05089245686,-0.3344295374,0.4187723358,-0.570929301,1.001601266,-0.4087376564,0.9768231558,-0.08343828577,0.989836994,-0.04654447486,0.8546323586,0.01784331404,0.8521037953,0.3312957823
239,2015-01-02T15:05:00,239,240,245,1,0.3731244715,0.07229367672,0,0,-1.33826849,0,0.07229367672,-0.2235343649,0.3604380839,-0.5378327552,0.9985172127,-0.3419664436,0.9352378592,-0.08798751895,0.9890862916,-0.03767836114,0.8516981616,0.01874567576,0.8521230177,-0.5142651288
240,2015-01-02T16:00:00,240,241,246,1,1.436482486,-0.7511714555,0,0,-1.320671409,0,-0.7511714555,-0.3185142973,0.476971805,-0.4557570263,0.8979791099,-0.355254612,0.9439818486,-0.1106827649,0.9958839122,-0.03847870358,0.8523736876,0.003251410316,0.8488714071,0.6400309575
241,2015-01-02T16:01:00,241,242,247,1,0.2563417964,1.010173561,0,0,-1.196720919,0,1.010173561,-0.06479200963,0.6467102907,-0.2508680984,0.8947169999,-0.210271705,0.8738516253,-0.1295982786,0.969152721,-0.01867661262,0.8574253182,-0.005163421701,0.833717372,-0.2923948943
242,2015-01-02T16:02:00,242,243,248,1,1.580390684,-0.7732672344,0,0,-0.98099545,0,-0.7732672344,-0.07821579905,0.6618863668,-0.4256315716,0.8748562907,-0.2084107962,0.8721636565,-0.1712914625,0.9665423319,-0.02278192378,0.8603365011,-0.01517869434,0.8357852226,0.8873896003
243,2015-01-02T16:03:00,243,244,249,1,1.909381819,0.4031246309,0,0,-1.235361273,0,0.4031246309,-0.007769364245,0.6856219423,-0.1710994508,0.5680878968,-0.1836549983,0.876568193,-0.1659653929,0.9681753654,-0.03078654001,0.853580265,-0.005470150246,0.8336988338,0.7964515282
244,2015-01-02T16:04:00,244,245,250,1,0.6626635262,0.07774770927,0,0,-1.279865515,0,0.07774770927,-0.006678557734,0.6857412878,-0.1151064613,0.5477940882,-0.2488178501,0.8205579365,-0.1861352577,0.9580993053,-0.02906828717,0.8535984172,0.009076848373,0.819708434,0.5487366907
245,2015-01-02T16:05:00,245,246,251,1,-0.2708883336,0.4065172602,0,0,-0.9849541135,0,0.4065172602,0.2248591854,0.62485251,-0.04682755597,0.5558519416,-0.2219228985,0.8250545938,-0.1601687154,0.9550369215,-0.01958379696,0.8538998954,0.01700836038,0.8190369003,0.693001084
246,2015-01-02T17:00:00,246,247,252,1,-1.60884281,0.3121865587,0,0,-0.860092388,0,0.3121865587,0.08526178493,0.4536988253,0.01023488765,0.558603985,-0.2564152395,0.7971101308,-0.1627568385,0.9540501202,-0.006844779488,0.8509502489,0.02593649834,0.8165969236,1.112930291
247,2015-01-02T17:01:00,247,248,253,1,-2.726651175,-0.1699671282,0,0,-1.44293117,0,-0.1699671282,0.2059218062,0.3033676744,0.06385300356,0.5148424557,-0.2676479118,0.7979219712,-0.1760357609,0.952718427,0.005015629635,0.841921031,0.01704462789,0.8126286629,0.1139268355
248,2015-01-02T17:02:00,248,249,254,1,-4.964319325,0.5507816535,0,0,-1.648112402,0,0.5507816535,0.2354532107,0.3467018001,0.1138419232,0.5432676992,-0.2285436889,0.8057123831,-0.2124742703,0.9024535875,0.006286646707,0.8426754354,0.0306938268,0.8081118269,-0.9638894175
249,2015-01-02T17:03:00,249,250,255,1,-7.156123018,0.7321157653,0,0,-1.419628791,0,0.7321157653,0.3663268219,0.475596358,0.1798241321,0.5900987246,-0.1790043116,0.8201381374,-0.1522643754,0.8703875266,0.003255690745,0.8396004601,0.02680833784,0.8034574204,-2.721773101
250,2015-01-02T17:04:00,250,251,256,1,-5.251170485,-1.168970583,0,0,-1.234452379,0,-1.168970583,0.0512292532,0.6829634573,0.1380442193,0.6545531848,-0.1588564035,0.7857500727,-0.2110768104,0.8698956024,-0.01906183577,0.8469121781,0.01104135699,0.8078207584,-2.840578011
251,2015-01-02T17:05:00,251,252,257,1,-4.160030694,-0.5270345996,0,0,-0.4656873739,0,-0.5270345996,-0.1166149785,0.7088724063,-0.01567659677,0.5951229757,-0.1332723476,0.7598321743,-0.2181066853,0.8730129255,-0.03616993718,0.8437288602,0.008907147317,0.808874156,-4.000429908
252,2015-01-02T18:00:00,252,253,258,1,-3.832026368,-1.025767918,0,0,-0.403991775,0,-1.025767918,-0.2877751364,0.840929419,-0.04092666513,0.6321369447,-0.2332791184,0.7632072609,-0.223695191,0.8788443161,-0.04143584897,0.8488010427,-0.003964751078,0.8128974529,-4.434349918
253,2015-01-02T18:01:00,253,254,259,1,-2.829511097,-1.287775493,0,0,-0.8429829751,0,-1.287775493,-0.6554865657,0.9890214082,-0.2100166775,0.7410686487,-0.1905580642,0.6602675975,-0.2934969111,0.8702034335,-0.05337341784,0.8601212608,-0.0215169353,0.8179482342,-2.410592474
254,2015-01-02T18:02:00,254,255,260,1,-1.500124888,-1.686886497,0,0,-1.083729028,0,-1.686886497,-1.139287018,1.200034107,-0.3864800981,0.9127633191,-0.2507932797,0.7527334322,-0.3296657907,0.9093690619,-0.07884043826,0.879683465,-0.03063084072,0.8305540134,-0.1596007863
255,2015-01-02T18:03:00,255,256,261,1,-0.01880641206,-1.459687928,0,0,-0.9206930633,0,-1.459687928,-1.197430487,1.262109814,-0.5731006169,1.014731557,-0.3099640864,0.8181233141,-0.3369207456,0.9197970733,-0.09991087203,0.8943368828,-0.04026033697,0.8407168514,0.6023235492
256,2015-01-02T18:04:00,256,257,262,1,0.3084192248,0.7359819502,0,0,-1.161105405,0,0.7359819502,-0.9448271771,1.282849163,-0.5307210778,1.036388456,-0.2602430951,0.8325080911,-0.295586293,0.9157117446,-0.07879053527,0.8917630533,-0.03517804732,0.8433185703,-0.4189186223
257,2015-01-02T18:05:00,257,258,263,1,-0.6683020573,0.5641051914,0,0,-1.149639467,0,0.5641051914,-0.6268525552,1.224297735,-0.4573138458,1.050254072,-0.1967304211,0.8270720555,-0.3074448609,0.9052756566,-0.06797453412,0.8933561426,-0.03512363281,0.8433547573,-1.340524102
258,2015-01-02T19:00:00,258,259,264,1,-0.03128285764,-0.6977635923,0,0,-1.288979205,0,-0.6977635923,-0.5088501751,1.124547289,-0.5821683704,1.058954662,-0.2341632236,0.8415832605,-0.32145044,0.9117142814,-0.09234720499,0.88576281,-0.04957180995,0.8404523139,-0.6211299613
259,2015-01-02T19:01:00,259,260,265,1,-0.05154718334,-0.2852602214,0,0,-1.134207014,0,-0.2852602214,-0.22852492,0.8436611132,-0.6839059691,1.037267066,-0.2520409185,0.8438422455,-0.297003681,0.8907130819,-0.08472939063,0.8806742582,-0.05570566546,0.83984801,0.7273378471
260,2015-01-02T19:02:00,260,261,266,1,-0.3259082252,-0.3575002881,0,0,-0.8783270114,0,-0.3575002881,-0.008087392054,0.5578419093,-0.6027589395,0.9757327446,-0.2323573601,0.8308111279,-0.2938059861,0.8891987575,-0.088198608,0.8815354808,-0.04804743194,0.832364832,0.6722220445
261,2015-01-02T19:03:00,261,262,267,1,-0.04171053557,0.02163054821,0,0,-0.7941721163,0,0.02163054821,-0.1509576724,0.4504967099,-0.5478924248,0.9614180309,-0.2817845108,0.7995298576,-0.2460281079,0.8375155689,-0.08938013015,0.8814431408,-0.04476321159,0.8316723875,0.5898471036
262,2015-01-02T19:04:00,262,263,268,1,-1.22692427,1.063207587,0,0,-0.1692582513,0,1.063207587,-0.05113719331,0.6044720232,-0.3389948743,0.9654769211,-0.1899607697,0.8160094368,-0.1991857829,0.8445533864,-0.0828352081,0.8873738511,-0.02785460914,0.8326617372,-0.7788850305
263,2015-01-02T19:05:00,263,264,269,1,-1.571261776,-0.4126160908,0,0,-0.9323450878,0,-0.4126160908,0.005892307,0.5496016998,-0.251478934,0.8850617589,-0.2307478058,0.8162466107,-0.2072014021,0.8469446046,-0.09188449341,0.8878901666,-0.03463797452,0.8327074723,-0.9981302697
264,2015-01-02T20:00:00,264,265,270,1,-0.8847815289,-0.06074439264,0,0,-0.7606837534,0,-0.06074439264,0.05079547275,0.5352806048,-0.08886472363,0.7065017338,-0.2376724109,0.816174484,-0.2432451305,0.8183691451,-0.08946049227,0.8874595182,-0.04777293198,0.821154207,-0.6315576392
265,2015-01-02T20:01:00,265,266,271,1,-0.148727132,-0.3055245471,0,0,-0.6655272921,0,-0.3055245471,0.06119062095,0.5288034459,0.02655161445,0.543516642,-0.2732745012,0.8139688179,-0.2475986999,0.8195304507,-0.09020450308,0.8876906777,-0.04911794456,0.8215223754,-0.4480392392
266,2015-01-02T20:02:00,266,267,272,1,0.6391449788,-0.63186133,0,0,-0.5791798559,0,-0.63186133,-0.06950775469,0.5994908309,-0.1102327136,0.5302530255,-0.3204768957,0.8231856724,-0.2884460676,0.8102528037,-0.1159214157,0.8761192938,-0.06215708812,0.8191303698,-0.5731315065
267,2015-01-02T20:03:00,267,268,273,1,-0.4340455981,0.3058282379,0,0,-0.9598322691,0,0.3058282379,-0.2209836245,0.3898889124,-0.1360604089,0.5086254962,-0.2966871274,0.8251465055,-0.2821675196,0.811648393,-0.1066922138,0.875451806,-0.05899205035,0.8195781737,-0.2532238897
268,2015-01-02T20:04:00,268,269,274,1,-0.2115878286,-0.1220061471,0,0,-1.156720042,0,-0.1220061471,-0.1628616358,0.3477643689,-0.07848466439,0.4598924248,-0.3303265174,0.8163596077,-0.2794351031,0.8110534672,-0.0925876263,0.8643257609,-0.06730416803,0.8157485432,0.2993121073
269,2015-01-02T20:05:00,269,270,275,1,0.5311766464,-0.7569535973,0,0,-0.363181404,0,-0.7569535973,-0.3021034767,0.4845594182,-0.125654002,0.5105502696,-0.4047799855,0.8174914506,-0.2918921485,0.8188158634,-0.1058843872,0.8677815248,-0.07282074671,0.8186240633,1.212276485
270,2015-01-02T21:00:00,270,271,276,1,0.4800548591,0.6257358547,0,0,0.01412381393,0,0.6257358547,-0.1158513964,0.5426212785,-0.02733038771,0.5357569115,-0.3150446636,0.7871117637,-0.2369505336,0.7864312129,-0.09349262623,0.8696368518,-0.06643743468,0.8205146499,-0.1808217083
271,2015-01-02T21:01:00,271,272,277,1,-0.2122336979,0.4305298499,0,0,0.2277351441,0,0.4305298499,0.09662683961,0.50165655,0.01355954246,0.5527425036,-0.2671664412,0.7841711884,-0.2002193944,0.7720975928,-0.07152782185,0.8582453328,-0.07056447522,0.8170965468,-0.5108999359
272,2015-01-02T21:02:00,272,273,278,1,-0.01204527442,0.1560107808,0,0,0.6089109688,0,0.1560107808,0.06666334818,0.4876689294,-0.07716013817,0.4414942518,-0.2080775062,0.7506873049,-0.2206783123,0.7569731676,-0.06380950226,0.8568707819,-0.0789647492,0.8102826346,-0.6810998389
273,2015-01-02T21:03:00,273,274,279,1,0.645996031,-0.767362339,0,0,-0.0278139019,0,-0.767362339,-0.06240789019,0.593812156,-0.112634763,0.4865968212,-0.1820568485,0.7141816238,-0.1863074563,0.6877531141,-0.0793081766,0.8595330258,-0.08215466329,0.812546935,0.6608765675
274,2015-01-02T21:04:00,274,275,280,1,0.4889745885,0.1004516224,0,0,0.4627448517,0,0.1004516224,0.1090731537,0.4899339063,-0.09651516149,0.4872540725,-0.09268994256,0.6068612819,-0.1717416111,0.6836988502,-0.08677940512,0.8560551897,-0.08792306859,0.8093705519,0.298666238
275,2015-01-02T21:05:00,275,276,281,1,0.8445453169,-0.01418912227,0,0,-0.1616086974,0,-0.01418912227,-0.01891184164,0.4022019727,-0.06738161901,0.4776003972,-0.02041500228,0.5116211877,-0.1651895444,0.6823056488,-0.09748248417,0.8508641198,-0.09377596005,0.8069299997,0.6690545645
276,2015-01-02T22:00:00,276,277,282,1,0.3494074622,0.5746140674,0,0,-0.6307614336,0,0.5746140674,0.009905001847,0.4367281784,0.05326592073,0.4703141482,-0.02848339642,0.5011804411,-0.1443632457,0.687114094,-0.09902108571,0.8497129884,-0.07900343129,0.8012026694,-0.01488053649
277,2015-01-02T22:01:00,277,278,283,1,1.018720407,-0.2617587071,0,0,-0.7048087255,0,-0.2617587071,-0.07364889573,0.446729396,-0.003492773774,0.4676473767,-0.06977659135,0.4885662516,-0.1332535062,0.6792441266,-0.1074685097,0.8489557223,-0.07787415186,0.8007380891,0.1903083505
278,2015-01-02T22:02:00,278,279,284,1,1.276890331,0.3561992042,0,0,-0.2332030356,0,0.3561992042,0.1510634129,0.3273740002,0.04432776136,0.4794719035,-0.01707845152,0.4697841784,-0.1256208376,0.6815275338,-0.1045295617,0.8497814584,-0.07290326242,0.8010977294,0.1754907524
279,2015-01-02T22:03:00,279,280,285,1,2.237467385,-0.1093210336,0,0,-0.6532089097,0,-0.1093210336,0.1091088817,0.3279418363,0.1090910177,0.4168819261,-0.008281492127,0.4660751646,-0.1301612053,0.6816508616,-0.1090743621,0.8493937807,-0.06850597587,0.7990468101,0.3642879986
280,2015-01-02T22:04:00,280,281,286,1,4.609881155,-0.05656982016,0,0,-0.2217973115,0,-0.05656982016,0.1006327421,0.3288549994,0.04086045025,0.3673636056,0.00676503127,0.4593427299,-0.1127961644,0.6712834251,-0.1117394647,0.849236776,-0.06325119053,0.7965976073,0.8284120565
281,2015-01-02T22:05:00,281,282,287,1,5.455843197,0.3413816062,0,0,0.5119632883,0,0.3413816062,0.05398624991,0.2557686954,0.03194562588,0.3578750672,0.02275258417,0.4656172457,-0.1295159633,0.6542352072,-0.1295571209,0.8268254662,-0.05562306285,0.7954830941,1.101399578
282,2015-01-02T23:00:00,282,283,288,1,4.87665333,0.07947621262,0,0,0.9357191356,0,0.07947621262,0.1222332339,0.2301681887,0.02429216906,0.3553481028,-0.02643398455,0.4007427158,-0.1081973771,0.6428320641,-0.1397444198,0.8208036129,-0.05125374156,0.7944790438,1.873179386
283,2015-01-02T23:01:00,283,284,289,1,5.591616401,0.4075542377,0,0,0.9918902297,0,0.4075542377,0.1325042406,0.2466209882,0.1417838267,0.2898237808,0.01457453187,0.4004836391,-0.108086637,0.6429018878,-0.1370260149,0.8217926672,-0.05655323899,0.7896246735,3.781469098
284,2015-01-02T23:02:00,284,285,290,1,5.608780099,0.6143691278,0,0,0.3766440721,0,0.6143691278,0.2772422728,0.365952974,0.1931755773,0.347467572,0.0483302079,0.4231726862,-0.09467110149,0.6500830373,-0.1404031796,0.8187069788,-0.05093589194,0.7915951135,4.354443619
285,2015-01-02T23:03:00,285,286,291,1,4.479563194,0.8512560206,0,0,0.09937604953,0,0.8512560206,0.458807441,0.5274551287,0.2797200916,0.4395193531,0.1061692363,0.4589550093,-0.08355263248,0.6607514423,-0.121860674,0.8211845073,-0.04090674213,0.7947499673,3.003473944
286,2015-01-02T23:04:00,286,287,292,1,0.5366215737,2.31584395,0,0,-0.3189499779,0,2.31584395,0.8536999097,1.152183697,0.4538430798,0.834549249,0.2535545003,0.6773728098,-0.0334611977,0.7538131648,-0.0981090181,0.8597807625,-0.01571691889,0.8198509905,1.810147303
287,2015-01-02T23:05:00,287,288,293,1,-0.3362489027,1.187343649,0,0,-0.3958280376,0,1.187343649,1.075273397,1.268156523,0.5987533154,0.9113721419,0.2976302708,0.7243249443,0.0004715717274,0.7763740659,-0.08778209461,0.8690308083,0.003500943666,0.8206539537,1.25433648
288,2015-01-03T00:00:00,288,289,294,1,-0.7465075608,-0.4997136545,0,0,-0.4420232714,0,-0.4997136545,0.8938198185,1.274732765,0.5131620295,0.9180864705,0.2787448954,0.7323851697,-0.02579081097,0.7755098471,-0.1191325406,0.841379225,-0.004405839186,0.8208977407,1.47608925
289,2015-01-03T00:01:00,289,290,295,1,-3.44422287,1.122517308,0,0,-0.6546997699,0,1.122517308,0.9954494546,1.342185814,0.6363458637,0.9837134589,0.3727184407,0.7554742582,-0.01603077239,0.7870939037,-0.08414757391,0.8297864966,-0.003173130302,0.8224708057,-1.273525729
290,2015-01-03T00:02:00,290,291,296,1,-3.608980367,0.6315328258,0,0,0.09961998556,0,0.6315328258,0.9515048157,1.31768818,0.7051561283,1.003621206,0.3730082893,0.7557154043,0.02898181283,0.7715732956,-0.09104749877,0.8222054821,-0.003047286236,0.822566274,-1.590585382
291,2015-01-03T00:03:00,291,292,297,1,-1.849786869,-0.2779608841,0,0,0.7696689986,0,-0.2779608841,0.4327438489,0.8240921973,0.6432218793,1.001662424,0.3375837526,0.7521310307,0.03520865572,0.7683181438,-0.09144901478,0.8223333686,-0.01237707288,0.8193634824,-2.222596811
292,2015-01-03T00:04:00,292,293,298,1,0.1230476075,-1.627097671,0,0,0.8266143133,0,-1.627097671,-0.130144415,0.9626319793,0.472564491,1.125806665,0.24842833,0.8347792886,0.0201754119,0.7938475579,-0.1017598895,0.8374250047,-0.02089876202,0.8308871494,-2.170697141
293,2015-01-03T00:05:00,293,294,299,1,1.119502621,0.3144731724,0,0,0.7708358839,0,0.3144731724,0.03269295037,0.9468348618,0.4632563844,1.122817857,0.3025201056,0.8199749274,0.06023162854,0.7688999523,-0.1166326413,0.8211154463,-0.01550506905,0.8308277606,-2.018394985
294,2015-01-03T01:00:00,294,295,300,1,1.991474618,-0.9099723126,0,0,1.009355989,0,-0.9099723126,-0.3738049738,0.9000539739,0.3108222404,1.142707293,0.2519989088,0.8445453425,0.07965448314,0.7353697883,-0.1250056538,0.8269585287,-0.02600879779,0.8343569825,0.3728099419
295,2015-01-03T01:01:00,295,296,301,1,0.09852560193,-1.575198,0,0,0.965113273,0,-1.575198,-0.8151511391,1.107510795,0.06817683829,1.217144671,0.1739484649,0.9150460131,0.07676673133,0.7413047436,-0.1300770071,0.8353320834,-0.04101833758,0.8464060576,2.293744748
296,2015-01-03T01:02:00,296,297,302,1,0.3454968187,0.4667753279,0,0,-0.1384156708,0,0.4667753279,-0.6662038967,1.120135506,-0.1167300239,0.9833187434,0.168556528,0.9119726422,0.07003656577,0.7358246852,-0.1127748636,0.8306521434,-0.02918150159,0.8429947912,3.137897606
297,2015-01-03T01:03:00,297,298,303,1,-2.167860929,1.481232614,0,0,-0.2387428204,0,1.481232614,-0.04453783966,1.078899531,-0.08734112734,1.022419808,0.255706094,0.9684888858,0.09296475134,0.7670292381,-0.1072400548,0.8390047278,-0.01432810563,0.8533276524,1.618664676
298,2015-01-03T01:04:00,298,299,304,1,-2.802565475,0.3457368057,0,0,-0.1847615185,0,0.3457368057,-0.03828511299,1.08081095,-0.002796081314,1.016033603,0.2551829741,0.9682992953,0.1190522613,0.7610192834,-0.1011990894,0.8397539166,-0.02188071623,0.8462272864,-2.195219146
299,2015-01-03T01:05:00,299,300,305,1,-2.849598159,1.310928186,0,0,0.2071029953,0,1.310928186,0.4058949867,1.160279678,0.01604500642,1.038351117,0.3261954351,1.011401308,0.1589569715,0.7874511621,-0.06902335479,0.8406691165,-0.003500603263,0.8507356876,-2.792400787
300,2015-01-03T02:00:00,300,301,306,1,-3.259259672,-0.03800031534,0,0,0.560169677,0,-0.03800031534,0.7133345237,0.9221106154,-0.0509083077,1.019035855,0.3271239103,1.011357899,0.1669444708,0.7854427234,-0.06343075764,0.8389263085,-0.003150915069,0.8507114434,-3.786525606
301,2015-01-03T02:01:00,301,302,307,1,0.6616718064,-3.468147016,0,0,-0.08253937943,0,-3.468147016,-0.07364994519,1.792294867,-0.3699269209,1.494493969,0.1366474792,1.272171339,0.07970003168,0.9579194476,-0.08316403811,0.8997338485,-0.03302007621,0.9076514913,-0.6073463293
302,2015-01-03T02:02:00,302,303,308,1,-1.730679878,0.7137465447,0,0,-0.6275207017,0,0.7137465447,-0.2271471591,1.695699769,-0.1358424994,1.42116535,0.1683609958,1.282020202,0.07096350562,0.9497816917,-0.06411113866,0.8987089864,-0.03156897019,0.9086528426,-0.05719737194
303,2015-01-03T02:03:00,303,304,309,1,-1.252919756,-1.032125134,0,0,-0.9391683174,0,-1.032125134,-0.502719547,1.750584867,-0.27050233,1.454767969,0.09637702721,1.299436374,0.05547577954,0.961488959,-0.07586281126,0.9060287472,-0.04276440243,0.9130824924,0.527265934
304,2015-01-03T02:04:00,304,305,310,1,-0.2196169762,-0.2889677402,0,0,-0.8335819716,0,-0.2889677402,-0.8226987322,1.654551693,-0.2084018728,1.428948956,0.05121018381,1.293768734,0.04977019585,0.9625260153,-0.09673746732,0.8933600584,-0.04305026289,0.9131675865,1.269018136
305,2015-01-03T02:05:00,305,306,311,1,-0.34678524,1.263895502,0,0,-1.798068759,0,1.263895502,-0.5623195688,1.748353188,0.07550747746,1.397681447,0.07184215788,1.310525577,0.08900569708,0.9818648048,-0.0792965014,0.9043474594,-0.0304677697,0.9201536056,-1.673482506
306,2015-01-03T03:00:00,306,307,312,1,-0.01110711905,-0.4476618278,0,0,-1.309364288,0,-0.4476618278,0.04177746898,0.8313906096,-0.0159362381,1.397056054,-0.066333131,1.20803174,0.09361068463,0.9793300282,-0.09741769146,0.8987760873,-0.04607738227,0.9118218646,-1.78018569
307,2015-01-03T03:01:00,307,308,313,1,-0.1781977078,0.4527844615,0,0,-1.484867845,0,0.4527844615,-0.01041494764,0.7939308997,-0.1187810534,1.323956944,-0.1030610904,1.182836475,0.09728459023,0.980751944,-0.09244146469,0.9001798402,-0.03869994577,0.9119038884,-1.488635112
308,2015-01-03T03:02:00,308,309,314,1,1.910352591,-1.67860514,0,0,-1.897985437,0,-1.67860514,-0.1397109489,0.990359964,-0.321215248,1.42220959,-0.1620056646,1.2359216,0.0583696154,1.015846996,-0.1105327439,0.9191715958,-0.04226854574,0.9176170516,1.326697266
309,2015-01-03T03:03:00,309,310,315,1,3.225198,-0.5543650113,0,0,-2.073301506,0,-0.5543650113,-0.1927904031,1.01270751,-0.5077445677,1.371699276,-0.2458497806,1.21649742,0.06343433005,1.012572794,-0.1142289092,0.9208048333,-0.04944481475,0.9185846384,1.769078571
310,2015-01-03T03:04:00,310,311,316,1,2.778064677,0.7443350394,0,0,-1.452290592,0,0.7443350394,-0.2967024956,0.9038235794,-0.4295110322,1.391696075,-0.2402096699,1.219682754,0.06639930967,1.014576708,-0.08527561195,0.907700377,-0.04019531426,0.9204894358,1.310437404
311,2015-01-03T03:05:00,311,312,317,1,1.429347802,1.136727238,0,0,-1.668443283,0,1.136727238,0.02017531757,1.017470689,0.03097639327,0.9291008957,-0.1694752638,1.244335304,0.08405424438,1.028122424,-0.05808257499,0.9091673143,-0.0196671331,0.9183691742,0.5836553242
312,2015-01-03T04:00:00,312,313,318,1,0.3521826702,-0.1119837069,0,0,-1.817544251,0,-0.1119837069,-0.09277831612,0.9983746388,-0.05159663188,0.9019640217,-0.09371956564,1.190220578,0.07735438219,1.02797896,-0.07166196505,0.9027040265,-0.01675487411,0.9174595025,1.456119429
313,2015-01-03T04:01:00,313,314,319,1,-0.7563078647,0.2856938728,0,0,-2.037678217,0,0.2856938728,0.3000814864,0.6704722769,0.08018526877,0.8456789971,-0.09515853062,1.189857725,0.1036807875,1.021792613,-0.04131333443,0.8709375664,-0.01831185524,0.9168159008,1.467627272
314,2015-01-03T04:02:00,314,315,320,1,-1.414215238,0.4099451584,0,0,-1.776228962,0,0.4099451584,0.4929435204,0.6493688994,0.1500765586,0.8506634082,-0.02916265707,1.175908872,0.1114181259,1.023723232,-0.03016174262,0.8704749777,-0.02071356146,0.915363358,0.8456924782
315,2015-01-03T04:03:00,315,316,321,1,-2.819039009,0.7604803981,0,0,-1.454870081,0,0.7604803981,0.4961725921,0.6530996283,0.09973504823,0.7884910231,0.08762126285,1.134731581,0.1307848639,1.030758208,-0.01720234023,0.8740719312,-0.02139336815,0.9147680916,-1.103936759
316,2015-01-03T04:04:00,316,317,322,1,-1.742720236,0.297201716,0,0,-1.493445492,0,0.297201716,0.3282674877,0.431016396,0.1742214026,0.7813519491,0.07914258225,1.131873775,0.1238495551,1.02782108,-0.01025684532,0.874225929,-0.02473087211,0.912951349,-2.223935137
317,2015-01-03T04:05:00,317,318,323,1,-1.113545743,-0.2119896359,0,0,-1.010336385,0,-0.2119896359,0.3082663019,0.4384689096,0.1077439929,0.7710404996,-0.005518530257,1.083366383,0.1250937819,1.027534292,-0.004079862173,0.870976264,-0.02994774585,0.9123738923,-2.259907716
318,2015-01-03T05:00:00,318,319,324,1,0.4148074461,-1.189148839,0,0,-0.42970135,0,-1.189148839,0.01329775949,0.6773077433,0.156689623,0.6738986768,-0.0822628125,1.11283861,0.0864600808,1.043075572,-0.01958037837,0.8810466582,-0.04086634751,0.9187425651,-1.71510225
319,2015-01-03T05:01:00,319,320,325,1,0.7666600359,-0.8227966621,0,0,-0.08242035387,0,-0.8227966621,-0.2332506046,0.748687947,0.1298464579,0.7007901289,-0.1889490549,1.089189081,0.06862319009,1.051015095,-0.03076900761,0.8857992513,-0.04984184472,0.9215154764,0.4812149009
320,2015-01-03T05:02:00,320,321,326,1,0.470676373,-0.2479622145,0,0,0.105977922,0,-0.2479622145,-0.4349391271,0.6761394877,0.03061673249,0.6647193887,-0.1994471499,1.090566328,0.06383838023,1.051708067,-0.0244788921,0.8822446641,-0.05321351636,0.9216825306,1.146361973
321,2015-01-03T05:03:00,321,322,327,1,1.391456257,-0.6443433729,0,0,0.002815359682,0,-0.6443433729,-0.6232481449,0.7228654863,-0.1474903286,0.5951090845,-0.05825696767,0.7801869317,0.03919525575,1.055251526,-0.04516035377,0.877946322,-0.0733063287,0.9093654354,2.129909696
322,2015-01-03T05:04:00,322,323,328,1,-0.1797060891,1.373520488,0,0,-0.1980270682,0,1.373520488,-0.3061461201,0.9438528998,0.001060090902,0.7359053204,-0.02526827049,0.8231329592,0.07154636265,1.077293755,-0.01832550724,0.8870724031,-0.069314159,0.9143301694,0.2854451349
323,2015-01-03T05:05:00,323,324,329,1,-1.204880941,0.4171848573,0,0,0.4447477752,0,0.4171848573,0.01512061922,0.8017804845,0.01420918935,0.7421582461,0.04719722906,0.795604119,0.07178712814,1.077385912,-0.01814975441,0.887153662,-0.06742163391,0.9149584286,-0.6756855998
324,2015-01-03T06:00:00,324,325,330,1,-0.8205390027,0.33920435,0,0,0.2706260635,0,0.33920435,0.2475208216,0.7283302781,0.007135108511,0.7385792564,0.07860583357,0.7965951142,0.06490800869,1.074337311,-0.0148815464,0.8879213401,-0.07196611683,0.911914267,-0.7384534383
325,2015-01-03T06:01:00,325,326,331,1,-0.3316767686,-0.4709440723,0,0,0.2152634668,0,-0.4709440723,0.2029244501,0.7500170704,-0.1160073385,0.7140343874,-0.008136145146,0.7521845518,0.03185300637,1.06847061,-0.02584981305,0.8883191749,-0.07062278052,0.9111014277,-0.465151224
326,2015-01-03T06:02:00,326,327,332,1,0.4469592518,-0.5439458774,0,0,1.117701621,0,-0.5439458774,0.2230039492,0.7339382488,-0.2001220979,0.7284229075,-0.01295034763,0.7553511768,-0.03964173931,1.007446298,-0.03655146851,0.8897140917,-0.07861992517,0.9116640393,-0.5291953416
327,2015-01-03T06:03:00,327,328,333,1,2.294751758,0.2764365114,0,0,0.9389410517,0,0.2764365114,0.003587153789,0.4202821381,-0.1512794831,0.7305803762,-0.02176774513,0.7510829309,-0.06241441775,0.9907642745,-0.03097142301,0.8900479026,-0.07932620232,0.9114170174,-0.08208556441
328,2015-01-03T06:04:00,328,329,334,1,1.913590515,-0.1976418581,0,0,0.9604624155,0,-0.1976418581,-0.1193781893,0.3868344547,-0.05212878503,0.6294810722,0.05228041897,0.6520681893,-0.05486262284,0.9881030118,-0.0403267169,0.8881900373,-0.09770923471,0.8929698693,0.1334744555
329,2015-01-03T06:05:00,329,330,335,1,2.436919284,-0.6079899949,0,0,0.7953475484,0,-0.6079899949,-0.3088170583,0.4478385244,-0.03064811831,0.6045760242,0.04959916979,0.6544535789,-0.09812530542,0.9767741448,-0.05707803891,0.887018755,-0.08880681775,0.881509877,0.9761545934
330,2015-01-03T07:00:00,330,331,336,1,2.434110672,0.7235462886,0,0,1.196722554,0,0.7235462886,-0.06991898608,0.5107891213,0.066502732,0.6416506574,0.04855973225,0.6532868558,-0.09582496885,0.9783684725,-0.03342157801,0.8810590838,-0.0926399888,0.8773537062,2.376837322
331,2015-01-03T07:01:00,331,332,337,1,3.05996537,0.01791816183,0,0,0.7724990103,0,0.01791816183,0.04245382177,0.4492152213,0.1327288855,0.6084651461,-0.007380721576,0.6018241672,-0.0884279927,0.9773849488,-0.02660966849,0.8790887635,-0.09044200742,0.8770681608,1.78011606
332,2015-01-03T07:02:00,332,333,338,1,3.757172088,0.234690143,0,0,0.6988698075,0,0.234690143,0.03410454808,0.4444398482,0.01884585093,0.4325296835,0.009952970917,0.6035886711,-0.04188329736,0.9436483212,-0.01085394273,0.8719707849,-0.08180102547,0.8742679664,1.460764691
333,2015-01-03T07:03:00,333,334,339,1,2.904602824,2.124229018,0,0,0.9997578855,0,2.124229018,0.4984787232,1.045076122,0.189550267,0.7879800115,0.1018797282,0.7654120984,0.003360598769,1.00040419,0.03179611365,0.8921927144,-0.0766348946,0.8849236681,0.05727334973
334,2015-01-03T07:04:00,334,335,340,1,3.584054327,-0.5788031008,0,0,0.2030756663,0,-0.5788031008,0.504316102,1.041756373,0.09774952189,0.8018153418,0.0524423152,0.7708460159,0.01163982906,0.9942246366,0.0456471561,0.8744287717,-0.07945715949,0.8862286094,1.279849311
335,2015-01-03T07:05:00,335,336,341,1,5.433634267,-0.08466122575,0,0,0.4841912232,0,-0.08466122575,0.3426745992,0.990952067,0.1363778065,0.7883183131,0.01018523401,0.7520940331,0.04890324843,0.9626165372,0.06283498988,0.8591167908,-0.07041692194,0.8798086869,2.296407397
336,2015-01-03T08:00:00,336,337,342,1,4.731858431,0.7207376763,0,0,-0.1214420638,0,0.7207376763,0.4832385021,1.042024158,0.2628461619,0.8023741838,0.03136203202,0.7662911532,0.05525230714,0.9665247992,0.06264443645,0.8589552243,-0.05676580668,0.8782816849,2.847329474
337,2015-01-03T08:01:00,337,338,343,1,4.041764888,0.6437728601,0,0,-0.01889011746,0,0.6437728601,0.5650550455,1.075958713,0.2995797968,0.8231688562,0.07415015682,0.7782527391,0.03431581328,0.9432285107,0.06364028231,0.8596551272,-0.06005476542,0.8751262556,2.304205017
338,2015-01-03T08:02:00,338,339,344,1,2.425316529,0.9318968611,0,0,0.6398252646,0,0.9318968611,0.3265886142,0.6549074142,0.4125336687,0.8720916875,0.1802024418,0.7605229555,0.04896981467,0.9531014998,0.08401103798,0.8624247268,-0.05114278802,0.8791616745,3.137226869
339,2015-01-03T08:03:00,339,340,345,1,1.594562656,1.271659753,0,0,0.3786106923,0,1.271659753,0.6966811849,0.8278434759,0.6004986434,0.9408988153,0.2849252626,0.790823226,0.04798810384,0.9517705156,0.1034725377,0.8734833848,-0.03001953524,0.879264132,1.884528957
340,2015-01-03T08:04:00,340,341,346,1,1.855163686,0.100648403,0,0,0.8702939377,0,0.100648403,0.7337431106,0.8282012655,0.5382088549,0.913209542,0.3023557934,0.7891980847,0.0514543218,0.9518845867,0.1091993963,0.8726409737,-0.02513573116,0.878194923,1.737559871
341,2015-01-03T08:05:00,341,342,347,1,0.2445642019,1.764918713,0,0,1.54559248,0,1.764918713,0.9425793181,1.097730563,0.7129089101,1.070239865,0.4228188978,0.8705294946,0.182280965,0.8265933854,0.1309904984,0.8946692944,0.005317629606,0.8760324615,-0.7119103405
342,2015-01-03T09:00:00,342,343,348,1,0.6502886575,0.01896184085,0,0,1.316190646,0,0.01896184085,0.8176171142,1.05933734,0.6913360798,1.067680372,0.3550909654,0.8145622456,0.1649113475,0.8188588158,0.1179374265,0.8867398215,0.01222969004,0.8729042415,-0.2899663017
343,2015-01-03T09:01:00,343,344,349,1,2.082119102,-0.04632068335,0,0,1.700836145,0,-0.04632068335,0.6219736053,0.9741346775,0.4742811098,0.830012678,0.3319156884,0.8092692828,0.1895564587,0.8024657894,0.1225161191,0.8855541659,0.01261027873,0.8728740888,0.1176038154
344,2015-01-03T09:02:00,344,345,350,1,2.129851751,-0.684551498,0,0,1.571542801,0,-0.684551498,0.2307313552,0.8480783073,0.46370627,0.8380219675,0.280727896,0.8201184854,0.1796668648,0.8084423623,0.1147185303,0.888829394,-0.004602689955,0.8659798768,0.9564745424
345,2015-01-03T09:03:00,345,346,351,1,0.699954669,0.4409058797,0,0,1.570325894,0,0.4409058797,0.2987828505,0.8695345848,0.5162629806,0.8491194646,0.3263203936,0.8192831098,0.1590921242,0.7864497485,0.1240489106,0.8895396848,0.0001663738049,0.8668317525,0.9402549592
346,2015-01-03T09:04:00,346,347,352,1,-1.274132894,0.3612494337,0,0,1.141421008,0,0.3612494337,0.01804899457,0.3990025209,0.4803141563,0.8258981176,0.3715801591,0.8142211099,0.1793149057,0.7853379578,0.1364627952,0.8876494275,-0.005173492395,0.8626224779,1.964515287
347,2015-01-03T09:05:00,347,348,353,1,-1.835091907,0.1543192291,0,0,0.6533958869,0,0.1543192291,0.04512047222,0.4048382224,0.4313687932,0.801900738,0.365474295,0.8126043808,0.1718532749,0.7824485442,0.1345689326,0.8871584131,-0.004343218149,0.862723056,1.173377209
348,2015-01-03T10:00:00,348,349,354,1,-2.328385225,0.4246862964,0,0,0.5543315233,0,0.4246862964,0.1393218682,0.446695148,0.3806477368,0.7577845753,0.3965907027,0.8169398307,0.2244355608,0.7391155561,0.1414025881,0.8883233994,0.001123357706,0.8633355181,-0.2403002902
349,2015-01-03T10:01:00,349,350,355,1,-2.593567484,1.385509762,0,0,0.8143807749,0,1.385509762,0.5533341201,0.6998155932,0.3920327376,0.7774891253,0.4962656905,0.8630700784,0.2729324302,0.7658979851,0.1681833801,0.8977481238,0.01482487056,0.8722313924,-3.238648181
350,2015-01-03T10:02:00,350,351,356,1,-1.269112291,-0.6368188493,0,0,0.2127884367,0,-0.6368188493,0.3377891743,0.7293626772,0.3182860124,0.8025148936,0.4282474337,0.8596458056,0.2384035829,0.7634705715,0.1524014463,0.8978455351,0.02261745302,0.8623083869,-3.008469116
351,2015-01-03T10:03:00,351,352,357,1,0.6770615415,-0.9889912024,0,0,-0.2434748836,0,-0.9889912024,0.06774104707,0.8375502396,0.04289502082,0.6560081614,0.3779019654,0.8876260688,0.1852606219,0.7583114025,0.1346574332,0.9033470819,0.02303182398,0.8618210552,-2.088084935
352,2015-01-03T10:04:00,352,353,358,1,2.426452095,-1.612838129,0,0,0.08077733977,0,-1.612838129,-0.2856904246,1.103166753,-0.1202849762,0.8309244465,0.2855255518,0.9566548,0.1477392614,0.7998461384,0.1125468218,0.9210034168,0.001471777087,0.8697706525,0.645080697
353,2015-01-03T10:05:00,353,354,359,1,1.79132846,-0.406639784,0,0,0.342189092,0,-0.406639784,-0.4519556407,1.101805962,-0.1563168863,0.8406880912,0.1589821117,0.8353674378,0.1304309199,0.8011536795,0.1170558537,0.9181250899,0.01593475037,0.8483143496,1.739356825
354,2015-01-03T11:00:00,354,355,360,1,0.6330483956,-0.06860702134,0,0,0.4070479197,0,-0.06860702134,-0.7427789973,0.9115866952,-0.09472243861,0.8126291181,0.1844919157,0.825423195,0.1184671155,0.7986009739,0.1149426207,0.9180884411,0.01938121007,0.847194761,2.765146476
355,2015-01-03T11:01:00,355,356,361,1,0.8336084141,1.120327502,0,0,0.001428931866,0,1.120327502,-0.391349727,1.000454595,-0.02678027634,0.8754653936,0.2447413521,0.8623930428,0.1274632931,0.809125205,0.1291240785,0.9265921651,0.03101953753,0.8529726606,1.781371398
356,2015-01-03T11:02:00,356,357,362,1,-0.5072668377,0.6876363442,0,0,0.278805099,0,0.6876363442,-0.05602421766,0.9486081513,0.005858414708,0.8948038412,0.2430862855,0.8610405376,0.1372241588,0.8150438451,0.1305368569,0.9275539449,0.03890348938,0.8549538817,0.05197163491
357,2015-01-03T11:03:00,357,358,363,1,0.2347409136,0.9571826298,0,0,0.3791727845,0,0.9571826298,0.4579799342,0.7502318146,0.08614475478,0.9433516473,0.258756774,0.8754876139,0.1664534654,0.8282982217,0.1457736236,0.9332482696,0.05276458035,0.8569864349,-2.132098081
358,2015-01-03T11:04:00,358,359,364,1,-0.1825109263,0.1365524237,0,0,-0.3270705273,0,0.1365524237,0.5666183757,0.7304148861,0.0573313675,0.9347412166,0.2189895521,0.8508756092,0.199595997,0.8069648283,0.1430280389,0.9325231586,0.05347841341,0.8570644982,-0.9477629835
359,2015-01-03T11:05:00,359,360,365,1,0.0236947513,-1.041763419,0,0,-0.8377670444,0,-1.041763419,0.3719870963,0.8658052467,-0.1853959505,0.8889907277,0.1033183936,0.8351029439,0.1941218281,0.8132645024,0.1313725091,0.9396892787,0.04419460428,0.8622992091,-0.5592384726
360,2015-01-03T12:00:00,360,361,366,1,1.935240138,-1.226887086,0,0,-0.4134583967,0,-1.226887086,-0.09745582135,0.8942272457,-0.2444027742,0.9488286892,0.03694161913,0.8787223782,0.1696487063,0.8351606537,0.1167435433,0.9496270782,0.04023030736,0.8668342041,2.366838994
361,2015-01-03T12:01:00,361,362,367,1,0.9992615269,1.320887521,0,0,-0.6046188227,0,1.320887521,0.02919441399,1.026655924,-0.01341490183,0.9884027043,0.0147400595,0.8388344931,0.2187794786,0.8548289033,0.1289873672,0.9602833531,0.04281959036,0.8703087465,0.7652520572
362,2015-01-03T12:02:00,362,363,368,1,2.465915552,-0.6532389076,0,0,-0.01040166654,0,-0.6532389076,-0.2928898935,0.9778174082,0.08254502035,0.8714857026,-0.01886997793,0.8514466412,0.1681104937,0.8332085678,0.1198284282,0.9630156674,0.04381982642,0.8694886264,0.5829332239
363,2015-01-03T12:03:00,363,364,369,1,2.226257897,1.699190381,0,0,0.7561137938,0,1.699190381,0.01963769799,1.236869905,0.2931280369,1.015714789,0.06840557529,0.9323178107,0.2001606318,0.8729642811,0.13597388,0.9805169654,0.05462037434,0.8824492197,-0.4315988564
364,2015-01-03T12:04:00,364,365,370,1,1.888616986,-0.2806994162,0,0,0.2801887618,0,-0.2806994162,0.1718504985,1.152628036,0.2719187974,1.019355216,0.08859817938,0.9218056034,0.1846630377,0.8724448122,0.1247855232,0.9786114161,0.05163331496,0.8827926451,0.2340094697
365,2015-01-03T12:05:00,365,366,371,1,3.833726536,-0.835557741,0,0,1.103286833,0,-0.835557741,0.2501163674,1.080338999,0.07633027304,0.991658893,0.02477499835,0.9353681135,0.175547696,0.8792435162,0.1037003512,0.9784422838,0.04128268995,0.8853042931,1.882982328
366,2015-01-03T13:00:00,366,367,372,1,4.804101445,0.6846583008,0,0,0.7683195066,0,0.6846583008,0.1228705234,0.9549528691,0.0760324687,0.9914528152,0.0409454417,0.9443655539,0.2062628004,0.8816978834,0.08331053055,0.9466623474,0.04438662113,0.8870500714,2.657856754
367,2015-01-03T13:01:00,367,368,373,1,4.51353834,0.3849089099,0,0,0.7043324497,0,0.3849089099,0.3305000869,0.925322507,0.01880509671,0.9519318846,0.05247492574,0.9476514769,0.2089746104,0.882714337,0.07328009631,0.938295915,0.04901058812,0.8876101131,1.654607516
368,2015-01-03T13:02:00,368,369,374,1,3.320423948,0.8134151173,0,0,1.033818128,0,0.8134151173,0.1533450341,0.6411715701,0.08649136607,0.9851264242,0.07191136678,0.9602643422,0.2342510348,0.8914870425,0.08969420596,0.941035788,0.05119920031,0.8892903972,1.950744209
369,2015-01-03T13:03:00,369,370,375,1,0.458585348,1.459532726,0,0,1.605478072,0,1.459532726,0.5013914627,0.9063055256,0.3366209806,1.036807864,0.07561251503,0.9657316039,0.2859391028,0.9158404586,0.09390689868,0.9467976224,0.05726100832,0.8967289239,2.146244691
370,2015-01-03T13:04:00,370,371,376,1,0.183303114,-0.6183403272,0,0,1.514872982,0,-0.6183403272,0.5448349454,0.8707624877,0.3974756564,0.9811624899,0.07653644113,0.9651310048,0.2523919374,0.9139115842,0.07828348427,0.9466887693,0.06184959379,0.892144346,2.858930823
371,2015-01-03T13:05:00,371,372,377,1,1.315963589,1.109551809,0,0,1.509386148,0,1.109551809,0.6298136471,0.9543044356,0.3763420853,0.9546287074,0.1814635917,0.9716624607,0.2796827786,0.9305933525,0.09562739294,0.9542759889,0.07548781387,0.8965857639,1.369679739
372,2015-01-03T14:00:00,372,373,378,1,0.651669553,1.655033209,0,0,1.032936524,0,1.655033209,0.8838385069,1.195363111,0.6071692969,1.068904745,0.3448571586,0.9752037438,0.3151913552,0.9659737958,0.1366540289,0.9548763083,0.09782782326,0.9043914111,-1.687659343
373,2015-01-03T14:01:00,373,374,379,1,-0.3675140043,0.09434580513,0,0,1.434904353,0,0.09434580513,0.7400246445,1.139449149,0.4466848393,0.9245121266,0.3699064381,0.9711846389,0.2644442749,0.9058251374,0.1339024368,0.9542870957,0.1093455007,0.8967598822,-2.675627709
374,2015-01-03T14:02:00,374,375,380,1,-0.8775789198,-0.3796992746,0,0,1.701476234,0,-0.3796992746,0.3721782443,0.949279471,0.4367848535,0.928041276,0.3543518254,0.9747680922,0.2694218706,0.9031877669,0.1405308498,0.9497975496,0.1202387276,0.8841190523,-0.05371615092
375,2015-01-03T14:03:00,375,376,381,1,1.018941201,-1.402305874,0,0,1.947160888,0,-1.402305874,0.215385135,1.103609947,0.3801100402,0.9940277221,0.2282201566,0.992844014,0.2364807544,0.9299088656,0.1426920014,0.9464040088,0.1207169114,0.8833447456,2.339328896
376,2015-01-03T14:04:00,376,377,382,1,3.897803634,-0.8936225612,0,0,1.151625904,0,-0.8936225612,-0.1852497391,1.063694565,0.222281954,1.010480847,0.1491572114,1.001012044,0.1961217484,0.9336530192,0.1256870278,0.9502310634,0.1071368738,0.884555654,2.308113705
377,2015-01-03T14:05:00,377,378,383,1,2.438528595,2.242212284,0,0,1.383832573,0,2.242212284,-0.06781392407,1.260603954,0.4080122914,1.228416724,0.2134086941,1.098904445,0.236082734,0.9934962361,0.1351992737,0.9686884934,0.1211210996,0.9064672538,-0.8238627688
378,2015-01-03T15:00:00,378,379,384,1,1.57796223,0.9907391734,0,0,1.562840064,0,0.9907391734,0.1114647496,1.335535445,0.425744697,1.241370067,0.2561180316,1.120596652,0.2375537918,0.9949186298,0.1432618033,0.9742344556,0.1351919559,0.9087383009,-1.320387695
379,2015-01-03T15:01:00,379,380,385,1,3.131608582,-0.9248377522,0,0,1.947276498,0,-0.9248377522,0.00243705406,1.3877628,0.1873076492,1.188910658,0.2619643149,1.115454862,0.1826413542,0.9853010902,0.115314729,0.968680895,0.1298621432,0.912280053,1.589689929
380,2015-01-03T15:02:00,380,381,386,1,5.093106343,-0.8897641901,0,0,0.8038315791,0,-0.8897641901,0.1049453908,1.300357374,0.1601652629,1.206002532,0.2788204597,1.099345701,0.1578810394,0.995166817,0.1046676806,0.9737662091,0.1254266107,0.9153071491,3.262391364
381,2015-01-03T15:03:00,381,382,387,1,5.433103591,0.4942142471,0,0,1.082344547,0,0.4942142471,0.3825127525,1.257006996,0.09863150668,1.164369511,0.237486796,1.064676553,0.1261134277,0.9584308713,0.1541971964,0.8949431155,0.1293648082,0.9164162133,2.898349925
382,2015-01-03T15:04:00,382,383,388,1,3.565488833,1.985239872,0,0,0.64843865,0,1.985239872,0.33111827,1.167389769,0.131652173,1.214891189,0.3694107349,1.144228551,0.1752703785,1.008518805,0.170090863,0.9185967397,0.1370484105,0.9291080314,1.541918653
383,2015-01-03T15:05:00,383,384,389,1,4.424658654,0.7829372454,0,0,0.609364647,0,0.7829372454,0.2895578844,1.135378437,0.200511317,1.239503756,0.3235980782,1.093410315,0.1960018267,1.016061666,0.1927791427,0.9155142411,0.147011355,0.931091415,1.830714979
384,2015-01-03T16:00:00,384,385,390,1,4.599201113,0.1301728079,0,0,0.5006626563,0,0.1301728079,0.5005599964,1.058965634,0.2514985252,1.234360929,0.3441416894,1.09199531,0.2163699344,1.010489814,0.1980183996,0.9150597566,0.1486023317,0.9311507301,2.534753667
385,2015-01-03T16:01:00,385,386,391,1,4.183977703,0.6288085996,0,0,-0.06727598165,0,0.6288085996,0.8042745543,1.020858562,0.4546099725,1.168991339,0.4173600064,1.085041903,0.2210675024,1.012973208,0.1900798133,0.9068125294,0.1563884412,0.9325013712,2.02357018
386,2015-01-03T16:02:00,386,387,392,1,3.330563164,1.071733571,0,0,0.2401257957,0,1.071733571,0.9197784191,1.10590471,0.6511455858,1.183869042,0.4367137699,1.100594714,0.2388296058,1.025459659,0.2090722558,0.9133244824,0.1705850654,0.9358437413,2.593943675
387,2015-01-03T16:03:00,387,388,393,1,1.987745436,0.8342114957,0,0,1.210103086,0,0.8342114957,0.689572744,0.7576090829,0.510345507,0.9840656469,0.4591788992,1.112967395,0.2558269125,1.033619791,0.2138400937,0.9166775868,0.1749882592,0.9385218825,2.064447446
388,2015-01-03T16:04:00,388,389,394,1,2.621646301,0.1176251133,0,0,1.782693685,0,0.1176251133,0.5565103175,0.6738994805,0.423034101,0.9336018172,0.424389399,1.098319625,0.2481503829,1.031603995,0.2362929719,0.8973568431,0.1769851864,0.9385172217,2.160407523
389,2015-01-03T16:05:00,389,390,395,1,-0.008801643583,1.642107066,0,0,2.082787035,0,1.642107066,0.8588971691,0.9950148949,0.6797285828,1.027487921,0.433518116,1.111134551,0.2545653155,1.040974909,0.2637488728,0.9138458524,0.1969773586,0.9478980515,0.7366194892
390,2015-01-03T17:00:00,390,391,396,1,1.150691843,0.3047152669,0,0,2.217396835,0,0.3047152669,0.7940785026,0.9641290727,0.7991765285,0.9928990562,0.4796708957,1.104601884,0.2781036684,1.037213377,0.2582536257,0.9106862529,0.194302187,0.9465841746,-0.07670200984
391,2015-01-03T17:01:00,391,392,397,1,-0.1638599043,0.2135851904,0,0,2.042506809,0,0.2135851904,0.6224488264,0.8419893265,0.7711136228,0.9828456781,0.4348725647,1.077437234,0.3081680782,1.025913966,0.2467143501,0.902090807,0.1924943148,0.94596888,0.4612387778
392,2015-01-03T17:02:00,392,393,398,1,-0.6391532071,0.2183190319,0,0,1.620274466,0,0.2183190319,0.4992703337,0.7611155642,0.5944215388,0.7593643475,0.3630368559,1.013063377,0.3539470073,0.9943137705,0.2508431343,0.9023341175,0.1930135503,0.9460716079,-0.7454211328
393,2015-01-03T17:03:00,393,394,399,1,-1.234912938,-0.5086062321,0,0,1.329456165,0,-0.5086062321,0.3740240646,0.7926322151,0.4652671911,0.7356651202,0.332889254,1.019208695,0.3513978461,0.9954863052,0.240914383,0.9035596831,0.1951698512,0.9446163851,1.227393853
394,2015-01-03T17:04:00,394,395,400,1,-2.190427045,0.7515259781,0,0,1.306809662,0,0.7515259781,0.195907847,0.4493561666,0.5274025081,0.7720024629,0.3894505167,1.029474309,0.371901171,1.002494435,0.2451841432,0.9062997872,0.2005954708,0.9470599883,-0.6250986821
395,2015-01-03T17:05:00,395,396,401,1,-2.559760439,-0.9883408787,0,0,0.7687050487,0,-0.9883408787,-0.0627033821,0.6153976147,0.3656875602,0.808782756,0.4101487664,1.005154291,0.3191844615,0.9990181142,0.2233238773,0.9090436706,0.1924775395,0.9513469878,0.1062679257
396,2015-01-03T18:00:00,396,397,402,1,-4.681037761,1.464208754,0,0,0.1923882586,0,1.464208754,0.1874213305,0.8935166211,0.4049350785,0.8681353518,0.5280403321,1.038076321,0.3385987717,1.019712597,0.2379114653,0.923068321,0.1998908285,0.9592577725,-2.462306791
397,2015-01-03T18:01:00,397,398,403,1,-3.151407434,-1.100966557,0,0,-0.4950274979,0,-1.100966557,-0.07643578723,1.01551208,0.2114172732,0.8973744163,0.3608813901,0.9417181214,0.2871450421,1.023333768,0.2267992537,0.9309376843,0.1928974298,0.9642124015,-1.565328363
398,2015-01-03T18:02:00,398,399,404,1,-3.536223095,-0.256974271,0,0,-0.7819094029,0,-0.256974271,-0.026109395,0.9963613198,0.1739573348,0.9002782092,0.2984957179,0.9170913823,0.2773068747,1.023912462,0.2384514358,0.9218429814,0.1877876508,0.9639494477,-2.666028364
399,2015-01-03T18:03:00,399,400,405,1,-4.513944929,-1.104365963,0,0,-0.5032844248,0,-1.104365963,-0.3972877832,1.060048327,-0.1006899681,0.8141324895,0.2895193073,0.9269690228,0.2757418111,1.025551344,0.2349318196,0.9255146434,0.1794956098,0.96915555,-2.218730971
400,2015-01-03T18:04:00,400,401,406,1,-4.517475768,-0.2039881289,0,0,0.2633865344,0,-0.2039881289,-0.2404172332,0.9678125589,-0.1515603076,0.8109794613,0.3238081104,0.9065142642,0.301314285,1.007553741,0.2354814957,0.9253804239,0.1782671239,0.9693206755,-1.586079071
401,2015-01-03T18:05:00,401,402,407,1,-3.58395423,-1.357674273,0,0,-0.1430953921,0,-1.357674273,-0.8047938385,0.9362347892,-0.308686254,0.9151250004,0.2312136844,0.9495892253,0.2343502402,1.008775461,0.2265648594,0.9349760382,0.1641083249,0.9767149305,-0.8701947308
402,2015-01-03T19:00:00,402,403,408,1,-4.111203783,-0.6570685688,0,0,-0.7720929436,0,-0.6570685688,-0.7160142409,0.8487979321,-0.396225014,0.9358746481,0.09909826238,0.8522017276,0.2342544987,1.008837639,0.2011824962,0.9251999509,0.1579704517,0.9785281008,-2.295213959
403,2015-01-03T19:01:00,403,404,409,1,-6.48875967,0.4286637705,0,0,-0.6730424126,0,0.4286637705,-0.5788866326,0.8625550997,-0.3024980138,0.9318629673,0.08138458864,0.8395152646,0.2024913334,0.9747645859,0.2013259826,0.9252655386,0.1581463645,0.9786032626,-2.931396697
404,2015-01-03T19:02:00,404,405,410,1,-6.933337133,-0.6417899324,0,0,-0.5907198246,0,-0.6417899324,-0.4863714265,0.7631876096,-0.4418296048,0.9236227,0.04278645162,0.8511952463,0.1934640705,0.9790268391,0.1890635541,0.9272684353,0.1476783723,0.97874991,-2.713759499
405,2015-01-03T19:03:00,405,406,411,1,-5.403960375,-2.082087797,0,0,0.06195683746,0,-2.082087797,-0.8619913601,1.200479494,-0.5512042966,1.0903697,-0.0927583682,0.959957194,0.1623008191,1.0244105,0.1689242575,0.954590497,0.1232338405,0.9940012539,-1.815989824
406,2015-01-03T19:04:00,406,407,412,1,-2.791999606,-0.2075189674,0,0,-0.03405129297,0,-0.2075189674,-0.631960299,1.039763412,-0.7183770687,0.9893542171,-0.1567209951,0.9307203543,0.1399963874,1.0192029,0.1731295939,0.9529338143,0.1022058162,0.9714445861,-3.557362974
407,2015-01-03T19:05:00,407,408,413,1,-2.781664593,-0.4241527347,0,0,0.4380831792,0,-0.4241527347,-0.5853771322,1.015254274,-0.6506956865,0.9357347835,-0.2196392067,0.916755264,0.1197698463,1.019592231,0.1643722283,0.9536123214,0.08877667963,0.9661550543,-4.219577634
408,2015-01-03T20:00:00,408,409,414,1,-1.151349847,-1.184318122,0,0,0.7431362237,0,-1.184318122,-0.9079735106,1.128943133,-0.7434300716,1.004617812,-0.2847363684,0.9538757264,0.0698265153,1.028636209,0.152038775,0.9625075576,0.08307164241,0.9711143356,-3.587970551
409,2015-01-03T20:01:00,409,410,415,1,-0.8561198695,-1.948892117,0,0,0.9497686364,0,-1.948892117,-1.169393948,1.397057562,-0.827882687,1.125660952,-0.4642863275,0.9823248673,-0.01538410579,1.048709239,0.1352774985,0.9845188706,0.05747656386,0.9819440824,0.765363368
410,2015-01-03T20:02:00,410,411,416,1,1.358717517,-1.086367395,0,0,1.010556391,0,-1.086367395,-0.9702498672,1.149256601,-0.9161206137,1.175147172,-0.5338404607,1.009618384,-0.02708478249,1.058176404,0.1126535775,0.9886788369,0.04316072868,0.9852540371,1.437913041
411,2015-01-03T20:03:00,411,412,417,1,3.659182289,-0.5527110388,0,0,1.449535626,0,-0.5527110388,-1.039288282,1.171868512,-0.8356242903,1.10778693,-0.5721552721,1.016032885,-0.06864135369,1.047185231,0.1055207124,0.9906061013,0.04087114406,0.9862187442,2.436620704
412,2015-01-03T20:04:00,412,413,418,1,2.80921643,2.404441802,0,0,1.004719072,0,2.404441802,-0.4735693742,1.579101889,-0.5294732532,1.327460737,-0.4628491336,1.148480162,-0.04990613886,1.082890597,0.1326426082,1.026098781,0.07446730633,0.9993713979,-1.621483238
413,2015-01-03T20:05:00,413,414,419,1,3.239903122,-0.4138177222,0,0,1.527888372,0,-0.4138177222,-0.3194692943,1.499096367,-0.6137214024,1.326989547,-0.4581097081,1.146575302,-0.06261022705,1.084762944,0.1009170239,0.9993072159,0.06839821555,0.9996730076,-0.07919552362
414,2015-01-03T21:00:00,414,415,420,1,3.372854539,0.4459966245,0,0,1.358509057,1,0.4459966245,0.1595084541,1.235894986,-0.5049427468,1.318940152,-0.4733861758,1.13856972,-0.04196782957,1.08539356,0.1137270205,0.9984556381,0.07969795669,0.9970472992,1.222561585
415,2015-01-03T21:01:00,415,416,421,1,4.80057382,-1.65366214,0,0,1.265322252,1,-1.65366214,0.04604950513,1.355845599,-0.462100181,1.256803092,-0.5066522388,1.176533062,-0.04825173623,1.094204093,0.09411450908,1.015384926,0.07904408886,0.9981054877,4.430699667
416,2015-01-03T21:02:00,416,417,422,1,3.867169337,1.128469992,0,0,1.130800596,1,1.128469992,0.3822857112,1.425450208,-0.3285012851,1.304834109,-0.5234391769,1.157888988,0.002300577598,1.099615696,0.09921116302,1.020015353,0.08455821106,1.00250234,3.319098646
417,2015-01-03T21:03:00,417,418,423,1,3.653644647,1.747753733,0,0,0.6580095503,1,1.747753733,0.2509480974,1.219249294,-0.1113106384,1.410696923,-0.3810031624,1.197009898,-0.01006088618,1.076955365,0.1130109239,1.036066511,0.08677922038,1.006072836,2.150292954
418,2015-01-03T21:04:00,418,419,424,1,1.954978127,1.554475943,0,0,0.7509067239,1,1.554475943,0.6446068304,1.391258031,0.1625687681,1.446182704,-0.2904306518,1.245130789,0.004032533051,1.093482347,0.1207931624,1.045362789,0.09685204652,1.015540774,0.3698741525
419,2015-01-03T21:05:00,419,420,425,1,0.01657359719,0.0168689706,0,0,0.04209636687,1,0.0168689706,0.5587812996,1.376907123,0.3591448768,1.308302267,-0.2343689051,1.220403089,0.02757520112,1.083663986,0.1051082777,1.035650972,0.08606821973,1.008466325,0.548070691
420,2015-01-03T22:00:00,420,421,426,1,-1.040189693,0.5789480406,1,1,-0.2042618318,0,0.5789480406,1.005303336,1.189953653,0.5256764204,1.275599268,-0.1952220966,1.22640213,0.06429300689,1.078385436,0.1110870231,1.037610751,0.09120945603,1.00984428,1.503351693
421,2015-01-03T22:01:00,421,422,427,1,-0.1327214237,-0.2259428587,1,1,-0.5745864644,0,-0.2259428587,0.7344207656,1.082363538,0.5583532384,1.265586647,-0.1386355259,1.189306824,0.04628907924,1.076143675,0.08620125349,1.018988455,0.118227824,0.9591544138,1.585103974
422,2015-01-03T22:02:00,422,423,428,1,-0.4862089264,0.195065509,1,1,-0.3620829067,0,0.195065509,0.4238831208,0.7537853249,0.3374156091,1.013597839,-0.09602882203,1.181002241,0.001534720177,1.029809225,0.08840254934,1.019219608,0.113905482,0.9571044839,-0.5314970938
423,2015-01-03T22:03:00,423,424,429,1,-2.026528705,1.534229042,1,1,-0.02784132655,0,1.534229042,0.4198337408,0.7454428051,0.5322202856,1.116083305,-0.04075055843,1.226079769,0.0203170151,1.050727719,0.1081594209,1.033540045,0.1352917668,0.9626978396,-2.543541386
424,2015-01-03T22:04:00,424,425,430,1,-1.564321718,-0.1441905773,1,1,-0.4290724127,0,-0.1441905773,0.3876218312,0.7481886445,0.4732015654,1.108074788,-0.01587059068,1.218078992,0.01345793047,1.050773472,0.1149139324,1.030828442,0.1364982432,0.962426379,-1.717825398
425,2015-01-03T22:05:00,425,426,431,1,-2.210341121,-1.921535559,1,1,0.6255300577,0,-1.921535559,-0.1124748887,1.109598964,0.4464142235,1.150478066,-0.007842978777,1.20481405,-0.05030067349,1.089287545,0.08538341444,1.051822721,0.1099529844,0.9714534269,0.04528816733
426,2015-01-03T23:00:00,426,427,432,1,-1.043257,-0.4778152494,1,1,-0.03768059938,0,-0.4778152494,-0.1628493668,1.125460488,0.2857856994,1.104122307,-0.02135779288,1.208651753,-0.08903939401,1.078674983,0.0748951059,1.052403732,0.1097017058,0.9715731126,0.5170126802
427,2015-01-03T23:01:00,427,428,433,1,0.8158304842,0.6815254104,1,1,0.01098100658,0,0.6815254104,-0.06555738655,1.162732375,0.1791628671,0.9798313354,0.03392611438,1.214523622,-0.09285654614,1.07598974,0.08148518317,1.055017486,0.1116078804,0.9726852038,0.1535036794
428,2015-01-03T23:02:00,428,429,434,1,0.8469482428,-0.1584219937,1,1,-0.2252053761,0,-0.1584219937,-0.4040875938,0.9413789516,0.007873073512,0.8490816528,0.08522092078,1.185829681,-0.09975772381,1.076120564,0.07419632954,1.054097308,0.1242760733,0.9606480582,-2.255629288
429,2015-01-03T23:03:00,429,430,435,1,2.294301737,-0.006090736531,1,1,0.04748640617,0,-0.006090736531,-0.3764676256,0.9391717443,0.005577102799,0.8490670801,0.1823609898,1.102853056,-0.1409626689,1.044329213,0.05680132332,1.042653409,0.1288450256,0.9593143364,-1.56026968
430,2015-01-03T23:04:00,430,431,436,1,1.758148684,0.3180164096,1,1,0.2227736403,0,0.3180164096,0.07144276807,0.4047353109,-0.02051606031,0.835170801,0.25258018,1.078114966,-0.1406301403,1.044428351,0.06873676405,1.040827116,0.1252923704,0.9573451977,0.6623268048
431,2015-01-03T23:05:00,431,432,437,1,3.470360058,-2.567554961,1,1,0.1064283421,0,-2.567554961,-0.3465051742,1.19858954,-0.2546772705,1.162600145,0.1518379839,1.215184895,-0.2101586441,1.120044006,0.04900471707,1.074010717,0.09442335202,0.9801418646,3.102577531
432,2015-01-04T00:00:00,432,433,438,1,2.178577542,0.6892688713,1,1,-0.5355775989,0,0.6892688713,-0.3449564821,1.199474811,-0.2052569343,1.18124646,0.0660793374,1.100618866,-0.1983848981,1.12480411,0.07778105458,1.061565862,0.1011004568,0.9821062409,3.854571417
433,2015-01-04T00:01:00,433,434,439,1,-1.998147053,2.540612895,1,1,-0.6422427529,0,2.540612895,0.1948504956,1.650655353,-0.1046185491,1.343662425,0.2138008682,1.235125632,-0.1221544199,1.191673246,0.1146217131,1.097970425,0.1198914487,1.008782323,1.095821879
434,2015-01-04T00:02:00,434,435,440,1,-1.7486831,-0.1273042351,1,1,-0.4355005094,0,-0.1273042351,0.1706077959,1.651634629,-0.1029299149,1.343491815,0.1851358253,1.231421941,-0.1441251753,1.18590493,0.1138879979,1.098035882,0.1154143704,1.008154934,0.3677825277
435,2015-01-04T00:03:00,435,436,441,1,-3.359062958,1.441262758,1,1,-0.5387069841,0,1.441262758,0.3952570655,1.767234486,0.2333499168,1.281976677,0.3398820701,1.21800328,-0.08338508436,1.19744771,0.1178996886,1.102705357,0.1210875567,1.014330947,-1.675993875
436,2015-01-04T00:04:00,436,437,442,1,-4.715056976,-0.2181366433,1,1,-0.5333334942,0,-0.2181366433,0.865140729,1.346910075,0.2593177774,1.274908553,0.2725517384,1.192576599,-0.1254437193,1.175360764,0.1065775262,1.100292395,0.1167930704,1.01416356,-3.093968933
437,2015-01-04T00:05:00,437,438,443,1,-3.660486216,-0.8553435866,1,1,-1.50440416,0,-0.8553435866,0.5562182374,1.36582245,0.1056308777,1.28534252,0.1423968724,1.142841818,-0.119303145,1.170239317,0.08392094853,1.09924339,0.1114317875,1.016980826,-2.116465627
438,2015-01-04T01:00:00,438,439,444,1,-3.133192778,-0.6025136454,1,1,-1.249637134,0,-0.6025136454,-0.07240707055,0.8044456034,0.06122171251,1.298421315,0.03454739301,1.097004459,-0.1279416294,1.173407317,0.07468262267,1.101199678,0.1163204141,1.01266541,-1.683069083
439,2015-01-04T01:01:00,439,440,445,1,-1.321615004,-1.636111701,1,1,-0.6950422759,0,-1.636111701,-0.3741685636,1.085939112,-0.1017803839,1.397705388,-0.04810164055,1.156394236,-0.1412352728,1.188829536,0.06725326914,1.110196204,0.1095427888,1.020860809,-1.621088043
440,2015-01-04T01:02:00,440,441,446,1,-2.585753559,0.1221597185,1,1,-1.050748048,0,0.1221597185,-0.6379891715,0.8756715632,-0.121366053,1.394617943,-0.07094105665,1.149449754,-0.1330815766,1.188548889,0.0841163542,1.101774251,0.1126271382,1.020670747,-1.544020588
441,2015-01-04T01:03:00,441,442,447,1,-1.645175263,-0.1691171009,1,1,-1.239619074,0,-0.1691171009,-0.628185263,0.8735010511,0.118477733,1.135158764,-0.06809976876,1.148961382,-0.1033676473,1.169308124,0.06549129642,1.091995746,0.1165873572,1.019091405,-1.450123695
442,2015-01-04T01:04:00,442,443,448,1,-0.1422028433,-1.574130661,1,1,-1.041121033,0,-1.574130661,-0.7719426779,1.054636916,-0.1078622202,1.220190557,-0.1565595773,1.200876387,-0.1262941996,1.19098077,0.05398014951,1.103673089,0.09202359758,1.021506256,0.2994730391
443,2015-01-04T01:05:00,443,444,449,1,1.545573647,0.1992271739,1,1,-1.281437382,0,0.1992271739,-0.611594514,1.023519799,-0.3420007923,0.920523087,-0.2233096707,1.151692551,-0.1320301146,1.189467808,0.03523060942,1.087428081,0.09020728355,1.020958096,-1.041732971
444,2015-01-04T02:00:00,444,445,450,1,1.346380527,-0.0752202078,1,1,-0.8666446863,0,-0.0752202078,-0.2994162155,0.716485935,-0.3367923896,0.9199499578,-0.2198611522,1.151364013,-0.1178658714,1.185191023,0.03779909952,1.087007661,0.08675374557,1.020511516,-0.195051568
445,2015-01-04T02:01:00,445,446,451,1,0.2951202927,0.1754660729,1,1,-0.3358483313,0,0.1754660729,-0.2887549446,0.7186968514,-0.463372058,0.8010386541,-0.1150110706,1.068907649,-0.0614270247,1.138889911,0.0504368972,1.083163677,0.09214049678,1.01973138,-0.4416758824
446,2015-01-04T02:02:00,446,447,452,1,3.303927114,-1.141978836,1,1,-0.2206262782,0,-1.141978836,-0.4833272915,0.8784236892,-0.5557562773,0.8759658281,-0.1482192499,1.093779674,-0.08478852141,1.152647612,0.02760393299,1.087973131,0.0871568888,1.023842798,2.587306618
447,2015-01-04T02:03:00,447,448,453,1,3.903456533,0.7714611948,1,1,-0.03468178748,0,0.7714611948,-0.01420892038,0.6285548386,-0.3930757991,0.8681417536,-0.1437224607,1.096762394,-0.05489817317,1.157142035,0.03243583655,1.090537942,0.09128209449,1.025951689,1.541432095
448,2015-01-04T02:04:00,448,449,454,1,3.42744133,-0.07115824143,1,1,0.3107372361,0,-0.07115824143,-0.06828600345,0.6230213406,-0.3399402587,0.8472745627,-0.1393592731,1.096305636,-0.02706917617,1.141945288,0.02137866957,1.086768487,0.09233612463,1.025813602,0.7367961751
449,2015-01-04T02:05:00,449,450,455,1,0.6716356751,1.887003664,1,1,0.3672571177,0,1.887003664,0.324158771,1.048418113,0.01237127776,0.8979233363,-0.04470455307,1.174701381,0.06882821837,1.139343714,0.02672205629,1.094964649,0.1131277385,1.038694519,0.7166204958
450,2015-01-04T03:00:00,450,451,456,1,0.3755515421,-0.2744133282,1,1,-0.1988876502,0,-0.2744133282,0.2341828908,1.052655408,-0.02728602691,0.9012792495,-0.07432603996,1.174151501,0.08912707005,1.127156517,0.03102114378,1.093210665,0.1048114083,1.036894964,2.362024438
451,2015-01-04T03:01:00,451,452,457,1,3.658948931,-0.8757941611,1,1,-0.01353198357,0,-0.8757941611,0.2874198257,1.000331624,-0.09795373293,0.9413531577,0.01026200004,1.042768236,0.08104999199,1.132263203,0.006204319149,1.090554187,0.09736380563,1.039971291,2.690645155
452,2015-01-04T03:02:00,452,453,458,1,1.839924112,1.866827985,1,1,-0.488392961,0,1.866827985,0.5064931837,1.2564403,0.2461421317,0.9934091334,0.06913995573,1.112593075,0.06760964657,1.106622167,0.008851753851,1.094820685,0.1109649543,1.053623911,-0.04498482068
453,2015-01-04T03:03:00,453,454,459,1,0.4434683224,1.370990614,1,1,-0.6054634666,0,1.370990614,0.7949229549,1.397695454,0.3633184757,1.082060112,0.01065884171,1.004543886,0.112229855,1.125753913,0.02480981396,1.105448442,0.1046879676,1.043160534,-1.986472896
454,2015-01-04T03:04:00,454,455,460,1,1.27415651,-0.5471734443,1,1,-0.2261340658,0,-0.5471734443,0.3080875331,1.140734751,0.316123152,1.095549248,-0.01033461875,1.011567121,0.08740060325,1.126869122,0.02271638684,1.10632572,0.1049515481,1.043018271,0.9683037758
455,2015-01-04T03:05:00,455,456,461,1,2.865173793,-0.8688019904,1,1,0.3069786543,0,-0.8688019904,0.1892098007,1.198823847,0.2116963457,1.128109486,-0.1258378562,0.9783388822,0.107022107,1.104689766,0.02938518538,1.09945943,0.09841704171,1.046000729,1.884908933
456,2015-01-04T04:00:00,456,457,462,1,3.549754781,-0.5704974613,1,1,0.7295569562,0,-0.5704974613,0.2502691406,1.161408199,0.2688444832,1.083866311,-0.1434558971,0.9854142055,0.06454792066,1.09391044,0.03342424913,1.096766778,0.0876567489,1.045227677,2.429941218
457,2015-01-04T04:01:00,457,458,463,1,0.4034590859,2.407603228,1,1,0.706965594,0,2.407603228,0.3584241891,1.34579728,0.4324586864,1.301885661,0.01969144365,1.106475571,0.08104415803,1.124805674,0.03549163593,1.101140469,0.1023553353,1.066466976,0.3058527342
458,2015-01-04T04:02:00,458,459,464,1,0.4576204326,0.04780316682,1,1,0.5461885604,0,0.04780316682,0.09378669966,1.198208786,0.4443548273,1.301778951,0.05220728426,1.098294729,0.04337733864,1.097649783,0.02370493584,1.095568046,0.09498788784,1.063077571,0.9802648601
459,2015-01-04T04:03:00,459,460,465,1,-0.03645394196,-0.02546517585,1,1,0.4690089116,0,-0.02546517585,0.1981283534,1.173010756,0.2531079432,1.156985308,0.1327396105,1.035587109,0.04231898498,1.097653928,0.03494709305,1.090681388,0.08417851344,1.056722925,1.119813563
460,2015-01-04T04:04:00,460,461,466,1,0.6653243228,0.2835147433,1,1,0.5418114679,0,0.2835147433,0.4285917001,1.114031856,0.3089007504,1.157204734,0.1408073617,1.037166111,0.03493315254,1.094748436,0.04961307971,1.086597738,0.08570239961,1.056999887,0.09760635169
461,2015-01-04T04:05:00,461,462,467,1,0.2330226091,0.7222152926,1,1,0.9929821791,0,0.7222152926,0.6871342509,1.131500107,0.4687016958,1.146551677,0.1853739814,1.04898201,0.05863710632,1.100108066,0.05246309278,1.088191841,0.07701320443,1.046727074,-0.5226444275
462,2015-01-04T05:00:00,462,463,468,1,1.09879457,0.1140835267,1,1,1.132068293,0,0.1140835267,0.2284303107,0.3515463576,0.2934272499,0.9835535472,0.2697846908,0.9884936233,0.05661255677,1.099823563,0.02907363847,1.065391691,0.07780588515,1.04677745,-1.156267505
463,2015-01-04T05:01:00,463,464,469,1,2.270641041,-0.7386924676,1,1,1.368287162,0,-0.7386924676,0.07113118382,0.4819347729,0.08245894174,0.9132265382,0.2228887087,1.001208469,-0.0002104809843,1.079076951,0.01005326706,1.064996668,0.07203612028,1.048938688,0.5677179711
464,2015-01-04T05:02:00,464,465,470,1,1.801455479,0.1019645135,1,1,1.445756168,0,0.1019645135,0.09661712169,0.4839532856,0.1473727375,0.8972639012,0.2317479448,1.001326786,0.005943396285,1.078956538,0.009700663379,1.064958239,0.07859042038,1.047116957,0.7556670366
465,2015-01-04T05:03:00,465,466,471,1,0.9889988314,-0.5195395504,1,1,1.484803449,0,-0.5195395504,-0.06399373705,0.5216501985,0.1822989815,0.8698235183,0.1969976636,1.007279496,0.0409932965,1.038550804,-0.004653688496,1.064221576,0.07058670846,1.047417435,2.255062075
466,2015-01-04T05:04:00,466,467,472,1,-0.06988312942,0.9852930081,1,1,1.109244945,0,0.9852930081,-0.01137819396,0.6016314538,0.3378780285,0.9061602777,0.3033612558,0.9989726296,0.07757100293,1.047449352,-0.005734195536,1.063176811,0.07578707158,1.050754868,1.702923069
467,2015-01-04T05:05:00,467,468,473,1,-0.3946810894,0.2899135789,1,1,1.387091894,0,0.2899135789,0.02378781649,0.6133248508,0.1261090636,0.4998760917,0.279283875,0.9860989759,0.06778070715,1.042899549,-0.0125379195,1.059573827,0.07691702449,1.050993698,1.045788443
468,2015-01-04T06:00:00,468,469,474,1,-2.690591007,0.9798554879,1,1,1.106333844,0,0.9798554879,0.3674974076,0.6775377596,0.2193142957,0.5879279467,0.3318345615,1.01002171,0.09623764418,1.05404694,-0.001760039813,1.065140934,0.08154343442,1.054080519,-1.266063244
469,2015-01-04T06:01:00,469,470,475,1,-3.832097109,0.4331540026,1,1,1.081163709,0,0.4331540026,0.4337353054,0.7032087466,0.2651762135,0.6036196335,0.2591420784,0.9227598996,0.1072187627,1.056269181,-0.0168719531,1.050316164,0.07360713643,1.04721167,-1.772806199
470,2015-01-04T06:02:00,470,471,476,1,-2.625068221,-0.3672210475,1,1,0.8410976642,0,-0.3672210475,0.464199006,0.6837313302,0.2001026345,0.6081148993,0.2545016924,0.924371821,0.09008782623,1.056668115,-0.02527115703,1.050566058,0.07585378478,1.046134101,-1.440469532
471,2015-01-04T06:03:00,471,472,477,1,-0.8664777593,-1.331996199,1,1,-0.1376027001,0,-1.331996199,0.0007411646611,0.7925722959,-0.00531851465,0.7036090002,0.2316915906,0.9512219439,0.1209767953,0.9980452845,-0.0445909244,1.060799926,0.07299540981,1.049300153,-1.424527764
472,2015-01-04T06:04:00,472,473,478,1,-0.786395958,-0.07358895273,1,1,-0.1519698574,0,-0.07358895273,-0.07195934167,0.7825879723,-0.02408576259,0.7030687402,0.1346707437,0.8548927517,0.1019053497,0.9921453945,-0.0482397742,1.060550982,0.08582248628,1.038941231,-2.05929091
473,2015-01-04T06:05:00,473,474,479,1,-0.4886485738,-0.03488438106,1,1,0.1057396768,0,-0.03488438106,-0.2749073155,0.6485861261,0.04629504607,0.6632199404,0.0643769939,0.7980737433,0.03751791781,0.9072017746,-0.04231825107,1.059032621,0.08892044798,1.038282744,-1.184598689
474,2015-01-04T07:00:00,474,475,480,1,1.276241181,-1.31605443,1,1,-0.478419883,0,-1.31605443,-0.624749002,0.8541307496,-0.09550684828,0.7823176716,0.02593294462,0.8417551449,0.007799162934,0.930542789,-0.06816300617,1.065898772,0.0785250529,1.045191446,0.5580500044
475,2015-01-04T07:01:00,475,476,481,1,2.66482647,-0.7083520992,1,1,-0.10582849,0,-0.7083520992,-0.6929752123,0.8960589362,-0.1143881032,0.7969975374,0.03395543919,0.8342056184,-0.04594120849,0.9091330987,-0.06466314642,1.063109592,0.06328605622,1.042183797,1.272894952
476,2015-01-04T07:02:00,476,477,482,1,1.741619677,0.8398078404,1,1,0.607257247,0,0.8398078404,-0.2586144045,0.767550835,-0.1289366199,0.7801618834,0.1044707043,0.8455113876,-0.01949259639,0.9181314347,-0.07246815784,1.054618001,0.06455415203,1.043112656,0.6959501149
477,2015-01-04T07:03:00,477,478,483,1,-0.5691141559,0.4265942632,1,1,0.6739956084,0,0.4265942632,-0.1585777613,0.7902200647,-0.1152685515,0.7864132771,0.005420256052,0.6589089275,0.01255584985,0.9106176925,-0.05337364758,1.048495265,0.0601325823,1.040175729,0.7181911766
478,2015-01-04T07:04:00,478,479,484,1,-1.646066997,0.006492848589,1,1,1.358243094,0,0.006492848589,-0.1503023154,0.7900713879,-0.2126048154,0.7227989904,0.003354740141,0.6588238198,0.0277810122,0.9056213714,-0.05008030859,1.048101808,0.05904875251,1.040101202,1.391931518
479,2015-01-04T07:05:00,479,480,485,1,-1.26522522,0.2628630031,1,1,1.972990949,0,0.2628630031,0.1654811712,0.540029941,-0.2296339154,0.7145528933,0.01777114909,0.6614160942,0.07525537979,0.8688820144,-0.03298994652,1.041218426,0.06992063936,1.03602239,1.045669562
480,2015-01-04T08:00:00,480,481,486,1,-2.556841599,0.4488353248,1,1,1.628432405,0,0.4488353248,0.396918656,0.4812176511,-0.1480282781,0.7191981802,0.02603717817,0.6659766337,0.08342226995,0.8715613626,-0.02482965334,1.042177449,0.08388499278,1.030765445,-1.287305332
481,2015-01-04T08:01:00,481,482,487,1,-2.060643859,0.6802331898,1,1,1.043942559,0,0.6802331898,0.3650037259,0.4278532744,0.0531946607,0.6213665218,0.02393807303,0.6637627511,0.1046560272,0.877765415,0.000644189938,1.033864985,0.07854620669,1.025570011,-3.037998515
482,2015-01-04T08:02:00,482,483,488,1,-2.925850248,-0.08339895224,1,1,0.5981345232,0,-0.08339895224,0.2630050828,0.3847765175,0.05221366075,0.621490434,0.01406394908,0.6635344803,0.1419243199,0.8418425179,0.007815060146,1.031293852,0.08329487298,1.023863175,-2.310894782
483,2015-01-04T08:03:00,483,484,489,1,-0.8178352572,-1.88413957,1,1,0.7417249564,0,-1.88413957,-0.1151214009,0.9263049826,-0.1327118581,0.8608872513,-0.04320840604,0.7684359273,0.08984015134,0.8924438841,-0.02109498161,1.051496494,0.05343379006,1.026556664,-1.269536266
484,2015-01-04T08:04:00,484,485,490,1,0.4157905759,-1.070459992,1,1,-0.1087389907,0,-1.070459992,-0.381786,1.036049443,-0.1081524144,0.8261448981,-0.1018296313,0.8045297795,0.06495915673,0.9082740496,-0.02645335736,1.055850252,0.04685245192,1.030878761,0.9773546558
485,2015-01-04T08:05:00,485,486,491,1,1.608038942,0.6437047803,1,1,0.14609698,0,0.6437047803,-0.3428121089,1.056399066,0.02705327357,0.8208378083,-0.04366741479,0.809005495,0.07666512441,0.9135375945,0.007619049856,1.032381026,0.0591796396,1.029731039,-0.6149554664
486,2015-01-04T09:00:00,486,487,492,1,1.822647106,-0.8427810543,1,1,0.4699441064,0,-0.8427810543,-0.6474149577,1.07957933,-0.1412056159,0.8211424828,-0.1350711179,0.8009143342,0.08414506895,0.9053756363,-0.0003217262303,1.036412457,0.04645097831,1.030707865,0.4517010091
487,2015-01-04T09:01:00,487,488,493,1,-0.1623624717,1.17643093,1,1,-0.470034998,0,1.17643093,-0.3954489813,1.200374275,-0.06622194923,0.8913336546,-0.09074525037,0.8405122029,0.09426931233,0.9162019301,0.01968556958,1.043648328,0.05304699514,1.035691715,-0.5615640799
488,2015-01-04T09:02:00,488,489,494,1,1.574304605,-0.9486053419,1,1,-0.8658463852,0,-0.9486053419,-0.2083421357,0.9543963718,-0.1617317683,0.9404555692,-0.1871682919,0.8387177887,0.07233313481,0.9283295167,0.02263197932,1.040633156,0.03836349132,1.0366496,2.222994408
489,2015-01-04T09:03:00,489,490,495,1,1.394095886,0.2238754212,1,1,-0.3941617752,0,0.2238754212,0.05052494701,0.8316967935,-0.1656305265,0.9394461146,-0.1976322209,0.8346091419,0.03075492873,0.8797892509,0.04979157355,1.017873574,0.02806634711,1.02825488,1.370946097
490,2015-01-04T09:04:00,490,491,496,1,-0.05403954541,0.1631658408,1,1,-0.02443878812,0,0.1631658408,-0.04558284087,0.7836919074,-0.1941974749,0.9300946169,-0.1711128765,0.8313609381,0.04169440796,0.8790973419,0.065410739,1.010765539,0.03457889851,1.026812422,0.3992016082
491,2015-01-04T09:05:00,491,492,497,1,-2.187548329,1.835953146,1,1,-0.6468440911,0,1.835953146,0.4901639993,1.070636173,-0.07862547922,1.075117051,-0.01271540926,0.8780583771,0.1094880906,0.9153714274,0.09526904132,1.029544756,0.04063224298,1.035458307,-0.6486898038
492,2015-01-04T10:00:00,492,493,498,1,-1.600798702,-0.6281728906,1,1,-0.7486014127,0,-0.6281728906,0.1292432352,0.9738501452,-0.1331028731,1.092996456,-0.04044460616,0.8890701918,0.04711306875,0.8721489044,0.05736135766,0.9963072646,0.02160552548,1.025980568,0.02314978964
493,2015-01-04T10:01:00,493,494,499,1,-0.3424956233,-0.8085786475,1,1,-0.4687880533,0,-0.8085786475,0.157248574,0.9482476323,-0.02554678082,0.9513269697,-0.07912931948,0.9072347719,-0.007376162789,0.8543993888,0.05242684609,0.9993298227,0.01408115505,1.028596266,-0.4532411536
494,2015-01-04T10:02:00,494,495,500,1,-0.8355064117,0.7880617343,1,1,-0.4023267013,0,0.7880617343,0.2700858367,1.006656739,0.1603053918,0.9233302083,0.02607648873,0.8760862019,0.02600471668,0.8590921828,0.05670265997,1.001966416,0.02381249679,1.030526173,-1.538858525
495,2015-01-04T10:03:00,495,496,501,1,-0.3316885153,0.04366670283,1,1,-0.6751869831,0,0.04366670283,0.2461860091,1.004198451,0.1003015841,0.9007184728,0.06367742883,0.8617042633,0.04881643401,0.848066404,0.0779192705,0.9847730969,0.03586226826,1.022552151,-1.623948492
496,2015-01-04T10:04:00,496,497,502,1,1.71024152,-1.284969591,1,1,-1.090352115,0,-1.284969591,-0.3779985384,0.8151681467,0.05608273045,0.9515148247,-0.04256144273,0.888722521,0.03095463077,0.8673860807,0.04775127572,0.9871673269,0.03260104301,1.026020361,0.1107455303
497,2015-01-04T10:05:00,497,498,503,1,1.678861489,-0.2975556374,1,1,-0.7431767773,0,-0.2975556374,-0.3118750877,0.7767153551,-0.09131592627,0.8808152043,-0.07876893775,0.8860900372,-0.03667434085,0.7808061631,0.02218490859,0.9682060909,0.01143631033,1.005763214,0.7033521136
498,2015-01-04T11:00:00,498,499,504,1,1.229792008,-0.04142326372,1,1,-0.8644275831,0,-0.04142326372,-0.1584440109,0.6876554619,-0.000597718452,0.8282643318,-0.08116474337,0.8861372582,-0.03890500161,0.7807970498,0.002236168512,0.9524912282,0.002834956691,1.001695683,1.292259977
499,2015-01-04T11:01:00,499,500,505,1,0.2968505442,0.4497244314,1,1,-0.725071627,0,0.4497244314,-0.2261114715,0.6237885761,0.02198718257,0.8373977485,-0.07182167196,0.8898859453,-0.02702526143,0.7840179352,0.007646861771,0.9538155658,0.01428964155,0.9989754588,1.59949599
500,2015-01-04T11:02:00,500,501,506,1,-1.076267483,0.2950509459,1,1,-0.4306104491,0,0.2950509459,-0.1758346229,0.6372925887,0.03517569308,0.8409983271,-0.0795108909,0.8866662796,-0.02673685637,0.7841243422,0.004098148088,0.9521883015,0.02416310102,0.9960321733,0.9755093753
501,2015-01-04T11:03:00,501,502,507,1,-2.877555497,0.5474845992,1,1,-0.03632838663,0,0.5474845992,0.1906562151,0.3685923915,-0.09367116163,0.6325976045,-0.08614832043,0.8820590689,-0.0311051237,0.7805796535,0.01376599131,0.9538192578,0.02460702062,0.9962642826,-0.06246796886
502,2015-01-04T11:04:00,502,503,508,1,-5.149909321,0.7569604449,1,1,-0.6667351069,0,0.7569604449,0.4015594315,0.48244202,0.04484217192,0.6465435196,-0.04413035057,0.8979587337,-0.01503320075,0.7894960082,0.02078967801,0.9573180812,0.01437135873,0.9820765171,-1.302645446
503,2015-01-04T11:05:00,503,504,509,1,-4.013671986,-0.3289356689,1,1,-0.1782684388,0,-0.3289356689,0.3440569505,0.5040306143,0.09280646979,0.6028751506,0.03362984448,0.7963923187,-0.004789280776,0.7825389766,-0.00249988088,0.9425429208,0.005105751114,0.97993249,-2.051776858
504,2015-01-04T12:00:00,504,505,510,1,-3.994100674,-0.4904927449,1,1,0.3610586195,0,-0.4904927449,0.1560135153,0.5115790006,-0.03504897814,0.5704494989,0.06262820685,0.7674474915,-0.01960071224,0.786207294,-0.006828657975,0.9439992374,-6.64618262e-05,0.9808829372,-2.815087528
505,2015-01-04T12:01:00,505,506,511,1,-2.069661368,-0.4832170321,1,1,0.1698396033,0,-0.4832170321,0.0003599196526,0.5394458284,-0.08773735163,0.5903997143,0.006282116235,0.761533187,-0.01869264928,0.7856279927,0.01115032361,0.9208146164,-0.00933334209,0.9801949586,-3.847263876
506,2015-01-04T12:02:00,506,507,512,1,-0.256129759,-1.078067081,1,1,0.5565700657,0,-1.078067081,-0.3247504165,0.6808080867,-0.06704710069,0.5474303618,-0.00548218512,0.7762282083,-0.07027665152,0.7886678648,0.003647175709,0.927131907,-0.02724834753,0.9802528356,-1.961895128
507,2015-01-04T12:03:00,507,508,513,1,2.03786485,-1.253803414,1,1,0.1884919168,0,-1.253803414,-0.7269031883,0.8144362641,-0.1626718784,0.6693492104,-0.1269939023,0.7822607588,-0.1088695763,0.8119090645,-0.0205444346,0.9345682957,-0.04464847178,0.983969803,-1.179013146
508,2015-01-04T12:04:00,508,509,514,1,3.665246365,-1.51539338,1,1,0.3120731105,0,-1.51539338,-0.9641947305,1.049261699,-0.31006889,0.8231029622,-0.1553333042,0.8256876799,-0.171250798,0.8322282361,-0.03750657693,0.9496364536,-0.05825695922,0.9935884888,1.777602508
509,2015-01-04T12:05:00,509,510,515,1,3.677881951,0.8073016662,1,1,0.4112691219,0,0.8073016662,-0.7046358483,1.087741091,-0.2743111665,0.8499687511,-0.126161992,0.8437066632,-0.1618971064,0.839170231,-0.02733917189,0.953915945,-0.06521367089,0.9849762712,1.705765369
510,2015-01-04T13:00:00,510,511,516,1,3.764508311,-0.4709214328,1,1,0.6330596016,0,-0.4709214328,-0.7021767284,1.086662018,-0.3509084044,0.857856673,-0.1578663557,0.8494693219,-0.1644896161,0.8404639011,-0.03720089492,0.9547059951,-0.07167731005,0.9855214617,3.216877997
511,2015-01-04T13:01:00,511,512,517,1,2.362939741,1.441222275,1,1,-0.1347140589,0,1.441222275,-0.1983188572,1.167824021,-0.2615346369,0.9558537008,-0.1776028992,0.8105047892,-0.09515915425,0.8449569595,0.01290882052,0.924674714,-0.06144700101,0.9940733088,1.887643857
512,2015-01-04T13:02:00,512,513,518,1,1.67860699,0.7354645271,1,1,-0.06843871545,0,0.7354645271,0.1995347311,1.075913546,-0.2636842286,0.9541740894,-0.1094210284,0.8150051274,-0.07493281726,0.8528420615,0.01348626622,0.9251194695,-0.05713745522,0.9961386034,1.972116582
513,2015-01-04T13:03:00,513,514,519,1,0.7219119127,1.040191195,1,1,-0.4216006218,0,1.040191195,0.710651646,0.9564026781,-0.1267715422,1.003906419,-0.01698253623,0.8280357917,-0.04805592785,0.8685384861,-0.005269005024,0.8880805599,-0.04423080999,0.9995764582,0.5476303141
514,2015-01-04T13:04:00,514,515,520,1,-0.2655109738,0.1119881346,1,1,-0.8692612737,0,0.1119881346,0.5715889397,0.8870553281,-0.06652345429,0.992483712,-0.05078621621,0.8094555421,-0.01235486374,0.8434291042,-0.002277850403,0.8880547663,-0.04956029202,0.9972717848,0.4752958845
515,2015-01-04T13:05:00,515,516,521,1,-1.211427275,0.8199372528,1,1,-1.49799456,0,0.8199372528,0.8297606768,0.9364684595,0.0637919742,1.014348933,-0.01197268872,0.8299022777,0.02585237006,0.8459527256,-0.01004441921,0.878111327,-0.03449130759,0.9959986652,-0.2935095927
516,2015-01-04T14:00:00,516,517,522,1,-0.7216538394,-0.3842950732,1,1,-1.363990066,0,-0.3842950732,0.4646572073,0.7007748479,0.133169175,0.9630416219,0.03306103716,0.7833036341,-0.004750202782,0.8376730575,-0.01212139959,0.8788234984,-0.04989550615,0.9876123411,0.1742815986
517,2015-01-04T14:01:00,517,518,523,1,0.01373491327,0.03965370501,1,1,-1.82766311,0,0.03965370501,0.3254950428,0.6190462475,0.262514887,0.8777266698,0.04992150428,0.780523053,-0.01442371674,0.8349765836,-0.0009339334428,0.8736161849,-0.0403903373,0.9824918211,-0.7408068584
518,2015-01-04T14:02:00,518,519,524,1,-0.6158145144,0.05113177551,1,1,-1.360841507,0,0.05113177551,0.1276831589,0.409074081,0.4191674025,0.73554323,0.05454925624,0.7805518335,-0.01330774356,0.8350150912,0.007236634319,0.8710339462,-0.03782278691,0.9822228197,-0.9179176824
519,2015-01-04T14:03:00,519,520,525,1,-0.953188535,0.08349611808,1,1,-1.338113637,0,0.08349611808,0.1219847556,0.4077102595,0.3467868477,0.6903241307,0.03623784058,0.7742720075,-0.01779191569,0.8340845693,0.02873173205,0.8516610311,-0.02792393624,0.9770651101,-0.895935438
520,2015-01-04T14:04:00,520,521,526,1,0.1095067266,-0.875434752,1,1,-1.190323413,0,-0.875434752,-0.2170896453,0.4301690795,0.3063355158,0.7287038536,-0.02228644432,0.7959043214,-0.05089866761,0.8425083917,0.01626180117,0.8571579781,-0.03351932477,0.9801510189,0.7545417716
521,2015-01-04T14:05:00,521,522,527,1,-0.03100194328,-0.1259790485,1,1,-1.058933667,0,-0.1259790485,-0.1654264404,0.3983503991,0.1496153834,0.5699861524,-0.05595962671,0.7869372628,-0.07105397357,0.8358523962,0.01680102683,0.8570651527,-0.0232551979,0.9723515896,0.302103168
522,2015-01-04T15:00:00,522,523,528,1,-0.9569550093,0.1054783625,1,1,-1.493462775,0,0.1054783625,-0.1522615089,0.4007414305,0.08661676698,0.5214460426,-0.08853373083,0.7688804095,-0.0663320407,0.8359147599,0.03779613962,0.8388838748,-0.01690064014,0.9705475269,-0.05725309705
523,2015-01-04T15:01:00,523,524,529,1,-2.558133219,0.7750424577,1,1,-1.004462043,0,0.7750424577,-0.007479372447,0.5293476785,0.06010189324,0.4730489237,-0.0333348245,0.7847303301,0.0001475099919,0.7905828281,0.04499383067,0.8430531698,-0.01401415108,0.9723358406,-0.6450350451
524,2015-01-04T15:02:00,524,525,530,1,-1.834871719,-0.5784176522,1,1,-1.330849198,0,-0.5784176522,-0.1398621265,0.5879864288,-0.008938685434,0.5059425343,-0.03773106986,0.7877187844,0.0124485685,0.7776491932,0.03870386261,0.8454880297,-0.01348604874,0.97200442,-0.3331051113
525,2015-01-04T15:03:00,525,526,531,1,-0.8459178979,-0.2538779026,1,1,-1.531619954,0,-0.2538779026,-0.01555075661,0.4531463751,-0.116320201,0.4418071266,-0.02626411339,0.7823353806,-0.009990998575,0.7720043532,0.03333706292,0.8457368556,0.001749033712,0.9535218731,-0.8997019123
526,2015-01-04T15:04:00,526,527,532,1,-1.410222921,0.1872605097,1,1,-1.319327934,0,0.1872605097,0.04709715503,0.4573628678,-0.05916464268,0.4288728444,0.03700226617,0.745446538,0.01576004052,0.7609930264,0.04995255474,0.8363059933,0.005038862688,0.9534869247,-1.913098174
527,2015-01-04T15:05:00,527,528,533,1,-1.151665743,-0.2664877184,1,1,-1.098493404,0,-0.2664877184,-0.02729606116,0.470275235,-0.08977878502,0.4368938606,0.08636805097,0.6932821765,-0.02031292568,0.7391116529,0.03697819332,0.8323797247,0.006352737824,0.9530109654,-1.501766608
528,2015-01-04T16:00:00,528,529,534,1,-0.2422709894,-0.8204747035,1,1,-1.612535724,0,-0.8204747035,-0.3463994934,0.4854445203,-0.1769394329,0.5078707252,0.1211139848,0.6320429245,-0.01710965972,0.7352681154,0.02761173755,0.837381303,0.009384766308,0.9498164619,0.05378401439
529,2015-01-04T16:01:00,529,530,535,1,0.5523872515,-0.8261357523,1,1,-1.13096574,0,-0.8261357523,-0.3959431134,0.5524880473,-0.26790262,0.5705134016,0.03944211386,0.633258615,-0.04335993906,0.745941488,-0.006302505163,0.8156156661,0.01874106935,0.9360487752,0.5028752534
530,2015-01-04T16:02:00,530,531,536,1,-0.1908220802,0.1448438477,1,1,-0.8625867894,0,0.1448438477,-0.3161987634,0.5445623863,-0.16587476,0.5009440238,0.07023037788,0.6252816251,-0.04381798889,0.7458469144,-0.001061790464,0.8151992873,0.02900116304,0.9308744221,0.3501008656
531,2015-01-04T16:03:00,531,532,537,1,-1.113285727,0.7350759189,1,1,-0.6793043208,0,0.7350759189,-0.2066356815,0.6305570666,-0.07976926324,0.5508098615,0.0349230601,0.5604800253,-0.07133991957,0.6967983467,0.01907408554,0.8134595214,0.03973272102,0.9319250233,-0.2960550038
532,2015-01-04T16:04:00,532,533,538,1,-1.10432096,-0.3770445132,1,1,-1.210994212,0,-0.3770445132,-0.2287470405,0.6417410587,-0.1280215508,0.5625790536,-0.02070239192,0.5424026027,-0.06506171014,0.6922549896,-0.008974320693,0.7873565527,0.01655366839,0.9063614624,0.04951199809
533,2015-01-04T16:05:00,533,534,539,1,-1.692243242,-0.007930540134,1,1,-1.304673051,0,-0.007930540134,-0.0662382078,0.5265058568,-0.2063188506,0.5063915479,-0.07310847868,0.4900039204,-0.04504550745,0.6803481147,-0.02621083512,0.7722926494,0.01993606158,0.9055741726,-0.5409229457
534,2015-01-04T17:00:00,534,535,540,1,-2.231965341,0.08892004959,1,1,-1.065608041,0,0.08892004959,0.1167729526,0.3772130911,-0.1395850804,0.4730395113,-0.07426188293,0.4897674077,-0.06252404957,0.6689881869,-0.01825966645,0.7699300529,0.01696042345,0.9046949009,-0.8172307233
535,2015-01-04T17:01:00,535,536,541,1,-2.543898212,-0.03147751137,1,1,-0.9145449122,0,-0.03147751137,0.08150868076,0.3718762359,-0.1173450413,0.4662832441,-0.1168326211,0.454210084,-0.06440265493,0.6689710722,-0.007793110458,0.7637862663,0.03047862869,0.8920161434,-1.153832958
536,2015-01-04T17:02:00,536,537,542,1,-1.906338759,-0.598365484,1,1,-1.10352793,0,-0.598365484,-0.1851795998,0.3191126195,-0.1959076407,0.4997174593,-0.1275361417,0.4656444221,-0.04723755226,0.6443560006,-0.008141460742,0.7640527693,0.01608833306,0.8877299361,-1.151320296
537,2015-01-04T17:03:00,537,538,543,1,-2.350200629,-0.187387728,1,1,-1.073963351,0,-0.187387728,-0.1472482428,0.2835898148,-0.1879976416,0.4961122703,-0.1388882133,0.4674417772,-0.04448335452,0.643318759,-0.04057884769,0.715373081,-3.784578018e-05,0.8734424413,-1.414734617
538,2015-01-04T17:04:00,538,539,544,1,-2.375321233,-0.3680797464,1,1,-0.8490220821,0,-0.3680797464,-0.219278084,0.327882821,-0.1427581459,0.4385861156,-0.1598487894,0.4744947072,-0.05264976659,0.6459126845,-0.0457773841,0.7165358431,-0.01605914319,0.8624929518,-1.390065254
539,2015-01-04T17:05:00,539,540,545,1,-2.236497554,-0.5958528217,1,1,-1.565139557,0,-0.5958528217,-0.3562326583,0.4206351225,-0.1197298528,0.3995144693,-0.1938162364,0.4924923109,-0.07878919791,0.6488627813,-0.05290722967,0.719620397,-0.02116515812,0.8642050637,-0.7550184632
540,2015-01-04T18:00:00,540,541,546,1,-1.862709362,-0.4508020494,1,1,-1.676552237,0,-0.4508020494,-0.4400975659,0.4662405357,-0.1792944426,0.4217061607,-0.1725846013,0.4630232181,-0.0974355228,0.6510968397,-0.06208618958,0.7206865056,-0.02974640887,0.8635686071,-0.9354660115
541,2015-01-04T18:01:00,541,542,547,1,-1.470964134,-0.3434103828,1,1,-1.790467892,0,-0.3434103828,-0.3891065456,0.4115314385,-0.2871430727,0.368232935,-0.183456168,0.4685013329,-0.1197078973,0.6475970022,-0.07540651052,0.7171772698,-0.03072530491,0.8638912413,-0.9852559788
542,2015-01-04T18:02:00,542,543,548,1,-1.390622739,0.03919396897,1,1,-2.262472867,0,0.03919396897,-0.3437902063,0.4032896306,-0.2455192245,0.3486156259,-0.1867703877,0.4679893408,-0.1376520592,0.6364711726,-0.07634263,0.7170772276,-0.03202423441,0.8637151094,-1.481479091
543,2015-01-04T18:03:00,543,544,549,1,-0.7061958111,-0.6312495977,1,1,-1.584557663,0,-0.6312495977,-0.3964241765,0.4639409414,-0.3078511303,0.401714041,-0.2570849904,0.4570593892,-0.1452099075,0.6421467808,-0.07499959412,0.7157931747,-0.05006988974,0.8542300243,-0.92724335
544,2015-01-04T18:04:00,544,545,550,1,-0.4684317959,-0.39320035,1,1,-2.322509968,0,-0.39320035,-0.3558936822,0.4185144958,-0.3560631702,0.4195761489,-0.2478241253,0.4471076627,-0.1427775976,0.6404709772,-0.08118915492,0.717051247,-0.05214497118,0.8548824857,-0.4857081548
545,2015-01-04T18:05:00,545,546,551,1,0.241069156,-0.4570291432,1,1,-2.381116684,0,-0.4570291432,-0.357139101,0.4198630886,-0.3986183334,0.4436582301,-0.2579816874,0.4551113539,-0.1421229004,0.6399902312,-0.08040777483,0.7165189597,-0.03994075105,0.837732378,0.09085635199
546,2015-01-04T19:00:00,546,547,552,1,0.2085315814,-0.07701385681,1,1,-1.999895134,0,-0.07701385681,-0.3038597958,0.3922819162,-0.3464831707,0.4020219065,-0.2711954057,0.4535080773,-0.1170965698,0.6169927541,-0.09368661064,0.7080526321,-0.03660073945,0.8366256042,0.2210475389
547,2015-01-04T19:01:00,547,548,553,1,-0.5051779615,0.04833484518,1,1,-1.545008619,0,0.04833484518,-0.3020316205,0.3924858211,-0.3229109134,0.3979243935,-0.2554542775,0.4497061306,-0.08454311327,0.5843268692,-0.09670634481,0.7073309759,-0.04187732749,0.8343208194,0.01727635894
548,2015-01-04T19:02:00,548,549,554,1,-0.3532257467,0.1195353636,1,1,-1.104991717,0,0.1195353636,-0.1518746282,0.277862645,-0.2741494024,0.3823930221,-0.2084537741,0.4114499995,-0.04366989468,0.5332773014,-0.1074603464,0.6989236429,-0.03956101618,0.8342668375,0.150212804
549,2015-01-04T19:03:00,549,550,555,1,-0.6973035795,0.05317733011,1,1,-0.8626431034,0,0.05317733011,-0.06259909222,0.2164530253,-0.2092463872,0.3331713488,-0.16448812,0.3678416499,-0.06252300309,0.517843583,-0.1122100548,0.6972691923,-0.03906711562,0.8342807754,-0.01251595748
550,2015-01-04T19:04:00,550,551,556,1,-0.8676073461,-0.1554363348,1,1,-0.7942797933,0,-0.1554363348,-0.002280530538,0.09954333445,-0.1797098157,0.3051179187,-0.1795021292,0.3680577606,-0.05463587564,0.513051472,-0.1095627459,0.6962763036,-0.04301255516,0.8338962539,-0.5224543205
551,2015-01-04T19:05:00,551,552,557,1,-1.955567925,0.2524718087,1,1,-0.8464262275,0,0.2524718087,0.06361660257,0.146530036,-0.1201215966,0.2961048406,-0.2036323347,0.3341209145,-0.08435463728,0.4613971414,-0.08975689577,0.6807494346,-0.01951233208,0.8006110115,-0.5034385507
552,2015-01-04T20:00:00,552,553,558,1,-1.605434743,-0.1095514314,1,1,-0.4594953629,0,-0.1095514314,0.03203934725,0.1529839966,-0.1349961366,0.2978667681,-0.1902576806,0.3242356135,-0.1054800362,0.4468385147,-0.09020642675,0.6808099001,-0.02616916794,0.7981972864,-0.684787622
553,2015-01-04T20:01:00,553,554,559,1,-0.3841416704,-0.6653746978,1,1,0.3172801238,0,-0.6653746978,-0.124942665,0.3302893584,-0.1384086466,0.3052037924,-0.2231298885,0.3567376667,-0.1481191836,0.428582317,-0.09808755571,0.6848510438,-0.0528857312,0.766171644,-0.3451530257
554,2015-01-04T20:02:00,554,555,560,1,-0.9446704546,0.2714875785,1,1,-0.1697044361,0,0.2714875785,-0.08128061536,0.3510934286,-0.07193985379,0.2916491966,-0.214001512,0.3613193869,-0.1441316975,0.4303625291,-0.0782432806,0.6695463242,-0.04956246609,0.7664842774,-1.452129374
555,2015-01-04T20:03:00,555,556,561,1,-0.2812369935,-0.2909005027,1,1,-0.4681837611,0,-0.2909005027,-0.1083734489,0.3679118445,-0.05532698974,0.2695069579,-0.2269726616,0.3670603666,-0.1719026414,0.4129407422,-0.07302513565,0.6656410709,-0.06399715993,0.7555746294,-0.9206471214
556,2015-01-04T20:04:00,556,557,562,1,0.9026786157,-0.3257401014,1,1,-0.656241156,0,-0.3257401014,-0.224015831,0.3792519548,-0.0801996142,0.2874918231,-0.2133413925,0.3494804441,-0.1704387671,0.4116802817,-0.08759448492,0.6599912142,-0.06489385541,0.7558972896,-0.03898864471
557,2015-01-04T20:05:00,557,558,563,1,2.167374076,-0.83548877,1,1,-0.6318866937,0,-0.83548877,-0.3692032987,0.5301320957,-0.1685819757,0.39015647,-0.2457464446,0.3940595729,-0.1923173289,0.4323105146,-0.1033705228,0.6648602395,-0.06472839861,0.7557122155,0.5074589195
558,2015-01-04T21:00:00,558,559,564,1,1.921384111,0.24058175,1,1,-0.01471414353,0,0.24058175,-0.1880120091,0.4517424675,-0.1564773371,0.395703372,-0.2153133697,0.3891051156,-0.1875810796,0.4339055301,-0.1004444116,0.6654037164,-0.05770260365,0.7540279129,0.6394101279
559,2015-01-04T21:01:00,559,560,565,1,0.4085601386,0.5559183752,1,1,0.1760108703,0,0.5559183752,-0.1311258498,0.501137909,-0.1062032326,0.4326695041,-0.1577248099,0.3861386069,-0.1757705231,0.4425221463,-0.09678121942,0.6676536972,-0.03943568635,0.7408281118,0.9416672605
560,2015-01-04T21:02:00,560,561,566,1,0.8888226687,-0.2890412057,1,1,1.222661923,0,-0.2890412057,-0.1307539904,0.5009226957,-0.1195637197,0.4394784821,-0.1496367677,0.3783109042,-0.1611106845,0.4227940638,-0.106004676,0.6665490269,-0.04286236072,0.7412139635,1.659915156
561,2015-01-04T21:03:00,561,562,567,1,0.8674067112,0.3725329584,1,1,1.104683615,0,0.3725329584,0.008900621597,0.5074035725,-0.1075576047,0.4479343872,-0.1138396006,0.3796862467,-0.1486478843,0.4264124441,-0.1098509289,0.6635046348,-0.03834861022,0.741833073,1.281973983
562,2015-01-04T21:04:00,562,563,568,1,0.5009489759,0.8581755078,1,1,0.9872791413,0,0.8581755078,0.3476334771,0.5149205073,-0.01078491077,0.5225816528,-0.0728905237,0.4253329257,-0.1298304557,0.4471700576,-0.09808124819,0.6703411617,-0.01807939215,0.7319866509,-0.5331071219
563,2015-01-04T21:05:00,563,564,569,1,0.7175226885,0.4292066901,1,1,1.488346462,0,0.4292066901,0.3853584652,0.5388978472,0.09867322801,0.4972334193,-0.01986770931,0.4125472265,-0.1384763499,0.4353725413,-0.06916441994,0.6381890229,-0.01616289618,0.7328088755,-0.7710924875
564,2015-01-04T22:00:00,564,565,570,1,0.3201234737,-0.00540821515,1,1,0.8350659961,0,-0.00540821515,0.2730931471,0.4781293669,0.07098364865,0.4897687696,-0.0004781025687,0.4030711485,-0.1241511139,0.4256592609,-0.05585127273,0.6268668416,-0.01558112957,0.7327768699,-0.4145672715
565,2015-01-04T22:01:00,565,566,571,1,0.3844407706,-0.9569055968,1,1,1.272292879,0,-0.9569055968,0.1395202689,0.6285160237,0.004383139241,0.5683115075,-0.02547192525,0.4447538476,-0.1417268063,0.4499624036,-0.07585890244,0.6318452683,-0.02501756016,0.7377912583,1.034056098
566,2015-01-04T22:02:00,566,567,572,1,0.3428321853,0.1912213245,1,1,1.088702853,0,0.1912213245,0.1032579421,0.6120370495,0.05607928183,0.5621600018,-0.01206016618,0.4464725165,-0.1416277859,0.4500040468,-0.06293387271,0.6251455944,-0.01390755882,0.7305977167,1.488615176
567,2015-01-04T22:03:00,567,568,573,1,1.164855765,0.3511170008,1,1,0.5834624963,0,0.3511170008,0.001846240683,0.50194914,0.1747398589,0.5084761882,0.003078941598,0.4531942768,-0.126187668,0.4514535726,-0.07325029682,0.6124117747,-0.0174104271,0.727901628,0.7346907452
568,2015-01-04T22:04:00,568,569,574,1,0.6574234261,0.4917177724,1,1,0.3072338615,0,0.4917177724,0.01434845716,0.5132899144,0.1998534612,0.5262496679,0.02168806204,0.4655748444,-0.09338285605,0.4393466956,-0.05524625789,0.6056586169,-0.01271979365,0.7292554221,-0.6496153272
569,2015-01-04T22:05:00,569,570,575,1,0.3566087696,0.6457804027,1,1,0.1470296644,0,0.6457804027,0.1445861807,0.588954287,0.2088396639,0.536411616,0.05131821567,0.4873091019,-0.05658495218,0.4317277152,-0.04997244562,0.6094331479,-0.02306332083,0.7110664877,-1.145782991
570,2015-01-04T23:00:00,570,571,576,1,0.7480767648,-0.40280743,1,1,0.2179635068,0,-0.40280743,0.2554058141,0.4429269161,0.1974630415,0.5436987424,0.03894966091,0.4943428257,-0.07027623412,0.4357988897,-0.0570471115,0.6108225159,-0.02413327168,0.7115758166,0.4301650197
571,2015-01-04T23:01:00,571,572,577,1,1.592868764,-0.8925882999,1,1,-0.4446596394,0,-0.8925882999,0.03864388922,0.5900965249,0.07095091564,0.6011668897,-0.01830334452,0.5301164233,-0.1109678396,0.4430915299,-0.09115387958,0.5838912741,-0.02427322284,0.7117496962,1.307038753
572,2015-01-04T23:02:00,572,573,578,1,2.039891784,0.1496127392,1,1,-0.003758277718,0,0.1496127392,-0.001656963103,0.5727425891,9.463878988e-05,0.5385104514,-0.00534513599,0.5306058283,-0.09780140828,0.4396994872,-0.08143155921,0.5798933564,-0.03858334989,0.6911816744,1.50239176
573,2015-01-04T23:03:00,573,574,579,1,1.465571015,1.17314058,1,1,0.01031846323,0,1.17314058,0.1346275985,0.7449352751,0.07448802782,0.6396855088,0.08658062792,0.572904278,-0.06827463027,0.4772216857,-0.05666006886,0.5876283241,-0.04023210017,0.6881405888,0.3179117451
574,2015-01-04T23:04:00,574,575,580,1,1.428742275,-0.01571456631,1,1,-0.4119662145,0,-0.01571456631,0.00232860468,0.6867106289,0.07345739271,0.6397025246,0.07222052068,0.5696897259,-0.07089049567,0.4770210075,-0.06670727262,0.5809880531,-0.03580327619,0.6863268449,0.2858300105
575,2015-01-04T23:05:00,575,576,581,1,0.1899844873,0.3449657462,1,1,-0.2780325496,0,0.3449657462,0.1518832399,0.6803829774,0.203644527,0.5740667422,0.1040138331,0.5711963734,-0.06147941423,0.4801034314,-0.06294103458,0.5822463398,-0.02568854505,0.6824559146,0.5375000239
576,2015-01-05T00:00:00,576,577,582,1,1.389139745,-0.01133943477,1,1,-0.9205542672,0,-0.01133943477,0.3281330129,0.551002666,0.1833884511,0.5708843344,0.1197338665,0.566538962,-0.046803763,0.4706925622,-0.04702065763,0.5642455776,-0.02102889483,0.680466692,1.14765927
577,2015-01-05T00:01:00,577,578,583,1,2.043241082,-0.04779630087,1,1,-0.4565836045,0,-0.04779630087,0.2886512049,0.5473427088,0.1434971209,0.560186627,0.1591184899,0.5349565829,-0.04331397732,0.4698199084,-0.04389866592,0.5632893448,-0.04149055756,0.6440103613,1.142912264
578,2015-01-05T00:02:00,578,579,584,1,2.094434842,0.5966357595,1,1,-0.6593072937,0,0.5966357595,0.1733502408,0.3090746228,0.1539889196,0.5702875093,0.1769211904,0.5487105595,-0.01919608967,0.4756501178,-0.03592292813,0.5672064133,-0.03691695262,0.6462946344,-0.3475155366
579,2015-01-05T00:03:00,579,580,585,1,2.122275849,0.5988198116,1,1,-0.9490563837,0,0.5988198116,0.2962571163,0.4088945662,0.1492928605,0.5651399182,0.1790662622,0.5509630427,0.01067072616,0.4757432596,-0.03405923588,0.5689264267,-0.03171457773,0.6485981501,0.2414804743
580,2015-01-05T00:04:00,580,581,586,1,1.082733727,-0.05254330682,1,1,-0.8243355972,0,-0.05254330682,0.2167553057,0.3794030217,0.1843192728,0.5508482771,0.1908911571,0.5472851848,0.02062719472,0.4704467099,-0.03840416404,0.5679996486,-0.03451506148,0.6480993199,0.9003288175
581,2015-01-05T00:05:00,581,582,587,1,1.879777425,-0.8937920413,1,1,-0.7950934941,0,-0.8937920413,0.04026478442,0.551084185,0.1841988987,0.551043427,0.1275749072,0.5766500185,0.006867653261,0.4882043065,-0.05642012204,0.5734654838,-0.04798178926,0.6498794549,2.441950379
582,2015-01-05T01:00:00,582,583,588,1,1.098372367,1.187815822,1,1,-0.6376283111,0,1.187815822,0.2873872091,0.7651262427,0.288019207,0.6652075647,0.1440569229,0.6051836954,0.0355831996,0.5230465576,-0.05103442982,0.5825260745,-0.03903402013,0.658780996,1.880795375
583,2015-01-05T01:01:00,583,584,589,1,1.438300132,0.6063050364,1,1,0.06166589579,0,0.6063050364,0.2893210645,0.766644951,0.2313356526,0.5844961947,0.1529118402,0.6127125557,0.06652206545,0.5223082854,-0.03934392101,0.5853026709,-0.0278257076,0.6576538307,0.1824049093
584,2015-01-05T01:02:00,584,585,590,1,0.1137120703,0.64782952,1,1,-0.04409009418,0,0.64782952,0.2991230061,0.7745734729,0.2976900612,0.6193378848,0.185573727,0.6296025475,0.0925478122,0.528614093,-0.0251148927,0.5872120281,-0.02327683254,0.6602418347,-0.5621729539
585,2015-01-05T01:03:00,585,586,591,1,1.463058416,0.6266608185,1,1,0.1819745928,0,0.6266608185,0.4349638312,0.8233788079,0.3258595685,0.6410535525,0.2647520477,0.6084826545,0.1196400612,0.5329433018,-0.01124141956,0.5889040919,-0.0137251628,0.6610162383,-0.7824230075
586,2015-01-05T01:04:00,586,587,592,1,2.217234247,-1.092085429,1,1,-0.1099515606,0,-1.092085429,0.3953051536,0.8698907608,0.217784969,0.7281496119,0.2005867101,0.6542594213,0.09426327193,0.560086198,-0.01141664891,0.5892268696,-0.03103664978,0.6624131663,1.255895223
587,2015-01-05T01:05:00,587,588,593,1,2.898671122,-0.09674834318,1,1,-0.5679720907,0,-0.09674834318,0.1383923205,0.690217863,0.2128897648,0.7286353223,0.1781934429,0.6498917179,0.09063619222,0.5602429373,0.003046539478,0.5724115822,-0.03425883246,0.6619431919,0.6758850242
588,2015-01-05T02:00:00,588,589,594,1,3.085592442,0.4064107649,1,1,-0.2840916705,0,0.4064107649,0.0984134662,0.6602374429,0.1938672653,0.7154222396,0.1739280925,0.6469377189,0.09780807726,0.5635993026,0.02706909129,0.548647817,-0.03903753849,0.6569202618,2.245481424
589,2015-01-05T02:01:00,589,590,595,1,3.018452314,0.9462328011,1,1,-0.9017826921,0,0.9462328011,0.1580941224,0.728730517,0.2286085643,0.7520014067,0.1889507124,0.6651651083,0.120134464,0.5830586515,0.02880573047,0.5514160714,-0.03476188183,0.6613939936,0.9613390244
590,2015-01-05T02:02:00,590,591,596,1,4.911533227,-0.6767585418,1,1,-0.9618979545,0,-0.6767585418,-0.1025897496,0.737636655,0.1661870408,0.7816842381,0.1752531568,0.6761893494,0.1071014089,0.5922866137,0.02623276661,0.5540871979,-0.03734136095,0.6634266638,2.222786097
591,2015-01-05T02:03:00,591,592,597,1,5.237405086,1.976007164,1,1,-0.8957644891,0,1.976007164,0.511028769,1.042352426,0.4531669613,0.9600022178,0.31868293,0.7827046431,0.1501897927,0.6684496917,0.03291757773,0.5743310511,-0.009774666264,0.6766743618,0.8401110188
592,2015-01-05T02:04:00,592,593,598,1,7.828241564,-0.3379095981,1,1,-0.7551560086,0,-0.3379095981,0.4627965181,1.052360733,0.3005944193,0.8899055596,0.2943068131,0.7856312777,0.1444808386,0.6703577588,0.01950040116,0.5696684049,-0.01197733831,0.6773437741,2.05711329
593,2015-01-05T02:05:00,593,594,599,1,8.81309752,0.5846885313,1,1,-0.3170462778,0,0.5846885313,0.4984520713,1.069018852,0.2984327688,0.8884578736,0.2648842107,0.751995078,0.1757324193,0.6684743485,0.01380661787,0.5614894286,-0.006814230706,0.679436006,2.68874713
594,2015-01-05T03:00:00,594,595,600,1,6.164813592,0.5933320856,1,1,-0.2641746469,0,0.5933320856,0.4278719283,1.016926052,0.2929830253,0.884643081,0.2953365433,0.7636009417,0.183778532,0.6736589575,0.01982341726,0.5652558259,0.00909732359,0.670920003,4.397294067
595,2015-01-05T03:01:00,595,596,601,1,5.842752793,0.8790926729,1,1,-0.4656258091,0,0.8790926729,0.7390421712,1.047424917,0.3182262108,0.9058716219,0.3220428896,0.7847142959,0.2130283614,0.6863096325,0.02056286001,0.5663660337,0.02232603002,0.6726011652,5.771128274
596,2015-01-05T03:02:00,596,597,602,1,3.346601775,1.216322371,1,1,-0.7989184965,0,1.216322371,0.5871052126,0.7823465443,0.5490669908,0.9215651621,0.3834259799,0.8305071358,0.2515799232,0.7108827253,0.04057057806,0.5808764513,0.02546365111,0.6773800151,6.12435039
597,2015-01-05T03:03:00,597,598,603,1,-0.6819464593,2.301879023,1,1,-0.6208418877,0,2.301879023,1.115062937,1.284117963,0.7889297274,1.173972328,0.5009097461,0.9770159825,0.330014118,0.787635314,0.06884839454,0.6353195137,0.04109102411,0.7081543297,1.767519525
598,2015-01-05T03:04:00,598,599,604,1,-2.103590064,2.25292688,1,1,-0.03393118059,0,2.25292688,1.448710606,1.611124673,0.9735813389,1.36720957,0.5837243021,1.09112121,0.3803227463,0.8636054577,0.09637083334,0.6834063197,0.05981130771,0.737414085,0.07162451944
599,2015-01-05T03:05:00,599,600,605,1,-3.882569224,1.569544487,1,1,0.7615589975,0,1.569544487,1.643953087,1.73724152,1.035912508,1.423402033,0.6322605359,1.138327603,0.4056633991,0.8942454937,0.114946438,0.7055142993,0.07070032007,0.7508213107,-2.777748615
600,2015-01-05T04:00:00,600,601,606,1,-0.3323954946,-2.054951842,1,1,0.1718048581,0,-2.054951842,1.057144184,1.925620089,0.8980931775,1.550018014,0.5321401091,1.227514988,0.3615156331,0.9503457578,0.1002024743,0.7354970699,0.04983542701,0.7728156895,-2.449465984
601,2015-01-05T04:01:00,601,602,607,1,-2.94896928,0.5570318746,1,1,0.7666532667,0,0.5570318746,0.9252860844,1.863915666,0.7561956485,1.429378838,0.6046813049,1.217523741,0.366128106,0.9525988935,0.1087401109,0.7379946559,0.04880874939,0.7719934051,-2.175214584
602,2015-01-05T04:02:00,602,603,608,1,-3.581088435,-1.279828648,1,1,0.5910866993,0,-1.279828648,0.2089445503,1.655911977,0.6620037436,1.481722548,0.4812990814,1.222177077,0.3126780022,0.9643557726,0.09142377324,0.7516458995,0.03883850192,0.7807467798,-1.104820608
603,2015-01-05T04:03:00,603,604,609,1,-3.816262794,-1.726669211,1,1,0.623321297,0,-1.726669211,-0.5869746678,1.52420008,0.4308679693,1.568264741,0.3646503691,1.27452181,0.2587811046,0.9999556293,0.06015237738,0.7711875616,0.04015075492,0.7777063967,2.117070489
604,2015-01-05T04:04:00,604,605,610,1,-4.935733684,0.8312832748,1,1,-0.2001066692,0,0.8312832748,-0.7346269103,1.403103089,0.4546630883,1.579035525,0.3738230568,1.279833304,0.2796983919,1.008556556,0.07777363897,0.7740710991,0.05599861548,0.775265632,-0.7737546961
605,2015-01-05T04:05:00,605,606,611,1,-6.132227838,-0.2094346721,1,1,-0.2947486668,0,-0.2094346721,-0.3655234762,1.064380308,0.3458103538,1.555782467,0.3320182823,1.27300088,0.298385165,0.997692934,0.07832917935,0.7739048246,0.04888912004,0.7732718531,-2.476267827
606,2015-01-05T05:00:00,606,607,612,1,-8.189141812,1.495221887,1,1,-0.5769569457,0,1.495221887,-0.1778854738,1.232065841,0.3737003053,1.579899972,0.4613836481,1.293322518,0.3309851791,1.024875243,0.09467869656,0.791477386,0.06837247788,0.781448077,-5.933333283
607,2015-01-05T05:01:00,607,608,613,1,-5.421674765,-2.059541911,1,1,-0.4388844321,0,-2.059541911,-0.3338281264,1.427843318,-0.06244178807,1.546088777,0.3632439697,1.372698353,0.2707187063,1.073932031,0.07226551916,0.8237537054,0.04140603754,0.7965396767,-4.161978987
608,2015-01-05T05:02:00,608,609,614,1,-0.8571933495,-1.911947803,1,1,-0.7958355453,0,-1.911947803,-0.3708838449,1.474302583,-0.4789292564,1.499458901,0.2473260413,1.434858705,0.2106270669,1.112957302,0.05862210541,0.8460790377,0.0333781837,0.8108264667,-3.655960011
609,2015-01-05T05:03:00,609,610,615,1,-0.2522463106,-1.961843569,1,1,-0.6304586793,0,-1.961843569,-0.9295092137,1.674851566,-0.832068062,1.544963761,0.1019222228,1.485426937,0.1454364676,1.150855727,0.0444257577,0.8691541071,0.01516385878,0.8301177481,-2.255808529
610,2015-01-05T05:04:00,610,611,616,1,-1.765702421,-0.2881876152,1,1,-0.3049118821,0,-0.2881876152,-0.9452598023,1.677189796,-0.6553916393,1.404612234,0.1213507691,1.479103,0.148301963,1.149995157,0.03901286441,0.8696003486,0.01140257998,0.8304009378,-1.259695778
611,2015-01-05T05:05:00,611,612,617,1,1.89486667,-1.405928827,1,1,-0.646476302,0,-1.405928827,-1.525489945,1.661672377,-0.8516877094,1.462727132,-0.04774603044,1.446149115,0.1354684498,1.16274972,0.0122503051,0.8798627774,-0.01561310313,0.8233761696,2.798766661
612,2015-01-05T06:00:00,612,613,618,1,0.3836387938,-0.5616920877,1,1,-0.4620171658,0,-0.5616920877,-1.22591998,1.40567141,-0.7798740534,1.416800736,-0.05893515492,1.44962513,0.1176858291,1.165896548,0.009942210416,0.8810931847,-0.01505909644,0.8229757734,2.003562219
613,2015-01-05T06:01:00,613,614,619,1,0.6662966067,0.7079251366,1,1,0.6070372711,0,0.7079251366,-0.7019453924,1.159756367,-0.5364146186,1.326386621,-0.05277332465,1.452369748,0.106055443,1.156476217,0.01889040637,0.8846405422,-0.002421564901,0.8222025977,-0.5060066431
614,2015-01-05T06:02:00,614,615,620,1,-0.8176240598,2.652533612,1,1,0.1920145478,0,2.652533612,0.2209300439,1.407997055,-0.3542895849,1.547188333,0.05018675169,1.563193035,0.1727616475,1.230174553,0.05093557591,0.9329733309,0.01311570075,0.8540928261,-0.9038999913
615,2015-01-05T06:03:00,615,616,621,1,0.5622108453,-1.35689653,1,1,0.7597599018,0,-1.35689653,0.007188260925,1.527769264,-0.4690357707,1.604220144,-0.06161270847,1.580186912,0.1302150906,1.247551042,0.03436783817,0.9452203199,0.001444340474,0.863018965,-1.619923425
616,2015-01-05T06:04:00,616,617,622,1,1.974782779,-1.801643725,1,1,0.5207165673,0,-1.801643725,-0.07195471883,1.608706242,-0.7987223319,1.635403752,-0.2125110133,1.607891376,0.08545748331,1.279659482,0.01932686016,0.9641265161,-0.002861277314,0.8706845073,1.17230325
617,2015-01-05T06:05:00,617,618,623,1,-2.029626065,2.254640264,1,1,0.6047200854,0,2.254640264,0.4913117515,1.881891792,-0.3673041144,1.660937812,-0.2148729512,1.6045412,0.1430183974,1.328366044,0.04985221006,0.9963149833,0.01840702187,0.8942680653,0.08627593154
618,2015-01-05T07:00:00,618,619,624,1,0.781489414,-2.072919964,1,1,0.8739051489,0,-2.072919964,-0.06485726854,2.073809189,-0.3834013305,1.680136808,-0.4311652934,1.592362504,0.07627950435,1.364947589,0.02854170734,1.022087314,0.001477882699,0.9140620238,2.18213427
619,2015-01-05T07:01:00,619,620,625,1,-1.582743025,0.9905829494,1,1,1.484967629,0,0.9905829494,-0.3972474011,1.757768061,-0.08815867861,1.592514405,-0.4601133703,1.568919239,0.0860735828,1.370638047,0.04837215448,1.025909427,0.005985037016,0.9176061633,0.8024795296
620,2015-01-05T07:02:00,620,621,626,1,-1.621030051,1.168612946,1,1,1.131108755,0,1.168612946,0.1078544941,1.730504597,0.05752137751,1.632287519,-0.2989351309,1.522711081,0.1166024891,1.383011584,0.06861484192,1.032966879,0.01326472035,0.9233937841,-2.115901996
621,2015-01-05T07:03:00,621,622,627,1,-1.668151789,0.02293837483,1,1,1.172981304,0,0.02293837483,0.4727709141,1.531524526,0.2004080976,1.570589562,-0.3256398059,1.517616921,0.1395207495,1.375777086,0.07319420139,1.032256275,0.008893501813,0.9220426439,-1.400644856
622,2015-01-05T07:04:00,622,623,628,1,-2.329205449,-0.3890717912,1,1,1.275609806,0,-0.3890717912,-0.05597149696,1.16583112,0.2176701273,1.565356017,-0.281101963,1.49292729,0.1000985592,1.364285289,0.06784087939,1.033163117,-0.0006567668215,0.9201354257,-2.385222554
623,2015-01-05T07:05:00,623,624,629,1,-0.5362147871,-1.74976858,1,1,1.186919753,0,-1.74976858,0.008658779846,1.054561891,-0.02809924435,1.645111749,-0.2822569315,1.494271417,0.04119671878,1.388749962,0.05385939211,1.049150228,-0.01249704108,0.933413965,0.4948719451
624,2015-01-05T08:00:00,624,625,630,1,-0.5719097145,0.7381955148,1,1,0.6000977817,0,0.7381955148,-0.04181870709,1.012342032,-0.2195330541,1.434326488,-0.2869113195,1.491825092,0.04345586865,1.389876863,0.06800184042,1.051472908,-0.002257972249,0.9347715634,-0.2675069324
625,2015-01-05T08:01:00,625,626,631,1,1.179680818,-1.373649489,1,1,-0.229957476,0,-1.373649489,-0.5502711942,1.062585399,-0.22120835,1.435920243,-0.3451220604,1.522397651,-0.006551889051,1.403250841,0.0565440861,1.061400369,-0.009678242727,0.9421126937,0.0560171053
626,2015-01-05T08:02:00,626,627,632,1,0.3233350442,1.13032592,1,1,-0.9838695011,0,1.13032592,-0.3287936852,1.176651959,0.07198861447,1.365664162,-0.3633668587,1.506582894,0.04900839467,1.404007684,0.0716358333,1.068862509,0.008725032283,0.9426229688,-1.031086732
627,2015-01-05T08:03:00,627,628,633,1,0.138963331,-0.02418336271,1,1,-0.3362432111,0,-0.02418336271,-0.2558159995,1.163766054,-0.1558937482,1.164799045,-0.2615989313,1.434480957,0.05082251919,1.403929553,0.07072935571,1.068852268,0.01897186605,0.935650973,-0.3044027821
628,2015-01-05T08:04:00,628,629,634,1,0.7463623988,-1.050125452,1,1,-0.5540688092,0,-1.050125452,-0.1158873739,0.9811045329,-0.05361429701,1.018495676,-0.2185078137,1.389279154,0.01440911377,1.412252823,0.05610859551,1.07519817,0.02284909878,0.9303201759,1.123663713
629,2015-01-05T08:05:00,629,630,635,1,2.168929063,0.0432220823,1,1,-0.5219295177,0,0.0432220823,-0.2548820604,0.9240958882,-0.1483503837,0.9692238131,-0.1182545312,1.318236878,-0.0081661542,1.404322194,0.05598415492,1.075192591,0.01648176891,0.9274050164,1.354421776
630,2015-01-05T09:00:00,630,631,636,1,-0.1722722152,0.7025005874,1,1,-1.109582784,0,0.7025005874,0.160347955,0.7584669021,-0.1949616196,0.9231358977,-0.06872012104,1.325998195,0.02631532403,1.404638192,0.06670836644,1.077917409,0.02626028575,0.9286250939,0.4433661131
631,2015-01-05T09:01:00,631,632,637,1,0.6683357196,0.3779410431,1,1,-0.6129111719,0,0.3779410431,0.009870979654,0.5901801344,-0.1594613528,0.930812125,0.02047337244,1.290961422,-0.013636329,1.370753197,0.06827673187,1.078375936,0.01739960882,0.9199051835,-0.377301314
632,2015-01-05T09:02:00,632,633,638,1,-0.5874768054,0.2739801459,1,1,0.6448185979,0,0.2739801459,0.06950368137,0.6026679418,-0.09315615906,0.9267038568,0.06225698412,1.286296913,0.001660914599,1.370396433,0.07307087659,1.078741375,0.01355390564,0.9177927446,0.8145072866
633,2015-01-05T09:03:00,633,634,639,1,0.09773656321,-0.2085550758,1,1,0.586677399,0,-0.2085550758,0.2378177566,0.3890436982,0.06096519134,0.7462978975,0.0164329735,1.277370976,-0.01817017558,1.3676722,0.07878112186,1.076425845,0.003147686719,0.9130658982,-0.6156383284
634,2015-01-05T09:04:00,634,635,640,1,2.945366449,-0.442726384,1,1,0.5979372434,0,-0.442726384,0.1406280633,0.4360994149,-0.05712699853,0.7225427012,-0.1383300263,1.135640883,-0.04407163732,1.366245344,0.06985344733,1.077135723,-0.001474934269,0.9139027367,1.045637034
635,2015-01-05T09:05:00,635,636,641,1,2.363720987,1.465788746,1,1,0.1928322183,0,1.465788746,0.2932856951,0.7219339405,0.2268168251,0.7404257748,0.002804237509,1.142387253,-0.02940423548,1.378774694,0.09181206295,1.089045584,0.003907161512,0.9206086076,-1.401984092
636,2015-01-05T10:00:00,636,637,642,1,3.635840446,-1.638700691,1,1,0.3171447007,0,-1.638700691,-0.1100426517,1.014735788,-0.050085836,0.8300606333,0.01095138923,1.130052932,-0.100779812,1.389664403,0.07540005558,1.103748477,-0.006546218635,0.9320232573,0.7133748916
637,2015-01-05T10:01:00,637,638,643,1,1.260359092,1.218548978,1,1,0.5551513233,0,1.218548978,0.07887111473,1.145272028,0.07418739805,0.915111104,-0.04085317509,1.04742187,-0.1278630632,1.354925281,0.1010755274,1.108194907,0.003277908639,0.9386309687,1.899729415
638,2015-01-05T10:02:00,638,639,644,1,3.084168831,-0.981832379,1,1,0.7744755748,0,-0.981832379,-0.07578434591,1.223007742,0.08101670533,0.9074973654,0.01370120416,0.9645944514,-0.2087320446,1.316446125,0.08579535081,1.113293489,-0.005330125982,0.942888964,3.765705079
639,2015-01-05T10:03:00,639,640,645,1,3.249831977,0.4766582927,1,1,0.3184263707,0,0.4766582927,0.1080925894,1.225555887,0.1243603264,0.91982877,-0.01199502868,0.9448491324,-0.2360541995,1.295038119,0.08480459978,1.112833935,-0.002053774527,0.9438616748,2.922465554
640,2015-01-05T10:04:00,640,641,646,1,-0.5173731401,2.404903501,1,1,0.3221952583,0,2.404903501,0.2959155404,1.492980935,0.2946006178,1.172642462,0.04981949909,1.055289114,-0.1245578159,1.310016059,0.1184789086,1.144399217,0.02528237758,0.965756,-0.6393703232
641,2015-01-05T10:05:00,641,642,647,1,-1.733369522,0.8841432846,1,1,-0.0769789602,0,0.8841432846,0.8004843355,1.359509453,0.3452208419,1.199573814,0.09287974458,1.073636006,-0.1163800306,1.314506636,0.1248740377,1.147905124,0.03370006369,0.9690545083,-0.6815362474
642,2015-01-05T11:00:00,642,643,648,1,-2.906495578,-0.366581232,1,1,0.1661533085,0,-0.366581232,0.4834582935,1.256252359,0.2811647041,1.202043678,0.09400427254,1.073240197,-0.09354884526,1.300130073,0.1095645785,1.144622266,0.02976623374,0.9695843307,0.3273664233
643,2015-01-05T11:01:00,643,644,649,1,-1.961135815,-1.156932376,1,1,0.489811785,0,-1.156932376,0.4484382942,1.285717515,0.1863269741,1.254754451,0.1236460827,1.032320029,-0.07930542438,1.284237461,0.08973784013,1.150907711,0.01366644346,0.9727497736,0.1219971831
644,2015-01-05T11:02:00,644,645,650,1,-3.070765486,0.8419773604,1,1,0.2545609123,0,0.8419773604,0.5215021077,1.32265418,0.3147973486,1.275029669,0.128835175,1.036283892,-0.07903807224,1.284411618,0.1003301598,1.154750954,0.02550306856,0.9743519792,-1.051833274
645,2015-01-05T11:03:00,645,646,651,1,-4.738966053,0.6423214387,1,1,0.1750763406,0,0.6423214387,0.1689856952,0.821716055,0.2324506178,1.205033059,0.2296337214,1.000083747,-0.05774416947,1.287994974,0.1203204978,1.152024792,0.03297139641,0.9758395376,-3.233862001
646,2015-01-05T11:04:00,646,647,652,1,-3.840106103,-1.362301616,1,1,0.4112852313,0,-1.362301616,-0.2803032849,0.9434238412,0.2600905253,1.17010993,0.1050023446,1.014435287,-0.129182257,1.284303502,0.100901461,1.161852991,0.0200583787,0.983583311,-2.083132998
647,2015-01-05T11:05:00,647,648,653,1,-4.055909421,-0.3318530971,1,1,0.1857951254,0,-0.3318530971,-0.273357658,0.9408493396,0.1050503178,1.109812477,0.08961885792,1.017131276,-0.0859900367,1.243441122,0.09236433479,1.161782215,0.01951366721,0.9837489786,-2.018932211
648,2015-01-05T12:00:00,648,649,654,1,-3.095706466,-1.539707288,1,1,0.3698078221,0,-1.539707288,-0.3499126405,1.044815143,0.04926282685,1.171475184,0.06513976609,1.047832423,-0.07668402383,1.230457101,0.06697152153,1.17317915,0.01352006233,0.9909127364,-1.505104051
649,2015-01-05T12:01:00,649,650,655,1,-1.794624664,-0.2115726125,1,1,-0.008503514278,0,-0.2115726125,-0.560622635,0.9791864486,-0.01956026368,1.163662361,0.05240003135,1.048855342,-0.03292724991,1.191185543,0.05625460883,1.171194241,0.01864142183,0.9882274908,-1.756973105
650,2015-01-05T12:02:00,650,651,656,1,-2.939744271,-0.2676523104,1,1,-0.7016010731,0,-0.2676523104,-0.7426173849,0.9437257477,-0.2868158449,0.8848264129,0.003892386458,1.038751203,-0.03241386729,1.191065757,0.05794404783,1.170710575,0.01520395385,0.9884410573,-2.03697721
651,2015-01-05T12:03:00,651,652,657,1,-0.916537608,-1.025879128,1,1,-0.605341248,0,-1.025879128,-0.6753328873,0.8543598454,-0.4778180861,0.8999942471,-0.0662986221,1.060416659,-0.02291262483,1.18132656,0.05627791248,1.172074945,0.0005293284537,0.9905973712,-1.590602415
652,2015-01-05T12:04:00,652,653,658,1,-1.163549277,-0.4634416667,1,1,-0.6293137798,0,-0.4634416667,-0.7016506012,0.8665224091,-0.4875041296,0.9044497126,-0.1031697127,1.063705384,-0.02045636431,1.18026033,0.0486147324,1.173100423,-0.0001906478255,0.9909027611,-0.03765155861
653,2015-01-05T12:05:00,653,654,659,1,-1.265144221,-0.547656415,1,1,-0.1465555995,0,-0.547656415,-0.5032404266,0.5802644987,-0.4265765335,0.8450874424,-0.1201247797,1.06971527,-0.0518459031,1.178127194,0.02710476996,1.167351902,-0.004688363449,0.9921628667,-0.9027670613
654,2015-01-05T13:00:00,654,655,660,1,-1.314140071,-0.5795043333,1,1,0.1383435266,0,-0.5795043333,-0.5768267707,0.6284260886,-0.5687247029,0.8227166736,-0.1269636772,1.072977954,-0.1326468517,1.104753797,0.02005739787,1.169147207,-0.01025856664,0.9935390321,0.674064807
655,2015-01-05T13:01:00,655,656,661,1,-1.839125194,1.08950919,1,1,1.245385972,0,1.08950919,-0.3053944707,0.786128394,-0.5240059278,0.8685091073,-0.145777655,1.050336314,-0.07148670874,1.097327437,0.02936419092,1.174842778,-0.0009170107981,0.998500611,-1.125897718
656,2015-01-05T13:02:00,656,657,662,1,-1.16714959,-1.412771918,1,1,1.492102105,0,-1.412771918,-0.3827730286,0.8981632107,-0.529052958,0.8765351957,-0.1344812163,1.033796691,-0.06176491355,1.082994743,0.01184628488,1.185412587,-0.007703731079,1.005312139,-0.3623771601
657,2015-01-05T13:03:00,657,658,663,1,-1.726910331,0.997327535,1,1,1.087644183,0,0.997327535,-0.09061918825,0.9811594976,-0.3961348947,0.9256173738,-0.1455422885,1.021873587,-0.09319773178,1.034726583,0.02491033283,1.190633329,0.002168896113,1.009281294,-1.988204878
658,2015-01-05T13:04:00,658,659,664,1,0.1081132187,-0.7104533355,1,1,0.6933437247,0,-0.7104533355,-0.1231785724,1.001816969,-0.3132094995,0.8186403749,-0.1319733363,1.01057562,-0.05913606607,0.9878526055,0.008571719141,1.191414011,-0.0006842171306,1.010804584,-0.7132274756
659,2015-01-05T13:05:00,659,660,665,1,0.4907724468,-0.6492513596,1,1,-0.1818542699,0,-0.6492513596,-0.1371279776,1.010335414,-0.3569773742,0.8413373278,-0.1882688189,1.015371506,-0.1001319238,0.9807444055,-0.007029170499,1.191744151,-0.001129204946,1.011078614,-0.80477243
660,2015-01-05T14:00:00,660,661,666,1,0.4220950289,-0.6285001834,1,1,0.05676253028,0,-0.6285001834,-0.4807298522,0.9286409913,-0.3930621615,0.8603406135,-0.3399390032,0.8726693968,-0.145059752,0.9682941162,-0.01422863146,1.193799509,-0.002610022729,1.011868674,0.2612945473
661,2015-01-05T14:01:00,661,662,667,1,-0.7129143449,0.5645240673,1,1,-0.1172010444,0,0.5645240673,-0.08527065523,0.7258971532,-0.2340218419,0.8165855222,-0.355919964,0.8593024962,-0.1315201097,0.9723926814,0.004000319902,1.191282946,0.004956097689,1.012695012,0.8213406944
662,2015-01-05T14:02:00,662,663,668,1,0.3871154757,-0.7407963139,1,1,-0.04681190549,0,-0.7407963139,-0.432895425,0.6616268362,-0.2617573066,0.8367867202,-0.3746307181,0.8712753003,-0.1403132228,0.9774878949,-0.0201073318,1.186751224,-0.001543821336,1.014944109,1.295544877
663,2015-01-05T14:03:00,663,664,669,1,1.373753122,0.4375667939,1,1,0.194135385,0,0.4375667939,-0.2032913991,0.6124493626,-0.1632349857,0.8302805129,-0.2949057596,0.837716693,-0.08562983845,0.9400675243,-0.02221655983,1.185823218,0.007362981928,1.014093906,0.1608004816
664,2015-01-05T14:04:00,664,665,670,1,-0.8566516452,1.124570214,1,1,-0.08179915372,0,1.124570214,0.1514729157,0.7373739822,0.007172469025,0.8844484267,-0.2807761169,0.8541404289,-0.07597047096,0.9495894318,-0.01625730115,1.190268412,0.02001106996,1.018644629,-1.534255039
665,2015-01-05T14:05:00,665,666,671,1,-0.01850541917,-0.2665921315,1,1,-0.2979716802,0,-0.2665921315,0.223854526,0.6920492514,-0.1284376631,0.8189341418,-0.3262217954,0.8440856586,-0.04829403701,0.9253777877,-0.02742296303,1.188578347,0.02159804506,1.018080798,-0.9084294011
666,2015-01-05T15:00:00,666,667,672,1,-2.263006888,-0.6971776013,1,1,-0.3512524731,0,-0.6971776013,-0.02848580769,0.7158254001,-0.05687823146,0.7208788665,-0.2929655947,0.8024899655,-0.09398162503,0.9146226261,-0.02248661518,1.18485698,0.01643001386,1.0200439,1.21295264
667,2015-01-05T15:01:00,667,668,673,1,-0.1521565675,-0.5704853065,1,1,-0.06337370258,0,-0.5704853065,0.005576393802,0.6839158316,-0.2136595156,0.6728636322,-0.3048972052,0.809170251,-0.1076391736,0.919051829,-0.02840832722,1.186523168,0.01127317926,1.021362914,0.6776033941
668,2015-01-05T15:02:00,668,669,674,1,-0.7342717896,0.3592335067,1,1,0.07000985988,0,0.3592335067,-0.01009026365,0.6747278469,-0.1066908314,0.6443414813,-0.2099501654,0.7366641053,-0.07240519967,0.905711541,-0.02899804295,1.186332886,0.01327066379,1.021830972,0.8899239819
669,2015-01-05T15:03:00,669,670,675,1,-0.6824616349,1.42420444,1,1,-0.04016140037,0,1.42420444,0.04983658143,0.7797420671,0.1006547485,0.7588537675,-0.1281613128,0.8011577684,-0.03788064073,0.9332607615,-0.02302339746,1.192286978,0.0246958897,1.030057258,-3.475959528
670,2015-01-05T15:04:00,670,671,676,1,0.3768437112,-1.105834552,1,1,-0.09962331769,0,-1.105834552,-0.1180119027,0.9156186049,0.05292131164,0.8115693427,-0.1700704249,0.8363105791,-0.08308901922,0.9429791745,-0.0283868476,1.196289717,0.01677590455,1.034894778,-0.8297599615
671,2015-01-05T15:05:00,671,672,677,1,0.1438049349,0.5715540946,1,1,0.2830713873,0,0.5715540946,0.1357344364,0.8980428301,0.05362431437,0.8120612441,-0.09019876377,0.8143265252,-0.07824869294,0.9454129203,-0.04594251097,1.177448495,0.0194349236,1.035952848,-1.624195771
672,2015-01-05T16:00:00,672,673,678,1,2.268596726,-2.94167907,1,1,0.3135777794,0,-2.94167907,-0.3385043163,1.572286672,-0.1664639612,1.212399737,-0.2141106339,1.041663366,-0.1586401733,1.052742065,-0.07848962937,1.221935399,-0.004166140053,1.070145125,2.793497893
673,2015-01-05T16:01:00,673,674,679,1,-0.5673690159,1.540365014,1,1,0.06481038463,0,1.540365014,-0.1022780148,1.709040816,-0.05618413924,1.299245585,-0.1097095625,1.0902763,-0.1149171711,1.080044714,-0.06654367333,1.232279155,0.01421502421,1.077633485,1.206603673
674,2015-01-05T16:02:00,674,675,680,1,1.257180131,-0.2228817154,1,1,-0.692995327,0,-0.2228817154,-0.4316952459,1.589051322,-0.1909293322,1.251615316,-0.0918784316,1.083695049,-0.1094210544,1.078349816,-0.07674634585,1.230744625,0.0100952801,1.077540572,1.768000706
675,2015-01-05T16:03:00,675,676,681,1,-0.7331902287,1.476014594,1,1,-0.4439713956,0,1.476014594,0.0846745835,1.648100091,-0.01666865962,1.333152531,-0.07255316136,1.106333765,-0.1091654082,1.078698468,-0.06928482183,1.237863087,0.02481957257,1.085607503,-0.5249011665
676,2015-01-05T16:04:00,676,677,682,1,-1.087391408,-0.04652920626,1,1,-0.3636967737,0,-0.04652920626,-0.03894207666,1.628291156,0.04839617988,1.314878894,-0.00424102579,1.060323735,-0.06936112106,1.047144217,-0.08507046655,1.230381681,0.02714633003,1.085208492,-1.773972689
677,2015-01-05T16:05:00,677,678,683,1,-1.433052402,0.3385153182,1,1,-1.052647801,0,0.3385153182,0.617096801,0.97136783,0.1392962423,1.306836034,-0.03718163663,1.039366607,-0.09136196255,1.030657211,-0.1096125129,1.20376011,0.03692969743,1.082966018,-0.5108205757
678,2015-01-05T17:00:00,678,679,684,1,-0.2158622578,-0.8168872785,1,1,-0.4071955509,0,-0.8168872785,0.1456463425,0.776190409,0.02168416383,1.327270142,-0.04250333378,1.043269374,-0.08723833504,1.027052597,-0.1479851898,1.180649702,0.02811745553,1.085308224,-0.2082890622
679,2015-01-05T17:01:00,679,680,685,1,1.932013553,-1.295600728,1,1,-0.05957448225,0,-1.295600728,-0.06889746009,0.9634586388,-0.250296353,1.314027521,-0.07482080222,1.072969563,-0.1315448106,1.044567609,-0.183799505,1.176487403,0.01268812967,1.09055341,0.686581281
680,2015-01-05T17:02:00,680,681,686,1,-0.8216812665,1.601667431,1,1,0.09909054708,0,1.601667431,-0.04376689276,1.002794318,0.02045384537,1.364153649,0.03668757851,1.12239921,-0.1516257123,1.005318821,-0.1380917641,1.167648921,0.02844403497,1.099994707,-0.9222318259
681,2015-01-05T17:03:00,681,682,687,1,-1.472080505,-0.514355765,1,1,-0.1897649694,0,-0.514355765,-0.1373322045,1.028628126,-0.08813714058,1.361875161,-0.01725641311,1.121192985,-0.1865881886,0.9988679815,-0.1514841096,1.167404159,0.02105329561,1.10047105,-0.007573195644
682,2015-01-05T17:04:00,682,683,688,1,-1.091630414,-0.4007303852,1,1,-0.1348693803,0,-0.4007303852,-0.2851813452,1.03308967,0.1659577279,1.002703776,-0.0002531166667,1.11250348,-0.1874419174,0.999195837,-0.1404953813,1.159467664,0.01056241317,1.098288454,1.245432272
683,2015-01-05T17:05:00,683,684,689,1,-1.306774117,-0.007145675755,1,1,0.4163358914,0,-0.007145675755,-0.1232330246,0.9663454416,0.01120665894,0.8764402614,-0.02248874015,1.108193715,-0.1586972499,0.9823091591,-0.1190013371,1.143284116,0.006926143455,1.097589541,0.1005505594
684,2015-01-05T18:00:00,684,685,690,1,-0.673805291,0.4003028653,1,1,0.5042056107,0,0.4003028653,0.2159476941,0.7938234941,0.07352511701,0.8827254071,-0.05870210761,1.082992392,-0.1697391123,0.9753021054,-0.1243885923,1.140378753,0.01030706913,1.098197573,-1.464507309
685,2015-01-05T18:01:00,685,686,691,1,-1.209030554,0.8522750824,1,1,0.6869217991,0,0.8522750824,0.06606922435,0.5122134233,0.0111511658,0.7962283074,-0.002758746913,1.098015298,-0.1644902712,0.9793156265,-0.1111172203,1.144113227,0.02538357478,1.097479133,-2.337062685
686,2015-01-05T18:02:00,686,687,692,1,1.290160256,-1.152027388,1,1,0.7449128339,0,-1.152027388,-0.06146510031,0.6891180168,-0.0993986524,0.8754882816,-0.02550123626,1.117001844,-0.1592334155,0.972543897,-0.1442078363,1.139139394,0.01418983551,1.102368114,-1.407324676
687,2015-01-05T18:03:00,687,688,693,1,3.180875751,-1.164755004,1,1,1.420794209,0,-1.164755004,-0.214270024,0.8450429081,-0.2497256846,0.9437615647,-0.05521472112,1.139847865,-0.1800559631,0.9884355443,-0.1330229999,1.123198702,0.001557568808,1.107020123,0.7907020185
688,2015-01-05T18:04:00,688,689,694,1,2.647643643,-0.02028029364,1,1,0.2112225212,0,-0.02028029364,-0.2168969476,0.8450855355,-0.1700649861,0.9077425502,-0.07419041113,1.137022992,-0.1420702883,0.9579914635,-0.1093771561,1.102672282,-0.002709081742,1.106111248,1.128032132
689,2015-01-05T18:05:00,689,690,695,1,2.480269498,-0.2222893788,1,1,0.7540710572,0,-0.2222893788,-0.3414153964,0.831867537,-0.06273385115,0.8130680596,-0.1565151021,1.092645413,-0.1423382074,0.9580521301,-0.08763272867,1.080922495,-0.009942996588,1.104725574,2.697484932
690,2015-01-05T19:00:00,690,691,696,1,1.079275003,1.033271691,1,1,0.3318547915,0,1.033271691,-0.3052160747,0.8719283878,-0.1195734252,0.715060034,-0.04955978989,1.089088157,-0.1098151074,0.9709604522,-0.07111448735,1.086600625,0.00202432942,1.108135175,2.390173733
691,2015-01-05T19:01:00,691,692,697,1,-0.3863778553,0.3170498196,1,1,0.3178819998,0,0.3170498196,-0.01140063309,0.7175860997,-0.0364328667,0.7034960737,-0.06228500364,1.083884376,-0.07624188371,0.9586274119,-0.04957725427,1.075755306,0.01210464708,1.10551434,1.519611511
692,2015-01-05T19:02:00,692,693,698,1,-2.09108177,1.347163421,1,1,-0.02930561503,0,1.347163421,0.4909830519,0.7788252844,0.138356514,0.8126088666,0.1521571209,0.9126193164,-0.0309767565,0.9792692645,-0.02571656041,1.084431358,0.0220842361,1.112249597,-0.217215434
693,2015-01-05T19:03:00,693,694,699,1,-2.801390252,0.7259604919,1,1,-0.8599293775,0,0.7259604919,0.640231209,0.843735914,0.2116671307,0.8444109944,0.1114368948,0.8605746508,0.0008636661683,0.9821637183,-0.02549111846,1.084580392,0.01835773536,1.109063643,-1.310898729
694,2015-01-05T19:04:00,694,695,700,1,-2.117815016,-0.553512402,1,1,-0.2138664714,0,-0.553512402,0.5739866044,0.8736606749,0.116285604,0.8530200977,0.0949053605,0.8679998362,0.001513464453,0.9817888456,-0.06556669364,1.045081406,0.01387608673,1.110213151,-1.905989367
695,2015-01-05T19:05:00,695,696,701,1,-1.15495587,-0.3896635239,1,1,-1.144595484,0,-0.3896635239,0.2893995614,0.7616563725,-0.007908256627,0.8186511904,0.001621454585,0.8075175816,-0.03546585339,0.9685192419,-0.05347628107,1.034929231,0.007754176149,1.11033638,-1.873866337
696,2015-01-05T20:00:00,696,697,702,1,-0.7561314925,-0.3677228036,1,1,-1.081360665,0,-0.3677228036,0.1524450368,0.7661986193,0.07052220184,0.7422904198,-0.01443822528,0.8116263914,-0.009339625535,0.9441990845,-0.03555226954,1.015969863,0.004784314742,1.11084321,-1.490491523
697,2015-01-05T20:01:00,697,698,703,1,0.03104805411,-1.148603039,1,1,-1.61784297,0,-1.148603039,-0.3467082553,0.698532931,0.07213739829,0.7397692476,-0.08879414314,0.8479222932,-0.06298788989,0.9484869949,-0.07809281083,0.9925438732,-0.004389074743,1.115772233,-0.2118256497
698,2015-01-05T20:02:00,698,699,704,1,-0.5533179767,-0.3575404938,1,1,-1.447994278,0,-0.3575404938,-0.5634084525,0.6388361053,0.03841137827,0.7483320994,-0.06582680391,0.8318646129,-0.05416506884,0.9435066831,-0.05665056746,0.9659341673,-0.01234054352,1.11491996,0.7189104663
699,2015-01-05T20:03:00,699,700,705,1,-0.7845166082,0.01565201012,1,1,-1.307726393,0,0.01565201012,-0.4495755701,0.5889697537,0.06220551717,0.7450397122,-0.0002641669901,0.7797960766,-0.0375424846,0.9379087389,-0.0688372042,0.9595656286,-0.0172002752,1.11357997,0.7343600303
700,2015-01-05T20:04:00,700,701,706,1,-1.772487504,0.130062834,1,1,-0.3919203756,0,0.130062834,-0.3456302985,0.5655980079,-0.02811536853,0.6708284193,-0.07384439684,0.6932970577,-0.01857840917,0.9328560441,-0.0818190806,0.9507402101,-0.01567855736,1.113632934,0.2428737038
701,2015-01-05T20:05:00,701,702,707,1,-1.262533963,0.5731956221,1,1,-0.6098502817,0,0.5731956221,-0.1574466133,0.5988052594,-0.00250078828,0.6876147406,-0.01946682749,0.6956007322,-0.0183616203,0.9329882335,-0.07494086501,0.9528941627,-0.003453660164,1.111871869,-1.272228443
702,2015-01-05T21:00:00,702,703,708,1,-0.4179128891,0.03110157416,1,1,-0.653964934,0,0.03110157416,0.07849430932,0.3080639739,-0.134106973,0.539838711,0.002124770478,0.6898402003,0.0009358269054,0.9256196558,-0.06968869794,0.9519071204,-0.01309294557,1.106575601,-1.518876639
703,2015-01-05T21:01:00,703,704,709,1,-0.347483601,-0.3614234925,1,1,-0.422243289,0,-0.3614234925,0.07771770959,0.3089688645,-0.2428453714,0.5017834836,-0.01558912036,0.6945561863,-0.01903893026,0.9247977093,-0.05233438435,0.9324638742,-0.02115734997,1.105682928,-2.015361208
704,2015-01-05T21:02:00,704,705,710,1,1.64563328,-0.9419065246,1,1,-0.9890076182,0,-0.9419065246,-0.1137939974,0.5223507848,-0.2816847837,0.5566577553,-0.08269958986,0.7202468825,-0.07070084873,0.9196814919,-0.07333565984,0.9347550843,-0.03440515035,1.107443276,0.009694480265
705,2015-01-05T21:03:00,705,706,711,1,3.403315291,-0.2155466214,1,1,-1.33181152,0,-0.2155466214,-0.1829158884,0.5279764611,-0.2642730935,0.5471107063,-0.136090675,0.6962470455,-0.06942471098,0.9193469264,-0.05885937399,0.9223672861,-0.04142354568,1.106139796,1.100963749
706,2015-01-05T21:04:00,706,707,712,1,2.966660473,-0.8579080617,1,1,-1.358291297,0,-0.8579080617,-0.4691366252,0.600208087,-0.3132916193,0.5995070835,-0.1213847087,0.6746865237,-0.07344297249,0.9227391354,-0.08371229876,0.9186898443,-0.03947206762,1.104418344,1.667877607
707,2015-01-05T21:05:00,707,708,713,1,1.700402109,1.083149163,1,1,-0.4362498895,0,1.083149163,-0.2587271074,0.7711671078,-0.09011639903,0.5871976329,-0.008989500368,0.6678546248,-0.03210211074,0.9341528127,-0.06987064219,0.9266330832,-0.02963958839,1.108800543,1.6359388
708,2015-01-05T22:00:00,708,709,714,1,0.3175201929,0.8757226478,1,1,-0.5960923054,0,0.8757226478,-0.01129787932,0.849677204,0.03320991514,0.6393016152,0.0358106467,0.6959552738,-0.01918988221,0.9426491997,-0.04579754094,0.9243648926,-0.02572865604,1.111059396,2.302351541
709,2015-01-05T22:01:00,709,710,715,1,-0.07730654331,-0.2909942044,1,1,-0.6134994231,0,-0.2909942044,0.1188845847,0.7492992034,0.002545293684,0.6458713644,0.03237540542,0.6972209091,-0.06206984832,0.9165126825,-0.04997524452,0.924924631,-0.03603888108,1.108015038,1.298782866
710,2015-01-05T22:02:00,710,711,716,1,-1.069122998,1.051210357,1,1,-1.166160623,0,1.051210357,0.3722359803,0.8792985101,0.09466004594,0.7252327258,0.03327233871,0.6985604035,-0.008143725593,0.9149042715,-0.04561637241,0.9290477785,-0.02163914026,1.110445556,0.06446330906
711,2015-01-05T22:03:00,711,712,717,1,-1.451305638,1.542135389,1,1,-1.0827362,0,1.542135389,0.8522446705,1.049571786,0.1915540226,0.8549417175,0.09452661718,0.7758026076,0.01612080677,0.942516585,-0.03106394308,0.9439658635,-0.02525473839,1.104703192,-1.984831349
712,2015-01-05T22:04:00,712,713,718,1,-0.4777373067,-1.29456288,1,1,-0.8048234324,0,-1.29456288,0.3767022618,1.096420139,0.05898757724,0.9478490991,-0.03755969788,0.7713117879,0.05729871152,0.8449248164,-0.05067073091,0.9545061029,-0.03322684907,1.110577955,-1.376089409
713,2015-01-05T22:05:00,713,714,719,1,-1.929633473,-0.1831092001,1,1,0.09048202076,0,-0.1831092001,0.1649358923,1.027358207,0.07681900647,0.9427131687,-0.08301318248,0.7551472647,0.01421185617,0.8095789403,-0.05035265746,0.9544408429,-0.0396251635,1.109420553,-1.133586307
714,2015-01-05T23:00:00,714,715,720,1,-1.210171978,-0.5071592684,1,1,-1.040578841,0,-0.5071592684,0.1217028795,1.044016985,0.1202937321,0.9086860738,-0.08069552581,0.753517829,0.007104917347,0.8127769787,-0.05115806851,0.9548415423,-0.04879592478,1.109064332,0.5335257101
715,2015-01-05T23:01:00,715,716,721,1,-1.152977559,-0.6858209406,1,1,-1.328943207,0,-0.6858209406,-0.22570338,0.9813423943,0.07326630017,0.9317185102,-0.09550339664,0.7640122732,-0.04694097103,0.7860659636,-0.0780531896,0.9437929022,-0.06183687156,1.107927456,0.8983521025
716,2015-01-05T23:02:00,716,717,722,1,-1.621493365,0.05939390194,1,1,-1.992133972,0,0.05939390194,-0.5222516774,0.6986430492,0.1649964965,0.8915444586,-0.07414756137,0.7596908137,-0.04429289332,0.7860876324,-0.05682700719,0.9258630505,-0.07147794214,1.102362906,-0.7960471656
717,2015-01-05T23:03:00,717,718,723,1,-3.47832034,1.159952749,1,1,-2.817126533,0,1.159952749,-0.03134855169,0.6496318773,0.1726768551,0.9011544532,0.04128022803,0.7605525651,-0.02375695756,0.8054230005,-0.05755946006,0.9249217523,-0.08099399442,1.087318263,-1.743697688
718,2015-01-05T23:04:00,718,719,724,1,-2.751966654,-0.3209945482,1,1,-2.99999868,0,-0.3209945482,-0.05892562131,0.6602448638,0.05300513548,0.863535803,0.04310752531,0.7597370065,-0.0113596393,0.7966175536,-0.04929898717,0.9190855681,-0.1024433397,1.068092843,-2.051329661
719,2015-01-05T23:05:00,719,720,725,1,-0.7119258809,-1.635005366,1,1,-2.305637755,0,-1.635005366,-0.2844948408,0.9587125142,-0.08139598069,1.002272705,-0.0394253435,0.8431193256,-0.01984475525,0.8120751561,-0.07569478291,0.9355713624,-0.1291479218,1.06891086,-0.8254461998
720,2015-01-06T00:00:00,720,721,726,1,-1.474884494,0.2123022263,1,1,-2.39073316,0,0.2123022263,-0.1048702075,0.9132765515,-0.1652867937,0.947920607,-0.03531337389,0.8439537854,-0.05457888537,0.7723078409,-0.1031022988,0.8964165697,-0.1102541379,1.052499787,-1.734622652
721,2015-01-06T00:01:00,721,722,727,1,-0.8683734929,-0.6286265214,1,1,-3.123322485,0,-0.6286265214,-0.2424742921,0.9551977769,-0.3823629848,0.8368108816,-0.09540448107,0.8459248761,-0.05743565428,0.774418903,-0.1220119214,0.8937174838,-0.1201346245,1.052835786,-0.7006369928
722,2015-01-06T00:02:00,722,723,728,1,-1.382795322,-0.4091219048,1,1,-3.111088089,0,-0.4091219048,-0.5562892228,0.8226669215,-0.2938188873,0.7412160413,-0.117415655,0.8508287532,-0.05764544227,0.7745285886,-0.1225436798,0.8939482242,-0.112878735,1.046999691,0.113520319
723,2015-01-06T00:03:00,723,724,729,1,-2.058665644,-0.6968742263,1,1,-2.358996117,0,-0.6968742263,-0.6314651584,0.8679286268,-0.3451953899,0.7711106864,-0.1341881917,0.8611967862,-0.07488865603,0.7823260831,-0.116792953,0.8879654791,-0.1042971101,1.037019968,0.2597381587
724,2015-01-06T00:04:00,724,725,730,1,-1.418053259,0.4053591383,1,1,-2.134871649,0,0.4053591383,-0.2233922576,0.5015125103,-0.2539435492,0.7650635539,-0.06682490855,0.8399501837,-0.07476224921,0.7823911691,-0.1222506807,0.8841238992,-0.1078464779,1.0349015,-0.1677365001
725,2015-01-06T00:05:00,725,726,731,1,-0.6836038409,0.405035407,1,1,-1.714333314,0,0.405035407,-0.1848456214,0.5247009502,-0.1448579144,0.7447768614,-0.03579580714,0.843442931,-0.08594324109,0.7733550045,-0.1252167561,0.882365304,-0.1027258939,1.035385293,-1.496315641
726,2015-01-06T01:00:00,726,727,732,1,-0.6376597628,-0.5506563865,1,1,-1.484722199,0,-0.5506563865,-0.1692515945,0.5068740649,-0.2058629433,0.7646319738,-0.02043322338,0.8305159773,-0.07090896605,0.7566236494,-0.1150711908,0.8712981632,-0.1197748795,1.027579107,-2.318403802
727,2015-01-06T01:01:00,727,728,733,1,-0.52973627,-0.02211552053,1,1,-0.795662206,0,-0.02211552053,-0.09185031761,0.4728033315,-0.3240697702,0.6709410757,-0.07569645757,0.7944310151,-0.04234297897,0.7338768417,-0.1111994711,0.8705113566,-0.1027963263,1.010235264,-1.250316759
728,2015-01-06T01:02:00,728,729,734,1,0.1309509429,-0.9235437339,1,1,-0.4434871838,0,-0.9235437339,-0.1371842191,0.5449796863,-0.3843246888,0.7246733608,-0.1656597767,0.797134105,-0.06492456498,0.7482568157,-0.1034974266,0.8595452014,-0.09455962569,0.99860913,0.8127118
729,2015-01-06T01:03:00,729,730,735,1,2.816009371,-1.372744548,1,1,-0.7029231296,0,-1.372744548,-0.4928049564,0.8006404756,-0.358098607,0.6680344187,-0.2197472938,0.8517102088,-0.09368594421,0.7783081896,-0.1180120758,0.8728194321,-0.08965046718,0.9903788028,1.68074404
730,2015-01-06T01:04:00,730,731,736,1,1.348849804,1.045971523,1,1,-0.7105857582,0,1.045971523,-0.3646177332,0.909409545,-0.2747316773,0.7424071685,-0.2200092355,0.8513876558,-0.0933684484,0.7787321676,-0.1015917779,0.8801102171,-0.07853247436,0.9946231492,0.7205804888
731,2015-01-06T01:05:00,731,732,737,1,0.3002623109,1.139484825,1,1,-0.2669881045,0,1.139484825,-0.02658949088,1.012949339,-0.09792054267,0.8009331059,-0.2401417637,0.8190684622,-0.07280757327,0.7977289113,-0.07452472849,0.8818554107,-0.05732069394,0.9917779274,-0.6817608571
732,2015-01-06T02:00:00,732,733,738,1,0.6610381989,-0.5047123084,1,1,-0.8982667018,0,-0.5047123084,-0.1231088484,1.037745367,-0.107479583,0.8063679174,-0.2006492351,0.7744773845,-0.1191044665,0.7728962069,-0.07504061151,0.8821385489,-0.05684586244,0.9915226145,1.135265331
733,2015-01-06T02:01:00,733,734,739,1,0.7722757231,0.08580797222,1,1,-1.190516034,0,0.08580797222,0.07876149277,0.9527861471,-0.02921136318,0.7761457017,-0.1872033765,0.7736322902,-0.1351082795,0.7644456527,-0.06712230667,0.880063272,-0.06203017214,0.9894453682,0.6282693148
734,2015-01-06T02:02:00,734,735,740,1,1.907937908,-0.262856521,1,1,-1.168698564,0,-0.262856521,0.3007390982,0.7380614021,-0.09603292911,0.7699869494,-0.1749882392,0.7675291993,-0.1278418825,0.7605557805,-0.06316420901,0.8781669638,-0.08632508992,0.9596588604,0.982023168
735,2015-01-06T02:03:00,735,736,741,1,-0.07347581616,1.31231388,1,1,-0.5757687552,0,1.31231388,0.3540075695,0.8187532544,-0.005305081824,0.8652694991,-0.07508149814,0.8072743893,-0.08529244739,0.785941058,-0.06037915039,0.8819673658,-0.06408166984,0.9591420425,-0.4742271322
736,2015-01-06T02:04:00,736,737,742,1,-0.4155717489,-0.421188044,1,1,-0.7415807125,0,-0.421188044,0.04187299574,0.6679458302,0.007641752428,0.8579679465,-0.09911059543,0.8126410809,-0.0866290784,0.7866116128,-0.04798435197,0.8689849655,-0.0525778725,0.9457179555,0.1440064083
737,2015-01-06T02:05:00,737,738,743,1,-0.1327427638,0.09089733225,1,1,-0.731026024,0,0.09089733225,0.1609949239,0.6299660263,0.01894303771,0.8584208293,-0.1525633663,0.7704051685,-0.05564156912,0.7654947184,-0.0593147295,0.8618612833,-0.0706090636,0.9230870028,0.9259147402
738,2015-01-06T03:00:00,738,739,744,1,-0.0971189175,-0.1439364204,1,1,-0.7002558424,0,-0.1439364204,0.1150460453,0.6320823769,0.09690376905,0.8084953844,-0.1437104599,0.7677292057,-0.05030146728,0.7637435605,-0.05223326806,0.8583440706,-0.05453420073,0.9035784152,0.400751316
739,2015-01-06T03:01:00,739,740,745,1,-0.1479964607,0.1970454964,1,1,-0.2846507545,0,0.1970454964,0.2070264488,0.6272757023,0.2538827735,0.6849121987,-0.05210791674,0.6765259435,-0.04576663012,0.7643747607,-0.04165455736,0.855552914,-0.06114701284,0.899222102,-0.5595781571
740,2015-01-06T03:02:00,740,741,746,1,-1.600442412,0.8728056642,1,1,-0.6315194758,0,0.8728056642,0.1191248057,0.4487752314,0.2365661876,0.6602106103,-0.01908274485,0.7025120831,-0.02719805937,0.7764603077,-0.02288823427,0.858228119,-0.06361207352,0.8964196383,-1.058657504
741,2015-01-06T03:03:00,741,742,747,1,-1.144722978,-0.6690998446,1,1,-0.7112498092,0,-0.6690998446,0.06954244557,0.5054287834,0.05570772065,0.5922878891,-0.02110641101,0.7043787275,-0.05825544604,0.7783759657,-0.03830853317,0.8591670931,-0.06937905869,0.898495727,-0.4978702335
742,2015-01-06T03:04:00,742,743,748,1,-0.02650006039,-0.7632839767,1,1,-0.9193609073,0,-0.7632839767,-0.1012938162,0.608544391,0.02985055382,0.6193478304,-0.03881451461,0.7189648647,-0.07811508481,0.7876611086,-0.03858962895,0.8594131047,-0.07249749356,0.9004932637,0.4115816964
743,2015-01-06T03:05:00,743,744,749,1,0.1039391399,0.3737263173,1,1,-0.6516207518,0,0.3737263173,0.002238731323,0.6277873918,0.05864238833,0.6299385448,0.01471551257,0.7068326254,-0.05973633956,0.7878046283,-0.03938763491,0.85903636,-0.05480170275,0.8868697548,-0.5417849079
744,2015-01-06T04:00:00,744,745,750,1,-0.2576847063,-0.1083125741,1,1,-0.4845626443,0,-0.1083125741,-0.05883288278,0.6234564512,0.07409678301,0.6253689923,-0.01096807305,0.7014150978,-0.0388964908,0.7737891995,-0.05479866977,0.8498716879,-0.06185593683,0.8843611368,-0.6468527447
745,2015-01-06T04:01:00,745,746,751,1,0.2467026608,0.1461679532,1,1,-0.5213791537,0,0.1461679532,-0.204160425,0.4905232055,-0.04251780965,0.4701128713,-0.02391144573,0.6963107847,-0.02985362644,0.7733836974,-0.04963916871,0.8495060666,-0.04919079147,0.8755274914,-0.4380817568
746,2015-01-06T04:02:00,746,747,752,1,1.691941669,-0.579640287,1,1,-0.2707905905,0,-0.579640287,-0.1862685135,0.467194464,-0.05836303394,0.4866872313,-0.02536064076,0.6974860065,-0.02289693207,0.7668909693,-0.04816995228,0.8484012231,-0.06344050986,0.8710345992,0.6457240478
747,2015-01-06T04:03:00,747,748,753,1,2.359709633,-0.2133804109,1,1,-0.6155742065,0,-0.2133804109,-0.07628780029,0.3329510795,-0.08879080826,0.4905011199,-0.03492388528,0.699098587,-0.05531017142,0.7482845288,-0.04370614108,0.8463365801,-0.06501715193,0.8712495773,0.3891680383
748,2015-01-06T04:04:00,748,749,754,1,0.9912969703,0.3549389411,1,1,-0.2796075611,0,0.3549389411,-0.08004527555,0.3288137461,-0.03890327211,0.5011164979,0.02900024847,0.6726003758,-0.06832976409,0.7375005244,-0.04375982315,0.8463139303,-0.05330828199,0.8665656222,0.6847844176
749,2015-01-06T04:05:00,749,750,755,1,1.653089798,0.5041655176,1,1,0.2559756587,0,0.5041655176,0.04245034281,0.3957382098,-0.008191269988,0.5221621766,0.1228457518,0.608998382,-0.04845077104,0.7403679184,-0.05526030968,0.8331086819,-0.0494670867,0.8677779671,1.046217621
750,2015-01-06T05:00:00,750,751,756,1,1.04689668,-0.4699364204,1,1,0.03164822376,0,-0.4699364204,-0.08077053191,0.4432874513,-0.1424654784,0.4675022885,0.04705035458,0.5720299117,-0.08647944047,0.725285861,-0.04731158303,0.8255572077,-0.05923739509,0.8664677585,1.970541595
751,2015-01-06T05:01:00,751,752,757,1,-0.4326767255,0.6505553203,1,1,-0.2784708973,0,0.6505553203,0.1652685895,0.4625490644,-0.01049996195,0.4648775668,0.02260387935,0.5324077834,-0.1087689422,0.69077174,-0.04632406771,0.826287816,-0.05696560945,0.8678150148,0.3065125526
752,2015-01-06T05:02:00,752,753,758,1,-1.576441531,0.8655987212,1,1,0.3778059702,0,0.8655987212,0.381064416,0.5955649639,0.1523883078,0.4824697128,0.09111943083,0.5551435665,-0.05476490216,0.6737950721,0.001266904683,0.7641654744,-0.05203545466,0.8710460379,0.6068721771
753,2015-01-06T05:03:00,753,754,759,1,-1.411611813,0.454387553,1,1,-0.08664306145,0,0.454387553,0.4009541384,0.6089293108,0.1604544314,0.4893431236,0.1095484099,0.564038679,-0.03882748333,0.6769957725,-0.01230781358,0.7462376754,-0.04651093275,0.8718252732,-0.9236449141
754,2015-01-06T05:04:00,754,755,760,1,-0.2143969258,-1.013473722,1,1,-0.7961350638,0,-1.013473722,0.09742629052,0.7248338627,0.06993831666,0.5839489957,0.07201754984,0.6050135561,-0.05148534466,0.6910652918,-0.02219021366,0.7543797633,-0.05126716056,0.8757884028,-0.7391892781
755,2015-01-06T05:05:00,755,756,761,1,-0.01708788362,1.165958346,1,1,-0.771384562,0,1.165958346,0.4246052437,0.8678178688,0.1719173559,0.6890615422,0.06469977313,0.5898355367,-0.005190862503,0.7069646031,-0.02606591677,0.7475622546,-0.05376574724,0.8720261912,-2.183313708
756,2015-01-06T06:00:00,756,757,762,1,0.0553510915,-1.076129538,1,1,-0.4922803599,0,-1.076129538,0.07926827201,0.9487224911,0.1222684308,0.7463330363,0.03195269842,0.6300307382,-0.03357894851,0.7270915545,-0.03893592092,0.7571644123,-0.0490776543,0.8646978095,-0.4879668987
757,2015-01-06T06:01:00,757,758,763,1,2.024414305,-0.8290180855,1,1,-0.309048939,0,-0.8290180855,-0.2596550893,0.9421657673,0.06070466332,0.7881541598,-0.01404307247,0.6564214836,-0.08330321936,0.715686135,-0.05353008846,0.7618769106,-0.06614071316,0.8608459289,0.5247923523
758,2015-01-06T06:02:00,758,759,764,1,1.445940714,-0.2781660846,1,1,-0.4054076297,0,-0.2781660846,-0.4061658169,0.9283630742,-0.002605839247,0.7850646162,-0.02075455568,0.6585758104,-0.08223250777,0.7152378035,-0.04679607354,0.7570220084,-0.06027682737,0.8565437678,2.166225825
759,2015-01-06T06:03:00,759,760,765,1,0.931333001,0.6192172714,1,1,-0.3966710308,0,0.6192172714,-0.07962761826,0.8562232224,0.008899336131,0.793253533,0.0003540330714,0.6715297857,-0.02587694184,0.6740324938,-0.02286084854,0.7462525919,-0.05908883588,0.8573033985,0.5433179902
760,2015-01-06T06:04:00,760,761,766,1,-0.8863100273,0.1837411655,1,1,-0.3008463365,0,0.1837411655,-0.2760710543,0.6840896118,0.07426709472,0.7813726545,-0.03409919186,0.643856201,-0.02659096836,0.6738226897,-0.04058492686,0.7247400976,-0.07759852202,0.8288872762,1.499621953
761,2015-01-06T06:05:00,761,762,767,1,-1.945874106,1.363267388,1,1,-0.01567632013,0,1.363267388,0.2118083309,0.7797866596,0.1455383015,0.8683725006,0.06751916976,0.6964847277,0.02320637937,0.7004428484,-0.01711463745,0.738357915,-0.07360582116,0.8342825392,-0.7202851112
762,2015-01-06T07:00:00,762,763,768,1,-1.01165277,-1.003690563,1,1,0.06978526086,0,-1.003690563,0.1768738354,0.8198121654,-0.04139062697,0.8831105026,0.05549884044,0.7115691054,0.008342162915,0.7152765439,-0.02465163968,0.7454914717,-0.07891506558,0.8386313035,0.3880150108
763,2015-01-06T07:01:00,763,764,769,1,-1.594380136,1.140045128,1,1,0.6926077645,0,1.140045128,0.4605160779,0.9573699866,0.02717513053,0.9429780721,0.09381478097,0.7512204527,0.05426514677,0.7293642878,-0.01031175463,0.7563089199,-0.05977358638,0.8384385584,-2.38593198
764,2015-01-06T07:02:00,764,765,770,1,-0.3004701911,-0.8566396759,1,1,0.7202594548,0,-0.8566396759,0.1653446884,0.9932963265,0.04285853509,0.927296015,0.05639842588,0.7748788063,0.02271517641,0.7390603169,-0.0260235364,0.7610341955,-0.07392872835,0.8385623193,-1.225588995
765,2015-01-06T07:03:00,765,766,771,1,-0.3217133615,0.1046095588,1,1,0.5910170308,0,0.1046095588,0.1495183671,0.990996499,-0.06327634359,0.8514847791,0.05432050616,0.7745424901,0.01520453021,0.7364661492,-0.03536935544,0.7551358659,-0.07840966069,0.8365642929,-1.399667781
766,2015-01-06T07:04:00,766,767,772,1,-0.4913324169,-1.633901863,1,1,0.939598437,0,-1.633901863,-0.449915483,1.069720303,-0.1190535761,0.9360472106,0.001607427362,0.8465215241,-0.0118766067,0.775591845,-0.04139278637,0.7661664496,-0.08067299608,0.8406076549,0.7915518434
767,2015-01-06T07:05:00,767,768,773,1,-2.708618022,0.3037033093,1,1,0.4087151867,0,0.3037033093,-0.1884367085,0.9804436328,-0.005781436573,0.9037039625,0.02746161337,0.8478997085,-0.003731135951,0.7770690929,-0.02303705746,0.7557815802,-0.07537669269,0.8405189704,0.9251188036
768,2015-01-06T08:00:00,768,769,774,1,-2.75184555,-0.06946922744,1,1,0.4102880063,0,-0.06946922744,-0.4303395796,0.8380300311,0.01508824915,0.8996809502,0.006241204949,0.8443199227,0.01762072671,0.76330446,-0.02365191913,0.7558180869,-0.06312470885,0.8287077501,1.077954419
769,2015-01-06T08:01:00,769,770,775,1,-3.928316794,0.5573177616,1,1,-0.09826426118,0,0.5573177616,-0.1475480921,0.7859062563,0.00889829816,0.8956244291,0.008898817145,0.845988855,0.06587228445,0.7370807866,-0.01390682988,0.7579748426,-0.05671728906,0.8300432936,-1.28288426
770,2015-01-06T08:02:00,770,771,776,1,-2.608699359,0.4372702694,1,1,-0.3945148998,0,0.4372702694,-0.08101594999,0.8085178226,0.03425120856,0.9043713647,0.05425915164,0.8451126524,0.05065475311,0.7216071005,-0.02135684765,0.7507131931,-0.05084293423,0.8306432841,-3.633736825
771,2015-01-06T08:03:00,771,772,777,1,-3.268847595,0.08336638849,1,1,-0.9559479663,0,0.08336638849,0.2624377003,0.3480861975,-0.09373889138,0.7954450098,0.02589970504,0.8327075007,0.0242517922,0.6988776107,-0.02427789054,0.749933774,-0.04159922159,0.8253823044,-3.82979997
772,2015-01-06T08:04:00,772,773,778,1,-1.362005104,-1.803520918,1,1,-0.5905374247,0,-1.803520918,-0.1590071453,0.8679022995,-0.1737219269,0.925884474,-0.1075562769,0.9047503023,-0.008218423052,0.750585601,-0.06366144478,0.7618225814,-0.05276654869,0.8405782897,-2.645432534
773,2015-01-06T08:05:00,773,774,779,1,0.4038685631,-1.913582296,1,1,-0.3852147965,0,-1.913582296,-0.5278297589,1.21846159,-0.4790846692,1.045691871,-0.2259547694,0.9956603674,-0.05820317975,0.8091598107,-0.09665572963,0.787120307,-0.06414926436,0.8570807673,1.025037466
774,2015-01-06T09:00:00,774,775,780,1,0.5945560938,-0.1126967556,1,1,-0.5252297652,0,-0.1126967556,-0.6618326623,1.19376218,-0.4046903772,1.010622775,-0.1809159211,0.9698547035,-0.05444918561,0.8082881754,-0.09114553405,0.7847849609,-0.06025920121,0.8555084662,0.5609523742
775,2015-01-06T09:01:00,775,776,781,1,1.079477386,-0.6191534829,1,1,-0.5388296626,0,-0.6191534829,-0.8731174128,1.209750921,-0.4770666814,1.028882491,-0.2701715125,0.9443583825,-0.1027358697,0.7873114742,-0.09401415853,0.7866265645,-0.07449805682,0.8515852328,1.28342743
776,2015-01-06T09:02:00,776,777,782,1,-0.890689379,1.756887705,1,1,-0.257492898,0,1.756887705,-0.5384131495,1.442025721,-0.1379877246,1.048952378,-0.1285206503,0.9941039864,-0.04828397596,0.8322203635,-0.06745652718,0.8097371681,-0.04808422663,0.8569053767,-0.6211689032
777,2015-01-06T09:03:00,777,778,783,1,0.131906352,-0.5767818477,1,1,0.2068523542,0,-0.5767818477,-0.2930653354,1.222880248,-0.2260362403,1.060351475,-0.1159088385,0.9851462081,-0.06497595546,0.8370789137,-0.06030876229,0.8020858033,-0.06120180482,0.8536804342,0.03360371964
778,2015-01-06T09:04:00,778,779,784,1,0.1856060935,0.1033215727,1,1,-0.3188970187,0,0.1033215727,0.1103154383,0.8747638137,-0.2087571603,1.060627262,-0.09683445558,0.9834520834,-0.05879450563,0.8369289391,-0.05454798646,0.801172352,-0.05442034725,0.8512655552,-0.2039500435
779,2015-01-06T09:05:00,779,780,785,1,0.9484889546,-0.1477086282,1,1,-1.159472666,0,-0.1477086282,0.1033130637,0.8758054497,-0.2792597993,1.046924861,-0.1351807506,0.9742162957,-0.06741335875,0.8366748603,-0.05658999444,0.8013406257,-0.05024082449,0.8493068545,-0.2695204758
780,2015-01-06T10:00:00,780,781,786,1,1.015456317,0.07799077513,1,1,-0.999115224,0,0.07799077513,0.2427419153,0.8316137871,-0.3151877487,1.038045948,-0.1404682701,0.9735057668,-0.08728373097,0.825307302,-0.05724089517,0.8012561239,-0.04435339984,0.8473966311,0.09830263234
781,2015-01-06T10:01:00,781,782,787,1,1.551577919,-0.1342321904,1,1,-1.289518521,0,-0.1342321904,-0.1354820637,0.2790237725,-0.3369476066,1.038578944,-0.215343249,0.9250348607,-0.07391203962,0.8187736163,-0.06608374283,0.7988302006,-0.05017636865,0.8459169428,0.3895561369
782,2015-01-06T10:02:00,782,783,788,1,2.212131934,-0.2132790606,1,1,-1.173958545,0,-0.2132790606,-0.06278150626,0.1428859586,-0.1779234208,0.8705895984,-0.1758226739,0.898662425,-0.06016191671,0.8105321542,-0.06913850076,0.7991784516,-0.04578039154,0.8434342776,1.21800943
783,2015-01-06T10:03:00,783,784,789,1,0.5023807312,0.4458138833,1,1,-1.374917596,0,0.4458138833,0.005716955848,0.2408969311,0.05801619706,0.6415773769,-0.2105342361,0.8674943863,-0.05835972757,0.8114427518,-0.05904803356,0.7997110328,-0.0457116658,0.8434702672,0.9171536848
784,2015-01-06T10:04:00,784,785,790,1,2.720308987,0.1570213142,1,1,-0.6693168581,0,0.1570213142,0.06666294434,0.2420721014,0.08498800404,0.6425083999,-0.1598511866,0.8468103201,-0.05172638036,0.8116418184,-0.04531143558,0.7929414123,-0.0537745733,0.8373223619,1.162021782
785,2015-01-06T10:05:00,785,786,791,1,0.184131814,0.6151742329,1,1,-1.360626531,0,0.6151742329,0.1740996359,0.3647879623,0.2084207756,0.6421260578,-0.1343229529,0.8575911188,-0.04000122336,0.8171225722,-0.0349274249,0.7955537824,-0.04642652026,0.8388504858,0.9941225034
786,2015-01-06T11:00:00,786,787,792,1,-1.037132505,0.1449581376,1,1,-1.309533399,0,0.1449581376,0.2299377015,0.3656079506,0.0472278189,0.3252102698,-0.04537995286,0.7765509676,-0.02188626275,0.8122900024,-0.02239159741,0.7899167066,-0.03940872243,0.8365373709,-0.4147729536
787,2015-01-06T11:01:00,787,788,793,1,-1.891327698,0.4018894115,1,1,-1.136381054,0,0.4018894115,0.3529713959,0.3960739853,0.1450949448,0.2977339408,-0.04047064775,0.7787781297,-0.006504517189,0.8140728748,-0.03090734431,0.7818709553,-0.03130559978,0.8357204196,1.558287205
788,2015-01-06T11:02:00,788,789,794,1,-2.729066998,0.4472749543,1,1,-1.25633696,0,0.4472749543,0.3532636101,0.3964032985,0.179490283,0.3279991665,-0.01463343867,0.7850202678,-0.004196116858,0.8152094678,-0.03626294048,0.7773266687,-0.03057192106,0.8360743614,-0.8099906894
789,2015-01-06T11:03:00,789,790,795,1,-2.739764463,-1.263937319,1,1,-1.265919307,0,-1.263937319,0.06907188338,0.68681289,0.06786741386,0.5149324461,-0.1056961927,0.8249869962,-0.04839868778,0.835553914,-0.04842472941,0.789396921,-0.05297310238,0.8339245559,-0.6223595512
790,2015-01-06T11:04:00,790,791,796,1,-4.768919791,2.37494957,1,1,-0.716744586,0,2.37494957,0.4210269508,1.234544925,0.2975632934,0.9102668367,-0.008812227679,0.9762492266,0.02272346198,0.91303832,-0.03187798924,0.8245236667,-0.02396656803,0.8557118635,-3.449614903
791,2015-01-06T11:05:00,791,792,797,1,-2.499153028,-1.92100294,1,1,-0.3259764091,0,-1.92100294,0.007834735268,1.50264735,0.1188862184,1.093530574,-0.1090306941,1.066408772,-0.04156549453,0.9567208191,-0.07516721836,0.8344100678,-0.04473787665,0.8719361283,-1.919076308
792,2015-01-06T12:00:00,792,793,798,1,-0.4166616185,-1.076306181,1,1,-0.2985559738,0,-1.076306181,-0.2878043833,1.567588287,0.03258350633,1.143286412,-0.07266995725,1.016127469,-0.09011311709,0.962052011,-0.07243900963,0.8305250963,-0.02919310258,0.8353525835,-2.117404911
793,2015-01-06T12:01:00,793,794,799,1,1.334957661,-0.4523057822,1,1,0.06939923066,0,-0.4523057822,-0.4677205305,1.567876961,-0.05722846022,1.143541372,0.0003938684203,0.927175388,-0.1127804505,0.9620274859,-0.0758039669,0.8318113246,-0.04579869254,0.8244671451,-1.319304887
794,2015-01-06T12:02:00,794,795,800,1,3.295234876,-0.3904643452,1,1,-0.5471550716,0,-0.3904643452,-0.2930259357,1.472828278,-0.1119770262,1.149115982,-0.01349451106,0.9309362451,-0.09720521606,0.9505946661,-0.07434528036,0.8310239036,-0.04719521446,0.824986439,-0.5800767193
795,2015-01-06T12:03:00,795,796,801,1,4.375483103,-1.274634784,1,1,-0.4836674325,0,-1.274634784,-1.022942807,1.168796308,-0.3009579279,1.202120206,-0.04626857612,0.9636957156,-0.1582200443,0.9540760417,-0.0817054534,0.8396606587,-0.07011729261,0.822184031,1.700743293
796,2015-01-06T12:04:00,796,797,802,1,5.407899285,0.3457942422,1,1,-0.2942160456,0,0.3457942422,-0.5695833701,0.8074336396,-0.2808743174,1.206212697,-0.1168232493,0.8833772664,-0.1226719498,0.9403717697,-0.07812544915,0.8405240014,-0.06684793054,0.82277882,2.654262549
797,2015-01-06T12:05:00,797,798,803,1,4.831657567,0.3487638226,1,1,-0.7146692615,0,0.3487638226,-0.2845693693,0.6667753175,-0.2861868763,1.2045585,-0.07054596573,0.8773843741,-0.09322740209,0.9328227033,-0.08826531073,0.8313738147,-0.06676252634,0.8228144889,3.875311596
798,2015-01-06T13:00:00,798,799,804,1,3.041650252,1.006185228,1,1,-1.043957254,0,1.006185228,0.007128832735,0.7785595434,-0.2302958489,1.237819277,-0.02540278296,0.905477779,-0.06111861927,0.9452692761,-0.07167556352,0.8381822952,-0.05157025545,0.8245602154,2.67473981
799,2015-01-06T13:01:00,799,800,805,1,0.1518017328,1.299313498,1,1,-0.9449474402,0,1.299313498,0.3450844013,0.9556702333,0.02602923281,1.241476687,0.04694832333,0.9503735553,-0.04411621362,0.9623687665,-0.03499657773,0.8308048644,-0.02994597023,0.8246088981,2.753636736
800,2015-01-06T13:02:00,800,801,806,1,-2.71881973,1.56981287,1,1,-0.6993644158,0,1.56981287,0.9139739321,1.039821772,-0.05448443722,1.106190338,0.1215394281,1.0129765,-0.009464421004,0.9934371814,-0.01802769468,0.8488092986,-0.03021142491,0.8240982651,0.9563459708
801,2015-01-06T13:03:00,801,802,807,1,-3.215714752,-0.1943865578,1,1,-0.5715038227,0,-0.1943865578,0.8059377721,1.031926263,0.118177201,0.9265044239,0.1185317097,1.013464248,-0.04840576965,0.9702575109,-0.01259969514,0.8461736883,-0.02754501485,0.8229508812,0.3669104422
802,2015-01-06T13:04:00,802,803,808,1,-5.113472962,1.378210424,1,1,-0.331406724,0,1.378210424,1.011827092,1.191821029,0.3636288615,0.9656673057,0.1981061839,1.058210084,0.01114175503,0.9816829265,0.009741958973,0.8588719062,-0.01272050811,0.8317083698,-2.601835003
803,2015-01-06T13:05:00,803,804,809,1,-2.14235338,-0.2274778953,1,1,-0.1195309602,0,-0.2274778953,0.7650944677,1.10828916,0.3861116502,0.9577212081,0.164441595,1.054731431,-0.02304632055,0.9656616647,0.01560941311,0.8557086873,-0.01455660994,0.8319673101,-3.675165701
804,2015-01-06T14:00:00,804,805,810,1,0.5472616569,-0.7838220863,1,1,-0.0007205859876,0,-0.7838220863,0.3484673509,1.006745828,0.3467758761,0.981540309,0.117399425,1.068618014,-0.02122588081,0.9641141472,0.0007446478016,0.8589895927,-0.02442431787,0.8342386114,-3.582625194
805,2015-01-06T14:01:00,805,806,811,1,2.793477121,-1.590535022,1,1,-0.02975548693,0,-1.590535022,-0.2836022274,1.013229985,0.3151858524,1.026611981,0.007113962244,1.117815985,-0.06360449532,0.9962366944,-0.02419998255,0.8760336581,-0.04478106873,0.843197862,-2.511637959
806,2015-01-06T14:02:00,806,807,812,1,5.601560681,-1.300808593,1,1,-0.303702042,0,-1.300808593,-0.5048866344,1.165117323,0.1505255688,1.100538547,-0.06517437428,1.154585242,-0.05527716357,0.9838949353,-0.03357688513,0.8858871129,-0.04602091211,0.8449992703,1.532812321
807,2015-01-06T14:03:00,807,808,813,1,7.678494287,-0.6912815794,1,1,-0.486260162,0,-0.6912815794,-0.9187850351,1.035943833,0.04652102863,1.116605793,-0.1198329238,1.161415016,-0.08015178579,0.9887821331,-0.04194146087,0.8892486946,-0.04207530024,0.8406548441,4.129886851
808,2015-01-06T14:04:00,808,809,814,1,9.211525852,-0.5195477868,1,1,-0.4092114001,0,-0.5195477868,-0.9771990134,1.056795329,-0.1060522729,1.08284838,-0.1681740609,1.162918135,-0.09140374978,0.9921278673,-0.03689151153,0.8851416281,-0.04623586268,0.8419896409,5.30511508
809,2015-01-06T14:05:00,809,810,815,1,8.818709418,2.743641687,1,1,-0.33319002,0,2.743641687,-0.2717062587,1.580966444,0.0383805461,1.32532865,0.03220488945,1.284087301,-0.03674565163,1.079232074,0.01456331641,0.9241293082,-0.02151977046,0.8782166768,4.06874836
810,2015-01-06T15:00:00,810,811,816,1,4.474312424,1.90579295,1,1,-0.4776462978,0,1.90579295,0.4275593357,1.649213121,0.07197855413,1.368674345,0.008747058457,1.244372638,-3.258461093e-05,1.118375119,0.02531108425,0.9411375338,-0.01424875997,0.890300231,3.548607436
811,2015-01-06T15:01:00,811,812,817,1,3.913024335,0.6556804422,1,1,-0.9328146961,0,0.6556804422,0.8188571427,1.570817204,0.1569852541,1.382925353,0.1375812276,1.17704991,0.01427526673,1.123092641,0.01926352946,0.9353520713,-0.01142683811,0.8918404959,3.906410772
812,2015-01-06T15:02:00,812,813,818,1,1.925024233,1.507274968,1,1,-1.216140058,0,1.507274968,1.258568452,1.681150859,0.1698917085,1.396325148,0.266760285,1.200466006,0.09704516388,1.11212267,0.04441337042,0.9487348358,-0.01009257523,0.8939731771,4.749961058
813,2015-01-06T15:03:00,813,814,819,1,-1.403896853,1.385652026,1,1,-1.36253652,0,1.385652026,1.639608415,1.776594646,0.3312047006,1.461695061,0.3586581754,1.235674384,0.1795260219,1.092370217,0.06066142109,0.9612523838,-0.004595145777,0.9004423814,0.925704988
814,2015-01-06T15:04:00,814,815,820,1,-0.1188552041,1.013483779,1,1,-1.342782255,1,1.013483779,1.293576833,1.36242595,0.5109352871,1.475747161,0.4288555816,1.253245998,0.2076805353,1.103917529,0.07661567483,0.967461546,0.008463155728,0.9037715016,0.006613562569
815,2015-01-06T15:05:00,815,816,821,1,-2.806894401,2.350825253,1,1,-1.423138444,1,2.350825253,1.382583294,1.495015381,0.9050713146,1.574003639,0.6101285835,1.328800138,0.2819300037,1.160693594,0.089597067,0.9917330733,0.0313005622,0.9282191415,-2.824936824
816,2015-01-06T16:00:00,816,817,822,1,0.00187050677,-2.438604044,1,1,-1.12707874,1,-2.438604044,0.7637263963,1.827141362,0.7912917695,1.703806363,0.4709086692,1.434249145,0.17704271,1.191097394,0.064379367,1.027449204,0.01404321853,0.9539499575,-2.329601841
817,2015-01-06T16:01:00,817,818,823,1,-0.2624415145,0.09439235324,1,1,-1.064889945,1,0.09439235324,0.4811498734,1.698779555,0.8698591628,1.689988193,0.4581900957,1.432282896,0.193822065,1.187694749,0.06442305476,1.027453144,0.02440151347,0.9482092049,-0.1254687666
818,2015-01-06T16:02:00,818,819,824,1,-0.3791422952,-0.480725134,1,1,-1.607121235,1,-0.480725134,0.1078744414,1.596265955,0.8737414281,1.688838882,0.3838445776,1.418579815,0.1792208973,1.190012332,0.06021319584,1.028732083,0.0233749748,0.9486628529,0.01804242374
819,2015-01-06T16:03:00,819,820,825,1,1.672181577,-1.94326906,1,1,-1.531080973,1,-1.94326906,-0.4834761263,1.760083536,0.4050503533,1.573864435,0.2217154497,1.454913278,0.1343318865,1.22881702,0.03345926389,1.051193629,0.007050632552,0.9651053253,2.331472347
820,2015-01-06T16:04:00,820,821,826,1,-0.8504860267,2.298525427,2,2,-1.277448686,0,2.298525427,-0.4939360914,1.74621362,0.4443236011,1.625474238,0.2581510776,1.502570457,0.1898452528,1.281374139,0.05128076093,1.077741116,0.02512115416,0.9875799438,-0.1369727479
821,2015-01-06T16:05:00,821,822,827,1,-2.127510838,-0.3372139437,2,2,-1.144378985,0,-0.3372139437,-0.07365807141,1.37209574,0.3450341625,1.615718459,0.2510097083,1.503833214,0.184770709,1.282307318,0.05542933469,1.075802559,0.01753440778,0.9866731031,-0.397184719
822,2015-01-06T17:00:00,822,823,828,1,-1.237821543,0.3701608638,2,2,-0.7612749606,0,0.3701608638,-0.01850436929,1.381400937,0.2313227521,1.548244251,0.2006072303,1.474242887,0.1993567071,1.283199258,0.0695973952,1.073210769,0.02035990186,0.987247475,-0.6592907701
823,2015-01-06T17:01:00,823,824,829,1,0.4178439166,-0.169919668,2,2,-0.4256631608,0,-0.169919668,0.0436567239,1.366683488,0.07576558267,1.485915333,0.2034851417,1.47385495,0.1839633683,1.281543368,0.06280182038,1.072565323,0.02195576707,0.986817929,-0.7135132788
824,2015-01-06T17:02:00,824,825,830,1,-0.1232931242,-0.5974259148,2,2,0.05006803885,0,-0.5974259148,0.3128253529,1.088093917,-0.08532538667,1.463188714,0.2128049502,1.469481353,0.1651021876,1.284780119,0.05668790362,1.074574892,0.02482643881,0.9845764098,-1.730326119
825,2015-01-06T17:03:00,825,826,831,1,0.3305753127,0.1080548127,2,2,-0.4501605514,0,0.1080548127,-0.12526877,0.3600551537,-0.3096024307,1.260734254,0.2977344419,1.425997601,0.1524242021,1.281206801,0.05621148937,1.074518535,0.02752311743,0.9844291929,-0.5785307727
826,2015-01-06T17:04:00,826,827,832,1,-0.1617506684,-0.2241421767,2,2,0.3847889133,0,-0.2241421767,-0.1026544166,0.3419722329,-0.088156244,0.9998979265,0.3515677628,1.396916602,0.1431966942,1.281491919,0.06065521574,1.072855206,0.03280449981,0.9815223456,1.131357195
827,2015-01-06T17:05:00,827,828,833,1,-2.114948358,-1.614238755,2,2,-0.09813136342,0,-1.614238755,-0.4995343404,0.7814694791,-0.2590193549,1.122266255,0.305419904,1.434493228,0.09279349007,1.305116021,0.04314448644,1.087667797,0.01032626715,0.9875849686,1.607032995
828,2015-01-06T18:00:00,828,829,834,1,-3.42923329,1.259850159,2,2,0.1804595018,0,1.259850159,-0.213580375,0.9603980908,-0.08496182552,1.181141027,0.3943898013,1.45726986,0.1131078702,1.318334941,0.05445587667,1.096032275,0.01352732975,0.991039945,0.9091060854
829,2015-01-06T18:01:00,829,830,835,1,-7.065466854,1.485745791,2,2,-0.2748985802,0,1.485745791,0.2030539663,1.136868092,0.2579396596,1.112748272,0.3314950065,1.362948638,0.181849948,1.324105205,0.06672563009,1.107114478,0.02833349638,0.999924929,-1.293107864
830,2015-01-06T18:02:00,830,831,836,1,-6.163797693,-1.138562956,2,2,0.1824110289,0,-1.138562956,-0.04626958737,1.244748574,-0.08576917868,0.9162528923,0.1792772112,1.319410069,0.09401213482,1.28244029,0.0583677984,1.113169365,0.01008538544,1.000721681,-3.721981353
831,2015-01-06T18:03:00,831,832,837,1,-6.324992029,0.5619232496,2,2,1.191017539,0,0.5619232496,0.1109434979,1.265899923,0.004144540644,0.9272129271,0.1745893516,1.317245222,0.1560852896,1.24911598,0.05725989752,1.112565831,0.001916950948,0.9920972827,-4.338339376
832,2015-01-06T18:04:00,832,833,838,1,-7.675587539,-0.7164681579,2,2,1.309526537,0,-0.7164681579,0.2904976174,1.088124344,-0.1045183615,0.9472880068,0.06340219527,1.283435785,0.1650812401,1.242643562,0.03748406153,1.111239645,0.006734406965,0.9872025956,-5.77235899
833,2015-01-06T18:05:00,833,834,839,1,-5.899406863,-3.567436445,2,2,2.166246099,0,-3.567436445,-0.6749597034,1.847130386,-0.4442700392,1.4721167,-0.1842522283,1.479032108,0.08720297358,1.362796236,-0.01278873844,1.179557219,-0.02146832007,1.039396257,-2.44181634
834,2015-01-06T19:00:00,834,835,840,1,-6.48510705,-0.05443477328,2,2,1.455185325,0,-0.05443477328,-0.9829958164,1.7236575,-0.389970925,1.460045246,-0.2376481559,1.461617825,0.09560371288,1.36142429,-0.0008007515907,1.174118034,-0.01769561595,1.038376546,-1.986652653
835,2015-01-06T19:01:00,835,836,841,1,-5.632649042,-2.150487772,2,2,0.7644964438,0,-2.150487772,-1.18538078,1.907000155,-0.6158251836,1.610287024,-0.4627138071,1.446111192,0.07370738818,1.388694961,-0.04225632807,1.191372064,-0.02990117288,1.054914489,-1.903228548
836,2015-01-06T19:02:00,836,837,842,1,-5.566420545,-0.2368937943,2,2,1.35988043,0,-0.2368937943,-1.345144189,1.89333615,-0.6171003453,1.610469558,-0.3526282947,1.340411888,0.05914018726,1.388123669,-0.03176588127,1.185577156,-0.03237023701,1.055122191,-3.457590523
837,2015-01-06T19:03:00,837,838,843,1,-7.789604853,0.4007289134,2,2,0.8679573692,0,0.4007289134,-1.121704774,1.874612809,-0.4156035785,1.532675402,-0.3373114667,1.343237774,0.06043931453,1.388474345,-0.01639404378,1.182797362,-0.03869710231,1.050432585,-4.498454396
838,2015-01-06T19:04:00,838,839,844,1,-6.114802771,-2.067063667,2,2,0.9311569536,0,-2.067063667,-0.8216302188,1.350334428,-0.7482949611,1.617914356,-0.4166283933,1.416464082,-0.01639190786,1.417522343,-0.03875526356,1.204762134,-0.0532476783,1.066844055,-3.729420494
839,2015-01-06T19:05:00,839,840,845,1,-3.54941089,-1.791255769,2,2,1.391560016,0,-1.791255769,-1.168994418,1.569882125,-1.075995117,1.648563779,-0.4090277288,1.406408769,-0.09365613952,1.430866568,-0.06888617657,1.219330303,-0.05454976499,1.068932892,-2.108830022
840,2015-01-06T20:00:00,840,841,846,1,-1.938602495,-0.6401349602,2,2,2.405189282,0,-0.6401349602,-0.8669238555,1.273406811,-1.026152318,1.621452204,-0.5559607481,1.316933296,-0.1489048353,1.412804177,-0.07918462814,1.221256131,-0.06165340821,1.070353539,-3.291150457
841,2015-01-06T20:01:00,841,842,847,1,-1.306798024,-1.298029765,2,2,2.346891855,0,-1.298029765,-1.07915105,1.395463159,-1.212147619,1.663135473,-0.6040015392,1.346429243,-0.1764959155,1.427302708,-0.1124508425,1.220367293,-0.06723176857,1.075362395,-2.385382277
842,2015-01-06T20:02:00,842,843,848,1,-1.950484511,-0.1706652969,2,2,1.89606759,0,-0.1706652969,-1.193429892,1.386010831,-1.157567333,1.648514363,-0.6310428472,1.344424444,-0.2152178085,1.410827625,-0.1020380267,1.215346855,-0.06524463018,1.074826574,-1.440580868
843,2015-01-06T20:03:00,843,844,849,1,0.4245916863,-1.822455395,2,2,2.022259956,0,-1.822455395,-1.144508237,1.31557756,-0.983069228,1.333069275,-0.7136696336,1.404315005,-0.255092246,1.439504958,-0.1390692833,1.225699183,-0.07462447325,1.085763823,1.352547962
844,2015-01-06T20:04:00,844,845,850,1,1.704628911,-0.3922615848,2,2,2.110658498,0,-0.3922615848,-0.8647094004,1.058205415,-1.016851909,1.338717406,-0.7034114171,1.400695615,-0.2453032334,1.435500549,-0.1332645571,1.222738303,-0.08127131261,1.085723732,1.078584252
845,2015-01-06T20:05:00,845,846,851,1,3.186430269,0.774136112,2,2,2.263823087,0,0.774136112,-0.581855186,1.075965376,-0.7243895207,1.178827044,-0.6701073521,1.411144482,-0.1861864551,1.418590481,-0.1248954752,1.225741919,-0.0781954734,1.087392737,-0.5099036433
846,2015-01-06T21:00:00,846,847,852,1,2.663584156,0.9706734344,2,2,2.271737152,0,0.9706734344,-0.1281145461,1.004572854,-0.6036327978,1.215829767,-0.6103665716,1.426859177,-0.1293994044,1.411967263,-0.09233828399,1.216901967,-0.06551772489,1.089838444,-0.9279562753
847,2015-01-06T21:01:00,847,848,853,1,2.962034666,-0.666225294,2,2,1.428490771,0,-0.666225294,-0.2272265455,1.045041874,-0.7103282186,1.227423835,-0.5629658985,1.388463748,-0.1287729973,1.411666108,-0.1044623915,1.218706549,-0.07088530634,1.091532208,0.6260446588
848,2015-01-06T21:02:00,848,849,854,1,2.672428599,-0.8143517837,2,2,0.4019363132,0,-0.8143517837,-0.02560582323,0.7486504868,-0.5850570302,1.07033216,-0.6666759957,1.37172479,-0.1361430972,1.41514387,-0.1137734235,1.222078123,-0.06997537342,1.090807587,3.696333912
849,2015-01-06T21:03:00,849,850,855,1,-0.13818564,0.5526208024,2,2,0.4941342136,0,0.5526208024,0.1633706542,0.7686232312,-0.3506693731,0.9248190016,-0.7133322451,1.336610025,-0.1909186193,1.349843574,-0.1138321355,1.222051461,-0.05393066217,1.08475921,3.591540432
850,2015-01-06T21:04:00,850,851,856,1,0.2999382094,0.88777564,2,2,0.5438743756,0,0.88777564,0.1860985598,0.7928136256,-0.1978783131,0.9450542142,-0.6120153153,1.327070969,-0.2163690521,1.323246063,-0.1082008183,1.225100619,-0.05524896119,1.083583539,2.335990008
851,2015-01-06T21:05:00,851,852,857,1,-1.720239664,2.25593747,2,2,0.6627636699,0,2.25593747,0.4431513669,1.207461318,0.1575184104,1.110659591,-0.5273146043,1.41414008,-0.1763626264,1.366551708,-0.08104367983,1.250759899,-0.04594518915,1.098063533,-1.023905313
852,2015-01-06T22:00:00,852,853,858,1,-3.924823861,0.447827322,2,2,1.194198845,0,0.447827322,0.6659618901,1.187140038,0.2193676723,1.118350121,-0.4690998303,1.408599765,-0.2028488175,1.347471839,-0.05290182682,1.235414341,-0.0380073589,1.097857904,-3.729726072
853,2015-01-06T22:01:00,853,854,859,1,-4.65571568,-0.3677747842,2,2,1.571495823,0,-0.3677747842,0.75527729,1.141805308,0.3648357334,0.965452462,-0.3091167473,1.163866863,-0.2466844878,1.330812168,-0.03357923293,1.217442754,-0.0417872152,1.098343194,-2.036051798
854,2015-01-06T22:02:00,854,855,860,1,-2.53267424,-1.103957851,2,2,1.144842949,0,-1.103957851,0.4239615593,1.21917431,0.2936661067,1.019109334,-0.3615929012,1.189694946,-0.2996205285,1.332610358,-0.04596999663,1.223618461,-0.04879639296,1.102695795,-0.6963343508
855,2015-01-06T22:03:00,855,856,861,1,-0.3599897426,-2.257993436,2,2,1.384296066,0,-2.257993436,-0.205192256,1.532469821,-0.009546848088,1.220044507,-0.3669681844,1.199612812,-0.4148409958,1.328591073,-0.06645549604,1.247470212,-0.07854895392,1.115380834,-0.1950977896
856,2015-01-06T22:04:00,856,857,862,1,-0.08491700578,1.325899489,2,2,1.308097626,0,1.325899489,-0.3911998521,1.297002263,0.02597575741,1.253031864,-0.2888285202,1.234570953,-0.3207284074,1.288578571,-0.07184284874,1.240795659,-0.06398989114,1.121269886,-2.619663882
857,2015-01-06T22:05:00,857,858,863,1,-3.179250221,0.235759596,2,2,0.848459188,0,0.235759596,-0.4336133973,1.285776624,0.1161742464,1.237441513,-0.2970769861,1.232442852,-0.3171942264,1.289031245,-0.06168608069,1.239399122,-0.06278270561,1.121445715,-1.836339889
858,2015-01-06T23:00:00,858,859,864,1,-0.07722331076,-1.756756875,2,2,1.151900907,0,-1.756756875,-0.7114098154,1.497801326,0.02193373728,1.331752262,-0.2815616465,1.208133896,-0.3490950199,1.316426603,-0.08493706129,1.254812407,-0.07622287607,1.13277806,-0.1648919529
859,2015-01-06T23:01:00,859,860,865,1,4.755999397,-1.098666603,2,2,1.62064113,0,-1.098666603,-0.7103515658,1.497023007,-0.1431950033,1.36518568,-0.2469321882,1.16598073,-0.3279799585,1.291800427,-0.09682403597,1.260702109,-0.0870204769,1.137067051,2.534746876
860,2015-01-06T23:02:00,860,861,866,1,6.415373589,1.019083589,2,2,1.052510111,0,1.019083589,-0.05493616072,1.195440206,-0.1300642084,1.374325478,-0.1639712607,1.179385006,-0.3599660044,1.250052459,-0.0850603758,1.265810182,-0.08580149419,1.138080691,-1.342910331
861,2015-01-06T23:03:00,861,862,867,1,5.484259825,-0.08530893898,2,2,0.7490254561,0,-0.08530893898,-0.3371778464,1.038715995,-0.3641888492,1.174977827,-0.1033352194,1.143271101,-0.3536683793,1.248987694,-0.08444883515,1.265757148,-0.08093656998,1.136467121,0.08766864218
862,2015-01-06T23:04:00,862,863,868,1,3.543815964,1.600972226,2,2,0.02698467392,0,1.600972226,-0.06413532036,1.257154252,-0.2488743588,1.271545976,-0.01475334326,1.197400552,-0.3228980952,1.273036757,-0.06177069407,1.278128108,-0.06123443495,1.143705279,2.221252521
863,2015-01-06T23:05:00,863,864,869,1,5.140253465,-2.858573619,2,2,-0.2240884117,0,-2.858573619,-0.2844986691,1.611671957,-0.4979542423,1.555778793,-0.06655925444,1.294709641,-0.390114444,1.350624613,-0.1030755378,1.316537171,-0.08817026775,1.172601039,7.75828392
864,2015-01-07T00:00:00,864,865,870,1,4.56340623,1.345270035,2,2,-0.4584379626,0,1.345270035,0.2042886585,1.648642814,-0.2530314537,1.574658854,0.02031732654,1.326298296,-0.3415470453,1.364004285,-0.08822242884,1.324984461,-0.07605707934,1.178972728,5.396591183
865,2015-01-07T00:01:00,865,866,871,1,0.2422388118,3.734556105,2,2,-0.6144077222,0,3.734556105,0.7473831617,2.302107451,0.3462235005,1.834226813,0.1683383262,1.557706102,-0.250884513,1.486232998,-0.04923015544,1.387512052,-0.04615384475,1.227201245,1.322563443
866,2015-01-07T00:02:00,866,867,872,1,-1.563440244,2.678457781,2,2,-0.4247957979,0,2.678457781,1.300136506,2.594816065,0.4814793296,1.976360459,0.2537275435,1.654703828,-0.178319514,1.544987357,-0.0175614099,1.419367372,-0.01900302752,1.250202986,-2.618030455
867,2015-01-07T00:03:00,867,868,873,1,-1.768135887,-1.016422703,2,2,-0.4014818633,0,-1.016422703,0.7766575198,2.535166862,0.3562610997,2.000938259,0.2362176731,1.663582792,-0.1633741127,1.532210704,-0.03529031133,1.423200174,-0.02569504662,1.253490077,-0.8331849527
868,2015-01-07T00:04:00,868,869,874,1,-2.06246589,-0.3394716344,2,2,-1.017739433,0,-0.3394716344,1.280477917,2.194500078,0.4979896238,1.925268434,0.2599616805,1.655328159,-0.2033571576,1.520154633,-0.04512464369,1.422827664,-0.03148180141,1.253454374,-1.080324632
869,2015-01-07T00:05:00,869,870,875,1,-1.17798165,-1.262136118,2,2,-1.717179605,0,-1.262136118,0.7589966862,2.184600149,0.4816426723,1.935264961,0.1692238345,1.67466152,-0.2720542053,1.515093655,-0.04510212867,1.422807678,-0.04620098171,1.257896885,1.054590211
870,2015-01-07T01:00:00,870,871,876,1,-1.145068419,0.7684227994,2,2,-1.750671916,0,0.7684227994,0.165770025,1.449548437,0.4565765933,1.923653996,0.1632561925,1.671707991,-0.2243795614,1.509258918,-0.0651837133,1.400449138,-0.03588132154,1.259120666,-0.9349509348
871,2015-01-07T01:01:00,871,872,877,1,-1.297319569,-0.5866113133,2,2,-2.250091622,0,-0.5866113133,-0.4872437938,0.8574298937,0.4064463559,1.932389251,0.02112875334,1.599171834,-0.2530929255,1.509493743,-0.04850381796,1.385435327,-0.04619104349,1.258858851,-0.9821412584
872,2015-01-07T01:02:00,872,873,878,1,-1.715598883,0.8727787246,2,2,-1.787687955,0,0.8727787246,-0.1094035083,0.8251736428,0.3336270057,1.885203246,0.04237632347,1.607921088,-0.2133617534,1.511549457,-0.02414025664,1.383644605,-0.04613121013,1.258900162,-2.232571861
873,2015-01-07T01:03:00,873,874,879,1,-1.174283991,-1.221118346,2,2,-1.255579349,0,-1.221118346,-0.2857328506,0.9777982132,0.497372533,1.69881134,-0.0002908546307,1.628865805,-0.154703801,1.415589963,-0.03375041369,1.389443868,-0.06009375929,1.263144938,-0.2101174838
874,2015-01-07T01:04:00,874,875,880,1,0.4633419477,-0.6338016368,2,2,-1.081523517,0,-0.6338016368,-0.1600659545,0.8472501005,0.2994653658,1.656851011,0.02321695609,1.616277479,-0.1691879726,1.419106577,-0.03679212984,1.390564557,-0.05692982525,1.261080198,-0.3151783108
875,2015-01-07T01:05:00,875,876,881,1,0.3941531568,-0.3776518782,2,2,-1.158653841,0,-0.3776518782,-0.38928089,0.7926299271,-0.1117554325,1.168215064,0.117234034,1.537711683,-0.1248670752,1.379062747,-0.02557984351,1.383887234,-0.06979324378,1.25705328,0.5169729786
876,2015-01-07T02:00:00,876,877,882,1,-0.01938226684,0.8013360313,2,2,-0.8174991485,0,0.8013360313,-0.1116914211,0.8293777919,-0.2994676074,0.8435204634,0.09100586109,1.519461654,-0.09891132956,1.384364323,-0.01988557115,1.38624527,-0.05414769737,1.255342047,-0.964166507
877,2015-01-07T02:01:00,877,878,883,1,0.9959450197,-0.7388624639,2,2,-0.8751811185,0,-0.7388624639,-0.4340196588,0.8029337017,-0.2717115835,0.8141296181,0.04227475809,1.52750793,-0.127401114,1.387839303,-0.03348089973,1.38815686,-0.05339640052,1.254872787,0.7785202585
878,2015-01-07T02:02:00,878,879,884,1,1.246758035,0.4544994113,2,2,-0.6473644134,0,0.4544994113,-0.09889610728,0.6227282467,-0.192314479,0.8197194078,0.1528375724,1.47962807,-0.06436203703,1.350719574,-0.04037697244,1.384523918,-0.04729085472,1.255301686,-0.1228198218
879,2015-01-07T02:03:00,879,880,885,1,1.311701195,-0.6798034543,2,2,-0.8894043914,0,-0.6798034543,-0.1080964708,0.6323575837,-0.1340812126,0.7475656648,0.1737807298,1.466987542,-0.03657572917,1.325059152,-0.06511593434,1.378978044,-0.05811602743,1.255562893,0.9447842401
880,2015-01-07T02:04:00,880,881,886,1,0.978317572,1.003824302,2,2,-0.5224063445,0,1.003824302,0.1681987652,0.7568913866,-0.1105410624,0.7749667,0.1730177655,1.466461401,0.004523252378,1.330687423,-0.07219079145,1.372360131,-0.0512820013,1.258790702,0.2174247612
881,2015-01-07T02:05:00,881,882,887,1,0.6440663334,-0.446840669,2,2,-0.003973441823,0,-0.446840669,-0.08143657488,0.6959813221,-0.09656399797,0.7655904657,0.154941179,1.469737558,0.02580297978,1.316661935,-0.07534646784,1.373097169,-0.06636623511,1.25328785,1.369577857
882,2015-01-07T03:00:00,882,883,888,1,0.7336261487,0.3878006076,2,2,-0.7389730815,0,0.3878006076,0.1438960394,0.6366194428,-0.1450618097,0.7245642981,0.09428259803,1.428107962,0.03976462739,1.317812664,-0.08772659054,1.365112597,-0.05477047535,1.250435414,0.3669169544
883,2015-01-07T03:01:00,883,884,889,1,-0.2090915484,0.2764648226,2,2,0.07391211266,0,0.2764648226,0.1082891217,0.6158383973,0.0046965072,0.6192929036,0.2510345201,1.27857023,0.09223763283,1.286665242,-0.08142730657,1.365225617,-0.0619669779,1.246352601,0.7608928108
884,2015-01-07T03:02:00,884,885,890,1,-0.5671143446,0.7053124269,2,2,0.3099500342,0,0.7053124269,0.3853122979,0.6215492806,0.1386079136,0.6269767228,0.2190366397,1.252648212,0.1196769831,1.289998975,-0.06281312515,1.364690291,-0.04895071037,1.245562159,-0.7255115237
885,2015-01-07T03:03:00,885,886,891,1,0.7469538928,-0.6148602951,2,2,0.2963807542,0,-0.6148602951,0.0615753786,0.5102955016,0.1148870719,0.6454789191,0.001565819705,0.9437609528,0.08495207295,1.287853454,-0.05061719107,1.354799888,-0.05494629249,1.246789614,0.3667091943
886,2015-01-07T03:04:00,886,887,892,1,0.4283219161,0.670440679,2,2,0.3773271695,0,0.670440679,0.2850316482,0.557105307,0.1017975367,0.6303793794,-0.09883503538,0.7446156505,0.07744625406,1.283062201,-0.02597657517,1.349055255,-0.03574343797,1.239347867,-0.9699843592
887,2015-01-07T03:05:00,887,888,893,1,1.901659881,-0.7810919076,2,2,0.4807858057,0,-0.7810919076,0.05125314517,0.6342786253,0.09757459229,0.6354501119,-0.08706849561,0.7302752494,0.07457458872,1.284680825,-0.02709920428,1.349667741,-0.04478339811,1.241087712,0.1583971791
888,2015-01-07T04:00:00,888,889,894,1,1.250789717,0.4773604229,2,2,1.006241693,0,0.4773604229,0.09143226522,0.6577213768,0.09986069345,0.6371241406,-0.04622689275,0.7341209294,0.1068673939,1.280438373,-0.01463785165,1.349472971,-0.04022648436,1.241836316,0.3802446985
889,2015-01-07T04:01:00,889,890,895,1,2.944830871,-0.6662528745,2,2,1.362053076,0,-0.6662528745,-0.1828807951,0.6495251066,0.1012157514,0.6356911091,-0.01643273059,0.6938867376,0.07639555196,1.281789767,-0.05726153368,1.316256563,-0.05042290633,1.242283455,1.398306275
890,2015-01-07T04:02:00,890,891,896,1,2.140218832,0.3472896307,2,2,1.452103236,0,0.3472896307,0.009549190105,0.6086002343,0.03556228435,0.5616029488,-0.03748938902,0.6767463551,0.06288340173,1.275263352,-0.07674282517,1.299476195,-0.05117274498,1.242046654,1.743262702
891,2015-01-07T04:03:00,891,892,897,1,1.038207082,0.6992079423,2,2,0.801038715,0,0.6992079423,0.01530264276,0.6150402049,0.1501671455,0.5867881972,0.02680157375,0.6820737312,0.02396516355,1.229344364,-0.07619873142,1.299759811,-0.04604073204,1.243662362,0.8705450187
892,2015-01-07T04:04:00,892,893,898,1,0.4289010714,0.3518087022,2,2,1.01954341,0,0.3518087022,0.2418827647,0.530101323,0.1465679549,0.5845155204,0.0007530726338,0.6582749485,0.02156469805,1.228563416,-0.09064205974,1.289389085,-0.02807965186,1.233134929,1.546524596
893,2015-01-07T04:05:00,893,894,899,1,-0.7482127281,0.6922460573,2,2,0.4939256379,0,0.6922460573,0.2848598916,0.5755638442,0.1881460784,0.6180093641,0.09642129281,0.6186514667,0.04806521909,1.232057922,-0.09930963435,1.282386009,-0.00636441559,1.222333893,0.3969561302
894,2015-01-07T05:00:00,894,895,900,1,-0.5395762512,-0.1735097408,2,2,0.4832622963,0,-0.1735097408,0.3834085183,0.4985140783,0.1002638616,0.5789642262,0.1194358876,0.6034481693,0.07132642185,1.219939052,-0.1141470533,1.277517447,-0.006871190467,1.222393222,0.1676620631
895,2015-01-07T05:01:00,895,896,901,1,-2.306014362,1.027788279,2,2,-0.07971109962,0,1.027788279,0.519508248,0.6600484967,0.2645287191,0.6348457542,0.1897078955,0.6401844135,0.1534709647,1.177793128,-0.1306850155,1.255458261,0.006853324216,1.224685063,-1.117623524
896,2015-01-07T05:02:00,896,897,902,1,-0.4828934314,-0.457322408,2,2,-0.6894510599,0,-0.457322408,0.288202178,0.6162097254,0.1517524104,0.6156252429,0.1267749735,0.6230459861,0.1088904173,1.161238567,-0.1059189951,1.226562217,-0.01159842672,1.214855649,-1.145168858
897,2015-01-07T05:03:00,897,898,903,1,-0.1887500512,-0.402803808,2,2,-1.440014453,0,-0.402803808,0.1372796759,0.6224232761,0.1895812203,0.5781081851,0.1435779063,0.6074561377,0.0929263322,1.162386217,-0.1121339471,1.227343324,-0.01014860973,1.214270986,-0.7072383143
898,2015-01-07T05:04:00,898,899,904,1,0.7778977903,-0.2574973082,2,2,-1.350653494,0,-0.2574973082,-0.05266899719,0.552114831,0.1160954472,0.5639612245,0.1079780703,0.6016558124,0.1304078214,1.12944432,-0.1093435993,1.226503867,-0.01315543373,1.214461859,-1.188390838
899,2015-01-07T05:05:00,899,900,905,1,2.626860717,-0.4848677422,2,2,-1.526315323,0,-0.4848677422,-0.1149405975,0.5880722796,0.1342339604,0.5451354383,0.1177248559,0.5921468704,0.1457527929,1.118635411,-0.09111358279,1.208323948,-0.01596509302,1.215193372,0.662275427
900,2015-01-07T06:00:00,900,901,906,1,2.90601408,0.03512673604,2,2,-1.276137697,0,0.03512673604,-0.3134729061,0.3671594126,0.103017671,0.5340739894,0.06928997766,0.5480113586,0.1211538716,1.106983624,-0.1194060664,1.180687066,-0.01632229334,1.215176747,0.5184882631
901,2015-01-07T06:01:00,901,902,907,1,1.714924357,-0.738649832,2,2,-1.018621357,0,-0.738649832,-0.3697383909,0.4495531027,-0.04076810645,0.5393572183,0.05469951952,0.5635719108,0.1048203492,1.113045773,-0.124424015,1.18297108,-0.02135910702,1.216984417,1.966288628
902,2015-01-07T06:02:00,902,903,908,1,-1.468482376,1.365798523,2,2,-1.259189073,0,1.365798523,-0.01601792467,0.7367013857,0.06063087562,0.6819602871,0.1035994153,0.6351095286,0.09894100666,1.105182443,-0.1119785443,1.192067703,-0.00820012716,1.223199514,1.96458529
903,2015-01-07T06:03:00,903,904,909,1,-1.630084391,-0.1086604278,2,2,-0.4862611209,0,-0.1086604278,0.01374945139,0.7292663276,-0.0194597729,0.6467844166,0.08434315276,0.632560533,0.1676888364,1.008680986,-0.1112128038,1.191978225,-0.01282074642,1.222562552,2.387525817
904,2015-01-07T06:04:00,904,905,910,1,-2.557207768,0.7091505334,2,2,-0.504687873,0,0.7091505334,0.2525531065,0.7651071343,0.06880625452,0.6823554547,0.08453505808,0.6327750555,0.1517858489,0.9923537204,-0.09488059819,1.192743391,-0.008219669593,1.224191372,-0.2513642719
905,2015-01-07T06:05:00,905,906,911,1,-4.704135868,1.364095185,2,2,-0.4360907146,0,1.364095185,0.5183467962,0.9784136569,0.1024369451,0.7389517299,0.1834828321,0.6888681988,0.09252432589,0.8262034045,-0.07918009354,1.202393569,-0.001978661663,1.229226241,-3.433067666
906,2015-01-07T07:00:00,906,907,912,1,-5.968951042,0.3142800989,2,2,-0.2300661508,0,0.3142800989,0.7289327824,0.9316259792,0.1795971958,0.7314454721,0.1656748031,0.6760203097,0.03341988384,0.7111455288,-0.0724498151,1.202645812,-0.0005676453187,1.229489791,-4.017610208
907,2015-01-07T07:01:00,907,908,913,1,-3.177552225,-1.929739555,2,2,-1.249400432,0,-1.929739555,0.06982516673,1.113384388,0.02690362103,0.9440216433,0.1082424207,0.7827470654,0.01058696253,0.7569659531,-0.0763935751,1.208442613,-0.01999788671,1.241503783,-2.305843496
908,2015-01-07T07:02:00,908,909,914,1,-1.92063328,-1.817608209,2,2,-1.424080476,0,-1.817608209,-0.2719643895,1.377680405,-0.1291074691,1.102232433,-0.006506010929,0.8754908907,-0.02636645184,0.8079040286,-0.1148618047,1.217287769,-0.03887191307,1.25187673,-1.271068202
909,2015-01-07T07:03:00,909,910,915,1,-2.490819315,-0.2702624435,2,2,-0.9390619194,0,-0.2702624435,-0.4678469849,1.346117662,-0.1076469392,1.09485654,0.01329351062,0.864836253,-0.001569609985,0.7840346132,-0.1368119076,1.206279208,-0.03059128911,1.246792371,-1.951340834
910,2015-01-07T07:04:00,910,911,916,1,-2.46969273,-0.2179728436,2,2,-1.411635107,0,-0.2179728436,-0.7842605905,1.203903674,-0.1329568972,1.096967944,-0.0149696131,0.8627206084,-0.02622950106,0.7753297612,-0.1253045312,1.199791382,-0.05219897589,1.227959258,-0.8717087291
911,2015-01-07T07:05:00,911,912,917,1,-1.533080107,-0.7828329152,2,2,-1.25839686,0,-0.7828329152,-1.003683193,1.245871235,-0.1373752055,1.10002775,-0.08907165597,0.8663045824,-0.03113504111,0.779649987,-0.1421139833,1.201337892,-0.04271422568,1.217472271,-0.6495650776
912,2015-01-07T08:00:00,912,913,918,1,-0.3196985081,-0.9505350755,2,2,-1.015061477,0,-0.9505350755,-0.8078422974,0.9940420367,-0.3690085653,1.055401432,-0.1541888449,0.8885218106,-0.07671788611,0.781919726,-0.1450398198,1.203366158,-0.04166613313,1.216599529,-0.5394784809
913,2015-01-07T08:01:00,913,914,919,1,-1.409873685,0.8616592617,2,2,-0.723002606,0,0.8616592617,-0.2719888032,0.6898340286,-0.2719765964,1.089466448,-0.1457181846,0.8958982151,-0.02464844592,0.7698581847,-0.08967612344,1.139424541,-0.03071642443,1.21844028,-1.597984001
914,2015-01-07T08:02:00,914,915,920,1,-0.1990957658,-0.5606892637,2,2,-1.381959209,0,-0.5606892637,-0.3300741673,0.7239731483,-0.3989605761,1.080779783,-0.1650771608,0.903795858,-0.02282063659,0.7684388869,-0.09600430457,1.141131412,-0.03213496542,1.218993833,-0.883515029
915,2015-01-07T08:03:00,915,916,921,1,-0.8091844559,-0.8404484789,2,2,-1.56386782,0,-0.8404484789,-0.4545692943,0.8098798778,-0.6194149424,1.025984764,-0.2584889987,0.894062189,-0.03439055161,0.7775549116,-0.0796288134,1.11946543,-0.02851674621,1.215850785,0.2197799729
916,2015-01-07T08:04:00,916,917,922,1,-2.588249648,-0.1968462583,2,2,-1.529998628,0,-0.1968462583,-0.3373719629,0.7355879497,-0.6705275782,1.023055416,-0.2454651912,0.8892847862,-0.05934510884,0.7677935047,-0.0791282192,1.119368448,-0.03303875038,1.215573769,0.1881103158
917,2015-01-07T08:05:00,917,918,923,1,-4.754060565,0.1537797081,2,2,-1.594403353,0,0.1537797081,-0.1165090062,0.6042481986,-0.4621756518,0.8225677651,-0.2176360154,0.8853797465,-0.03702905454,0.759243128,-0.08221508427,1.118603607,-0.034663618,1.215237845,0.6844192632
918,2015-01-07T09:00:00,918,919,924,1,-3.774783927,0.262846523,2,2,-0.7925223298,0,0.262846523,-0.2362715539,0.4800439644,-0.2541301786,0.5942698018,-0.1916188238,0.8854583373,-0.04182037675,0.7569762822,-0.05309120689,1.09486448,-0.04085810721,1.211999182,-1.028964429
919,2015-01-07T09:01:00,919,920,925,1,-3.607257716,-0.2285159153,2,2,-0.5237795388,0,-0.2285159153,-0.1698368843,0.4219142358,-0.2499555258,0.5925152917,-0.1788012325,0.8802798458,-0.03053818827,0.7501768202,-0.03355695872,1.076695643,-0.05359001899,1.206361769,-2.776359964
920,2015-01-07T09:02:00,920,921,926,1,-3.631266628,0.6500886555,2,2,-0.5372622974,0,0.6500886555,0.1282705426,0.3482297306,-0.1631493759,0.6233656077,-0.1480531365,0.8921668429,-0.03938157943,0.7403641417,-0.01742916352,1.076770189,-0.06125438744,1.199289195,-5.438479828
921,2015-01-07T09:03:00,921,922,927,1,-1.471901315,-1.450537169,2,2,-0.2504652982,0,-1.450537169,-0.1224676395,0.7309759716,-0.2299198012,0.7332855865,-0.1836475034,0.9348178436,-0.06447399192,0.7718476856,-0.01933550607,1.079200514,-0.0717223092,1.206446645,-2.745819498
922,2015-01-07T09:04:00,922,923,928,1,-0.6317597166,-1.97591145,2,2,-0.3562748189,0,-1.97591145,-0.5484058712,1.144745143,-0.3324574387,0.9153024989,-0.350733002,0.9878387639,-0.1235667934,0.8304184297,-0.04190108299,1.101413861,-0.09967332482,1.213350674,-0.8308977521
923,2015-01-07T09:05:00,923,924,929,1,1.233087894,-2.012031208,2,2,-0.7652523988,0,-2.012031208,-1.003381418,1.451302071,-0.6198264857,1.080907005,-0.4459015411,1.085195166,-0.1807791941,0.8881951858,-0.04427078066,1.105531124,-0.1145446024,1.226998052,1.807213199
924,2015-01-07T10:00:00,924,925,930,1,-0.4186385202,1.242123161,2,2,0.1888168156,0,1.242123161,-0.7092536023,1.550615293,-0.4395452433,1.136314087,-0.4192529097,1.10889464,-0.1673589258,0.9027877914,-0.02384097134,1.113355997,-0.09766172537,1.230147007,1.273918183
925,2015-01-07T10:01:00,925,926,931,1,-0.7535792218,-0.06098970469,2,2,0.4772460582,0,-0.06098970469,-0.8514692743,1.523360982,-0.3615993658,1.104964395,-0.4905071541,1.066206136,-0.153512161,0.8975898063,-0.03428004405,1.110007653,-0.08491551439,1.221560877,0.1991380355
926,2015-01-07T10:02:00,926,927,932,1,0.4452808695,0.6260797431,2,2,0.5354619283,0,0.6260797431,-0.4361458919,1.40648933,-0.2793067657,1.120834088,-0.4749171719,1.073059047,-0.1546211844,0.8967884861,-0.03858746519,1.106905191,-0.06885811159,1.217118147,-0.5741253052
927,2015-01-07T10:03:00,927,928,933,1,0.1339590079,0.7088281443,2,2,0.4724298599,0,0.7088281443,0.1008020271,1.139234169,-0.2238019221,1.14199298,-0.342988787,0.9951798068,-0.1173731831,0.895286495,-0.02139929721,1.107235912,-0.05719053056,1.217202247,-1.692556703
928,2015-01-07T10:04:00,928,929,934,1,1.266718913,-1.135769852,2,2,0.8291058614,0,-1.135769852,0.2760542983,0.8638259119,-0.3636635596,1.19425142,-0.3088968691,0.9432372583,-0.15770144,0.9099947322,-0.02541702306,1.110768392,-0.06232571444,1.220689015,-0.9527172573
929,2015-01-07T10:05:00,929,930,935,1,1.719025137,-0.1471835976,2,2,0.3009607807,0,-0.1471835976,-0.001807053365,0.6647960732,-0.3555303278,1.192971417,-0.3027429268,0.9418745068,-0.1447247081,0.9041762359,-0.03416457806,1.109170787,-0.08641592515,1.194793894,1.019406175
930,2015-01-07T11:00:00,930,931,936,1,2.636939872,-0.4096032534,2,2,-0.02052250315,0,-0.4096032534,-0.07152976311,0.68903181,-0.4614995187,1.182242259,-0.3123244473,0.9450612255,-0.1636470302,0.9048280411,-0.05038181423,1.105669571,-0.1057108935,1.182651054,1.826515711
931,2015-01-07T11:01:00,931,932,937,1,2.249648645,-0.3959304063,2,2,-0.2089432191,0,-0.3959304063,-0.275931793,0.6540044676,-0.3560388424,1.096798541,-0.2929793218,0.9329187508,-0.1910254889,0.9002280336,-0.08353016268,1.077427046,-0.1144743172,1.18168829,2.219436171
932,2015-01-07T11:02:00,932,933,938,1,1.079990654,1.824939834,2,2,-0.04227608859,0,1.824939834,-0.05270945496,0.9966521238,0.02404628605,1.070320033,-0.1542055763,0.9958322243,-0.1541972106,0.9437035623,-0.06631625627,1.095432444,-0.11182711,1.185414813,0.6996189623
933,2015-01-07T11:03:00,933,934,939,1,1.918978175,0.3975062827,2,2,-0.4188124242,0,0.3975062827,0.253945772,0.8757414421,0.2650000352,0.8698040813,-0.1774132253,0.9810502266,-0.161565705,0.9394395028,-0.05675024294,1.095562254,-0.1200616579,1.179205146,0.8104241613
934,2015-01-07T11:04:00,934,935,940,1,2.954550978,-0.003009946578,2,2,-0.6195685137,0,-0.003009946578,0.2827805022,0.8732652994,0.1404867244,0.7760625304,-0.1495292594,0.9730063605,-0.1573032101,0.9390389583,-0.04298839413,1.088587492,-0.1285324389,1.175570191,0.03021247443
935,2015-01-07T11:05:00,935,936,941,1,3.504092879,0.3051226262,2,2,-0.1993075929,0,0.3051226262,0.4257256781,0.8646717768,0.1770979575,0.7817998838,-0.09225070418,0.9571199957,-0.1753698514,0.9261279296,-0.01094944335,1.059459672,-0.1455799608,1.156152215,0.3803716919
936,2015-01-07T12:00:00,936,937,942,1,4.685381969,0.5083114817,2,2,0.3588013136,0,0.5083114817,0.6065740557,0.8763453752,0.1653211314,0.7732085942,-0.05699281718,0.962839702,-0.1512290042,0.9267922429,-0.02116929344,1.050575764,-0.1210223314,1.13546666,1.108554013
937,2015-01-07T12:01:00,937,938,943,1,4.722594154,-0.7832216335,2,2,0.3067520912,0,-0.7832216335,0.0849417621,0.473906491,0.01611615357,0.7803533873,-0.1038428843,0.9780335824,-0.1607394498,0.9328577019,-0.03390655881,1.053889275,-0.1283357813,1.137682844,2.924338503
938,2015-01-07T12:02:00,938,939,944,1,3.592881757,0.6552818437,2,2,0.3955121576,0,0.6552818437,0.1364968743,0.5280757258,0.1952213231,0.723113769,-0.08422111822,0.9872005816,-0.137919971,0.9377103645,-0.003756074829,1.038013776,-0.1188690565,1.138408861,3.123721187
939,2015-01-07T12:03:00,939,940,945,1,1.928957214,1.236493803,2,2,0.2047959386,0,1.236493803,0.3843976243,0.7646211776,0.3335890632,0.8207429038,-0.0109706323,1.02391399,-0.0948859324,0.9548016719,0.02543343025,1.039949858,-0.09237103266,1.130153346,3.576827956
940,2015-01-07T12:04:00,940,941,946,1,1.090162637,1.032562857,2,2,-0.855605989,0,1.032562857,0.5298856703,0.8827586264,0.4778056742,0.8737620025,0.008153077753,1.039508729,-0.06995002938,0.9686434002,0.02560192109,1.040116047,-0.1029207207,1.114497485,1.798255651
941,2015-01-07T12:05:00,941,942,947,1,-0.07302396606,0.8546645269,2,2,-1.092872041,0,0.8546645269,0.5991562794,0.9347068903,0.6028651675,0.9059961886,0.1234131625,1.005931442,-0.03011717041,0.9710258667,0.03735158942,1.044452519,-0.09298840016,1.116800846,0.4691605703
942,2015-01-07T13:00:00,942,943,948,1,-1.616155617,1.689600572,2,2,-0.4966604239,0,1.689600572,1.093720721,1.149756393,0.5893312413,0.8793540602,0.3066887637,0.9795020512,-0.02202211917,0.9836792394,0.03845944374,1.046196224,-0.08199306925,1.126894799,-1.647870742
943,2015-01-07T13:01:00,943,944,949,1,-0.9372408935,-0.7460094485,2,2,0.1549017416,0,-0.7460094485,0.8134624621,1.160761356,0.4749796682,0.9017291436,0.3699898517,0.8859104323,-0.03795584469,0.9905770647,0.06486649587,0.9996700086,-0.08679381743,1.128844113,-0.7080930136
944,2015-01-07T13:02:00,944,945,950,1,-1.254523498,-0.4744305535,2,2,-0.2203188277,0,-0.4744305535,0.4712775908,1.042401271,0.4278376075,0.9141241586,0.284162166,0.8479080223,-0.06754537186,0.9870651792,0.04212023852,0.9897129822,-0.08576885608,1.128357399,-0.5421845363
945,2015-01-07T13:03:00,945,946,951,1,-1.43755228,-0.42743074,2,2,-0.05991156396,0,-0.42743074,0.1792788714,0.953888152,0.3545822709,0.9190118059,0.2658401142,0.8531687283,-0.11233352,0.965580759,-0.009904597046,0.8985984275,-0.09023123569,1.12898875,0.03171512503
946,2015-01-07T13:04:00,946,947,952,1,-2.267973525,0.1937682799,2,2,0.2211153465,0,0.1937682799,0.04709962202,0.8782491361,0.3231279507,0.9069174482,0.244224541,0.8427190481,-0.1153463155,0.9647878296,-0.04096321581,0.8475091502,-0.08674864855,1.128941902,-0.2291478799
947,2015-01-07T13:05:00,947,948,953,1,-1.742292905,-0.3085220762,2,2,0.3258062275,0,-0.3085220762,-0.3525249077,0.4684108245,0.3705979064,0.8778805342,0.19335703,0.8305497099,-0.07481587847,0.9165685104,-0.03211445797,0.8405638846,-0.07586767622,1.11963758,-0.7123389622
948,2015-01-07T14:00:00,948,949,954,1,-0.9009890566,0.1464689213,2,2,-0.1006229432,0,0.1464689213,-0.1740292337,0.3352511149,0.3197166142,0.8543302156,0.2574689687,0.7914460311,-0.02571395021,0.8706558865,-0.02604020103,0.839866237,-0.08514585321,1.113795418,-1.469267406
949,2015-01-07T14:01:00,949,950,955,1,-2.046888832,-0.06709472505,2,2,-0.5485845228,0,-0.06709472505,-0.09256206801,0.2612982596,0.1893577614,0.7598938051,0.2614734123,0.7909037581,-0.02063475725,0.8696713003,-0.01110218362,0.8279608823,-0.09808619084,1.105523591,-2.038825645
950,2015-01-07T14:02:00,950,951,956,1,-2.049980519,-0.7917131585,2,2,-0.4307857236,0,-0.7917131585,-0.1654185517,0.3963575633,0.006930159868,0.730411502,0.242367917,0.8052828693,-0.03497826512,0.877958205,-0.03060388309,0.8282351262,-0.09519577587,1.10299733,-1.029953942
951,2015-01-07T14:03:00,951,952,957,1,-1.510114832,-0.610459522,2,2,-0.3203749836,0,-0.610459522,-0.3262641121,0.4734155198,-0.139582245,0.705494082,0.2316414613,0.8119578171,-0.03066893029,0.8745321298,-0.0309019857,0.8284505261,-0.1049656323,1.103212265,0.568278349
952,2015-01-07T14:04:00,952,953,958,1,-0.5395611445,-0.6366529644,2,2,0.6285010302,0,-0.6366529644,-0.3918902897,0.5349303501,-0.3722075987,0.5027719065,0.1085618213,0.7162552454,-0.02282187751,0.8673820945,-0.04976988181,0.8257572754,-0.1043005057,1.102804292,-0.008063187517
953,2015-01-07T14:05:00,953,954,959,1,0.2960283609,0.2171585439,2,2,0.364793561,0,0.2171585439,-0.3777523652,0.5397141995,-0.2758907994,0.4492686987,0.09954443438,0.7123755372,-0.03893439546,0.8573034623,-0.03179142069,0.8147548254,-0.07276221411,1.053809881,-1.020026576
954,2015-01-07T15:00:00,954,955,960,1,-1.393829086,0.9877727694,2,2,0.8098913526,0,0.9877727694,-0.1667788663,0.6967998891,-0.1296704672,0.5262161466,0.1490835702,0.7458305472,-0.000222844628,0.8668923182,-0.01152174061,0.8191460841,-0.06407715126,1.057648979,-2.078393181
955,2015-01-07T15:01:00,955,956,961,1,2.238626624,-1.212994501,2,2,0.4731330351,0,-1.212994501,-0.2510351348,0.8089742099,-0.2082268432,0.6370002317,0.07317771382,0.7906807177,-0.009536495177,0.8778538271,-0.02196352339,0.8292222206,-0.05626470733,1.045152786,-0.531497957
956,2015-01-07T15:02:00,956,957,962,1,4.076588027,-0.794804845,2,2,-0.0815731465,0,-0.794804845,-0.2879041994,0.8403868484,-0.3070841557,0.6820455664,0.008021897491,0.8023980971,-0.02448545984,0.8862570163,-0.04191528434,0.8291436441,-0.06091396608,1.047444978,1.316054937
957,2015-01-07T15:03:00,957,958,963,1,4.670767197,-0.0705938355,2,2,0.0760865574,0,-0.0705938355,-0.1746923736,0.7913162159,-0.2832913317,0.67540056,0.04365328739,0.7832113855,-0.03009479844,0.8859937253,-0.03356192649,0.8250560613,-0.06484165566,1.046825827,0.6845640952
958,2015-01-07T15:04:00,958,959,964,1,5.613793816,0.3339007235,2,2,-0.03330782642,0,0.3339007235,-0.1513439377,0.7994046069,-0.2645481514,0.6820334092,0.02758423138,0.772997312,-0.02831844342,0.8865917416,-0.03506941009,0.8243354924,-0.04483361907,1.030129664,2.770124581
959,2015-01-07T15:05:00,959,960,965,1,5.454048007,1.052748049,2,2,0.2089523419,0,1.052748049,-0.1383488817,0.8158213087,-0.152563874,0.7586483023,0.01839694369,0.7592713091,0.003713155694,0.9013580807,-0.01341251629,0.8292200103,-0.02113358725,1.021598977,2.76053309
960,2015-01-07T16:00:00,960,961,966,1,5.986194198,-0.7020846777,2,2,0.6081444383,0,-0.7020846777,-0.03616691706,0.6854763708,-0.1436010259,0.7497723412,-0.06833543303,0.7401552289,-0.03009117764,0.9023325775,-0.03473637853,0.8253311889,-0.02164983489,1.021938054,3.986203102
961,2015-01-07T16:01:00,961,962,967,1,4.655531278,2.419461209,2,2,0.9622775028,0,2.419461209,0.6066862938,1.230566299,0.1593910472,1.053694327,0.009904401099,0.8966586962,0.06665878182,0.9528627614,0.001092394949,0.8670917748,0.009329256558,1.03879657,2.843669235
962,2015-01-07T16:02:00,962,963,968,1,1.420553746,1.043156558,2,2,1.500289917,0,1.043156558,0.8294363726,1.315648828,0.3273719995,1.085613465,-0.0224177996,0.8459716857,0.142135482,0.9151754917,0.009284344334,0.8738251968,0.01944443869,1.04303582,2.693514917
963,2015-01-07T16:03:00,963,964,969,1,-1.041151088,0.5235853344,2,2,1.378704516,0,0.5235853344,0.8673732948,1.327954148,0.3580146785,1.096017779,0.04106193955,0.8375850215,0.2055258956,0.8620864117,0.01237335073,0.8752381588,0.0389947781,1.030791139,1.999991096
964,2015-01-07T16:04:00,964,965,970,1,-1.258720303,1.276927342,2,2,1.218960383,0,1.276927342,0.9122091533,1.366716948,0.3869301358,1.125495363,0.1286298343,0.8785337914,0.2063960001,0.8633567156,0.01951853717,0.8832923114,0.05290468582,1.036742972,1.811862043
965,2015-01-07T16:05:00,965,966,971,1,-2.755570465,0.8930022399,2,2,1.193801464,0,0.8930022399,1.231226537,1.388820088,0.5975298099,1.095148185,0.1946514833,0.8958568082,0.2302457988,0.8747731991,0.03836681886,0.8862549323,0.05389523689,1.037539096,-1.272961171
966,2015-01-07T17:00:00,966,967,972,1,-1.3435204,-0.169938486,2,2,2.032494692,0,-0.169938486,0.7133465978,0.8739785735,0.6600164458,1.067270341,0.176466145,0.8956149105,0.210345343,0.869569279,0.0278620793,0.8832837369,0.04439013755,1.033864745,-3.041142184
967,2015-01-07T17:01:00,967,968,973,1,-1.666085733,1.088798289,2,2,2.028748483,0,1.088798289,0.7224749438,0.8850422411,0.7759556582,1.121211757,0.2463321633,0.9255489506,0.2198445966,0.8793331794,0.05123570675,0.8873456904,0.05901533407,1.036849326,-3.070582346
968,2015-01-07T17:02:00,968,969,974,1,0.2787579406,-2.191820974,2,2,2.185133277,0,-2.191820974,0.1793936822,1.29972585,0.5233834885,1.313915809,0.1294176685,1.046791365,0.1934433186,0.9279436895,0.01787093929,0.9190130313,0.04753642416,1.053358491,-1.482609294
969,2015-01-07T17:03:00,969,970,975,1,2.532808418,-1.938119499,2,2,1.505940561,0,-1.938119499,-0.4636156859,1.454111424,0.2242967337,1.411090935,0.03586642985,1.132855876,0.1486699211,0.976957315,0.001972606492,0.9412704874,0.02678025498,1.066921626,1.697621784
970,2015-01-07T17:04:00,970,971,976,1,0.5386227473,1.059358126,2,2,1.748220823,0,1.059358126,-0.4303445087,1.476278213,0.4004410141,1.433216418,0.1284199941,1.143736828,0.1853939556,0.989094139,0.01087346269,0.9478979375,0.02821010904,1.068225572,1.404496613
971,2015-01-07T17:05:00,971,972,977,1,0.2683306835,-0.6038479213,2,2,1.524177422,0,-0.6038479213,-0.5171263957,1.498848894,0.09811010103,1.226863186,0.1287505741,1.143561326,0.1801960177,0.9917177025,-0.005414735607,0.9470782739,0.004378564111,1.049635187,1.761367234
972,2015-01-07T18:00:00,972,973,978,1,-0.8955635111,1.242111578,2,2,1.699554123,0,1.242111578,-0.4864637377,1.522504483,0.118005603,1.245254927,0.2226888013,1.168164464,0.1656253113,0.9689246079,0.005714050346,0.9563972264,0.01099759958,1.054950137,0.8351866349
973,2015-01-07T18:01:00,973,974,979,1,-1.512128934,0.7662329559,2,2,1.930580312,0,0.7662329559,0.1051470482,1.214342065,0.1422703652,1.257758708,0.2501425219,1.179663499,0.1748434781,0.974444682,0.006638886579,0.9571021413,0.02044766408,1.056733291,-0.8658738658
974,2015-01-07T18:02:00,974,975,980,1,0.03791977959,-0.2469773001,2,2,2.159994713,0,-0.2469773001,0.4433754879,0.8576507278,-0.01012009904,1.193734645,0.1884050184,1.160116851,0.1687442943,0.9752267205,0.005720542087,0.9573038498,0.02758916868,1.052158514,-1.493036551
975,2015-01-07T18:03:00,975,976,981,1,-1.208255281,0.3159309791,2,2,1.927031538,0,0.3159309791,0.2946900584,0.7287518917,-0.06782722512,1.164147044,0.2648512924,1.130174298,0.1690145031,0.9753127552,-0.003177674162,0.9510383569,0.0490385388,1.032173203,-1.730750146
976,2015-01-07T18:04:00,976,977,982,1,-0.2128566236,-0.9348275448,2,2,2.049483607,0,-0.9348275448,0.2284941337,0.7955710936,-0.144316131,1.199891948,0.2578501574,1.135518971,0.1329360274,0.9831698836,-0.009146488372,0.9553970068,0.03019914685,1.028598057,-0.6462550685
977,2015-01-07T18:05:00,977,978,983,1,-0.73270901,-0.8741399851,2,2,1.386157613,0,-0.8741399851,-0.194756179,0.6907888773,-0.3406099584,1.182203276,0.2176728499,1.15211119,0.1306630687,0.9850838211,-0.01503819059,0.9593262288,0.02094998368,1.031464225,1.53095633
978,2015-01-07T19:00:00,978,979,984,1,0.4081117834,0.07821738386,2,2,1.423201024,0,0.07821738386,-0.3323592934,0.6008246635,-0.1136061226,0.9580232064,0.2048886829,1.149822425,0.1162364572,0.9796980281,-0.01084175694,0.9589340316,0.03624143583,1.018946094,0.522494865
979,2015-01-07T19:01:00,979,980,985,1,-0.08447529518,0.1496675327,2,2,1.785089176,0,0.1496675327,-0.2530303268,0.5943658747,0.09517258052,0.7378467198,0.1597346571,1.125965232,0.0890658004,0.9602839748,-0.002910065999,0.9575467469,0.0466442203,1.014090188,0.4333984449
980,2015-01-07T19:02:00,980,981,986,1,-1.202024467,1.303071414,2,2,1.50807684,0,1.303071414,-0.0556022399,0.8203092942,0.1195439093,0.7758822906,0.2599924617,1.152411088,0.09582851433,0.9684733031,0.01293924247,0.9685583554,0.0490107855,1.016796164,-2.26366534
981,2015-01-07T19:03:00,981,982,987,1,1.978119572,-0.9302440815,2,2,1.273079501,0,-0.9302440815,-0.05468554725,0.8192665261,0.08690429323,0.8075057293,0.09250719713,1.03857084,0.05120579911,0.9702129167,0.01054431435,0.9706194768,0.04196965932,1.020306364,-0.1143830815
982,2015-01-07T19:04:00,982,983,988,1,0.141457875,0.06057111263,2,2,1.232255394,0,0.06057111263,0.1322566723,0.7204909923,-0.03124975335,0.7057961969,0.04337792485,1.012128476,0.01048006262,0.9327572422,-0.005771028276,0.9585564456,0.02913298337,1.00980017,-0.51787374
983,2015-01-07T19:05:00,983,984,989,1,0.5974259332,-1.393992371,2,2,0.6478114723,0,-1.393992371,-0.1621852788,0.9521169175,-0.2472722861,0.7960894739,-0.05250096045,1.052548198,-0.00571951045,0.9511588662,-0.02183767757,0.9710679971,0.0413378271,0.98376546,1.061640873
984,2015-01-07T20:00:00,984,985,990,1,1.305774363,1.219038177,2,2,0.7260983397,0,1.219038177,0.05168885014,1.095106098,-0.1006707383,0.8810584995,-0.05539541869,1.049110691,0.03661720782,0.9675884621,-0.01546408202,0.9773753373,0.04028589495,0.9823935067,2.092502654
985,2015-01-07T20:01:00,985,986,991,1,1.107334383,-0.3429195459,2,2,0.02675497656,0,-0.3429195459,-0.2775093418,0.93977503,-0.1665557908,0.8820670171,-0.117191508,1.032782785,0.03872998767,0.9667470462,-0.03680176615,0.9661640786,0.006306931194,0.9218745611,0.659331615
986,2015-01-07T20:02:00,986,987,992,1,1.744193169,0.1855222419,2,2,-0.1461824639,0,0.1855222419,-0.05435607711,0.8467526187,-0.05452081218,0.8331229315,-0.09941847159,1.032916866,0.03852383672,0.966706605,-0.03841123937,0.9657476939,-0.01446753163,0.8890191561,-0.4642149401
987,2015-01-07T20:03:00,987,988,993,1,-1.387984577,2.249899958,2,2,0.06091964958,0,2.249899958,0.3835096919,1.314787507,0.2578831821,1.060135241,-0.04136338814,1.122829309,0.1024843876,1.028928209,0.01383425455,0.9743693071,0.01275182387,0.9077056328,-0.7867282903
988,2015-01-07T20:04:00,988,989,994,1,1.338908106,-1.776090584,2,2,-0.4983026482,0,-1.776090584,0.3070900493,1.403895579,0.07245238525,1.199468511,-0.02057686869,1.085479888,0.05442039992,1.066311106,0.01435322486,0.9734117955,0.0007799992902,0.9215512224,0.4480027677
989,2015-01-07T20:05:00,989,990,995,1,0.6992658334,-0.9380243133,2,2,-0.05599481407,0,-0.9380243133,-0.1243224488,1.360033052,-0.03631679935,1.234695766,0.02942789059,1.017077041,0.03264716022,1.076524069,0.006006201483,0.978578623,0.003480930994,0.9183213884,2.20840811
990,2015-01-07T21:00:00,990,991,996,1,0.05222153491,1.927386607,2,2,0.03786256731,0,1.927386607,0.3297387818,1.602852135,0.02611472002,1.313832576,0.07282931464,1.078922927,0.1006246544,1.111802279,0.03282319462,1.001727238,0.01313896273,0.9323896102,-0.6012562867
991,2015-01-07T21:01:00,991,992,997,1,0.806996712,-0.5413595264,2,2,-0.6928050218,0,-0.5413595264,0.1843624282,1.618908674,0.06500317553,1.291869825,0.07595373438,1.077263465,0.1023521543,1.11090708,0.03584161198,0.9997302102,0.01351606095,0.9321614825,0.8909053384
992,2015-01-07T21:02:00,992,993,998,1,0.02536583155,0.8223810286,2,2,-0.6239358053,0,0.8223810286,-0.1011413576,1.320498936,0.1411841671,1.317646316,0.05496720689,1.05696265,0.1388280041,1.113952032,0.05800306328,0.9983087766,0.01309608015,0.9317795313,-1.509142276
993,2015-01-07T21:03:00,993,994,999,1,2.714701131,-0.8822777889,2,2,-0.7980893736,0,-0.8822777889,0.07762120149,1.126277367,0.1923556254,1.272678966,-0.02745833035,1.061477791,0.1113420958,1.122127682,0.03620385015,0.9985338658,0.01591975146,0.9285869887,0.6534778216
994,2015-01-07T21:04:00,994,995,1000,1,1.434061128,0.9508020987,2,2,-0.5044762912,0,0.9508020987,0.4553864839,1.128418234,0.1655320175,1.24960346,0.03243063959,1.081150518,0.110417829,1.121329022,0.05509749218,1.002217807,0.02912478259,0.9308382226,-0.08390862649
995,2015-01-07T21:05:00,995,996,1001,1,3.375570843,-1.577666586,2,2,-0.1287353612,0,-1.577666586,-0.2456241548,1.013987305,0.04205731351,1.34113855,-0.06224923867,1.135053927,0.1013010269,1.13261674,0.04588226584,1.013273907,0.01912466003,0.9412827529,1.534508108
996,2015-01-07T22:00:00,996,997,1002,1,1.289053436,1.280342309,2,2,0.07448419842,0,1.280342309,0.1187162123,1.139039733,0.1515393202,1.399692253,0.04850925402,1.151788223,0.1531797057,1.143682527,0.06434712293,1.023098534,0.02311637901,0.9456863623,2.061223309
997,2015-01-07T22:01:00,997,998,1003,1,-0.5531778197,0.2134156507,2,2,-0.2258939529,0,0.2134156507,-0.003076863327,1.082247038,-0.05210911047,1.207264696,0.1028870358,1.136084234,0.1602799429,1.144125776,0.06509257221,1.023232298,0.03105202996,0.9434791642,1.517969755
998,2015-01-07T22:02:00,998,999,1004,1,-0.6325373686,0.04075014818,2,2,-0.4409037317,0,0.04075014818,0.1815287241,1.007922589,0.1295749628,1.068739597,0.101013674,1.135986144,0.1529511785,1.142925222,0.06231636753,1.02282036,0.02760411944,0.942573794,1.841062735
999,2015-01-07T22:03:00,999,1000,1005,1,-3.046705494,1.80705751,2,2,-0.6251743325,0,1.80705751,0.3527798064,1.21991573,0.4040831452,1.175057892,0.1838831729,1.20524576,0.171808915,1.16627935,0.08776103535,1.042270098,0.04832796081,0.9548855384,-0.7721698729
1000,2015-01-07T22:04:00,1000,1001,1006,1,-2.609491405,-0.3298379038,2,2,-0.6332548599,0,-0.3298379038,0.6023455429,1.006054982,0.178360694,1.010028931,0.102237707,1.171817921,0.1811150844,1.162155014,0.07551195336,1.040386552,0.0372141091,0.9509552074,-2.071147575
1001,2015-01-07T22:05:00,1001,1002,1007,1,-3.126761118,0.3638431287,2,2,-0.1718919019,0,0.3638431287,0.4190457068,0.8430704034,0.2688809595,1.002042718,0.1669420675,1.156074663,0.1297246323,1.098894448,0.09819170708,1.028473736,0.04396980741,0.9506603495,-2.473600104
1002,2015-01-07T23:00:00,1002,1003,1008,1,-0.8300542592,-0.8061750978,2,2,0.3840709201,0,-0.8061750978,0.2151275571,0.9119441402,0.1060253469,1.000724929,0.123604757,1.169966281,0.08349134093,1.093897882,0.1128134115,1.008503534,0.03402000987,0.9528472289,-2.274535622
1003,2015-01-07T23:01:00,1003,1004,1009,1,2.190414354,-1.628815605,2,2,0.08928694534,0,-1.628815605,-0.1187855936,1.167012449,0.03137156526,1.090372872,0.1118635953,1.185036867,0.02968131744,1.120751999,0.1176036065,0.9998194896,0.01814267297,0.9640485313,-0.5383438302
1004,2015-01-07T23:02:00,1004,1005,1010,1,2.669090879,-0.03860940077,2,2,0.04135405519,0,-0.03860940077,-0.4879189758,0.8420954952,-0.06756958469,1.048169646,0.04898121642,1.153292767,-0.003207101137,1.102433093,0.1015944495,0.9901372486,0.0119433244,0.9619025139,-0.6531610143
1005,2015-01-07T23:03:00,1005,1006,1011,1,3.988681012,-0.6071106154,2,2,-1.022501791,0,-0.6071106154,-0.5433735181,0.8724006387,0.02948601238,0.9416022251,0.03577166294,1.158720709,-0.04070992252,1.097559557,0.09476793812,0.9924376885,0.01200790507,0.9618614924,1.444481362
1006,2015-01-07T23:04:00,1006,1007,1012,1,3.714314708,0.1073761859,2,2,-0.7729726317,0,0.1073761859,-0.5946669067,0.8584360425,-0.08781059992,0.8507879125,0.03186436015,1.158226764,-0.03377705572,1.097361948,0.08828414365,0.9900388821,0.007315700958,0.9599624237,2.728758184
1007,2015-01-07T23:05:00,1007,1008,1013,1,2.694406972,-0.1534265848,2,2,-1.328570812,0,-0.1534265848,-0.4641172041,0.7820720713,-0.1244948235,0.8494936255,-0.08830196697,1.043821696,-0.06483267756,1.084045523,0.07750595954,0.9870110272,0.01254624531,0.9574130846,3.322251894
1008,2015-01-08T00:00:00,1008,1009,1014,1,0.1763366051,1.490531761,2,2,-1.42389371,0,1.490531761,0.1597522692,0.7248211198,0.02048333783,0.9714122994,0.07502915031,1.02123606,0.02722614081,1.053847636,0.1103347297,0.9928933301,0.0209893398,0.9660511965,2.544199649
1009,2015-01-08T00:01:00,1009,1010,1015,1,-0.0820477098,1.391653008,2,2,-1.655323943,0,1.391653008,0.445804751,0.955200051,-0.02105711243,0.900425444,0.1915130164,1.046787235,0.1104704535,1.032039055,0.1295701873,1.004875666,0.03813855549,0.9724684867,0.985556524
1010,2015-01-08T00:02:00,1010,1011,1016,1,-0.3668828093,0.4400671244,2,2,-1.725152388,0,0.4400671244,0.6552402989,0.9367082216,0.05593339039,0.9051257279,0.1171470422,0.95901278,0.09498817843,1.020730179,0.140191067,1.005036644,0.03891170127,0.9727814241,-0.6278449216
1011,2015-01-08T00:03:00,1011,1012,1017,1,-2.021398076,0.712479517,2,2,-1.720446726,0,0.712479517,0.7762609651,0.9882518787,0.09079702923,0.9256225512,0.1798389944,0.9645897358,0.1278963644,1.022479812,0.154046191,1.007216205,0.03902229772,0.9728616689,-2.367863044
1012,2015-01-08T00:04:00,1012,1013,1018,1,-1.055243313,-0.1669901174,2,2,-1.827454239,0,-0.1669901174,0.7735482586,0.9886915455,0.1547155273,0.8913887191,0.1303704371,0.9476350118,0.09266882199,1.003788364,0.1291470666,0.9865105106,0.03469897423,0.9724509223,-1.067604234
1013,2015-01-08T00:05:00,1013,1014,1019,1,1.564696699,-1.173334321,2,2,-1.537963068,0,-1.173334321,0.2407750421,0.8991755511,0.2002636557,0.8166646581,0.1158176105,0.9632897187,0.04417964006,1.013573427,0.1095115591,0.9942015716,0.01915247107,0.9762889103,0.2609621122
1014,2015-01-08T01:00:00,1014,1015,1020,1,1.18351916,-1.027538606,2,2,-1.108951696,0,-1.027538606,-0.2430632806,0.7952007106,0.1013707352,0.8788490506,0.01690057526,0.9672216033,0.02466560742,1.025768998,0.09670495085,1.000816965,0.01203556387,0.9806568136,0.3464649678
1015,2015-01-08T01:01:00,1015,1016,1021,1,-0.3972062622,1.133268693,2,2,-1.146102177,0,1.133268693,-0.1044229668,0.9222103564,0.275408666,0.9294875561,0.1524473392,0.9355645,0.04509905027,1.040102964,0.1070567767,1.008228433,0.01291456732,0.9816248584,0.01236092079
1016,2015-01-08T01:02:00,1016,1017,1022,1,-0.3781338673,0.1552320249,2,2,-0.9013998435,0,0.1552320249,-0.2158724653,0.8681969392,0.2801942499,0.9301633461,0.09619182501,0.8913596139,0.07235053951,1.029839325,0.1026432835,1.006775063,0.01801918759,0.9808390826,1.303734587
1017,2015-01-08T01:03:00,1017,1018,1023,1,1.027482447,-0.94203575,2,2,-1.573107544,0,-0.94203575,-0.3708815918,0.9621200841,0.2013333334,0.9754962913,0.03841925497,0.9146672712,0.07065314539,1.031334961,0.100658107,1.008474575,0.01352558807,0.9839148725,0.8370541917
1018,2015-01-08T01:04:00,1018,1019,1024,1,0.2533482193,0.7991646459,2,2,-1.903702132,0,0.7991646459,0.02361820162,0.8820800399,0.1321966219,0.8906688129,0.07633997986,0.931915444,0.08867682694,1.03897327,0.102456642,1.009770688,0.02233110436,0.986335712,-0.409567183
1019,2015-01-08T01:05:00,1019,1020,1025,1,-0.9302460067,1.446605691,2,2,-1.304013246,0,1.446605691,0.5184470609,0.9926891177,0.1376918902,0.8993819696,0.05831738888,0.8999038581,0.1211002809,1.063589276,0.1050830406,1.01325403,0.0384267163,0.9941518484,-1.681868454
1020,2015-01-08T02:00:00,1020,1021,1026,1,1.907590845,-1.408716145,2,2,-1.192258159,0,-1.408716145,0.01005009332,1.060880924,-0.04718643676,0.9939668695,0.004373476815,0.9505847466,0.05330559192,1.066950936,0.07456705312,1.018902556,0.02639469229,1.002429528,0.1904282549
1021,2015-01-08T02:01:00,1021,1022,1027,1,4.435124432,-0.4474567288,2,2,-1.208294611,0,-0.4474567288,-0.1104876574,1.077354372,-0.1631800613,0.9783808992,-0.03619151606,0.9523671275,0.06537527574,1.059129778,0.05829053743,1.015644867,0.02882130148,1.000992878,0.6629154022
1022,2015-01-08T02:02:00,1022,1023,1028,1,5.295492358,0.1743044198,2,2,-1.095922734,0,0.1743044198,0.1127803766,0.9946268535,-0.1290506076,0.9785084655,0.01283245982,0.9359627838,0.06821860842,1.059445004,0.03934933552,0.9981131671,0.01889218396,0.9933251624,0.7516224473
1023,2015-01-08T02:03:00,1023,1024,1029,1,4.941146938,0.4635805638,2,2,-0.5538778019,0,0.4635805638,0.04566356013,0.9510684199,0.03464088088,0.9172230743,0.1174522683,0.8684006367,0.1146579318,1.038853224,0.05446921068,0.9959716888,0.02366085889,0.9941767333,1.71716259
1024,2015-01-08T02:04:00,1024,1025,1030,1,4.502221066,0.02503041859,2,2,-0.6879281503,0,0.02503041859,-0.2386514943,0.697225099,0.1398977833,0.8577745983,0.1206342593,0.8683757583,0.08480773784,1.02082336,0.06071247283,0.9945621559,0.01795985793,0.9920694586,3.77220903
1025,2015-01-08T02:05:00,1025,1026,1031,1,5.116032928,0.2630114649,2,2,-1.51592753,0,0.2630114649,0.09569402766,0.3210321001,0.05287206049,0.78375058,0.1641403633,0.8597127685,0.0999560131,1.020230299,0.06934300039,0.993848508,0.008784160267,0.9845161106,4.543869911
1026,2015-01-08T03:00:00,1026,1027,1032,1,2.887568973,1.429120707,2,2,-1.199382167,0,1.429120707,0.4710095148,0.6866551562,0.1802609287,0.9033791413,0.2302275893,0.9168690537,0.1310459747,1.044542507,0.08478490573,1.006377342,0.01807449867,0.9927077895,3.223984348
1027,2015-01-08T03:01:00,1027,1028,1033,1,0.6063946573,2.080076858,2,2,-0.6574060529,0,2.080076858,0.8521640024,1.153586947,0.4824721895,1.077043505,0.3419027615,1.027525115,0.1268003972,1.035705459,0.1146423924,1.032322396,0.05148963544,0.9952347949,0.7300120363
1028,2015-01-08T03:02:00,1028,1029,1034,1,-1.183651163,1.034672346,2,2,-1.100780834,0,1.034672346,0.9663823588,1.225516556,0.5060229595,1.096909743,0.3191097907,0.9991250969,0.1970694705,1.010241073,0.1257449352,1.038654514,0.07525864007,0.9858411083,0.5721630177
1029,2015-01-08T03:03:00,1029,1030,1035,1,-2.060083341,0.1092351441,2,2,-0.953465623,0,0.1092351441,0.9832233039,1.226438742,0.3722859048,0.9975657439,0.2549888975,0.9497434761,0.2232509569,0.9994438917,0.1279490586,1.038699226,0.07842111997,0.9855827947,-0.3364153746
1030,2015-01-08T03:04:00,1030,1031,1036,1,-1.785647426,-0.4138954535,2,2,-1.604642936,0,-0.4138954535,0.8478419202,1.234738382,0.4717679739,0.9021198591,0.2122907686,0.9491549868,0.1647189054,0.9540966149,0.1326717799,1.035954791,0.07678843155,0.9861060233,-0.1236173789
1031,2015-01-08T03:05:00,1031,1032,1037,1,-3.607021314,0.8768233271,2,2,-1.2012683,0,0.8768233271,0.7373824443,1.126883091,0.6041959795,0.9331025681,0.2205079591,0.956009829,0.2001734767,0.9603093646,0.1512628155,1.038342096,0.09061890024,0.9867649268,-1.755814181
1032,2015-01-08T04:00:00,1032,1033,1038,1,-1.219939552,-0.7993432482,2,2,-1.306176292,0,-0.7993432482,0.161498423,0.729596793,0.5068312127,0.9651617286,0.1888903026,0.971858009,0.1596303698,0.9598229277,0.149229187,1.039747369,0.09187883213,0.9856471443,-1.723667967
1033,2015-01-08T04:01:00,1033,1034,1039,1,-1.018620566,-0.2010974579,2,2,-1.211544614,0,-0.2010974579,-0.08565553767,0.571218124,0.4403634106,0.9560807953,0.2375021457,0.9368534184,0.1766598781,0.9501635148,0.1440009869,1.039706988,0.08302252613,0.982675,-1.662030047
1034,2015-01-08T04:02:00,1034,1035,1040,1,-1.150645321,-0.7553734744,2,2,-1.260185619,0,-0.7553734744,-0.2585772614,0.6618319266,0.3623230213,0.9854373362,0.2511104023,0.9238138354,0.1340054888,0.9457667875,0.1222116589,1.037268912,0.08140015771,0.9837607912,-1.851207134
1035,2015-01-08T04:03:00,1035,1036,1041,1,0.412168684,-0.7671970346,2,2,-0.9717231567,0,-0.7671970346,-0.3292375776,0.722134245,0.2593021713,1.011448649,0.1560871159,0.9047909541,0.1542672276,0.9203063632,0.1277841272,1.031936161,0.08201058641,0.9832618885,0.5037284145
1036,2015-01-08T04:04:00,1036,1037,1042,1,1.63727623,-0.1394595379,2,2,-1.605512022,0,-0.1394595379,-0.5324941506,0.6095931683,0.1024441468,0.9059440746,0.1413525378,0.904662517,0.1187721814,0.8980356983,0.1359759435,1.02822124,0.08248880908,0.9831801017,0.6434094808
1037,2015-01-08T04:05:00,1037,1038,1043,1,3.319250095,-0.9445505615,2,2,-1.42750093,0,-0.9445505615,-0.5615356133,0.6498069389,-0.2000185951,0.690854738,0.1412267972,0.9047936174,0.08982302608,0.9097438395,0.1250514845,1.033599933,0.07333605684,0.9868540125,0.7005618128
1038,2015-01-08T05:00:00,1038,1039,1044,1,1.758488237,1.587738514,2,2,-1.065133935,0,1.587738514,-0.2037684189,0.9583025295,-0.1447119783,0.7888706749,0.1806554906,0.9553868132,0.1284977352,0.943724101,0.1407244569,1.048068042,0.08437682343,0.997152305,-0.0915597305
1039,2015-01-08T05:01:00,1039,1040,1045,1,2.559799946,0.0002215284269,2,2,-1.399714932,0,0.0002215284269,-0.05264941832,0.8967864465,-0.1556133398,0.788114024,0.1083362825,0.8989608246,0.08332683568,0.8994324649,0.1275678753,1.041438016,0.08628296879,0.9969340787,0.9938667492
1040,2015-01-08T05:02:00,1040,1041,1046,1,4.665110139,-0.8873982296,2,2,-0.6415044948,0,-0.8873982296,-0.07668965732,0.9186962481,-0.2029636174,0.8262810248,0.1344021782,0.8650319567,0.06938782753,0.9088156157,0.1252514559,1.043204223,0.07347057808,0.998457841,2.618688283
1041,2015-01-08T05:03:00,1041,1042,1047,1,3.323264919,0.7956169706,2,2,-0.4986174291,0,0.7956169706,0.1103256444,0.9832162918,-0.2110842531,0.8180214262,0.1965558632,0.8774506984,0.08018217358,0.9156753993,0.104953403,1.01144215,0.09218852925,0.992300003,1.850047968
1042,2015-01-08T05:04:00,1042,1043,1048,1,2.098526308,1.085648008,2,2,-0.4879048958,0,1.085648008,0.5163653583,1.011931541,-0.02258512747,0.8503688909,0.2421230426,0.9095780376,0.1274777512,0.9228647082,0.1054845461,1.01200095,0.1177015247,0.9807884628,1.565933197
1043,2015-01-08T05:05:00,1043,1044,1049,1,0.6952044038,0.7374233038,2,2,-0.3401798454,0,0.7374233038,0.3463023163,0.7928312251,0.0712669487,0.8794671937,0.2558151796,0.9185730869,0.186633724,0.8938389625,0.1081575207,1.013664918,0.1406136457,0.9657857103,2.046421856
1044,2015-01-08T06:00:00,1044,1045,1050,1,2.075594598,0.0269766558,2,2,-0.5607110708,0,0.0269766558,0.3516533418,0.7929230036,0.1495019617,0.8464492957,0.2559124915,0.9185758416,0.1882733754,0.8938282929,0.09253313712,1.003565579,0.1304874248,0.9591094063,1.473216951
1045,2015-01-08T06:01:00,1045,1046,1051,1,2.602832405,0.8015332374,2,2,-0.7242509754,0,0.8015332374,0.6894396352,0.7744177634,0.3063749889,0.8496251139,0.2828385801,0.9340479655,0.2234894717,0.8976501674,0.09138977459,1.002599822,0.137675116,0.9618802687,0.5325931105
1046,2015-01-08T06:02:00,1046,1047,1052,1,0.9006789637,1.217911963,2,2,-0.9084552307,0,1.217911963,0.7738986337,0.8773730731,0.442112139,0.9317987406,0.2722781429,0.9189623385,0.2512528661,0.9179162928,0.1087379052,1.011625812,0.1426070511,0.9665961406,-1.351217453
1047,2015-01-08T06:03:00,1047,1048,1053,1,0.3742887679,-0.5462282498,2,2,-0.1860372695,0,-0.5462282498,0.4475233821,0.7705389349,0.4819443702,0.8993708061,0.1409628875,0.8019189846,0.2414328245,0.921651214,0.08830007347,1.006130125,0.1321482479,0.9657160549,0.6023776471
1048,2015-01-08T06:04:00,1048,1049,1054,1,1.181672385,-0.1390906029,2,2,0.1555927297,0,-0.1390906029,0.2722206007,0.6991715552,0.3092614585,0.7474698037,0.08227474012,0.7684491034,0.2006922654,0.8912813764,0.1139592031,0.9759552579,0.1404539083,0.9602181734,2.070239295
1049,2015-01-08T06:05:00,1049,1050,1055,1,1.943329341,-0.6658985999,2,2,0.2021275607,0,-0.6658985999,0.1336455496,0.7598549234,0.2426494457,0.7765649987,0.04351805291,0.7823608221,0.1492534752,0.8700865263,0.1298619643,0.9545038436,0.1361312832,0.9620465634,2.251896416
1050,2015-01-08T07:00:00,1050,1051,1056,1,-0.6609787088,1.40736685,2,2,0.2176237219,0,1.40736685,0.2548122721,0.9192522443,0.4721259536,0.8499257499,0.1345811681,0.8381867669,0.1734359683,0.8953916029,0.1342120734,0.9601083845,0.1512727008,0.9698665606,-0.2280888792
1051,2015-01-08T07:01:00,1051,1052,1057,1,-1.383677645,1.328771045,2,2,0.5432568962,0,1.328771045,0.2769840884,0.9494678912,0.525441361,0.9141314965,0.157178554,0.8674086253,0.1888432565,0.9127848916,0.1583698105,0.9691855407,0.1656452129,0.9767540164,-0.8885669097
1052,2015-01-08T07:02:00,1052,1053,1058,1,-0.9338503807,-0.4842414783,2,2,0.378750135,0,-0.4842414783,0.2893814427,0.9427163826,0.3684524124,0.8609426311,0.1729336425,0.855672094,0.1809119725,0.9156098301,0.1367903972,0.9607113095,0.1464020353,0.9634568553,-0.3085670757
1053,2015-01-08T07:03:00,1053,1054,1059,1,-0.0930224496,-1.072618446,2,2,0.5449131688,0,-1.072618446,0.1026758742,1.05591051,0.1874482375,0.8954853065,0.1293575931,0.8875123884,0.1834298694,0.9125164566,0.1138047547,0.9643695804,0.1341509959,0.9677396023,-0.4328898296
1054,2015-01-08T07:04:00,1054,1055,1060,1,-0.321377047,0.6682930143,2,2,0.3617593133,0,0.6682930143,0.369514197,1.056213012,0.2515798733,0.920044953,0.2005409175,0.8840133273,0.2258256599,0.9041326134,0.1252456337,0.9668655075,0.1397451872,0.9696605894,-0.4951107358
1055,2015-01-08T07:05:00,1055,1056,1061,1,-1.417007593,0.09575835567,2,2,0.4997605422,0,0.09575835567,0.1071924981,0.8492841508,0.1810023851,0.8849599588,0.243688687,0.8674724673,0.1998879015,0.8863281424,0.1224934759,0.9662793983,0.1380004849,0.9692998713,-0.625283305
1056,2015-01-08T08:00:00,1056,1057,1062,1,0.1408379648,-1.1969412,2,2,0.1880509371,0,-1.1969412,-0.3979499507,0.8091296052,-0.06048293115,0.8820940977,0.1908146039,0.9072868593,0.1660835709,0.9059756384,0.1192170552,0.9698868217,0.1237900459,0.97433463,0.33986738
1057,2015-01-08T08:01:00,1057,1058,1063,1,-0.9361564331,0.6060721081,2,2,0.5773735334,0,0.6060721081,-0.1798872334,0.8253832057,0.05474710464,0.8859942478,0.2683457374,0.892707582,0.2047862673,0.8987709155,0.1377197063,0.9673264601,0.1353674938,0.9732815789,0.1737336888
1058,2015-01-08T08:02:00,1058,1059,1064,1,-0.4483993386,-0.03441421358,2,2,0.4262243279,0,-0.03441421358,0.02775361299,0.6718573047,0.06521474358,0.8849687121,0.187238101,0.8191094948,0.1839467958,0.8898607552,0.1363118114,0.9672945829,0.1296200266,0.9714466612,-0.7917242875
1059,2015-01-08T08:03:00,1059,1060,1065,1,-0.4570790223,-0.2317905145,2,2,0.2192783114,0,-0.2317905145,-0.1522630928,0.6105853714,0.1086255521,0.8626703954,0.1756374989,0.8207476495,0.1419868907,0.8607430709,0.1315435858,0.9674969721,0.117384324,0.9650986296,-0.1990294152
1060,2015-01-08T08:04:00,1060,1061,1066,1,-2.018058804,0.4399384169,2,2,1.413108659,0,0.4399384169,-0.08342708053,0.6400700941,0.01188270881,0.7519884621,0.2420043312,0.802452624,0.1882032547,0.8343292216,0.1207544233,0.9577289673,0.112445787,0.9613237554,-1.109890122
1061,2015-01-08T08:05:00,1061,1062,1067,1,-1.359612478,-0.9998721899,2,2,1.517689123,0,-0.9998721899,-0.0440132786,0.5684232205,-0.2209816147,0.6992122981,0.1522298732,0.8137979573,0.1743928682,0.8462230331,0.119884072,0.958605578,0.09699131435,0.9624902444,0.3433249489
1062,2015-01-08T09:00:00,1062,1063,1068,1,-2.08808635,0.3609043578,2,2,1.591516713,0,0.3609043578,-0.09304682866,0.5250625378,-0.136467031,0.6917181886,0.1159926907,0.7809277388,0.1790578667,0.84769698,0.1236382375,0.9594305305,0.0859188459,0.9506225957,-0.2580496071
1063,2015-01-08T09:01:00,1063,1064,1069,1,-1.019214583,-0.4709222898,2,2,1.337200136,0,-0.4709222898,-0.1803484439,0.5655151294,-0.07629741545,0.6209668266,0.055575411,0.7705497174,0.1556952953,0.8477981431,0.1351766136,0.9481502287,0.08821123889,0.9491541675,-0.9081686818
1064,2015-01-08T09:02:00,1064,1065,1070,1,-1.17824034,0.4533428809,2,2,1.617862728,0,0.4533428809,-0.04332176481,0.5917482122,-0.09779242879,0.6012405685,0.07689372226,0.7771656634,0.1664031069,0.8508137414,0.1256054224,0.9396713135,0.09594268418,0.9490682776,-1.702937427
1065,2015-01-08T09:03:00,1065,1066,1071,1,-1.203943837,-0.2404701982,2,2,1.125253242,0,-0.2404701982,-0.1794034878,0.5683502157,-0.1314152842,0.6052733651,0.02479355047,0.7581259708,0.1538160653,0.850646986,0.1268860392,0.9392736974,0.09750068869,0.9485199011,-1.830036743
1066,2015-01-08T09:04:00,1066,1067,1072,1,-0.09605101964,-1.121041364,2,2,0.8280036322,0,-1.121041364,-0.2036373227,0.6118985509,-0.1238253007,0.5905610867,-0.09215411591,0.7506172108,0.09006201351,0.8390226388,0.1105539941,0.947372165,0.08654394166,0.9538605241,-0.1110459011
1067,2015-01-08T09:05:00,1067,1068,1073,1,0.3905724892,-0.3414258641,2,2,0.1484631079,0,-0.3414258641,-0.3441033671,0.6096587321,-0.2185750979,0.5689351625,-0.08191399662,0.7445377849,0.02952444546,0.7737604833,0.07816242135,0.9141638483,0.08626974342,0.9539539371,0.5246970866
1068,2015-01-08T10:00:00,1068,1069,1074,1,0.3598709135,-0.3675695142,2,2,-0.02885770163,0,-0.3675695142,-0.323432812,0.5952744566,-0.251890628,0.5805854977,-0.09333794219,0.748414705,-0.005531601037,0.7584980538,0.09576893473,0.8932822406,0.08198608979,0.9544502252,0.6260929053
1069,2015-01-08T10:01:00,1069,1070,1075,1,0.5548504492,0.5979494773,2,2,0.3142449833,0,0.5979494773,-0.2945114927,0.6202873855,-0.1689166288,0.6061857748,-0.03014553833,0.7455405437,0.006686257292,0.76417248,0.1149686071,0.8896200515,0.08752812481,0.9559901924,0.01499488144
1070,2015-01-08T10:02:00,1070,1071,1076,1,-0.1829476779,0.2943171236,2,2,0.6733324543,0,0.2943171236,-0.1875540284,0.6249126108,-0.1834787581,0.5973013221,-0.08579802465,0.6790638838,0.02439157172,0.7627859511,0.09455523856,0.8637542352,0.09657837716,0.9536328897,-0.1341245974
1071,2015-01-08T10:03:00,1071,1072,1077,1,0.6672951516,-0.2661736955,2,2,0.344133954,0,-0.2661736955,-0.0165804946,0.3915848698,-0.1101089087,0.5136918078,-0.1655452617,0.613505139,-0.004183353846,0.7512610328,0.09799506145,0.8621447719,0.09944742572,0.952313281,-0.2662219919
1072,2015-01-08T10:04:00,1072,1073,1078,1,0.3402621124,-0.01314854664,2,2,-0.5395318969,0,-0.01314854664,0.04907496889,0.3606368852,-0.1475141991,0.5008706084,-0.1419906151,0.6038813703,0.01547151369,0.740556359,0.08755094176,0.8572291915,0.1046432959,0.9505389528,0.5398555678
1073,2015-01-08T10:05:00,1073,1074,1079,1,0.3001079215,0.1451976447,2,2,-0.9277772798,0,0.1451976447,0.1516284007,0.3274965108,-0.08590220567,0.4804194226,-0.08109981056,0.5551588157,0.02412889126,0.7402295422,0.1003943847,0.8516896383,0.1040436217,0.9504246447,-0.04882308051
1074,2015-01-08T11:00:00,1074,1075,1080,1,0.1621928785,-0.39827109,2,2,-0.9588380387,0,-0.39827109,-0.04761571276,0.2597483809,-0.1710636028,0.475513229,-0.1344280158,0.542034617,0.03305645087,0.7332397592,0.08353096982,0.8462019146,0.09249325621,0.946835807,0.9335171435
1075,2015-01-08T11:01:00,1075,1076,1081,1,0.05509105111,0.792929013,2,2,-0.8513219351,0,0.792929013,0.05210666513,0.4193947919,-0.06772368163,0.5321690345,-0.09956948291,0.5698946077,0.07205960206,0.7339238194,0.1131634148,0.8323484771,0.1092092855,0.9431204686,-0.1995934553
1076,2015-01-08T11:02:00,1076,1077,1082,1,-0.05284562649,-0.4434810036,2,2,-0.7545570699,0,-0.4434810036,0.01664520352,0.4483942287,3.235445908e-05,0.4209489842,-0.06189647311,0.512815973,0.06445906542,0.7369361123,0.0916156234,0.8214447483,0.1121369842,0.9411965207,0.348931002
1077,2015-01-08T11:03:00,1077,1078,1083,1,-1.473702877,0.584069134,2,2,-0.911478934,0,0.584069134,0.1360887396,0.5188932049,0.09258185427,0.4468272155,-0.06299662181,0.5115377697,0.1026745578,0.7275292835,0.09624879194,0.8236906919,0.1175925089,0.9426834929,-0.771324265
1078,2015-01-08T11:04:00,1078,1079,1084,1,-1.554080395,-0.3401815858,2,2,-0.6794528712,0,-0.3401815858,0.03901289354,0.5368224932,0.09532064711,0.4446528724,-0.07828499042,0.5171052586,0.05447655531,0.6849592006,0.09148714527,0.8245557244,0.1119751563,0.9427022062,0.2546845064
1079,2015-01-08T11:05:00,1079,1080,1085,1,-1.393665853,0.1050434538,2,2,0.3889067587,0,0.1050434538,0.1396758023,0.5085874973,0.04603004476,0.4038133627,-0.06144329201,0.5150370984,0.05709710345,0.6851605348,0.07021196956,0.7995072599,0.104077618,0.9378399367,-0.4017766285
1080,2015-01-08T12:00:00,1080,1081,1086,1,-1.034925932,-0.5361861329,2,2,-0.045565944,0,-0.5361861329,-0.1261472269,0.4363634635,-0.03702028089,0.4279632366,-0.1102495195,0.5195774251,0.06587740586,0.6759774088,0.0676326167,0.8009030155,0.1054601059,0.9369268127,-0.7023786121
1081,2015-01-08T12:01:00,1081,1082,1087,1,-1.224678168,0.6858271856,2,2,0.180892785,0,0.6858271856,0.09971441093,0.4951260222,0.05817980723,0.472338418,-0.02596455072,0.4934485052,0.06313266124,0.6729630535,0.07165741741,0.8035361561,0.09101315572,0.9126718499,-1.808764902
1082,2015-01-08T12:02:00,1082,1083,1088,1,-1.559017794,-0.5514176812,2,2,0.2490199838,0,-0.5514176812,-0.1273829521,0.4875804744,0.004352893774,0.5034803259,-0.07158065267,0.5021771624,0.022206019,0.6565173401,0.07484188512,0.8008415222,0.07772503705,0.9090850461,-0.9918892247
1083,2015-01-08T12:03:00,1083,1084,1089,1,-0.8856644109,-0.8367881165,2,2,0.4089670904,0,-0.8367881165,-0.2267042582,0.5955106105,-0.09384568235,0.5669264839,-0.08987394401,0.5254562112,-0.0171492665,0.6594888539,0.08474222873,0.7854532575,0.06638859163,0.9110357991,-0.3325473198
1084,2015-01-08T12:04:00,1084,1085,1090,1,-0.4559531459,-0.4205591039,2,2,0.2597766611,0,-0.4205591039,-0.3318247698,0.6227359422,-0.09607448374,0.5685337704,-0.1335690432,0.5240913465,-0.0283376605,0.6628190582,0.07996785744,0.786847546,0.05224287125,0.9043629148,0.5840867334
1085,2015-01-08T12:05:00,1085,1086,1091,1,0.2154951606,0.2654579958,2,2,0.5952577999,0,0.2654579958,-0.171495944,0.5868513691,-0.1488215855,0.517111014,-0.1082726336,0.5246940452,-0.04173954154,0.6519427999,0.09087496508,0.7844760154,0.04701333588,0.9010072546,-0.5671285689
1086,2015-01-08T13:00:00,1086,1087,1092,1,-0.8212878088,-0.1774462117,2,2,0.06217261223,0,-0.1774462117,-0.3441506235,0.5065769194,-0.1222181063,0.5008841948,-0.06109287591,0.462646206,-0.07662349591,0.6234852481,0.08731468511,0.7846350028,0.0469507715,0.9010193154,-0.5531170911
1087,2015-01-08T13:01:00,1087,1088,1093,1,-2.437802602,0.4960749494,2,2,-0.2899690807,0,0.4960749494,-0.1346520974,0.4950009642,-0.1310175247,0.4913047291,-0.01921783524,0.4695928542,-0.05056591593,0.6224363268,0.09543345428,0.786405729,0.04201141034,0.8966646784,-1.040039879
1088,2015-01-08T13:02:00,1088,1089,1094,1,-2.291195506,-0.8857573065,2,2,-0.5050967462,0,-0.8857573065,-0.1444459354,0.511758034,-0.1855750968,0.5552158015,-0.04512722485,0.5029814923,-0.06923258352,0.6376185977,0.06572984094,0.7748999832,0.05289527423,0.8777879028,0.7826237295
1089,2015-01-08T13:03:00,1089,1090,1095,1,-2.728514586,-0.1634347339,2,2,0.163549031,0,-0.1634347339,-0.0930210614,0.4815230793,-0.2124229156,0.5566257852,-0.08319643541,0.4862599596,-0.05667098687,0.6293963182,0.04629124417,0.7593386229,0.06768431394,0.8599021069,-0.2681707177
1090,2015-01-08T13:04:00,1090,1091,1096,1,-1.969602826,0.009152161168,2,2,-0.3908206466,0,0.009152161168,-0.1442822283,0.4666772319,-0.1578890862,0.5301802374,-0.09745468353,0.4817902116,-0.09162635409,0.5887484888,0.04090480712,0.7577436591,0.05893259756,0.8544473854,-1.397762722
1091,2015-01-08T13:05:00,1091,1092,1097,1,-3.659343272,0.9369063022,2,2,-0.2861614294,0,0.9369063022,0.07858827445,0.6221325349,-0.1327811745,0.5673046211,-0.03730068365,0.5219856867,-0.1014229727,0.5695865223,0.04371014194,0.7607907283,0.07177221609,0.8569461342,-3.073819235
1092,2015-01-08T14:00:00,1092,1093,1098,1,-2.776711466,-1.214229181,2,2,-0.002358176262,0,-1.214229181,-0.2634725516,0.7954252452,-0.1990623245,0.6624678389,-0.09735471537,0.5883689643,-0.1196726652,0.5961756232,0.03061965364,0.7725822722,0.05130270976,0.856613062,-2.460343869
1093,2015-01-08T14:01:00,1093,1094,1099,1,-2.170983804,-1.120439843,2,2,-0.6704038377,0,-1.120439843,-0.310409059,0.8525639026,-0.2274274972,0.7031221421,-0.1606365898,0.6386651646,-0.1208682002,0.5983704969,0.03128083461,0.7716001345,0.03558043643,0.859857474,-0.5718401037
1094,2015-01-08T14:02:00,1094,1095,1100,1,-2.059387014,-0.7391502109,2,2,-1.160459505,0,-0.7391502109,-0.4255521544,0.9114777191,-0.2592866079,0.7289225296,-0.1776805458,0.6536660853,-0.1560542808,0.6004501966,0.03488568955,0.7674621233,0.03147899551,0.862206135,-0.5855240368
1095,2015-01-08T14:03:00,1095,1096,1101,1,-1.602318367,-0.6007538144,2,2,-1.375487114,0,-0.6007538144,-0.5475333495,0.9502399219,-0.3459077889,0.7485798381,-0.2473646872,0.6433411128,-0.1734670851,0.6077284144,0.01321040821,0.7599050604,0.02383995556,0.8634669607,-0.3163675972
1096,2015-01-08T14:04:00,1096,1097,1102,1,-2.372287772,0.7680639215,2,2,-1.897685352,0,0.7680639215,-0.5813018256,0.9194463893,-0.2513567756,0.7849938069,-0.1867874409,0.6584452344,-0.124341957,0.5901399618,0.02087080692,0.7645446461,0.03803071778,0.8620955222,-1.599143701
1097,2015-01-08T14:05:00,1097,1098,1103,1,-1.284359455,-0.7528341439,2,2,-1.599824881,0,-0.7528341439,-0.4890228182,0.814777891,-0.3762476849,0.8051597147,-0.2536326048,0.6669567089,-0.1583146133,0.5943492834,0.02323582699,0.761918706,0.03904159979,0.8611411095,-1.473862977
1098,2015-01-08T15:00:00,1098,1099,1104,1,0.6061929205,-0.3315973748,2,2,-0.8955869497,0,-0.3315973748,-0.3312543245,0.6593764379,-0.3208316918,0.7621162953,-0.2532033943,0.6667405169,-0.1657441924,0.5966325357,0.009101301732,0.7575693191,0.0356264768,0.8616433916,-1.28595077
1099,2015-01-08T15:01:00,1099,1100,1105,1,0.05301701906,-0.5147121819,2,2,-0.9052509553,0,-0.5147121819,-0.2863667187,0.6152189904,-0.3559594366,0.7775879495,-0.2841911761,0.6761934945,-0.172817234,0.6010411195,-0.01541517168,0.7423372082,0.03008997918,0.8628153934,-0.7731440711
1100,2015-01-08T15:02:00,1100,1101,1106,1,0.516736213,-0.6275534207,2,2,-0.9229006097,0,-0.6275534207,-0.29172664,0.6205465624,-0.4196299947,0.8025066808,-0.2887595405,0.6801132467,-0.19950453,0.6051920063,-0.005650637622,0.7288218625,0.01400143889,0.8564941942,0.1895035221
1101,2015-01-08T15:03:00,1101,1102,1107,1,1.741111664,-0.143685167,2,2,-1.065814146,0,-0.143685167,-0.4740764577,0.5207904416,-0.5276891417,0.7471962081,-0.3302351581,0.6633764793,-0.1780998544,0.5846194406,-0.0018534931,0.7272803146,0.02055609651,0.8523749563,1.89214369
1102,2015-01-08T15:04:00,1102,1103,1108,1,0.8229142846,-0.001905483371,2,2,-1.729205831,0,-0.001905483371,-0.3238907256,0.3973305433,-0.4064567719,0.6409893027,-0.3027595482,0.6518170463,-0.1871701004,0.5818278802,-0.00405611689,0.7270192061,0.02003545821,0.8523570394,0.8261610901
1103,2015-01-08T15:05:00,1103,1104,1109,1,1.055913677,0.3350941725,2,2,-1.615821638,0,0.3350941725,-0.1905524161,0.3979168477,-0.2609033703,0.54457098,-0.2441654337,0.6288633791,-0.1670196889,0.579471043,-0.005662196781,0.7261364821,0.03444451275,0.8433592359,0.3272326909
1104,2015-01-08T16:00:00,1104,1105,1110,1,0.05146523424,1.558955001,2,2,-1.703388367,0,1.558955001,0.2241810205,0.7690385105,-0.03109284911,0.6963887696,-0.1451897285,0.7128412771,-0.1393793859,0.6256254574,0.0135118605,0.7467567326,0.03727715294,0.8480117074,-0.1510320265
1105,2015-01-08T16:01:00,1105,1106,1111,1,2.066766791,-1.067888083,2,2,-1.75935353,0,-1.067888083,0.1361140879,0.8606582151,-0.07780627601,0.7502701511,-0.2118570325,0.7494254712,-0.160064833,0.6468934912,-0.003124383855,0.755669069,0.03123574846,0.8530223417,-0.003246805462
1106,2015-01-08T16:02:00,1106,1107,1112,1,2.87526896,-0.1638342267,2,2,-1.844907166,0,-0.1638342267,0.132084276,0.8613778547,-0.1709960908,0.7117564516,-0.2111764332,0.7492704863,-0.1361346546,0.6226747841,-0.02303632052,0.7388108267,0.02832444456,0.852985331,0.7286809859
1107,2015-01-08T16:03:00,1107,1108,1113,1,1.057728147,1.080690284,2,2,-2.236296188,0,1.080690284,0.3486034294,0.9876990332,0.01235635192,0.7528017471,-0.1819456665,0.7794205016,-0.1005817509,0.6434336667,-0.0355286527,0.7115870182,0.01858103061,0.8337461577,0.2024972607
1108,2015-01-08T16:04:00,1108,1109,1114,1,1.779105291,-0.9201028624,2,2,-2.53975506,0,-0.9201028624,0.09756402243,1.059438349,-0.04649419683,0.8002335386,-0.1836629443,0.7814073725,-0.1143950846,0.6571102889,-0.05996334281,0.7096172311,0.02571426163,0.822131428,2.070013596
1109,2015-01-08T16:05:00,1109,1110,1115,1,0.7876993447,0.5680935647,2,2,-2.13789301,0,0.5680935647,-0.1006082648,0.8371902624,0.06178637783,0.8038369754,-0.1470865294,0.7908213775,-0.1151414824,0.6564477129,-0.05422761255,0.7123493451,0.03826524394,0.8193028076,2.146587974
1110,2015-01-08T17:00:00,1110,1111,1116,1,-0.08398813035,0.5545065584,2,2,-2.182776076,0,0.5545065584,0.2238706635,0.7309624124,0.1799923757,0.7984480608,-0.1198188095,0.800479943,-0.1086367465,0.6606398214,-0.0421225874,0.7135430544,0.02682457687,0.8017871146,0.8552308864
1111,2015-01-08T17:01:00,1111,1112,1117,1,-0.5508435328,0.9474134734,2,2,-1.670897867,0,0.9474134734,0.4461202035,0.8416983875,0.2891022398,0.8515949695,-0.1192934509,0.8010980481,-0.07829706729,0.6761017453,-0.04124021057,0.714670102,0.03923101853,0.8049225191,-0.2909083054
1112,2015-01-08T17:02:00,1112,1113,1118,1,-1.653929773,0.6446679426,2,2,-2.071805235,0,0.6446679426,0.3589157353,0.7469921211,0.3537595824,0.8756559282,-0.02634859476,0.7673462682,-0.06185165506,0.6837391072,-0.02319007069,0.7127141389,0.03775007615,0.8035718056,-1.35888863
1113,2015-01-08T17:03:00,1113,1114,1119,1,-1.059064112,-0.7368505296,2,2,-2.173604303,0,-0.7368505296,0.3955662019,0.7051731093,0.2465651122,0.8999107536,-0.007169129065,0.7437731229,-0.08390285942,0.6932141267,-0.02988698408,0.7171072446,0.03896196998,0.8023499455,-0.9392190167
1114,2015-01-08T17:04:00,1114,1115,1120,1,-1.527429027,-0.1987257184,2,2,-2.145498435,0,-0.1987257184,0.2422023453,0.6637932183,0.07079704022,0.7554829489,0.01985209556,0.7265369242,-0.07891422513,0.6910626793,-0.02292888713,0.7124633924,0.0293825715,0.7978477272,-0.2599352273
1115,2015-01-08T17:05:00,1115,1116,1121,1,-1.058015637,-0.4233123817,2,2,-1.83050199,0,-0.4233123817,0.04663855727,0.644177465,0.1352546104,0.6889378255,0.02872416719,0.7202571163,-0.10932026,0.6828828966,-0.01863032897,0.7088629004,0.03900218987,0.7856922691,-0.2950411432
1116,2015-01-08T18:00:00,1116,1117,1122,1,-1.695549423,-0.3171809167,2,2,-1.962836499,0,-0.3171809167,-0.2062803208,0.5055362453,0.1199199414,0.6942705059,-0.02553807472,0.7030678423,-0.1061627578,0.6811220587,-0.02085184621,0.7095780762,0.02568949633,0.7774895943,-0.1198450948
1117,2015-01-08T18:01:00,1117,1118,1123,1,-1.951985759,0.480558071,2,2,-2.370484873,0,0.480558071,-0.2391022951,0.4675839561,0.05990672014,0.6231500561,0.03613153603,0.6910233219,-0.1087505344,0.6790966363,-0.0030379883,0.7037297421,0.02791568316,0.7784824882,-1.2674938
1118,2015-01-08T18:02:00,1118,1119,1124,1,-1.90555486,-0.4584182975,2,2,-2.178633147,0,-0.4584182975,-0.1834158487,0.3899672839,0.1060751766,0.5697997879,0.02979048989,0.6946385803,-0.1117064522,0.6808324589,-0.02861494844,0.682898947,0.02375594611,0.7795975719,-0.7629744933
1119,2015-01-08T18:03:00,1119,1120,1125,1,-1.973948343,-0.1419848683,2,2,-2.152394327,0,-0.1419848683,-0.1720676786,0.3849779745,0.03506733332,0.5425999804,0.04842685558,0.6857727837,-0.1178821602,0.6809999827,-0.0303925284,0.6830834264,0.007513926291,0.7620552679,-1.575704328
1120,2015-01-08T18:04:00,1120,1121,1126,1,-1.660888459,-0.6670906338,2,2,-1.722444272,0,-0.6670906338,-0.2208233291,0.4487441912,-0.08709238589,0.5551287939,0.04644999492,0.6876362714,-0.1211547728,0.6838851037,-0.02763868345,0.6799427521,0.004703486874,0.7638913788,-0.684491959
1121,2015-01-08T18:05:00,1121,1122,1127,1,-2.305290162,0.04610100874,2,2,-0.7568774502,0,0.04610100874,-0.148166944,0.4262342817,-0.1772236324,0.4675695447,0.05593930371,0.6869626158,-0.1371479272,0.6752725335,-0.03700763298,0.6741187825,0.002055635875,0.7631805602,-1.142580367
1122,2015-01-08T19:00:00,1122,1123,1128,1,-0.7221781855,-0.9547147029,2,2,-0.1132399917,0,-0.9547147029,-0.4352214988,0.5637237655,-0.3371618969,0.5178895827,0.00829884273,0.7193687943,-0.1472303527,0.6864244037,-0.06251216687,0.6716373575,0.0008178058324,0.764607252,-0.3982440152
1123,2015-01-08T19:01:00,1123,1124,1129,1,-0.9331002285,0.2241217352,2,2,0.7455412197,0,0.2241217352,-0.2987134922,0.5346037104,-0.2410646704,0.4679079021,0.002750220863,0.7172088849,-0.1207076064,0.6744841489,-0.06892843647,0.6670286409,0.01625895034,0.75028939,-0.9763964997
1124,2015-01-08T19:02:00,1124,1125,1130,1,-0.7200762265,-0.4119873992,2,2,-0.01978054348,0,-0.4119873992,-0.3527139984,0.5618860293,-0.2623908385,0.4816243094,-0.09579689914,0.6335283977,-0.1204933138,0.6743518803,-0.07441548716,0.6686103359,0.01314746702,0.7512231315,-1.162709795
1125,2015-01-08T19:03:00,1125,1126,1131,1,0.1362490748,-0.2103783512,2,2,0.431977768,0,-0.2103783512,-0.2613715419,0.4853511485,-0.2410974355,0.4674061866,-0.05292141253,0.5886866189,-0.1323892225,0.6738658888,-0.08706438202,0.6629949662,0.01645356922,0.7494221048,-0.3239341704
1126,2015-01-08T19:04:00,1126,1127,1132,1,0.757529922,-0.3540307494,2,2,0.3860576285,0,-0.3540307494,-0.3413978935,0.5101060979,-0.2447824187,0.4700446223,-0.06243123867,0.5928547387,-0.1368038359,0.6756045451,-0.1067136659,0.6500674411,0.01260851142,0.7500545928,0.04329627127
1127,2015-01-08T19:05:00,1127,1128,1133,1,2.155412682,-0.5983006943,2,2,0.8708036203,0,-0.5983006943,-0.2701150918,0.3866586899,-0.3526682953,0.4833680928,-0.1463807876,0.5576561241,-0.164163227,0.6776712592,-0.1073645715,0.6506401911,0.008901227178,0.7519100737,0.4426335684
1128,2015-01-08T20:00:00,1128,1129,1134,1,0.4926214656,0.6283972734,2,2,0.4625183354,0,0.6283972734,-0.1892599841,0.4673707935,-0.2439867382,0.5021138246,-0.06895578078,0.5370242505,-0.1263093625,0.6704448253,-0.09777097303,0.654237625,0.001716773113,0.741717878,0.4601832452
1129,2015-01-08T20:01:00,1129,1130,1135,1,1.246809263,0.01319969225,2,2,0.2151842521,0,0.01319969225,-0.1042225659,0.4295620812,-0.2284682821,0.5001197315,-0.0967004744,0.5217923363,-0.1218935019,0.6699498837,-0.08928224438,0.6499894507,-0.00977033785,0.7307583128,0.7142336507
1130,2015-01-08T20:02:00,1130,1131,1136,1,0.5784490668,-0.1989633972,2,2,-0.1322955662,0,-0.1989633972,-0.1019395751,0.4284729375,-0.1816555585,0.4577962404,-0.1343739722,0.5087953299,-0.1270963908,0.670686524,-0.1093613725,0.6310488082,-0.0150955922,0.7298792866,1.712779113
1131,2015-01-08T20:03:00,1131,1132,1137,1,-0.2584320689,0.6459469501,2,2,-0.01957291451,0,0.6459469501,0.09805596484,0.491905475,-0.1216709643,0.501088429,-0.1494472983,0.4846188672,-0.1343703746,0.6620474036,-0.1178966736,0.6175498243,-0.01565003025,0.7293631535,0.03243822035
1132,2015-01-08T20:04:00,1132,1133,1138,1,0.7106776309,0.2672500978,2,2,0.4704235598,0,0.2672500978,0.2711661233,0.4297240686,0.0005255157443,0.408758925,-0.1683181906,0.4665262472,-0.09733339267,0.6350067065,-0.1085030289,0.6158972687,-0.01203136179,0.7296118265,0.5325756122
1133,2015-01-08T20:05:00,1133,1134,1139,1,0.05913325654,0.7995820652,2,2,-0.260690775,0,0.7995820652,0.3054030816,0.4832726397,0.05807154875,0.4753882113,-0.09149656084,0.4716628861,-0.04933284495,0.6227617267,-0.08510052256,0.6106878989,0.004409608092,0.7253885633,-1.134330046
1134,2015-01-08T21:00:00,1134,1135,1140,1,0.723420524,-1.034393943,2,2,-0.2308366502,0,-1.034393943,0.09588435466,0.6689632005,-0.004169105599,0.5621544918,-0.1332799721,0.5234403729,-0.05671393825,0.633184699,-0.1063841095,0.6170345621,0.004352480284,0.7254697523,-0.2908702893
1135,2015-01-08T21:01:00,1135,1136,1141,1,-0.8319793904,0.7673874896,2,2,-0.520397845,0,0.7673874896,0.289154532,0.7465729628,0.09360747848,0.6086707841,-0.07374497849,0.5426548934,-0.02251040565,0.6376694469,-0.09798874535,0.6228788603,0.001303470256,0.7214646504,0.1781020187
1136,2015-01-08T21:02:00,1136,1137,1142,1,0.5583740426,-0.8673235933,2,2,0.2472391557,0,-0.8673235933,-0.01349957666,0.7901719682,0.04227819409,0.6581575555,-0.1012521123,0.5718886757,-0.06339509352,0.6408436035,-0.09386852527,0.6160136762,-0.007217826562,0.7256577605,1.193463303
1137,2015-01-08T21:03:00,1137,1138,1143,1,1.170008022,-0.1909341856,2,2,0.5559761579,0,-0.1909341856,-0.1051364333,0.7857342993,0.08301484496,0.633261859,-0.1348267252,0.5633228627,-0.04934759456,0.6304148947,-0.1038311039,0.6126475374,-0.0009586468591,0.7207549673,1.014290813
1138,2015-01-08T21:04:00,1138,1139,1144,1,-0.05501947546,1.236359798,2,2,2.059747968,0,1.236359798,-0.01778088687,0.8917562465,0.1438110974,0.7172104459,-0.0500878204,0.6190755675,-0.01014866525,0.6579427466,-0.0879464288,0.6280362412,0.002684646071,0.7258813503,-1.010081409
1139,2015-01-08T21:05:00,1139,1140,1145,1,0.2068566739,0.1480376909,2,2,1.121454335,0,0.1480376909,0.2187054398,0.7652568647,0.1572948972,0.7187245065,-0.03558669244,0.6191464536,0.006420081568,0.6533095139,-0.08319857624,0.6277195824,-0.008136753929,0.7138959734,-0.6350892602
1140,2015-01-08T22:00:00,1140,1141,1146,1,0.8924434061,-0.3701066752,2,2,0.9881490026,0,-0.3701066752,-0.008793393127,0.7037308771,0.1401805694,0.7254682406,-0.02073749451,0.6065812253,0.01285625021,0.6483765976,-0.09332413989,0.6271561117,0.0005183249869,0.7030303044,0.1557172084
1141,2015-01-08T22:01:00,1141,1142,1147,1,1.948318197,-0.7880124247,2,2,0.9990987918,0,-0.7880124247,0.007068840578,0.6848210135,-0.003215368041,0.7393752633,-0.06244316618,0.6315716086,-0.003251931238,0.6598485934,-0.09067589282,0.6233698968,-0.002319639146,0.7055195434,0.9550619336
1142,2015-01-08T22:02:00,1142,1143,1148,1,0.6432224715,0.5230298398,2,2,0.7462662675,0,0.5230298398,0.1498616457,0.7186102494,0.02236260616,0.752920673,0.01144406095,0.6057942714,0.009871451841,0.665010587,-0.0886493243,0.6248050748,0.0005864060202,0.7069542495,0.8419459341
1143,2015-01-08T22:03:00,1143,1144,1149,1,-0.31260822,0.4206997934,2,2,1.345477349,0,0.4206997934,-0.01327035518,0.4960657658,-0.01552562102,0.7215644279,0.02127296386,0.6110029358,0.01201159236,0.666225627,-0.07750404826,0.6243569795,0.0002290662667,0.7067307284,0.7367261976
1144,2015-01-08T22:04:00,1144,1145,1150,1,0.03086132696,0.01133230043,2,2,0.3530714869,0,0.01133230043,-0.04061143327,0.491654245,0.08904700328,0.6431725918,0.04243894884,0.6040234496,-0.02667897515,0.6189517584,-0.08302918051,0.6222975543,0.0001149152821,0.7067277917,0.9932562631
1145,2015-01-08T22:05:00,1145,1146,1151,1,-0.4810206972,0.4099138403,2,2,0.2171591028,0,0.4099138403,0.1153926698,0.4979296915,0.05329963835,0.6095781841,0.07345355841,0.6091246531,0.01026607294,0.5989928123,-0.07489938003,0.6234033919,0.001339101744,0.7073103687,-0.1987234626
1146,2015-01-08T23:00:00,1146,1147,1152,1,-0.7809142277,0.3154800569,2,2,0.7853436791,0,0.3154800569,0.3360911662,0.3790076446,0.1715800034,0.5534557865,0.1069290987,0.6080644191,0.02224893003,0.6005077347,-0.05694286227,0.6116916814,-0.007941237006,0.6957711345,-1.049334418
1147,2015-01-08T23:01:00,1147,1148,1153,1,-0.5160850794,0.2678623658,2,2,1.086624928,0,0.2678623658,0.2850576714,0.3213795286,0.2174596585,0.5566352001,0.1502372517,0.5961808988,0.001928232088,0.577239992,-0.04932675939,0.6112335445,-0.02304302444,0.6698054885,-0.9623949361
1148,2015-01-08T23:02:00,1148,1149,1154,1,0.4010189509,-0.7820658854,2,2,0.8975299107,0,-0.7820658854,0.04450453562,0.4361336355,0.01561709022,0.467061983,0.0797140938,0.6052015035,0.005379156513,0.5721293147,-0.05450796403,0.6160867976,-0.0381825097,0.6669445709,-0.2822972347
1149,2015-01-08T23:03:00,1149,1150,1155,1,0.7835211377,-0.5351308981,2,2,1.259774908,0,-0.5351308981,-0.06478810409,0.4974533942,-0.05269976868,0.4945623196,0.05229756428,0.616910368,-0.02220145506,0.5713342474,-0.06867146872,0.6153642913,-0.04355222672,0.668656863,0.2684201899
1150,2015-01-08T23:04:00,1150,1151,1156,1,0.1437083384,0.3548018474,2,2,0.5518248579,0,0.3548018474,-0.07581050266,0.4889078423,0.01979108358,0.4934393863,0.07998582651,0.6203976934,-0.02719407283,0.56734733,-0.06791540967,0.6157629278,-0.03714641588,0.6683737412,0.4463098567
1151,2015-01-08T23:05:00,1151,1152,1157,1,-0.3102650843,-0.1019681839,2,2,1.142543989,0,-0.1019681839,-0.1593001508,0.4703241937,0.08839550766,0.4271133584,0.04259006981,0.603780424,-0.05342861427,0.5474514804,-0.06586284078,0.6151490443,-0.0453030118,0.6636288704,0.6833161855
1152,2015-01-09T00:00:00,1152,1153,1158,1,-0.4042902239,0.01558652645,2,2,1.537208197,0,0.01558652645,-0.2097553187,0.4548663383,0.03765117633,0.3938198745,0.03000689124,0.6008259454,-0.06915564967,0.5378840749,-0.06550365237,0.6151497561,-0.03851193035,0.6596064902,0.5151009478
1153,2015-01-09T00:01:00,1153,1154,1159,1,-1.274341839,0.5326915142,2,2,1.856530211,0,0.5326915142,0.05319616119,0.375938859,0.04885034841,0.4071502018,0.01666236369,0.5858440537,-0.03741709857,0.5318266322,-0.060659979,0.6178128325,-0.03239702225,0.6611417314,-0.3026015183
1154,2015-01-09T00:02:00,1154,1155,1160,1,-2.602851085,0.1350381449,2,2,1.926025484,0,0.1350381449,0.1872299698,0.2961487299,0.06122093286,0.4093677745,0.07513396807,0.5390978379,-0.02907300199,0.531326784,-0.05399361356,0.6163910196,-0.02497692542,0.6576514585,-0.9935812699
1155,2015-01-09T00:03:00,1155,1156,1161,1,-2.947649007,-0.1526287113,2,2,1.521987932,0,-0.1526287113,0.08574385806,0.2592032113,0.004966677699,0.3912909295,0.02913315802,0.512198279,-0.02230591023,0.5276463827,-0.06581308512,0.6102211712,-0.01985552272,0.6540601217,-0.9193911716
1156,2015-01-09T00:04:00,1156,1157,1162,1,-3.499562961,-0.2850109519,2,2,1.808231444,0,-0.2850109519,0.04913530446,0.2852245627,-0.05508242319,0.3889459463,0.05824879009,0.4783263827,-0.02150166111,0.5271872465,-0.06383220947,0.6090376227,-0.02106845118,0.6544535852,-0.9717403206
1157,2015-01-09T00:05:00,1157,1158,1163,1,-3.525760975,-0.5559416066,2,2,1.375142702,0,-0.5559416066,-0.06517032215,0.3783102922,-0.1374628204,0.4183431982,0.03999841904,0.4923686512,-0.04741415305,0.5290366416,-0.07808234373,0.6087084728,-0.01783004322,0.6507305812,-1.609269815
1158,2015-01-09T01:00:00,1158,1159,1164,1,-2.121312497,-0.07843861308,2,2,1.238183045,0,-0.07843861308,-0.1873963476,0.295968158,-0.06710009321,0.3383246786,-0.02574150149,0.4078053973,-0.03791466094,0.5241945251,-0.07481055657,0.6075823966,-0.03171485261,0.6344241073,-2.028257835
1159,2015-01-09T01:01:00,1159,1160,1165,1,0.07461715863,-0.3373601009,2,2,1.046259661,0,-0.3373601009,-0.2818759968,0.3266687282,-0.04732301348,0.3117823986,-0.05001139108,0.4134006242,-0.04279904176,0.5264230272,-0.080340601,0.6086387188,-0.03452803285,0.6351711419,-2.527822641
1160,2015-01-09T01:02:00,1160,1161,1166,1,0.5088440738,-1.193471101,2,2,1.400051825,0,-1.193471101,-0.4900444748,0.6220353746,-0.2021503084,0.4765051479,-0.09117961239,0.4850461751,-0.05595855345,0.5491860226,-0.08855666311,0.6202032419,-0.03707864012,0.6393354831,-1.91649116
1161,2015-01-09T01:03:00,1161,1162,1167,1,1.508941866,-0.497426633,2,2,1.183321439,0,-0.497426633,-0.532527611,0.6482039878,-0.2416961533,0.5007601526,-0.0766503228,0.4653958269,-0.06954674449,0.5547413688,-0.1033473358,0.6179526603,-0.04785400348,0.6368176746,-0.09305466136
1162,2015-01-09T01:04:00,1162,1163,1168,1,2.189736968,-0.8369249064,2,2,0.8086151773,0,-0.8369249064,-0.588724271,0.7060048552,-0.3269472966,0.566375111,-0.1446480601,0.4877883045,-0.06660199958,0.5499655122,-0.1069161762,0.6219487626,-0.06387544444,0.6336811881,2.602439799
1163,2015-01-09T01:05:00,1163,1164,1169,1,1.344968433,-0.5821396207,2,2,1.316094008,0,-0.5821396207,-0.6894644725,0.7516579275,-0.43843041,0.5712209689,-0.1947900308,0.4960164726,-0.08675853348,0.5564876138,-0.10373307,0.6183070966,-0.07487180214,0.6323324231,2.425335234
1164,2015-01-09T02:00:00,1164,1165,1170,1,-1.822832655,1.326009866,2,2,1.586834735,0,1.326009866,-0.3567904792,0.9454563476,-0.319333238,0.7073189391,-0.1290561526,0.5778763087,-0.04330860185,0.5910944746,-0.08190095784,0.6340911356,-0.06404652539,0.6438095579,1.601996527
1165,2015-01-09T02:01:00,1165,1166,1171,1,-2.304197029,1.858569554,2,2,2.05209776,0,1.858569554,0.253617652,1.140118068,-0.1182134114,0.9183673601,-0.05662336685,0.7058708096,0.008415095785,0.6592747693,-0.06198706336,0.6666102525,-0.05523788942,0.6617572243,-0.4127028312
1166,2015-01-09T02:02:00,1166,1167,1172,1,-2.840048276,-0.7592441862,2,2,1.519462783,0,-0.7592441862,0.2012541414,1.168620086,-0.1656367348,0.9449447906,-0.110359579,0.7225647398,-0.001715240136,0.6677732178,-0.06925953804,0.6717002947,-0.07171419066,0.6560224657,-1.080366801
1167,2015-01-09T02:03:00,1167,1168,1173,1,-3.261826717,0.5026711588,2,2,0.9775982935,0,0.5026711588,0.4691733544,1.129654772,-0.05977545828,0.9419561453,-0.09861913936,0.728797781,0.02580905619,0.6657994704,-0.06917708542,0.671761591,-0.06297336226,0.6557322246,-3.424829182
1168,2015-01-09T02:04:00,1168,1169,1174,1,-3.526873079,-0.1561298038,2,2,1.122784637,0,-0.1561298038,0.5543753178,1.10146171,-0.06754457735,0.9429229924,-0.06732233528,0.7083669098,0.006195879263,0.6588067011,-0.06005674164,0.6646512368,-0.0631153556,0.6557641876,-1.891494198
1169,2015-01-09T02:05:00,1169,1170,1175,1,-0.726349242,-1.426908156,2,2,1.210530051,0,-1.426908156,0.003791713353,1.126397285,-0.1764993829,1.039869835,-0.1119111982,0.7676384366,-0.02980681695,0.6963645495,-0.07585015942,0.6832848719,-0.0694571019,0.6658068183,-1.759681474
1170,2015-01-09T03:00:00,1170,1171,1176,1,-0.591254807,-1.841791222,2,2,1.078985988,0,-1.841791222,-0.7362804418,1.120871833,-0.2413313949,1.130535907,-0.2217408516,0.8675161652,-0.07087751256,0.7541477292,-0.0989869517,0.7136382876,-0.09653341916,0.6745823385,0.1630024643
1171,2015-01-09T03:01:00,1171,1172,1177,1,-3.199049505,1.37720518,2,2,0.5319611933,0,1.37720518,-0.3089905686,1.23304588,-0.05386821361,1.201264968,-0.1477821834,0.9202712246,-0.05259605681,0.7782833441,-0.09348321573,0.7225066533,-0.09612980137,0.6753913766,-1.635378881
1172,2015-01-09T03:02:00,1172,1173,1178,1,-3.214140676,-1.295095433,2,2,0.989869674,0,-1.295095433,-0.6685438869,1.343622313,-0.09968526626,1.241257593,-0.2133162814,0.9647541598,-0.09165469508,0.8036611243,-0.09449404388,0.7242598705,-0.1028869177,0.6842343882,1.033332232
1173,2015-01-09T03:03:00,1173,1174,1179,1,-2.939612225,0.08089271722,2,2,1.247725812,0,0.08089271722,-0.6211393827,1.342294432,-0.03338203247,1.227797264,-0.2359062213,0.9575436063,-0.1096219288,0.7937578388,-0.07947738687,0.7134015962,-0.09327432464,0.6772323398,-0.7542572713
1174,2015-01-09T03:04:00,1174,1175,1180,1,-2.256610248,-0.4211761657,2,2,1.486067223,0,-0.4211761657,-0.4199929846,1.195833951,-0.2081006356,1.161634556,-0.2637169368,0.9616898986,-0.09429148436,0.7795748649,-0.0755027113,0.7101618946,-0.1023532345,0.6755738972,-1.563670623
1175,2015-01-09T03:05:00,1175,1176,1181,1,-3.66937548,1.373615681,2,2,0.8720007887,0,1.373615681,0.2230883959,1.062517701,-0.256596023,1.092084596,-0.1874047172,1.008971599,-0.07913577958,0.8001158553,-0.05082309261,0.7234665526,-0.09170442342,0.687056895,-4.247472908
1176,2015-01-09T04:00:00,1176,1177,1182,1,-0.5492037162,-1.706696787,2,2,1.305864852,0,-1.706696787,-0.3936919974,1.154195749,-0.351341283,1.194271738,-0.2584890089,1.07684856,-0.1001201094,0.8331863384,-0.08175760146,0.7432630755,-0.09595238665,0.6959753763,-2.185354954
1177,2015-01-09T04:01:00,1177,1178,1183,1,1.083790292,-1.230589517,2,2,0.6679678444,0,-1.230589517,-0.3807908143,1.139992764,-0.5246673506,1.245974402,-0.2922214045,1.104475801,-0.1261114927,0.8550712497,-0.08772954363,0.7511889847,-0.1112579002,0.7028088531,-0.6929396245
1178,2015-01-09T04:02:00,1178,1179,1184,1,3.361476516,-1.310186604,2,2,0.8345648476,0,-1.310186604,-0.6590066786,1.281246488,-0.6400730307,1.312125548,-0.353808804,1.142536044,-0.1897751527,0.8578152055,-0.099961909,0.7644395282,-0.1218893368,0.7129062508,0.5780974279
1179,2015-01-09T04:03:00,1179,1180,1185,1,4.099969315,0.355421168,2,2,1.186524337,0,0.355421168,-0.5036872118,1.277254686,-0.4618400982,1.237214284,-0.3191697406,1.142809796,-0.1845905658,0.8593352972,-0.08908524212,0.7633054677,-0.1169959061,0.7133304286,1.636151237
1180,2015-01-09T04:04:00,1180,1181,1186,1,4.206934424,0.2618258116,2,2,1.033324165,0,0.2618258116,-0.7260451857,1.125933424,-0.2514783949,1.094684873,-0.2464048949,1.112754782,-0.1687922536,0.858339384,-0.07796800172,0.7606374663,-0.1184801778,0.712599952,1.776729917
1181,2015-01-09T04:05:00,1181,1182,1187,1,5.141810747,-0.03914955176,2,2,1.013547361,0,-0.03914955176,-0.3925357387,0.8279310536,-0.3931138681,1.004399735,-0.2234910408,1.107216409,-0.1500706818,0.8492707022,-0.07666130653,0.7604804047,-0.1104741558,0.7067391745,2.783379089
1182,2015-01-09T05:00:00,1182,1183,1188,1,2.552365624,1.413474978,2,2,0.3441111513,0,1.413474978,0.1362771603,0.8844105494,-0.122256827,1.02023662,-0.1109710466,1.136134493,-0.1278095534,0.8742822817,-0.05896905077,0.7767266536,-0.101702734,0.7176657233,2.463818078
1183,2015-01-09T05:01:00,1183,1184,1189,1,1.182855113,0.4024044907,2,2,0.9734845813,0,0.4024044907,0.4787953792,0.686476589,-0.09010564968,1.027823592,-0.06174384107,1.132233955,-0.1282669359,0.8740669509,-0.05812767179,0.7771259939,-0.09442501082,0.7173182256,2.430204508
1184,2015-01-09T05:02:00,1184,1185,1190,1,-0.8402357315,0.9674996202,2,2,0.6628209248,0,0.9674996202,0.6012110697,0.795736369,0.04876192892,1.064090199,-0.07966935335,1.113930606,-0.104362753,0.8873506702,-0.06552086405,0.7650138859,-0.09014037133,0.7215491908,2.358431658
1185,2015-01-09T05:03:00,1185,1186,1191,1,-4.117361173,1.093913967,2,2,-0.370706582,0,1.093913967,0.7676287007,0.9267229203,0.02079175749,1.031150195,-0.1179021327,1.062054492,-0.08726274979,0.9017242773,-0.03849833842,0.765473403,-0.07902050329,0.728095747,0.08854754633
1186,2015-01-09T05:04:00,1186,1187,1192,1,-3.555076603,0.3687909208,2,2,-0.1230238143,0,0.3687909208,0.8492167952,0.941121768,0.2283405282,0.8863351544,-0.06150037738,1.051635628,-0.08592997819,0.9022298206,-0.03184052408,0.7663642047,-0.06660523424,0.721653674,-1.247349395
1187,2015-01-09T05:05:00,1187,1188,1193,1,-6.597790508,0.8957267709,2,2,0.1879480301,0,0.8957267709,0.7456671539,0.8041101724,0.4409721571,0.8452145258,-0.04184759678,1.064621953,-0.07023336807,0.9122954862,-0.03415256799,0.7633770571,-0.05629562895,0.7256022662,-3.19866739
1188,2015-01-09T06:00:00,1188,1189,1194,1,-6.887480518,-1.175970145,2,2,0.368290451,0,-1.175970145,0.4299922267,0.943815899,0.4543938029,0.8252389225,-0.09283961386,1.096059472,-0.08008097457,0.922802808,-0.03735090903,0.7677554869,-0.06303230088,0.7327325358,-4.205908719
1189,2015-01-09T06:01:00,1189,1190,1195,1,-6.596461865,-0.9671060202,2,2,0.366941316,0,-0.9671060202,0.04307109857,0.9437352166,0.3221410841,0.8728781495,-0.06984950704,1.070657613,-0.09088035262,0.9315515267,-0.05654090384,0.7727260411,-0.07607443002,0.7360105681,-2.307727209
1190,2015-01-09T06:02:00,1190,1191,1196,1,-6.606492731,-1.055591224,2,2,-0.05871317291,0,-1.055591224,-0.3868299396,0.9349658669,0.1903993805,0.9308535178,-0.03053950719,1.016076582,-0.1261401794,0.9447211012,-0.07666712612,0.7792242783,-0.08732366625,0.7418054384,-3.399123118
1191,2015-01-09T06:03:00,1191,1192,1197,1,-5.08766745,-2.183211475,2,2,-0.794024805,0,-2.183211475,-0.8972304187,1.34173108,-0.02400681175,1.158868516,-0.2085603399,1.084388091,-0.1781712617,1.005683017,-0.115799938,0.8096608714,-0.1032989811,0.7677271701,-2.681571799
1192,2015-01-09T06:04:00,1192,1193,1198,1,-6.031784103,0.9310754902,2,2,-0.9264466636,0,0.9310754902,-0.8901606748,1.346535301,-0.07224676049,1.108997404,-0.09725179376,1.065541647,-0.1552840376,1.016397951,-0.1122198436,0.8131371574,-0.09543044744,0.7724168219,-4.288734656
1193,2015-01-09T06:05:00,1193,1194,1199,1,-5.678644758,-2.146987134,2,2,-0.7273353335,0,-2.146987134,-1.084364073,1.567956285,-0.3271859229,1.294077927,-0.2086457863,1.168558731,-0.2222760038,1.068274138,-0.1298465512,0.8438155011,-0.1145319873,0.7967841668,-3.207369613
1194,2015-01-09T07:00:00,1194,1195,1200,1,-5.832710512,-1.465660156,2,2,-0.2326780561,1,-1.465660156,-1.1840749,1.6434902,-0.5705019005,1.340092571,-0.2608699858,1.209986787,-0.2622934613,1.092912505,-0.1456832316,0.8592921198,-0.1234268961,0.8071211229,-2.406095651
1195,2015-01-09T07:01:00,1195,1196,1201,1,-1.785173999,-0.6760873663,2,2,-0.3446793541,1,-0.6760873663,-1.108174128,1.603004771,-0.7475020338,1.312209105,-0.3633551382,1.180077001,-0.2753799277,1.097862791,-0.148842919,0.8613110394,-0.1356686993,0.8062345531,-1.743049448
1196,2015-01-09T07:02:00,1196,1197,1202,1,0.4355026507,-1.065622091,2,2,0.1412342878,1,-1.065622091,-0.8846562514,1.357737794,-0.890943335,1.349758165,-0.3313014034,1.141804955,-0.2948952062,1.109802094,-0.1581984336,0.8687885476,-0.1408532084,0.8110721998,-2.471275145
1197,2015-01-09T07:03:00,1197,1198,1203,1,0.6239066456,-0.6643861934,2,2,0.1887286108,1,-0.6643861934,-1.203748588,1.326029187,-1.046954631,1.336321578,-0.3029912372,1.118065954,-0.2976063208,1.111291652,-0.1725102369,0.8703013572,-0.1512570028,0.8115871582,-3.426614861
1198,2015-01-09T07:04:00,1198,1199,1204,1,0.2581164961,-0.01304116295,2,2,0.7730282144,1,-0.01304116295,-0.7769593939,0.9145909847,-0.9306617332,1.283542672,-0.2381339651,1.079004418,-0.2959713846,1.111224358,-0.1669430228,0.8687921135,-0.1485308326,0.810993693,-0.04212455152
1199,2015-01-09T07:05:00,1199,1200,1205,1,4.885381494,-1.793847788,2,2,0.6761180054,1,-1.793847788,-0.8425969204,1.024901316,-1.01333591,1.369577078,-0.345597413,1.148402725,-0.3323835768,1.145609674,-0.1875913093,0.891499503,-0.1643549263,0.8273056074,2.906777795
1200,2015-01-09T08:00:00,1200,1201,1206,1,5.139609036,-1.61972591,3,3,0.5516142004,0,-1.61972591,-1.031324629,1.218074828,-1.069749379,1.423609951,-0.439674999,1.202737204,-0.343039947,1.158619866,-0.1994992502,0.9066436126,-0.1733844244,0.8389883026,4.050521507
1201,2015-01-09T08:01:00,1201,1202,1207,1,0.2704525074,3.371449147,3,3,0.820762416,0,3.371449147,-0.1439103816,1.878810813,-0.5142833165,1.639112868,-0.2691450641,1.419448349,-0.2463180525,1.272941827,-0.1579323985,0.9818652865,-0.1510042414,0.8914616978,0.3002410476
1202,2015-01-09T08:02:00,1202,1203,1208,1,-2.03599841,1.155054559,3,3,0.2733204482,0,1.155054559,0.2199777688,1.925741019,-0.4918854096,1.653304551,-0.2820660851,1.407709342,-0.1965185659,1.279149557,-0.1315602827,0.9845520944,-0.1367836394,0.8962633756,1.978603699
1203,2015-01-09T08:03:00,1203,1204,1209,1,-0.8477798915,-0.4759821984,3,3,-0.2024647574,0,-0.4759821984,0.1273895617,1.937461295,-0.3247849161,1.514964181,-0.3259854195,1.408856655,-0.1938646303,1.278051408,-0.1403115819,0.9856708035,-0.1337769234,0.8940586731,1.089087529
1204,2015-01-09T08:04:00,1204,1205,1210,1,0.04989783662,-0.3788313125,3,3,0.2018189213,0,-0.3788313125,0.4103928569,1.771688721,-0.2161020318,1.4472912,-0.3933019662,1.394722179,-0.2364856598,1.262159133,-0.1398971308,0.9855045293,-0.1334291918,0.8939032038,-0.02978854013
1205,2015-01-09T08:05:00,1205,1206,1211,1,-3.644538633,2.83341721,3,3,0.9208589235,0,2.83341721,1.301021481,2.054222271,0.1348484258,1.688717772,-0.306326804,1.512226909,-0.2121144684,1.306673251,-0.1018496863,1.034900528,-0.1120295317,0.9302568537,-4.014602109
1206,2015-01-09T09:00:00,1206,1207,1212,1,-1.572419199,-1.365498368,3,3,0.2215299051,0,-1.365498368,0.3536319778,1.522961728,0.1048607981,1.710167023,-0.3930412685,1.540538599,-0.2272708229,1.318938336,-0.1144930315,1.045351473,-0.1219299663,0.9384314763,-1.936867421
1207,2015-01-09T09:01:00,1207,1208,1213,1,0.7498263905,-1.497707382,3,3,0.7173462322,0,-1.497707382,-0.1769204102,1.581520692,0.0215286793,1.762056493,-0.5127129761,1.563745255,-0.2772802864,1.337669452,-0.1257356151,1.056562468,-0.1385448191,0.9472568876,0.07968637675
1208,2015-01-09T09:02:00,1208,1209,1214,1,3.441373193,-1.151396359,3,3,0.04769376254,0,-1.151396359,-0.3120032424,1.649557093,-0.09230684034,1.799276921,-0.5114842868,1.562830641,-0.3021619503,1.349775163,-0.1479830355,1.062054438,-0.1407584779,0.9496342318,0.3700634758
1209,2015-01-09T09:03:00,1209,1210,1215,1,4.122161689,0.7122363205,3,3,-0.4397494783,0,0.7122363205,-0.09378971579,1.671464055,0.1583015705,1.722305578,-0.4275171697,1.555968811,-0.2486833384,1.335542336,-0.1392450777,1.065034487,-0.1334612191,0.9517404696,0.3644482212
1210,2015-01-09T09:04:00,1210,1211,1216,1,4.23631812,0.5188464156,3,3,-0.1904941482,0,0.5188464156,-0.5567038746,1.114442367,0.3721588031,1.652545147,-0.3487952878,1.54233115,-0.1896673975,1.305985643,-0.130272455,1.066381099,-0.129213767,0.9529179241,0.6701400137
1211,2015-01-09T09:05:00,1211,1212,1217,1,5.882208345,-0.8610192602,3,3,0.9196617102,0,-0.8610192602,-0.4558080531,1.00863049,-0.0510880376,1.291655506,-0.282685677,1.475646458,-0.2456230085,1.294880304,-0.1491095326,1.068278981,-0.14419648,0.9523211519,3.071309717
1212,2015-01-09T10:00:00,1212,1213,1218,1,4.738233114,0.7066210658,3,3,1.449530051,0,0.7066210658,-0.01494236353,0.8176629199,-0.09593138687,1.258924213,-0.2939083983,1.469405682,-0.195580096,1.28345862,-0.1436173955,1.070779443,-0.1281893946,0.9480454894,3.757713468
1213,2015-01-09T10:01:00,1213,1214,1219,1,4.862577017,0.8245382081,3,3,1.164855324,0,0.8245382081,0.38024455,0.734440322,0.03412065378,1.276800922,-0.1453321312,1.400952723,-0.1769889587,1.28999962,-0.1433054438,1.071015996,-0.1119812442,0.9455126819,3.566178107
1214,2015-01-09T10:02:00,1214,1215,1220,1,1.463797509,1.540150443,3,3,1.368255064,0,1.540150443,0.5458273745,0.955174931,0.2260188293,1.361277201,0.004958398787,1.404942603,-0.1279557935,1.311093388,-0.1111236389,1.078587697,-0.09298707204,0.9535242881,2.810898628
1215,2015-01-09T10:03:00,1215,1216,1221,1,-0.03918056554,1.393024817,3,3,2.045900973,0,1.393024817,0.7206630547,1.116522484,0.08197959003,1.11548291,0.1084140079,1.431095705,-0.1274705651,1.311605247,-0.1033031723,1.086391666,-0.07637225011,0.9604020042,0.9805196466
1216,2015-01-09T10:04:00,1216,1217,1222,1,-1.494038159,0.6330028469,3,3,2.42662145,0,0.6330028469,1.019467476,1.085582859,0.2818297115,1.047813344,0.1933452548,1.418200277,-0.06897807428,1.287441374,-0.08454909185,1.084367273,-0.07749775907,0.9595806878,1.29639891
1217,2015-01-09T10:05:00,1217,1218,1223,1,-1.576277093,0.7848709648,3,3,1.847473855,0,0.7848709648,1.035117456,1.096280969,0.5100875462,0.9670585852,0.2658081127,1.421275025,-0.01859156223,1.278689598,-0.07235152747,1.087702609,-0.06468354983,0.9597945733,-1.34710112
1218,2015-01-09T11:00:00,1218,1219,1224,1,-1.773353217,-0.4373541651,3,3,1.194223378,0,-0.4373541651,0.7827389813,1.050768788,0.5814917656,0.9065091374,0.2445924626,1.424632629,0.003229248747,1.263690757,-0.093272952,1.079991032,-0.06556485642,0.9601475433,-1.019700212
1219,2015-01-09T11:01:00,1219,1220,1225,1,-2.556923966,0.9488821107,3,3,0.9927084982,0,0.9488821107,0.6644853148,0.8998765583,0.6051563446,0.927937759,0.3817289576,1.383366363,0.01806577232,1.271324371,-0.08326239675,1.085062858,-0.05336823731,0.9629011944,-2.790437069
1220,2015-01-09T11:02:00,1220,1221,1226,1,-1.071066135,-1.858629065,3,3,1.269674645,0,-1.858629065,0.0141545384,1.054786515,0.3674087965,1.086093239,0.3697837998,1.398303255,-0.03494559961,1.304191086,-0.1018689266,1.104006541,-0.06362720102,0.9760555138,-0.2291759735
1221,2015-01-09T11:03:00,1221,1222,1227,1,-1.158255664,-0.1099532575,3,3,0.6914040933,0,-0.1099532575,-0.1344366825,1.017277748,0.4425153968,1.051984829,0.1957136796,1.177931667,-0.03671569225,1.304292265,-0.09339318704,1.100554188,-0.06334610177,0.9760189898,-0.7536530046
1222,2015-01-09T11:04:00,1222,1223,1228,1,-1.977319644,-0.8218547465,3,3,0.5014788988,0,-0.8218547465,-0.4557818248,1.023102426,0.2896678156,1.060323191,0.09686821435,1.163867571,-0.09259893535,1.291555905,-0.1102042444,1.102834114,-0.0701790123,0.9788982319,0.2335131035
1223,2015-01-09T11:05:00,1223,1224,1229,1,-3.64047149,0.7026320306,3,3,0.529714509,0,0.7026320306,-0.2277845856,1.052245787,0.2774771978,1.051507547,0.1557989258,1.169591535,-0.08509324686,1.294762803,-0.1066800914,1.104627483,-0.06711619681,0.9805203274,-0.8418901619
1224,2015-01-09T12:00:00,1224,1225,1230,1,-3.763726845,-0.6344302886,3,3,0.5689889922,0,-0.6344302886,-0.5444470655,1.003815771,0.06001912465,0.9532638464,0.143018977,1.175114373,-0.1251414946,1.28960144,-0.1147521238,1.106901776,-0.08539440756,0.9718649365,-0.4046026599
1225,2015-01-09T12:01:00,1225,1226,1231,1,-4.089088459,0.1653113616,3,3,0.8355963575,0,0.1653113616,-0.1396589801,0.5676365652,-0.06275222086,0.8469905144,0.009613684588,0.9903774671,-0.1483565597,1.278217069,-0.1178096547,1.106107035,-0.07511774552,0.9670811646,-2.210832747
1226,2015-01-09T12:02:00,1226,1227,1232,1,-3.416543795,-0.3727712348,3,3,0.2813278375,0,-0.3727712348,-0.1922225756,0.5895634021,-0.163329629,0.8313961213,0.05925004125,0.9458150756,-0.1668956136,1.278245934,-0.1264127959,1.106329814,-0.07685888725,0.9675640987,-2.798581329
1227,2015-01-09T12:03:00,1227,1228,1233,1,-2.235052116,-0.1971427866,3,3,0.4441739106,0,-0.1971427866,-0.06728018358,0.4693282603,-0.2615310042,0.7959295164,0.124278271,0.8856370877,-0.1942173525,1.270758096,-0.1322253603,1.106144021,-0.08750749617,0.9626898427,-3.359124185
1228,2015-01-09T12:04:00,1228,1229,1234,1,-0.5167304364,-1.640918726,3,3,0.56911741,0,-1.640918726,-0.5359903349,0.8124367758,-0.3818874602,0.9400198695,0.09980215269,0.9234165288,-0.205841067,1.283576585,-0.1429610208,1.1178403,-0.09351429503,0.9706468332,-1.878255712
1229,2015-01-09T12:05:00,1229,1230,1235,1,0.9561025015,-0.9605198162,3,3,0.6835398967,0,-0.9605198162,-0.6012082404,0.87411259,-0.5728276529,0.9412010735,0.01616434585,0.9345929449,-0.2056764119,1.283452943,-0.1482783823,1.121391926,-0.1062527399,0.9732184621,-0.6179624664
1230,2015-01-09T13:00:00,1230,1231,1236,1,1.478536483,-0.7576856428,3,3,0.4299118662,0,-0.7576856428,-0.7858076412,0.9345719648,-0.4627333107,0.7731869204,-0.04766225706,0.9427132486,-0.1982287724,1.278181061,-0.1621844759,1.123887179,-0.1171876749,0.9743592382,1.124072069
1231,2015-01-09T13:01:00,1231,1232,1237,1,2.886074443,-0.1600502531,3,3,0.7243209483,0,-0.1600502531,-0.7432634449,0.9223645133,-0.4677430102,0.7740611412,-0.01261380671,0.9235374194,-0.1476497419,1.230945538,-0.1629105018,1.123971807,-0.1264165393,0.9706232311,1.361525276
1232,2015-01-09T13:02:00,1232,1233,1238,1,3.450010469,0.2997734294,3,3,0.1622863007,0,0.2997734294,-0.6438802017,0.9278771802,-0.3555801926,0.7352635845,-0.03295618853,0.9123863786,-0.1634322934,1.223029427,-0.1593581655,1.124470048,-0.1292906602,0.9692239256,1.574064968
1233,2015-01-09T13:03:00,1233,1234,1239,1,1.075386954,0.9843488929,3,3,0.3083902018,0,0.9843488929,-0.118826678,0.718485739,-0.3274085064,0.7669013209,-0.02496565429,0.9202732628,-0.08514889272,1.185236561,-0.1537124483,1.128271984,-0.1149473317,0.9710535353,0.3544644138
1234,2015-01-09T13:04:00,1234,1235,1240,1,1.835236441,0.07740295339,3,3,0.09114468658,0,0.07740295339,0.08875787596,0.5769751617,-0.2562251822,0.7405987973,-0.09810302878,0.8535802655,-0.046572315,1.162424833,-0.1544328881,1.128204156,-0.1126462594,0.9709097774,1.524549167
1235,2015-01-09T13:05:00,1235,1236,1241,1,2.523719492,0.5123131217,3,3,0.2635870252,0,0.5123131217,0.3427576289,0.5201689893,-0.2215250062,0.7563069928,-0.1421386135,0.8029300091,-0.0168623028,1.160330021,-0.1461211152,1.129528323,-0.1048493802,0.9712670714,1.875945501
1236,2015-01-09T14:00:00,1236,1237,1242,1,2.374056754,-0.2352516613,3,3,-0.2379414681,0,-0.2352516613,0.3277173472,0.5258528592,-0.2077730488,0.7507587911,-0.1855513389,0.792104246,0.003896957952,1.148634224,-0.1454991241,1.129385069,-0.1041666364,0.9710728881,0.7209225398
1237,2015-01-09T14:01:00,1237,1238,1243,1,2.281406322,1.247487707,3,3,0.4617633717,0,1.247487707,0.5172602027,0.7548466888,-0.06330999947,0.8457983167,-0.1624205018,0.8212425305,0.05169380546,1.160702802,-0.1229562577,1.136265843,-0.09777555614,0.9767428696,0.3106872735
1238,2015-01-09T14:02:00,1238,1239,1244,1,1.031579591,0.8637094549,3,3,0.9755135276,0,0.8637094549,0.4931323152,0.7247094449,0.1871528186,0.7216043018,-0.09736732082,0.8379588663,0.07361257091,1.168707232,-0.1111794068,1.14032806,-0.08675782487,0.9790260581,0.6477739911
1239,2015-01-09T14:03:00,1239,1240,1245,1,2.297884617,-1.390274622,3,3,0.7369745354,0,-1.390274622,0.1995968,0.954242234,0.144177338,0.7885044636,-0.2143251575,0.8682162029,0.08370190006,1.154881351,-0.1243408383,1.150254854,-0.09716023948,0.9871328284,1.653134214
1240,2015-01-09T14:04:00,1240,1241,1246,1,2.754936276,0.8372524408,3,3,1.107532996,0,0.8372524408,0.2645846639,0.9991414435,0.3036711464,0.7965109546,-0.07953108216,0.7849355752,0.1451263588,1.133881795,-0.09895679407,1.146317565,-0.0846240472,0.9882127312,1.970719049
1241,2015-01-09T14:05:00,1241,1242,1247,1,2.264603803,1.200796173,3,3,1.031656968,0,1.200796173,0.5517942306,1.129423413,0.4397557889,0.880942244,-0.01399361066,0.8292255084,0.09086003448,1.018611299,-0.077729009,1.152811753,-0.0750015875,0.9942648641,0.3838055998
1242,2015-01-09T15:00:00,1242,1243,1248,1,0.9118556222,-0.3849143992,3,3,0.3364311713,0,-0.3849143992,0.2253138094,0.9969874362,0.3712870061,0.8842447262,0.007853406712,0.8131731902,0.05236081053,1.003951782,-0.07207887766,1.14981363,-0.07025325163,0.9910608513,0.6447504031
1243,2015-01-09T15:01:00,1243,1244,1249,1,-1.246572843,1.154837276,3,3,3.175177945e-05,0,1.154837276,0.2835393735,1.054284103,0.3883358443,0.9046321765,0.03046366896,0.8385991327,0.09313129738,1.017642585,-0.05036666646,1.15520817,-0.0624972888,0.9964420534,0.7842172272
1244,2015-01-09T15:02:00,1244,1245,1250,1,-0.9680521554,-0.3861172766,3,3,-0.0003358771858,0,-0.3861172766,0.4843708426,0.868769,0.3419838213,0.912506936,0.04287931956,0.8310100742,0.09294914828,1.017711043,-0.07176825574,1.146468805,-0.06228170444,0.9963557131,1.880798204
1245,2015-01-09T15:03:00,1245,1246,1251,1,-1.275728983,-0.1239695959,3,3,0.1653659865,0,-0.1239695959,0.2921264353,0.7858975363,0.2783555496,0.8988655521,0.02841527169,0.8306502117,0.01901447814,0.9140096557,-0.09654999511,1.12756566,-0.06156163148,0.996234888,0.2671052191
1246,2015-01-09T15:04:00,1246,1247,1252,1,-1.498449684,1.2943041,3,3,-0.4402815748,0,1.2943041,0.3108280207,0.8150443352,0.4313111257,0.9848590034,0.1117690384,0.8756671797,0.08550953983,0.9114162515,-0.07088064154,1.133639696,-0.04782550774,1.002696197,-2.03079007
1247,2015-01-09T15:05:00,1247,1248,1253,1,-3.6595892,0.7104636999,3,3,-0.5151425264,0,0.7104636999,0.5299036405,0.857681283,0.377608725,0.9299465391,0.1571493627,0.8888687637,0.1407138169,0.8872543971,-0.06828323478,1.135028618,-0.03691913779,1.003306012,-2.848850359
1248,2015-01-09T16:00:00,1248,1249,1254,1,-2.481492626,-1.73766258,3,3,-0.8623044251,0,-1.73766258,-0.04859633067,1.03575171,0.1174715214,1.045058988,0.15231217,0.8980147705,0.1260571613,0.9108042088,-0.08805239449,1.151402904,-0.05663630324,1.014147189,-1.542834202
1249,2015-01-09T16:01:00,1249,1250,1255,1,-0.2880525759,-1.00359119,3,3,-0.6328684003,0,-1.00359119,-0.1720911133,1.115528283,0.1561398646,0.9997907095,0.1501586013,0.9003668008,0.08316147359,0.9176394577,-0.0827609324,1.145804413,-0.06510956059,1.018276173,0.5323403861
1250,2015-01-09T16:02:00,1250,1251,1256,1,-0.3915434387,-0.1075965888,3,3,-0.4071001284,0,-0.1075965888,-0.1688165119,1.115188353,0.0616549617,0.9646968438,0.182663054,0.8846099992,0.06750039848,0.9141233833,-0.06108349949,1.127213391,-0.06434817052,1.018161555,-0.8107388413
1251,2015-01-09T16:03:00,1251,1252,1257,1,0.03254067564,-0.431646423,3,3,-0.3109102627,0,-0.431646423,-0.5140066164,0.9725554842,-0.1015892979,0.8972629041,0.1690832455,0.8891400217,0.07823471941,0.9065018872,-0.08369414453,1.117689732,-0.07332811529,1.017216076,-0.9386584242
1252,2015-01-09T16:04:00,1252,1253,1258,1,-0.03004912901,1.071583398,3,3,-0.3967219229,0,1.071583398,-0.4417826769,1.036614987,0.04406048184,0.9513642349,0.207673744,0.9184178361,0.08735877771,0.9154070749,-0.05411065915,1.114727801,-0.06662533779,1.021617565,-0.820392962
1253,2015-01-09T16:05:00,1253,1254,1259,1,1.125980769,-1.450675816,3,3,-0.2266399652,0,-1.450675816,-0.384385324,0.9442290229,-0.2164908273,0.9910474391,0.0859225085,0.9488241147,0.0304784271,0.9346577125,-0.07325526581,1.126428884,-0.0853774868,1.027575718,0.4191954026
1254,2015-01-09T17:00:00,1254,1255,1260,1,0.7609618477,-0.5595660058,3,3,0.1053551463,0,-0.5595660058,-0.2955802872,0.867612941,-0.2338357003,0.9992886384,0.05407406054,0.956882096,-0.02201448412,0.906703539,-0.07498513882,1.127181702,-0.08142058733,1.02450218,0.9711990998
1255,2015-01-09T17:01:00,1255,1256,1261,1,-0.3411494591,1.18984886,3,3,0.2322169166,0,1.18984886,-0.03609119743,1.016653762,-0.1024538547,1.067059027,0.08795084745,0.9865531533,-0.02709388304,0.8994397489,-0.07728222408,1.124566624,-0.07790007591,1.027859518,0.790343833
1256,2015-01-09T17:02:00,1256,1257,1262,1,-0.8850457612,-0.2110874515,3,3,0.2456628724,0,-0.2110874515,0.008020596861,1.00261295,-0.2529930098,0.9876985617,0.08915905794,0.9862798045,-0.0481961405,0.8944766596,-0.05858710739,1.108511115,-0.0724314414,1.024986709,0.7067853666
1257,2015-01-09T17:03:00,1257,1258,1263,1,-1.824505211,-0.007562308663,3,3,-0.231372787,0,-0.007562308663,-0.2078085444,0.8806735887,-0.3247956106,0.9618099088,0.02640655716,0.9460123853,-0.06800697233,0.8858269377,-0.04329926728,1.099940101,-0.07090334242,1.024838734,-0.2102372521
1258,2015-01-09T17:04:00,1258,1259,1264,1,-1.87111851,1.008993593,3,3,0.3199850066,0,1.008993593,0.2841253374,0.7471997854,-0.05012999328,0.8514329002,0.03367076407,0.9531752911,-0.03184827838,0.8974180178,-0.01430951481,1.095963829,-0.07279806079,1.022761027,-1.131493292
1259,2015-01-09T17:05:00,1259,1260,1265,1,-1.487257588,-0.2946459178,3,3,0.01061201043,0,-0.2946459178,0.337109355,0.7162736486,0.02076453392,0.7955501729,0.08845219928,0.903460442,-0.06293647909,0.8860135849,-0.02243535339,1.095738502,-0.07648709086,1.023025396,-1.591831128
1260,2015-01-09T18:00:00,1260,1261,1266,1,-1.005645888,-0.9245849274,3,3,0.5175943271,0,-0.9245849274,-0.08577740246,0.6331440084,-0.06093429995,0.8468932068,0.0003603308746,0.9077081316,-0.03958537564,0.848545199,-0.03726548763,1.100214375,-0.08110774297,1.025945067,-1.614267959
1261,2015-01-09T18:01:00,1261,1262,1267,1,-1.072109139,0.08773755321,3,3,0.7656498644,0,0.08773755321,-0.02601240151,0.6272952483,-0.008995902326,0.8362810701,-0.05529260009,0.8673081192,-0.03464310537,0.8484804999,-0.03567939881,1.100249397,-0.07380982648,1.023451383,-0.7396252178
1262,2015-01-09T18:02:00,1262,1263,1268,1,-1.446323165,-0.7549837536,3,3,0.1452673574,0,-0.7549837536,-0.1754966905,0.7123819092,-0.1916526175,0.8009600347,-0.07379606781,0.8793835581,-0.03297133055,0.8469256401,-0.06278513295,1.092107984,-0.08445993976,1.024657537,0.1045735399
1263,2015-01-09T18:03:00,1263,1264,1269,1,0.3536654861,-0.9470217581,3,3,0.4631789038,0,-0.9470217581,-0.5666997608,0.6951578327,-0.1412872117,0.72164809,-0.1788890195,0.8668768633,-0.07421267527,0.8528552051,-0.07965296106,1.096305778,-0.09585761936,1.027580614,0.6086220701
1264,2015-01-09T18:04:00,1264,1265,1270,1,-0.731571638,0.962380294,3,3,0.5341750577,0,0.962380294,-0.3152945184,0.8069177994,0.01090741831,0.7629430761,-0.111464141,0.8890050394,-0.0342924107,0.8604962822,-0.07971695264,1.096249453,-0.08793221941,1.031328744,-0.3324839214
1265,2015-01-09T18:05:00,1265,1266,1271,1,-0.233794616,0.08921500403,3,3,0.7632998615,0,0.08921500403,-0.1125345321,0.694072576,-0.09915596729,0.6643071865,-0.100804911,0.8887966601,-0.03619481964,0.8602148793,-0.09227568967,1.089451356,-0.09060470971,1.030681843,-1.550896705
1266,2015-01-09T19:00:00,1266,1267,1272,1,0.2275603829,-0.4429732279,3,3,0.5892219906,0,-0.4429732279,-0.2186766883,0.7207234014,-0.1223445449,0.6756262095,-0.1876687774,0.8461735117,-0.03794986947,0.8610466368,-0.1024227415,1.089796765,-0.09692515375,1.031072682,-0.254956584
1267,2015-01-09T19:01:00,1267,1268,1273,1,0.4916447782,0.02127430247,3,3,0.2354185538,0,0.02127430247,-0.06342507711,0.6368144524,-0.1194608838,0.6756554711,-0.2221282472,0.8311403661,-0.03248944224,0.8604888109,-0.1133533974,1.085188263,-0.09898005428,1.030784521,-0.3990877166
1268,2015-01-09T19:02:00,1268,1269,1274,1,2.034367299,-1.12919778,3,3,0.2110848186,0,-1.12919778,-0.09986028141,0.6936714855,-0.3332800211,0.6944150568,-0.1917050072,0.7769009765,-0.01969641859,0.839644465,-0.1127687428,1.08456712,-0.1018728201,1.0334629,1.317102089
1269,2015-01-09T19:03:00,1269,1270,1275,1,0.6825565768,0.8529668932,3,3,0.1465415628,0,0.8529668932,-0.1217429616,0.6644211526,-0.21851874,0.7391115623,-0.09887710303,0.7678495878,0.02564074915,0.8367357305,-0.0900178314,1.083369313,-0.09030533847,1.035240131,0.4825169669
1270,2015-01-09T19:04:00,1270,1271,1276,1,0.5632816785,-0.1228568302,3,3,0.3571138421,0,-0.1228568302,-0.1641573284,0.6654940757,-0.1383459303,0.6799334914,-0.0996401151,0.7679640801,0.04151146946,0.8283428272,-0.07835865147,1.077009439,-0.09428582745,1.034794122,0.8907324949
1271,2015-01-09T19:05:00,1271,1272,1277,1,0.2648312374,0.586992026,3,3,0.5112719316,0,0.586992026,0.04183572237,0.6874221675,-0.08842048298,0.7042696421,-0.04870819265,0.7730982334,0.06018752644,0.8331419017,-0.04373110772,1.051035762,-0.08854449237,1.036138774,0.7172652099
1272,2015-01-09T20:00:00,1272,1273,1278,1,0.5429183954,0.01838177111,3,3,0.3898030483,0,0.01838177111,0.04125721609,0.6874054808,-0.01108393051,0.6625929904,-0.101368274,0.7350396071,0.05315273498,0.8317976153,-0.05513977921,1.045870033,-0.08852119866,1.036139156,0.2000396099
1273,2015-01-09T20:01:00,1273,1274,1279,1,0.532004215,0.2853586977,3,3,0.4607000409,0,0.2853586977,0.3241685116,0.4835232023,0.1121541151,0.5979025075,-0.01456654829,0.6626701194,0.0356779801,0.8183516627,-0.02473545631,1.018451066,-0.09058230547,1.035325196,-0.3274508164
1274,2015-01-09T20:02:00,1274,1275,1280,1,-0.3034645383,0.4135247411,3,3,0.4104271509,0,0.4135247411,0.2362800812,0.3499781784,0.05726855979,0.5310085655,0.03408798905,0.6572869366,0.0440810248,0.8208682789,-0.0012456451,1.006244559,-0.08826158383,1.035939826,-0.4524339725
1275,2015-01-09T20:03:00,1275,1276,1281,1,0.1520686105,-0.4988438289,3,3,0.5317456148,0,-0.4988438289,0.1610826814,0.4113818157,-0.001537323502,0.5532257058,-0.05034664539,0.6112948223,0.01880210103,0.8206608569,0.0009698991172,1.004950248,-0.09114670981,1.036846615,0.3428787855
1276,2015-01-09T20:04:00,1276,1277,1282,1,-0.1935710233,-0.2421317285,3,3,0.6009766792,0,-0.2421317285,-0.004742069506,0.3347366508,0.01854682643,0.5406467709,-0.05189885924,0.611869964,0.01863009935,0.8207108826,0.01126352865,0.9982301673,-0.09078938295,1.036755777,0.8594550314
1277,2015-01-09T20:05:00,1277,1278,1283,1,-0.6224069471,0.288541585,3,3,0.9086182668,0,0.288541585,0.04928989327,0.3586534494,0.04527355468,0.5482511248,-0.03709366456,0.6152599498,-0.005343553704,0.7979612268,0.02317512588,0.9959852195,-0.08375202302,1.035847841,0.1489694342
1278,2015-01-09T21:00:00,1278,1279,1284,1,-0.1164659337,0.296468929,3,3,0.1812377889,0,0.296468929,0.05151193953,0.3604513069,0.1878402255,0.4264503675,-0.07271989777,0.5762257314,-0.01952456685,0.7875846714,0.02704400203,0.9965355509,-0.0806277935,1.036176591,-0.1908101749
1279,2015-01-09T21:01:00,1279,1280,1285,1,-0.8774826402,0.2744445174,3,3,0.1462740715,0,0.2744445174,0.02369589479,0.3328491565,0.129987988,0.3415210728,-0.04426537601,0.5757267341,0.02209341164,0.7575295514,0.05289765585,0.9766273486,-0.07552942168,1.036021795,-1.053026055
1280,2015-01-09T21:02:00,1280,1281,1286,1,-1.325546102,-0.4219440123,3,3,0.2941577768,0,-0.4219440123,0.03907585812,0.3108486412,0.1000792698,0.3645969529,-0.01913333025,0.5455458234,-0.009386499687,0.7488505517,0.06786992957,0.9608499036,-0.06910002928,1.030997101,-0.7713763813
1281,2015-01-09T21:03:00,1281,1282,1287,1,-1.470080623,-0.04331068006,3,3,0.09097825207,0,-0.04331068006,0.07884006781,0.2920213793,0.03704899915,0.3141059625,-0.02568574191,0.5452789582,-0.040489171,0.7244144242,0.02518543174,0.8838397015,-0.06531572967,1.030004228,0.07434424122
1282,2015-01-09T21:04:00,1282,1283,1288,1,-0.5830413442,-0.5877713623,3,3,1.448404313,0,-0.5877713623,-0.09642252165,0.3711068196,-0.02356631419,0.3649332599,-0.01732512235,0.5348858547,-0.04556059508,0.7278112117,0.003400107726,0.8768204889,-0.06323945013,1.028567277,0.1755434145
1283,2015-01-09T21:05:00,1283,1284,1289,1,-1.429665956,-0.1402943389,3,3,0.7280158814,0,-0.1402943389,-0.1837751752,0.3522470819,-0.06613161786,0.3563728044,0.02301124861,0.4921833928,-0.07793888544,0.7048829649,0.00759620597,0.8753446252,-0.05955740612,1.027273386,-0.5541697202
1284,2015-01-09T22:00:00,1284,1285,1290,1,-2.425464541,0.8024099425,3,3,0.1050704672,0,0.8024099425,-0.07818209023,0.4876334599,-0.02724309772,0.4174775157,0.01501273104,0.4776282931,-0.04822570497,0.7136030922,0.02236172166,0.8789098758,-0.06392073881,1.022743177,-1.544424864
1285,2015-01-09T22:01:00,1285,1286,1291,1,-1.469255553,-0.4865721891,3,3,0.9942213157,0,-0.4865721891,-0.09110772558,0.4995293188,-0.02601593373,0.4160266927,-0.01377662862,0.4894572967,-0.0572907698,0.7174705388,-0.01913814583,0.821637884,-0.08346358668,1.009549835,-0.7585847587
1286,2015-01-09T22:02:00,1286,1287,1292,1,0.5107959675,-0.8700074736,3,3,1.183885638,0,-0.8700074736,-0.2564470843,0.6328799082,-0.08880350824,0.4928556909,-0.0351283409,0.517303423,-0.1113985591,0.7012889716,-0.01294450965,0.8131684343,-0.08438661407,1.01029437,-0.8754962362
1287,2015-01-09T22:03:00,1287,1288,1293,1,1.597191065,-0.1878452014,3,3,1.102938206,0,-0.1878452014,-0.1764618521,0.5818067611,-0.1364421869,0.4879648445,-0.0455843161,0.5189840967,-0.1338562817,0.6928704067,0.003428767608,0.7960181422,-0.09014091707,1.009397399,-0.8810396774
1288,2015-01-09T22:04:00,1288,1289,1294,1,-0.3179702361,0.2992679162,3,3,0.744512532,0,0.2992679162,-0.08854940107,0.5936959357,-0.1361622882,0.4881356732,0.0258389687,0.4583319492,-0.08293301924,0.6378257219,0.02156207105,0.7862524907,-0.08634593607,1.009666438,-0.7106707939
1289,2015-01-09T22:05:00,1289,1290,1295,1,1.082959028,-0.9869189511,3,3,1.553663569,0,-0.9869189511,-0.4464151798,0.6469191017,-0.262298635,0.5728397312,-0.06615532351,0.4715835031,-0.08251621327,0.6371750113,0.0003226301582,0.7899538497,-0.08267935936,1.005274009,1.386292204
1290,2015-01-09T23:00:00,1290,1291,1296,1,1.573374625,-0.1933886426,3,3,1.111671139,0,-0.1933886426,-0.3877784705,0.615332153,-0.239443098,0.5604298345,-0.06968191413,0.4727644961,-0.08466101462,0.6376813848,-0.008580308069,0.7881177286,-0.0689426712,0.991271508,2.478230743
1291,2015-01-09T23:01:00,1291,1292,1297,1,1.851215845,0.4696367997,3,3,0.5501209464,0,0.4696367997,-0.1198496158,0.5209249489,-0.1881483501,0.5796118445,-0.07554967545,0.4661611556,-0.06212893405,0.6383522153,0.008052892681,0.7839767925,-0.07650574104,0.9842008981,0.3927005578
1292,2015-01-09T23:02:00,1292,1293,1298,1,1.323826324,1.110044047,3,3,0.5012712317,0,1.110044047,0.1397282338,0.7146643936,-0.01836680917,0.6516303794,-0.02096656168,0.5281090965,-0.06116741783,0.6399931413,0.01309567994,0.7897978645,-0.05646291204,0.9823148449,-0.3033331757
1293,2015-01-09T23:03:00,1293,1294,1299,1,-0.796940824,0.8985498966,3,3,0.7861332317,0,0.8985498966,0.2595846298,0.808895124,0.08551761438,0.7095020035,0.009692998264,0.5614243799,-0.002436775015,0.6141372084,0.01402082604,0.7908064081,-0.04964910221,0.9857059349,-0.9048561183
1294,2015-01-09T23:04:00,1294,1295,1300,1,-0.6576402206,-1.615893385,3,3,0.7581589781,0,-1.615893385,0.133789743,0.9908238012,-0.1563127184,0.8367305806,-0.09177790805,0.6612131051,-0.0288449595,0.6592529436,-0.02542972181,0.7926934311,-0.05960507904,0.9959403634,1.458515287
1295,2015-01-09T23:05:00,1295,1296,1301,1,-0.09623938095,0.414010313,3,3,1.032581468,0,0.414010313,0.2552695341,1.004257377,-0.06625446818,0.8328164678,-0.04613520096,0.6582786181,-0.04824092318,0.6352212602,-0.03766740311,0.7786199045,-0.06760179044,0.9887376185,1.6271595
1296,2015-01-10T00:00:00,1296,1297,1302,1,-0.6820294301,0.297026954,3,3,0.5415677704,0,0.297026954,0.220747565,0.990992501,0.05044897458,0.7916529983,-0.01917726683,0.6594016992,-0.03553806304,0.6360799689,-0.04186710177,0.776107667,-0.05090409261,0.9767619143,0.1079152943
1297,2015-01-10T00:01:00,1297,1298,1303,1,-1.441080975,0.7474780198,3,3,0.3536351963,0,0.7474780198,0.1482343596,0.9205277063,0.1439812967,0.8240498934,0.003769554913,0.6771882737,-0.01666205483,0.6469655183,-0.04233451358,0.7756461002,-0.03442019646,0.9726768618,-2.116155507
1298,2015-01-10T00:02:00,1298,1299,1304,1,-1.309899677,0.5826545261,3,3,0.4293811733,0,0.5826545261,0.08505528552,0.8682108811,0.1723199577,0.8390773074,0.01807883476,0.6864135646,-0.0273205315,0.6337190526,-0.02958440494,0.7768394095,-0.01864652038,0.9667597541,-1.723398881
1299,2015-01-10T00:03:00,1299,1300,1305,1,-0.1370604592,-1.222217252,3,3,0.4557048751,0,-1.222217252,0.1637905123,0.7282381819,0.1487901276,0.8695006195,-0.05675425369,0.7362664888,-0.05050981485,0.6608894063,-0.05672314697,0.7815992835,-0.03179350721,0.9726356866,-0.7899447244
1300,2015-01-10T00:04:00,1300,1301,1306,1,1.63351472,-1.476592782,3,3,-0.1459051589,0,-1.476592782,-0.2143301067,0.9654611284,0.02046971369,0.9850502703,-0.1094866922,0.8013755781,-0.06431001121,0.6855009346,-0.05194769343,0.7713431422,-0.04628032882,0.9816406121,0.6750745322
1301,2015-01-10T00:05:00,1301,1302,1307,1,-0.2512888619,0.9754111527,3,3,-0.5689236689,0,0.9754111527,-0.078653267,1.051073533,0.07104714899,1.021474843,-0.05855060053,0.8304699707,-0.04211817122,0.7024989376,-0.0383806383,0.7789171702,-0.03782565628,0.9856642819,0.4134992035
1302,2015-01-10T01:00:00,1302,1303,1308,1,-0.2766569351,-0.2887630951,3,3,-0.6259587247,0,-0.2887630951,-0.28590149,1.004832184,-0.06883356518,0.9636023496,-0.04360018717,0.8225422906,-0.03046265476,0.6937862413,-0.03171699266,0.7741519194,-0.05201097356,0.9775375602,0.6528842652
1303,2015-01-10T01:01:00,1303,1304,1309,1,-1.039063892,-0.01157352533,3,3,-0.9261035101,0,-0.01157352533,-0.4047471003,0.9704726933,-0.1598459074,0.9207625596,-0.03716414649,0.8219479254,-0.00707644894,0.6774374082,-0.0406445621,0.770156946,-0.05546079036,0.9768476782,0.9584401873
1304,2015-01-10T01:02:00,1304,1305,1310,1,-2.893992322,0.713835824,3,3,-1.115251426,0,0.713835824,-0.01753648515,0.8631144554,0.07312701356,0.7985290892,-0.04159285242,0.8178529119,-0.01329006069,0.6697059698,-0.0237912357,0.7710252712,-0.05757465532,0.9750268049,-0.6647880654
1305,2015-01-10T01:03:00,1305,1306,1311,1,-3.58680105,-0.04937803347,3,3,-0.2556366617,0,-0.04937803347,0.2679064645,0.5562274287,0.02678817891,0.7878782085,-0.01973314464,0.8106587878,-0.01675488663,0.6696029105,-0.02647485313,0.770823487,-0.06710208866,0.9699100597,-0.9295412002
1306,2015-01-10T01:04:00,1306,1307,1312,1,-3.867452207,0.2939823968,3,3,-0.03042039745,0,0.2939823968,0.1316207134,0.3693084064,0.02648372319,0.7877640099,0.03846634888,0.789710898,0.001669003989,0.6675500483,-0.01814043274,0.7703974227,-0.06772549303,0.9696970393,-1.99750408
1307,2015-01-10T01:05:00,1307,1308,1313,1,-3.261271995,-0.9093924288,3,3,-0.3945611833,0,-0.9093924288,0.007494846645,0.5339576686,-0.1392033217,0.8046112447,0.002388987513,0.8143885688,-0.02159766429,0.6828518264,-0.02704355327,0.7767649614,-0.08276815302,0.9698030295,-2.229204256
1308,2015-01-10T02:00:00,1308,1309,1314,1,-2.685262606,-0.3141311683,3,3,-0.8274069418,0,-0.3141311683,-0.05301668195,0.5521047734,-0.2288818911,0.7895052024,-0.02828096671,0.8146683965,-0.001220999008,0.6609662517,-0.0104587088,0.7556054571,-0.07558616155,0.9642696827,-2.65725985
1309,2015-01-10T02:01:00,1309,1310,1315,1,-1.267210804,-0.7739804826,3,3,0.3764336053,0,-0.7739804826,-0.3505799433,0.5680814392,-0.1840582142,0.7306446074,-0.01763404329,0.8030793453,-0.0418946834,0.6585314857,-0.008126967127,0.7529244319,-0.07397678207,0.9628156377,-1.869948127
1310,2015-01-10T02:02:00,1310,1311,1316,1,-0.07673663413,-1.141092606,3,3,1.053412594,0,-1.141092606,-0.5689228577,0.7633134025,-0.1505081966,0.6678459039,-0.06501924144,0.841529021,-0.06735057779,0.6825237585,-0.01291955416,0.7589435158,-0.07468929358,0.9636280997,-1.032067738
1311,2015-01-10T02:03:00,1311,1312,1317,1,0.7818861974,-0.742186762,3,3,0.7915663581,0,-0.742186762,-0.7761566895,0.8219065996,-0.322267988,0.6371495733,-0.1256104195,0.851284451,-0.1005800475,0.6862912791,-0.02019626052,0.7632565585,-0.06268075431,0.9452244998,-0.02800275541
1312,2015-01-10T02:04:00,1312,1313,1318,1,2.041772336,0.01333124041,3,3,0.6830617892,0,0.01333124041,-0.5916119556,0.7142598161,-0.2920585545,0.6305861863,-0.1804460598,0.8142998301,-0.1007063108,0.6862883618,-0.02377678789,0.7625217992,-0.07032862306,0.9413961208,0.6027373234
1313,2015-01-10T02:05:00,1313,1314,1319,1,1.464670242,-0.3032122166,3,3,0.7394100587,0,-0.3032122166,-0.5894281653,0.7133154536,-0.3212224236,0.6378238852,-0.2405341655,0.7920299867,-0.1154205836,0.6864797281,-0.03987130176,0.7552992324,-0.05496383208,0.9211839422,0.9553311041
1314,2015-01-10T03:00:00,1314,1315,1320,1,1.387162628,0.2618782208,3,3,0.8445260012,0,0.2618782208,-0.3822564246,0.6346068227,-0.3664181839,0.602263373,-0.1466455852,0.7072375403,-0.1192117466,0.6846121927,-0.03756536091,0.7558169705,-0.04056767894,0.9117291409,0.8098889528
1315,2015-01-10T03:01:00,1315,1316,1321,1,0.3477990462,0.6440713192,3,3,1.151565539,0,0.6440713192,-0.02522363964,0.4746292504,-0.2970732487,0.6355785851,-0.1351425349,0.7157905452,-0.09063886792,0.6876361115,-0.03591838344,0.7570758429,-0.02956635656,0.9115359606,1.439035013
1316,2015-01-10T03:02:00,1316,1317,1322,1,0.0848822945,0.04938156408,3,3,1.021409559,0,0.04938156408,0.1330900256,0.3399888163,-0.3215333319,0.6289367431,-0.1475248044,0.7127880337,-0.0833510356,0.6866139315,-0.03236046813,0.756638964,-0.02027465943,0.906341662,0.5093391383
1317,2015-01-10T03:03:00,1317,1318,1323,1,-0.3640394334,0.1164360695,3,3,1.04826325,0,0.1164360695,0.1537109914,0.3439016174,-0.2189504821,0.5605512498,-0.1790769019,0.6934035473,-0.08765367349,0.685343869,-0.0464986136,0.7437870455,-0.01376780724,0.904372588,0.5772736755
1318,2015-01-10T03:04:00,1318,1319,1324,1,-2.065041202,1.273217379,3,3,1.649402425,0,1.273217379,0.4689969105,0.6512275267,-0.06021562738,0.6829773891,-0.1445487592,0.7381654891,-0.06323496224,0.7127593812,-0.04137976455,0.7511043703,-0.003048986061,0.911809948,-1.091235966
1319,2015-01-10T03:05:00,1319,1320,1325,1,-1.129278417,-0.8803143102,3,3,1.438214741,0,-0.8803143102,0.2405584043,0.7519121678,-0.07084901015,0.6957362027,-0.1274536122,0.713403955,-0.09210393293,0.7249253567,-0.03500526065,0.7414067015,0.004563792923,0.9005773572,-0.4244568438
1320,2015-01-10T04:00:00,1320,1321,1326,1,-0.7319448582,0.1843706068,3,3,0.9278287358,0,0.1843706068,0.1486182618,0.6994317975,0.0616973111,0.5976946397,-0.04440544274,0.6337416799,-0.07694606745,0.7224373101,-0.04316628357,0.735762467,0.01959793056,0.8885157551,-0.9413131089
1321,2015-01-10T04:01:00,1321,1322,1327,1,0.6544228815,-0.395292263,3,3,0.8201748099,0,-0.395292263,0.05968349643,0.7210882929,0.096386761,0.5637201085,-0.1129406135,0.6015562897,-0.08574560703,0.7251035588,-0.06311738901,0.7247590734,-0.01179158118,0.8342901987,-0.9738052355
1322,2015-01-10T04:02:00,1322,1323,1328,1,0.7732773533,-0.2135351876,3,3,1.043966698,0,-0.2135351876,-0.006310755009,0.7255179597,0.0737001182,0.5677343711,-0.1091792181,0.5999838558,-0.07638970266,0.719915428,-0.06097514887,0.7238740856,-0.02319649574,0.827829806,-0.7048215733
1323,2015-01-10T04:03:00,1323,1324,1329,1,1.412876026,-0.3324856583,3,3,1.193568385,0,-0.3324856583,-0.3274513625,0.4735706426,0.07077277403,0.5693709007,-0.1252248248,0.6045670067,-0.08119448564,0.7214913921,-0.07956668554,0.7132355231,-0.02200069123,0.8272456819,0.2093682507
1324,2015-01-10T04:04:00,1324,1325,1330,1,1.330629879,-0.4277843896,3,3,0.7578196448,0,-0.4277843896,-0.2369453783,0.3253896025,0.001806512991,0.5793316414,-0.1823058355,0.5909087583,-0.1119493439,0.7134621735,-0.08008752446,0.7135326364,-0.02240863354,0.8274445425,1.628228117
1325,2015-01-10T04:05:00,1325,1326,1331,1,1.750109229,0.05544847464,3,3,0.1603422806,0,0.05544847464,-0.2627298048,0.3157448273,-0.05705577147,0.5426323043,-0.1770645101,0.5909356799,-0.09839882735,0.7093562744,-0.07784479857,0.7134249428,-0.045558373,0.7859949001,1.478098927
1326,2015-01-10T05:00:00,1326,1327,1332,1,1.329320891,0.5817041656,3,3,0.04452435963,0,0.5817041656,-0.06733051905,0.3689438285,-0.003823511311,0.5727512002,-0.1626784216,0.6015003592,-0.06210603637,0.7019422998,-0.08675229775,0.7016157117,-0.02933168522,0.777862198,1.203507776
1327,2015-01-10T05:01:00,1327,1328,1333,1,-0.05132362783,0.9910754768,3,3,0.4254249951,0,0.9910754768,0.1735916138,0.5687233189,0.08364042941,0.6518521777,-0.06765502635,0.6079181546,-0.03263301942,0.7186074115,-0.08324465054,0.705856222,-0.008591828067,0.7710785471,-0.2975982385
1328,2015-01-10T05:02:00,1328,1329,1334,1,-0.006308503533,-0.0946807159,3,3,0.3217403537,0,-0.0946807159,0.2211526023,0.55057221,-0.05314938007,0.5135167534,-0.05668250373,0.6042174981,-0.04248173522,0.7172040788,-0.06270737723,0.6786764111,0.000214135628,0.7639301122,0.2720103025
1329,2015-01-10T05:03:00,1329,1330,1335,1,-0.3350626063,0.3071130148,3,3,0.8142009978,0,0.3071130148,0.3681320832,0.5342223717,0.06559335242,0.442307549,-0.002627828862,0.5829600465,-0.01013093608,0.7017046568,-0.04632357467,0.6702169128,-0.00316189192,0.7616743824,0.1258131156
1330,2015-01-10T05:04:00,1330,1331,1336,1,-0.3808932803,-0.5100305374,3,3,0.4032391527,0,-0.5100305374,0.2550362808,0.5803489171,-0.003846761993,0.4671721639,0.02892527455,0.53641808,-0.01804698345,0.7056611969,-0.05135399903,0.6725307701,-0.01173586653,0.7616247618,0.2462746107
1331,2015-01-10T05:05:00,1331,1332,1337,1,0.6483579568,0.4749278251,3,3,0.9565983888,0,0.4749278251,0.2336810127,0.5605713212,0.08317524682,0.4745312185,0.08978100391,0.5210375409,-0.01791470781,0.7057497203,-0.04002182093,0.6728953182,-0.0006029741494,0.7587977091,-0.2783188061
1332,2015-01-10T06:00:00,1332,1333,1338,1,0.09986155686,0.1609158278,3,3,0.9661676769,0,0.1609158278,0.06764908289,0.3506748732,0.1206203484,0.4724505689,0.09716023328,0.5222699763,-0.04164291328,0.6840504884,-0.05140516555,0.6623882138,-0.005150517799,0.756193627,-0.4608757219
1333,2015-01-10T06:01:00,1333,1334,1339,1,0.03032704287,-0.3895690423,3,3,0.3807767463,0,-0.3895690423,0.008671417614,0.3892721244,0.11491201,0.4767926936,0.092842392,0.525125935,-0.07384588675,0.6719630747,-0.03814133088,0.6436998076,-0.01526807822,0.7532781522,-0.627167891
1334,2015-01-10T06:02:00,1334,1335,1340,1,-0.7425427003,-0.0496655916,3,3,0.3411809872,0,-0.0496655916,-0.06268430366,0.3649142917,0.1527238898,0.4574691152,0.07726520138,0.5219689369,-0.03469019191,0.6215450545,-0.0317675757,0.6406764778,-0.02851654518,0.7400549543,0.9266767629
1335,2015-01-10T06:03:00,1335,1336,1341,1,-0.9695281156,-0.02164108801,3,3,0.6997146022,0,-0.02164108801,0.03499358621,0.2850085575,0.1450149335,0.457184177,0.04397958102,0.5017305997,-0.04558147693,0.6180977671,-0.04691120005,0.6267179984,-0.04030542771,0.7290502408,0.5607372788
1336,2015-01-10T06:04:00,1336,1337,1342,1,-2.074277016,-0.5558612114,3,3,0.7124520068,0,-0.5558612114,-0.1711642211,0.3129136099,0.0312583958,0.4539576706,0.01371744224,0.5167792101,-0.06690368107,0.6225461963,-0.05122087205,0.6293494631,-0.0502126282,0.7285259062,0.6574949339
1337,2015-01-10T06:05:00,1337,1338,1343,1,-5.256056762,1.504179062,3,3,0.1658422222,0,1.504179062,0.0974884258,0.7384084756,0.08256875434,0.5780224665,0.08310459188,0.6160443301,-0.04798615501,0.6558654954,-0.03232410492,0.6514307062,-0.04421839405,0.7378828483,-1.669219463
1338,2015-01-10T07:00:00,1338,1339,1344,1,-5.035249016,-0.3875805721,3,3,-0.1887756001,0,-0.3875805721,0.09788611983,0.7381991662,0.05327876872,0.5901147329,6.469432475e-05,0.5531432247,-0.07224203246,0.6522483102,-0.04978128198,0.643050424,-0.04380361411,0.737650955,-1.530265394
1339,2015-01-10T07:01:00,1339,1340,1345,1,-5.539428231,-0.4591035563,3,3,-0.584138321,0,-0.4591035563,0.01599852689,0.7658980937,-0.02334288838,0.5999009627,0.02112523202,0.527028051,-0.05316419008,0.6271777139,-0.05183700246,0.6442541006,-0.055536828,0.7337453611,-2.73177195
1340,2015-01-10T07:02:00,1340,1341,1346,1,-5.346069132,-0.8225353348,3,3,-0.4212681998,0,-0.8225353348,-0.1441803225,0.849599375,-0.05459336813,0.6336595994,-0.02922006506,0.5566750931,-0.0368127539,0.596454389,-0.05056138255,0.6425221278,-0.04690271358,0.7177971682,-3.586837299
1341,2015-01-10T07:03:00,1341,1342,1347,1,-5.176202483,-0.2486265032,3,3,0.4038856899,0,-0.2486265032,-0.08273338084,0.8199913343,-0.126948801,0.6206048322,-0.02188677707,0.5524175211,-0.0674136953,0.577509778,-0.05476593326,0.6430483267,-0.04805832396,0.7180857562,-3.504983621
1342,2015-01-10T07:04:00,1342,1343,1348,1,-2.949130621,-1.660610112,3,3,0.1710510235,0,-1.660610112,-0.7156912156,0.8782938271,-0.3091013949,0.811371408,-0.09424052327,0.6639025161,-0.1017098707,0.6327508112,-0.06608626273,0.6639702319,-0.05504795201,0.7300675717,-2.807656281
1343,2015-01-10T07:05:00,1343,1344,1349,1,-0.9646744361,-1.677600684,3,3,0.4113002181,0,-1.677600684,-0.973695238,1.142026759,-0.4379045591,0.9615516437,-0.1614962746,0.7589179258,-0.1433605497,0.6860968167,-0.07521849931,0.6817808607,-0.07488322463,0.7431940717,-1.759231832
1344,2015-01-10T08:00:00,1344,1345,1350,1,0.9381181097,-0.1667728256,3,3,0.5953217762,0,-0.1667728256,-0.9152290919,1.125891886,-0.4496152825,0.9628687418,-0.1484456964,0.7537884999,-0.1653757659,0.6772629708,-0.08933291331,0.6734950696,-0.07098607911,0.7410904284,-1.671218861
1345,2015-01-10T08:01:00,1345,1346,1351,1,3.158270944,-0.9632827712,3,3,-0.10975497,0,-0.9632827712,-0.9433785792,1.147999304,-0.5437794508,1.009881552,-0.1993822587,0.7838616337,-0.1882233844,0.6941340067,-0.1024891355,0.6819787669,-0.08039103021,0.7461366532,-0.1414743403
1346,2015-01-10T08:02:00,1346,1347,1352,1,3.623039857,-0.6291762356,3,3,-0.1334518079,0,-0.6291762356,-1.019488526,1.17673783,-0.5511109532,1.014173977,-0.2599262787,0.7856928221,-0.2113023502,0.6996841762,-0.1048166731,0.6838058984,-0.08252773855,0.7475699129,0.7945573963
1347,2015-01-10T08:03:00,1347,1348,1353,1,4.474055088,-0.07875985469,3,3,-0.4047034746,0,-0.07875985469,-0.7031184743,0.9134699534,-0.7094048449,0.8960545191,-0.3134180453,0.753997239,-0.1905365358,0.6848636065,-0.1060671001,0.6838584563,-0.08154121412,0.7473878444,2.609336971
1348,2015-01-10T08:04:00,1348,1349,1354,1,3.66219141,0.56646175,3,3,-1.199769359,0,0.56646175,-0.2543059874,0.5794258601,-0.6140006127,0.9055273174,-0.280360922,0.7642692983,-0.1685217129,0.6889072308,-0.08487135594,0.6750813131,-0.06314637682,0.7340464078,3.299745284
1349,2015-01-10T08:05:00,1349,1350,1355,1,2.691645851,0.306855501,3,3,-0.7518106002,0,0.306855501,-0.1595803221,0.5907653951,-0.537404707,0.8990651506,-0.2803737977,0.7642641265,-0.1415008133,0.6796845117,-0.09169774834,0.6691915843,-0.05258491584,0.7293287863,2.828482461
1350,2015-01-10T09:00:00,1350,1351,1356,1,1.60698156,1.73601972,3,3,-0.2838906162,0,1.73601972,0.3802801762,0.8753136046,-0.2815492015,1.020802701,-0.1680712848,0.8495771425,-0.06957300513,0.7104666345,-0.06846179146,0.6966353134,-0.03180403782,0.7431360035,1.864718117
1351,2015-01-10T09:01:00,1351,1352,1357,1,0.7008040953,1.256870063,3,3,-0.4036229597,0,1.256870063,0.757489436,1.001471832,-0.1309995448,1.092624764,-0.1289741729,0.8885322824,-0.0195965845,0.7283439215,-0.06008831599,0.7076300544,-0.01999636852,0.7517991789,0.3624461255
1352,2015-01-10T09:02:00,1352,1353,1358,1,1.641463065,-0.1644073223,3,3,-0.2922402342,0,-0.1644073223,0.7403599424,1.003549282,0.01862073408,0.9595672245,-0.1452403304,0.8885642408,-0.02404004857,0.7288046165,-0.06237317966,0.7078657657,-0.02386454145,0.7514508539,-0.1368366102
1353,2015-01-10T09:03:00,1353,1354,1359,1,0.2579434224,0.7722553758,3,3,-0.4270421632,0,0.7722553758,0.7815186676,1.030636236,0.2636063401,0.8360458656,-0.08714910951,0.9009867515,0.002846641244,0.737405714,-0.05628697119,0.712397924,-0.02563198742,0.7493822007,-0.2577365567
1354,2015-01-10T09:04:00,1354,1355,1360,1,-0.1465316041,-0.2454019279,3,3,-0.4581458383,0,-0.2454019279,0.6710671818,1.027338023,0.2557434299,0.8379818509,-0.09693592633,0.9025878894,-0.009835362474,0.7372640196,-0.06452355455,0.7114253612,-0.0283220281,0.7496836711,0.3383579697
1355,2015-01-10T09:05:00,1355,1356,1361,1,1.291761511,-0.663690058,3,3,-0.7026575583,0,-0.663690058,0.1911252262,0.735368899,0.2857027012,0.8083753225,-0.1290383748,0.9146943238,-0.04252939691,0.7376988887,-0.06658413241,0.7131069598,-0.0381220546,0.750672435,1.778299675
1356,2015-01-10T10:00:00,1356,1357,1362,1,1.538968204,0.6513554293,3,3,0.4998206969,0,0.6513554293,0.07002229936,0.556485153,0.4137558677,0.8101300994,-0.06867754279,0.9178397553,-0.02748005028,0.7448122476,-0.05541554294,0.7163043959,-0.03073366218,0.7527173724,0.5156799791
1357,2015-01-10T10:01:00,1357,1358,1363,1,1.472096209,0.3506925985,3,3,0.751611153,0,0.3506925985,0.1730422835,0.5734691201,0.456701113,0.8173059381,-0.126351866,0.8575846015,-0.02162363705,0.7466464911,-0.05463865527,0.7166509616,-0.03820695475,0.744741414,-0.4848895738
1358,2015-01-10T10:02:00,1358,1359,1364,1,1.440523419,0.7762516473,3,3,0.4286493585,0,0.7762516473,0.1738415378,0.5745471979,0.4776801027,0.8343606936,-0.06816025501,0.8706714333,-0.03404778034,0.7293956991,-0.04864137129,0.7211255166,-0.03893576981,0.743938536,-0.4865381642
1359,2015-01-10T10:03:00,1359,1360,1365,1,1.670605587,-0.6112642667,3,3,0.5666106811,0,-0.6112642667,0.1006690701,0.626728699,0.3858681259,0.8509442623,-0.07576829053,0.875335445,-0.02732152926,0.7224855389,-0.05971273109,0.7237064759,-0.03244401685,0.7351537589,1.023288225
1360,2015-01-10T10:04:00,1360,1361,1366,1,2.224120631,-0.6498769544,3,3,0.7115808472,0,-0.6498769544,0.1034316908,0.6238268788,0.1472784585,0.6818824651,-0.06713537151,0.8680443106,-0.04817771829,0.7291735337,-0.06256189287,0.7258132368,-0.04483676181,0.7335727317,1.956985782
1361,2015-01-10T10:05:00,1361,1362,1367,1,0.4828089005,0.774603057,3,3,1.054353307,0,0.774603057,0.1280812163,0.6513901863,0.09905175784,0.605799018,-0.0159738935,0.8834085482,-0.01893033529,0.7367413999,-0.05233797116,0.7309456414,-0.04838837111,0.7287750726,1.927061583
1362,2015-01-10T11:00:00,1362,1363,1368,1,-0.5744612396,0.8985621223,3,3,1.121964288,0,0.8985621223,0.2376551211,0.7491294232,0.2053487023,0.667106335,0.1119847182,0.8263776741,0.00887209746,0.7495554053,-0.0337588026,0.7348848648,-0.03769273343,0.7325345701,0.647317362
1363,2015-01-10T11:01:00,1363,1364,1369,1,-0.5167378533,0.2838206031,3,3,0.6069696594,0,0.2838206031,0.1391689122,0.6758641843,0.156505225,0.6272546844,0.2100557826,0.7390605958,0.02427975399,0.7490550655,-0.02845736582,0.7354023796,-0.0449512057,0.7253719308,0.2671348483
1364,2015-01-10T11:02:00,1364,1365,1370,1,-0.8369450086,0.7446788578,3,3,0.5282556771,0,0.7446788578,0.4103575371,0.7021202996,0.2555133036,0.6654929666,0.2556283667,0.756668511,0.05359133518,0.7552298783,-0.02917900438,0.7346429208,-0.03552790458,0.7276972391,-1.444252683
1365,2015-01-10T11:03:00,1365,1366,1371,1,-1.058133718,-0.3811820988,3,3,0.5862776084,0,-0.3811820988,0.4640965083,0.6614868573,0.2837640995,0.6429326703,0.2847334003,0.730353709,0.04267557084,0.7575802271,-0.02786162826,0.7338644713,-0.0376713421,0.7284408232,-1.221778602
1366,2015-01-10T11:04:00,1366,1367,1372,1,-1.23069166,-0.0963619106,3,3,0.3560331137,0,-0.0963619106,0.2899035147,0.565172546,0.2089923655,0.6098070111,0.3113741166,0.7169990826,0.02572391894,0.7521306054,-0.01819105872,0.7274693945,-0.04926022552,0.718848538,-0.7838727017
1367,2015-01-10T11:05:00,1367,1368,1373,1,-0.2313012771,-0.9667086733,3,3,0.2158545898,0,-0.9667086733,-0.08315064437,0.5872327997,0.07725223836,0.6730665843,0.2669766757,0.748668025,-0.02322068481,0.751337357,-0.02792685212,0.7351545538,-0.06323666196,0.721335298,0.6073076741
1368,2015-01-10T12:00:00,1368,1369,1374,1,-0.2378768566,-0.1587080178,3,3,0.2762619073,0,-0.1587080178,-0.1716563685,0.5777276011,-0.01624372815,0.628713598,0.2307181873,0.7387281487,-0.02482136736,0.7516072239,-0.03365155129,0.7346070751,-0.05007870727,0.7038268634,0.1636448832
1369,2015-01-10T12:01:00,1369,1370,1375,1,-0.8192102862,0.3415439893,3,3,0.7162335445,0,0.3415439893,-0.2522833422,0.4961756948,0.07903709746,0.6079322476,0.2324526117,0.73948893,-0.023960593,0.7519785677,-0.01704576454,0.7272761482,-0.03886924745,0.6985349399,-0.4468189585
1370,2015-01-10T12:02:00,1370,1371,1376,1,-1.220718999,0.4244717025,3,3,1.529098328,0,0.4244717025,-0.09115258195,0.5031556488,0.1864719632,0.5876778324,0.1668752108,0.6365253062,-0.000598037,0.7506483153,-0.009322510222,0.7285020995,-0.03443534502,0.6995398884,-0.8386089512
1371,2015-01-10T12:03:00,1371,1372,1377,1,-1.084074403,-0.6023708086,3,3,1.533064471,0,-0.6023708086,-0.1923543616,0.5691033312,0.04877457659,0.5671413441,0.07391316722,0.5867886137,-0.02753050284,0.7529311038,-0.02272260533,0.7297218356,-0.03585804823,0.700590576,-0.4015217398
1372,2015-01-10T12:04:00,1372,1373,1378,1,-0.3733723373,-0.2689198524,3,3,1.42397081,0,-0.2689198524,-0.05279659738,0.3891491323,-0.06797362088,0.4981362305,0.06868754072,0.5887149422,-0.03827639485,0.7537014307,-0.03995965406,0.7197190137,-0.04702890865,0.6941618779,-0.3723913277
1373,2015-01-10T12:05:00,1373,1374,1379,1,-0.855718403,0.03268170982,3,3,0.05976416827,0,0.03268170982,-0.01451865187,0.3829007953,-0.0930875102,0.4900929504,0.03170885742,0.5628674529,-0.02772012605,0.7511980085,-0.0507830064,0.7126825457,-0.03466759594,0.6814194334,-0.3821100477
1374,2015-01-10T13:00:00,1374,1375,1380,1,-0.9482558962,-0.1652835972,3,3,-0.6052187886,0,-0.1652835972,-0.1158841692,0.358812337,-0.1840837557,0.4329761041,0.03571477395,0.5614041304,-0.03061057619,0.7516114341,-0.03265038405,0.6896513621,-0.0313819092,0.679669637,-0.6825526633
1375,2015-01-10T13:01:00,1375,1376,1381,1,-1.003255699,-0.2397894403,3,3,0.5754108069,0,-0.2397894403,-0.2487363977,0.3228170427,-0.1699444898,0.4227153002,0.05690980484,0.544082091,-0.03606428499,0.7525593092,-0.04082288096,0.6886183136,-0.0432955617,0.6712913955,-0.0009810096025
1376,2015-01-10T13:02:00,1376,1377,1382,1,-0.2860872644,0.02296298979,3,3,0.7673427043,0,0.02296298979,-0.1236696381,0.1781745904,-0.1580119998,0.4216780681,0.02549018286,0.5242504096,-0.02159367997,0.7474183261,-0.04424868052,0.6878218958,-0.04134514136,0.6710180444,-0.4736083553
1377,2015-01-10T13:03:00,1377,1378,1383,1,-0.3995612244,-0.4657262128,3,3,0.6240139673,0,-0.4657262128,-0.1630309102,0.2462981695,-0.1079137538,0.3256530635,-0.0153307577,0.5287100078,-0.07084131184,0.7123852964,-0.05941373342,0.6847088281,-0.04516317389,0.6723631808,-0.2657032328
1378,2015-01-10T13:04:00,1378,1379,1384,1,-0.3140234711,0.4417822135,3,3,2.051462089,0,0.4417822135,-0.08121080943,0.3154100098,-0.04786473065,0.3507823352,-0.0320542294,0.5090820342,-0.0501072422,0.7131736332,-0.06117463733,0.6833902579,-0.04988993539,0.6672441649,-1.002274689
1379,2015-01-10T13:05:00,1379,1380,1385,1,0.3310438105,-0.4496643559,3,3,1.987883236,0,-0.4496643559,-0.1380869612,0.3666869883,-0.1269855652,0.3627710301,-0.02397423386,0.5005918687,-0.04987126219,0.7130232676,-0.05151772614,0.6714737764,-0.05118175571,0.6679642885,0.1875210909
1380,2015-01-10T14:00:00,1380,1381,1386,1,0.1103694525,-0.2578210904,3,3,2.127004633,0,-0.2578210904,-0.1416932912,0.3691258528,-0.1952148445,0.3467453953,-0.004371440654,0.4824922817,-0.03575340608,0.7022462983,-0.03628307999,0.6515012286,-0.0456253904,0.6630282128,-0.1338579916
1381,2015-01-10T14:01:00,1381,1382,1387,1,0.2028848886,-0.2947892429,3,3,1.233107382,0,-0.2947892429,-0.2052437377,0.3918272259,-0.1644566879,0.3043638937,-0.05784105565,0.4551300276,-0.03690747458,0.70269268,-0.05216058494,0.6431541597,-0.0488131137,0.6635257602,0.6882512182
1382,2015-01-10T14:02:00,1382,1383,1388,1,-1.224138906,0.7401314242,3,3,1.702935462,0,0.7401314242,0.03592778968,0.4687294517,-0.06355156023,0.374412932,-0.06576259056,0.4406385978,0.02311106382,0.6622168958,-0.03929940345,0.6476514518,-0.03635382055,0.6633863014,0.1435227196
1383,2015-01-10T14:03:00,1383,1384,1389,1,-0.7465587747,-0.5792001728,3,3,1.226159837,0,-0.5792001728,-0.1682686876,0.497762556,-0.1247397485,0.4166839548,-0.1089136293,0.4548717502,0.05057107661,0.6136443894,-0.04639473654,0.6508795121,-0.03328864067,0.6598509227,0.244227444
1384,2015-01-10T14:04:00,1384,1385,1390,1,-1.165968643,0.5273199668,3,3,0.7271410799,0,0.5273199668,0.02712817697,0.512777949,-0.0554793921,0.4457581028,-0.1197815739,0.4394135824,0.06792339641,0.6187210728,-0.04872618475,0.6486527953,-0.0369141434,0.6557456274,-0.4853663296
1385,2015-01-10T14:05:00,1385,1386,1391,1,-1.788967826,0.1954029256,3,3,1.129022395,0,0.1954029256,0.1177729802,0.5072310546,-0.0119601555,0.4435860897,-0.09095232268,0.4332763806,0.09689053884,0.6004768781,-0.04566642276,0.6489971111,-0.03602924405,0.6559376388,-1.367661626
1386,2015-01-10T15:00:00,1386,1387,1392,1,-0.3101426,-0.4784954484,3,3,1.740979802,0,-0.4784954484,0.08103173908,0.5345042395,-0.06210599932,0.468627441,-0.1100589996,0.4457712819,0.1006575585,0.5969923451,-0.05532239583,0.6503682828,-0.03632526256,0.656145531,-0.9907862187
1387,2015-01-10T15:01:00,1387,1388,1393,1,0.3404772901,-0.2022738068,3,3,1.417672678,0,-0.2022738068,-0.1074493071,0.4293236723,-0.03576075872,0.4494586269,-0.07183725624,0.3924684541,0.09756970971,0.5977187044,-0.04648341306,0.6427697135,-0.03818816347,0.6564024238,-0.6806023135
1388,2015-01-10T15:02:00,1388,1389,1394,1,1.18210177,-0.6868923706,3,3,1.376100908,0,-0.6868923706,-0.1289877467,0.4599874708,-0.1486282171,0.479247345,-0.09824647389,0.4199561075,0.0662358567,0.6008670443,-0.05114292808,0.6463878006,-0.03450228506,0.6512835439,-0.4213062002
1389,2015-01-10T15:03:00,1389,1390,1395,1,1.772041282,-0.1016200413,3,3,0.9657122986,0,-0.1016200413,-0.2547757483,0.3975431177,-0.1138237857,0.4587928484,-0.1204046754,0.4135781051,0.05602396814,0.5991204915,-0.04273842257,0.6406701174,-0.04245717618,0.646678724,0.6806436187
1390,2015-01-10T15:04:00,1390,1391,1396,1,1.997339913,0.1079100984,3,3,0.8205882021,0,0.1079100984,-0.2722743137,0.39081068,-0.07725066679,0.4527782737,-0.1362327556,0.4032620329,0.01532122759,0.5328155087,-0.02712588877,0.627955096,-0.04053411844,0.6466564998,1.021079604
1391,2015-01-10T15:05:00,1391,1392,1397,1,2.19378954,-0.4275962573,3,3,1.050452385,0,-0.4275962573,-0.2620944755,0.3788259767,-0.09053136823,0.463251499,-0.1274940281,0.3919434469,-0.02679043042,0.4989692088,-0.02319350746,0.6242816429,-0.0489890208,0.6456136252,1.60340797
1392,2015-01-10T16:00:00,1392,1393,1398,1,0.3997473416,1.000329778,3,3,1.463848594,0,1.000329778,-0.02157375864,0.5791874609,-0.06451153288,0.5097925708,-0.06403154656,0.4472546863,0.002327997079,0.5227915634,-0.01085602574,0.6342188849,-0.04080612075,0.6520375509,1.091397663
1393,2015-01-10T16:01:00,1393,1394,1399,1,0.9858424215,0.4483460833,3,3,0.8568235787,0,0.4483460833,0.2054739321,0.5303741426,0.03824309273,0.4964298563,-0.04324832788,0.4582947307,-0.005769735234,0.5132513175,-0.001461546995,0.635292886,-0.03944789254,0.6528012763,0.9762603092
1394,2015-01-10T16:02:00,1394,1395,1400,1,1.082109856,0.1547321088,3,3,1.442600985,0,0.1547321088,0.2567443622,0.5329350896,0.000984306932,0.4701384584,-0.02724754258,0.4581104977,0.004233615684,0.5123669709,-0.002800873395,0.6348535845,-0.0416044978,0.6518619491,0.5903815704
1395,2015-01-10T16:03:00,1395,1396,1401,1,0.06195848047,0.4883194714,3,3,1.36691827,0,0.4883194714,0.3328262368,0.5739181763,0.0302759615,0.4909760996,0.009157903001,0.467881475,0.03303385392,0.5074142274,-0.004747771493,0.6331148587,-0.03337813697,0.6517955381,-0.6916503219
1396,2015-01-10T16:04:00,1396,1397,1402,1,0.2934681326,0.3332087291,3,3,1.620911901,0,0.3332087291,0.484987234,0.5612664008,0.1114463793,0.4788157753,0.02467018996,0.4737489974,0.02508018641,0.4996381713,-0.001199931931,0.6341859296,-0.02858363315,0.652130426,0.009582112267
1397,2015-01-10T16:05:00,1397,1398,1403,1,0.4927111644,-0.23114663,3,3,1.427562155,0,-0.23114663,0.2386919525,0.354363927,0.1085590969,0.48012077,0.03639916911,0.4650424771,0.0105342057,0.4978949577,-0.005544715676,0.6345787468,-0.03291436828,0.6519398209,0.491728286
1398,2015-01-10T17:00:00,1398,1399,1404,1,0.3511523317,-0.7937124209,3,3,0.9072897745,0,-0.7937124209,-0.009719748342,0.4597464868,0.0978770919,0.4963182262,-0.02537556261,0.4878574584,-0.02871489601,0.4985826999,-0.03138133817,0.6247410642,-0.04199921286,0.6553952319,0.7536088023
1399,2015-01-10T17:01:00,1399,1400,1405,1,-0.4201690627,1.034441163,3,3,1.264818286,0,1.034441163,0.1662220625,0.6485307479,0.2114832123,0.5935536794,0.04882971334,0.530470003,0.01242773974,0.5157473427,-0.007446894756,0.6276864963,-0.03566590748,0.6616891133,0.2838860204
1400,2015-01-10T17:02:00,1400,1401,1406,1,1.389118984,0.2509995438,3,3,1.88512789,0,0.2509995438,0.118758077,0.6208873521,0.2257921569,0.597864189,0.07427074505,0.530306399,0.0349496522,0.5069633511,-0.006614033044,0.6279752709,-0.03005804451,0.660964333,0.0009828783919
1401,2015-01-10T17:03:00,1401,1402,1407,1,1.828994543,-0.5318319046,3,3,1.842914167,0,-0.5318319046,-0.05425004972,0.6479695421,0.2153685922,0.6061701494,0.06241861197,0.5394646427,0.002288778158,0.4990818784,-0.008320778565,0.6292339039,-0.03412905472,0.6627331747,-0.4024564706
1402,2015-01-10T17:04:00,1402,1403,1408,1,2.288764068,0.5647183812,3,3,1.056195771,0,0.5647183812,0.1049229525,0.6877209788,0.1718074525,0.5470529853,0.05364795982,0.5287510917,-0.006057315368,0.4866929683,0.001407391046,0.6319427787,-0.02452497352,0.6625661161,-0.7040550831
1403,2015-01-10T17:05:00,1403,1404,1409,1,3.154731852,-0.03190359823,3,3,0.3522431634,0,-0.03190359823,0.2572847171,0.5892094968,0.1237824844,0.5284575022,0.08101278855,0.5126938335,-0.0139504204,0.4846458893,0.005164666797,0.6308585932,-0.02362171735,0.6624487296,1.388136105
1404,2015-01-10T18:00:00,1404,1405,1410,1,2.448863749,-0.9352712537,3,3,0.1786800005,0,-0.9352712537,-0.1366577663,0.5550680955,0.01478214812,0.6036111007,0.007883227526,0.5410067148,-0.05594917319,0.4928349429,-0.001178919004,0.6376748584,-0.03810239398,0.6638992702,2.231451014
1405,2015-01-10T18:01:00,1405,1406,1411,1,2.409075217,0.2631197688,3,3,0.531235576,0,0.2631197688,-0.1342337213,0.5561895711,-0.00773782214,0.5894268161,0.01126906968,0.5424396288,-0.0398416265,0.4909018094,0.001416972173,0.6383229539,-0.031854961,0.6628470691,2.992819151
1406,2015-01-10T18:02:00,1406,1407,1412,1,0.60617903,2.06028759,3,3,0.04348221734,0,2.06028759,0.3841901776,1.049635553,0.164970064,0.8722383053,0.1382082216,0.7035851789,0.01407461102,0.5889584619,0.01989926498,0.6754896437,-0.007435835472,0.6844208037,1.766595747
1407,2015-01-10T18:03:00,1407,1408,1413,1,0.6214991124,-0.09195634524,3,3,-0.203250704,0,-0.09195634524,0.2528552323,1.019629648,0.1788890924,0.8696564734,0.1437240947,0.7024308989,0.03594341922,0.5689642586,0.006361367203,0.6664188441,-0.006636761671,0.6842574475,0.2174127353
1408,2015-01-10T18:04:00,1408,1409,1414,1,-0.8700493931,1.024487906,3,3,0.4061999792,0,1.024487906,0.4641335332,1.117746011,0.3607091251,0.8934550844,0.2292931085,0.7227011033,0.06552331731,0.5910414609,0.02035097498,0.6761077678,-0.0005932617567,0.6900785265,-0.5837439333
1409,2015-01-10T18:05:00,1409,1410,1415,1,-1.438221359,0.834064186,3,3,0.1093222445,0,0.834064186,0.8180006211,1.101608957,0.3406714274,0.8722507911,0.2760773199,0.7460319741,0.07783632223,0.6031627291,0.02693786462,0.6816439848,0.01458159772,0.6883958332,-1.160416717
1410,2015-01-10T19:00:00,1410,1411,1416,1,1.588453836,-1.641139357,3,3,0.6686700445,0,-1.641139357,0.437148796,1.318470162,0.1514575374,1.011857304,0.1886248471,0.8310525834,0.02619604575,0.653172513,0.01279900438,0.7036004637,0.002517008436,0.7042880447,0.4040863771
1411,2015-01-10T19:01:00,1411,1412,1417,1,1.956760022,0.2233312373,3,3,0.5854763824,0,0.2233312373,0.06975752548,0.9483574995,0.2269738516,1.000279146,0.2211712219,0.8270431128,0.0468385969,0.6471553044,0.009654047028,0.7020381881,0.0004644620822,0.7032775419,-0.2863054598
1412,2015-01-10T19:02:00,1412,1413,1418,1,1.648830126,0.2573914027,3,3,-0.4468182332,0,0.2573914027,0.1396270751,0.9544321976,0.1962411537,0.9875690959,0.1840243031,0.7982980922,0.05999637828,0.6470380972,0.01085999171,0.7023973754,-0.006640976617,0.6963354595,-0.2778046427
1413,2015-01-10T19:03:00,1413,1414,1419,1,2.141860124,-0.07663626288,3,3,-1.125501993,0,-0.07663626288,-0.0805977587,0.837973955,0.1917678872,0.987814885,0.1577751858,0.7921633602,0.05726342896,0.6471309178,0.01477165146,0.7010980219,-0.01476752795,0.6915227754,1.184367459
1414,2015-01-10T19:04:00,1414,1415,1420,1,2.1803655,-0.4670605996,3,3,-0.8391042089,0,-0.4670605996,-0.3408227158,0.7789074764,0.2385889526,0.954001874,0.1266855504,0.7982687318,0.0497190039,0.6508064983,0.009554213856,0.7030180816,-0.005193921398,0.6769507862,2.243065481
1415,2015-01-10T19:05:00,1415,1416,1421,1,1.298603902,0.2658922198,3,3,-0.3039348178,0,0.2658922198,0.04058359946,0.2866512057,0.2388661977,0.9540787397,0.1155641878,0.7929975451,0.0623610454,0.6510599746,0.0131483802,0.7036421692,-0.006428238841,0.6763306524,1.926634769
1416,2015-01-10T20:00:00,1416,1417,1422,1,-0.4886593775,1.385535839,3,3,-0.2782252866,0,1.385535839,0.2730245198,0.675378011,0.1713910226,0.8232610171,0.1681805433,0.8481032848,0.09642536663,0.6869196803,0.03741584333,0.7178066597,0.002642668534,0.6875212889,0.9574926643
1417,2015-01-10T20:01:00,1417,1418,1423,1,-1.052026274,0.5916374226,3,3,0.3090252581,0,0.5916374226,0.3398737238,0.716165036,0.2397503994,0.8437514974,0.2093197459,0.856801894,0.1228594575,0.6893380851,0.02600907284,0.7009564202,0.001343996891,0.6862553835,-0.06269998105
1418,2015-01-10T20:02:00,1418,1419,1424,1,0.03887790581,-0.05053849308,3,3,0.7322158177,0,-0.05053849308,0.3450932778,0.7157014485,0.1322477595,0.7792396655,0.2464784423,0.8382948301,0.1105514399,0.6858363951,0.03022209883,0.6996385467,-0.003932611602,0.6842066087,-0.6280308669
1419,2015-01-10T20:03:00,1419,1420,1425,1,0.2687243067,0.4163937348,3,3,1.016112756,0,0.4163937348,0.5217841446,0.7094196156,0.09048071441,0.7449741767,0.2155760709,0.8111128055,0.1322028921,0.6853110269,0.04116581496,0.6993044343,0.009722479951,0.6761176595,-1.446152042
1420,2015-01-10T20:04:00,1420,1421,1426,1,0.8924223666,-0.4285552227,3,3,1.159167202,0,-0.4285552227,0.3828946561,0.7251678236,0.2117391278,0.5513788562,0.1815983326,0.8148232469,0.1279345388,0.687445198,0.04609056637,0.6948851573,0.01845612628,0.663698878,-0.9893262928
1421,2015-01-10T20:05:00,1421,1422,1427,1,1.196856137,-0.6158693789,3,3,1.376536695,0,-0.6158693789,-0.01738638747,0.4666749173,0.1278190662,0.5804829611,0.1773964589,0.8177771209,0.1199075354,0.6927414814,0.04150003042,0.6977348216,0.005195455181,0.6600972924,0.6669087727
1422,2015-01-10T21:00:00,1422,1423,1428,1,2.64237514,-0.4017274402,3,3,1.383298813,0,-0.4017274402,-0.21605936,0.4243294684,0.06190718188,0.5886203601,0.1290741678,0.8129473069,0.09136106381,0.6857335637,0.05723606381,0.6740777913,0.004254085638,0.6605894657,1.714876349
1423,2015-01-10T21:01:00,1423,1424,1429,1,1.650337983,0.02827052633,3,3,1.303400597,0,0.02827052633,-0.2002975562,0.4239156926,0.0723978608,0.5881892033,0.132082874,0.8129405839,0.1065478313,0.6796055326,0.07855945394,0.6474654881,0.004586119402,0.6605936619,1.881748659
1424,2015-01-10T21:02:00,1424,1425,1430,1,0.5139482603,1.040365687,3,3,1.414826231,0,1.040365687,-0.07550316579,0.6012486327,0.2231404894,0.6575622059,0.230864721,0.8193008087,0.1193739743,0.6942413415,0.09364868535,0.6575662728,0.007307201591,0.6641967424,0.5299473645
1425,2015-01-10T21:03:00,1425,1426,1431,1,1.261789012,0.6462401357,3,3,0.7350765287,0,0.6462401357,0.1394559059,0.6389782978,0.261175281,0.6834331121,0.2500207394,0.8298635612,0.1306449045,0.701040042,0.1137677217,0.6526981008,0.01310401967,0.666796231,0.9274987916
1426,2015-01-10T21:04:00,1426,1427,1432,1,2.323561097,0.1951428372,3,3,0.7511252071,0,0.1951428372,0.3016583491,0.5831383988,0.1421359808,0.5281268174,0.1567635017,0.6916200682,0.1474858617,0.6976282759,0.1240717101,0.6492630713,0.01228035667,0.6664940655,-0.2314106763
1427,2015-01-10T21:05:00,1427,1428,1433,1,3.228428681,-0.3114356084,3,3,1.17128244,0,-0.3114356084,0.3197167155,0.571989364,0.05182867772,0.5036007001,0.1457895386,0.694813016,0.1447568166,0.6986323407,0.1211632632,0.6501364461,0.01726333017,0.6619146361,-0.01599910413
1428,2015-01-10T22:00:00,1428,1429,1434,1,2.880969496,1.043791563,3,3,0.465096885,0,1.043791563,0.5228209228,0.7381816533,0.1612616833,0.6019205378,0.1467547214,0.6962480844,0.188023915,0.709597872,0.1271298858,0.6574839712,0.02857935293,0.6681226229,0.3342902204
1429,2015-01-10T22:01:00,1429,1430,1435,1,3.261593299,-0.9637666308,3,3,-0.2383032619,0,-0.9637666308,0.1219944593,0.7170838338,0.02324564676,0.6617058043,0.05686318058,0.70457118,0.1664702502,0.7255977722,0.1112471092,0.6653711334,0.0269978017,0.670176227,2.554971773
1430,2015-01-10T22:02:00,1430,1431,1436,1,4.028913484,-0.09602403621,3,3,-0.5757829001,0,-0.09602403621,-0.02645837507,0.6576686743,0.05649876541,0.6483908352,0.1341189466,0.6018427196,0.1613718969,0.7255560128,0.08834656223,0.6365233279,0.03570670644,0.6620893023,3.244427785
1431,2015-01-10T22:03:00,1431,1432,1437,1,2.853443608,1.394080887,3,3,-0.7450483261,0,1.394080887,0.213329235,0.9020001352,0.257493792,0.7594914865,0.1926564291,0.6759392673,0.2069138255,0.7552794859,0.09006169753,0.6400849057,0.05350893685,0.6707961044,2.546679276
1432,2015-01-10T22:04:00,1432,1433,1438,1,2.667085516,1.256914922,3,3,-0.536127865,0,1.256914922,0.526999341,1.053647399,0.4233580283,0.8477454432,0.2426326051,0.7297760837,0.2133284541,0.7648048694,0.1078282256,0.6550715636,0.0638721342,0.6805374533,0.7066215258
1433,2015-01-10T22:05:00,1433,1434,1439,1,1.491748565,0.5934319757,3,3,-0.5278888453,0,0.5934319757,0.4369274236,0.981175304,0.4798741732,0.8682214955,0.276136017,0.7415440324,0.2169556014,0.7672712497,0.1055929331,0.6527373459,0.07134416914,0.6821288423,0.7844856985
1434,2015-01-10T23:00:00,1434,1435,1440,1,1.45195828,0.6963323781,3,3,-0.3913559317,0,0.6963323781,0.7689472254,0.934832343,0.4454708424,0.8331028551,0.3343056659,0.750482652,0.2304956081,0.7747442091,0.1173646119,0.6567908733,0.07496462045,0.6846670084,0.3067643318
1435,2015-01-10T23:01:00,1435,1436,1441,1,1.855190324,-0.583142828,3,3,-0.1183871317,0,-0.583142828,0.671523467,0.9695764529,0.322532546,0.828434241,0.2918539135,0.7594024329,0.2037090507,0.7763817237,0.1183714523,0.6558344986,0.06473783589,0.6842118165,1.96046399
1436,2015-01-10T23:02:00,1436,1437,1442,1,1.931045187,0.6712961484,3,3,1.142799671,0,0.6712961484,0.5269665192,0.8009456272,0.3701478771,0.8529707327,0.256141929,0.7093930526,0.2121612361,0.7818304435,0.1186207113,0.6560857965,0.06992045742,0.6869358119,0.7072628666
1437,2015-01-10T23:03:00,1437,1438,1443,1,1.073783469,0.2186110114,3,3,1.946820977,0,0.2186110114,0.3193057371,0.5788825687,0.4231525391,0.8500817222,0.2374906084,0.6986603608,0.2234051772,0.7817402974,0.1169696914,0.6553690874,0.07077191527,0.6871434261,1.145193948
1438,2015-01-10T23:04:00,1438,1439,1444,1,-0.7086572931,1.07055683,3,3,1.434571304,0,1.07055683,0.414730708,0.7027738696,0.4258290658,0.8534037992,0.2935453746,0.7384464701,0.2700119084,0.7899498121,0.1206485062,0.6605321393,0.06908307737,0.6842571398,-0.1052736662
1439,2015-01-10T23:05:00,1439,1440,1445,1,-0.5862518005,-0.581904975,3,3,0.9785826735,0,-0.581904975,0.1590832374,0.681643628,0.4640152314,0.8180921541,0.2436304391,0.7440192686,0.229603255,0.7782893598,0.1210154974,0.6602005942,0.07156982183,0.681594944,1.22378232
1440,2015-01-11T00:00:00,1440,1441,1446,1,-1.267927298,0.6565420931,3,3,1.663869107,0,0.6565420931,0.4070202216,0.6948643235,0.5392718443,0.8434793791,0.2978853049,0.7522858958,0.2397418187,0.78417823,0.1373457355,0.660283021,0.07550458421,0.6840178794,-0.0714104795
1441,2015-01-11T00:01:00,1441,1442,1447,1,-0.4775305396,-0.1799107844,3,3,1.877076769,0,-0.1799107844,0.2367788351,0.6318087545,0.3818726772,0.7213515786,0.3196832346,0.7406670703,0.2485398467,0.780175342,0.1254143124,0.6548878857,0.07729942987,0.6832628035,-0.6033836269
1442,2015-01-11T00:02:00,1442,1443,1448,1,-2.720911935,0.7471510111,3,3,1.322990238,0,0.7471510111,0.342486835,0.7080049958,0.3308962861,0.64667461,0.3771271572,0.7539430972,0.2531006625,0.7840004839,0.1235216736,0.6525054805,0.08530514819,0.6863818446,-1.81003412
1443,2015-01-11T00:03:00,1443,1444,1449,1,-1.565372982,-0.6386507063,3,3,0.634973559,0,-0.6386507063,0.000645327724,0.594665985,0.2076880179,0.6509680274,0.3437810955,0.7673225977,0.2379319848,0.7904607397,0.1119907822,0.6556332126,0.08275377279,0.6881844012,-1.196516818
1444,2015-01-11T00:04:00,1444,1445,1450,1,-1.357940411,-0.7118839317,3,3,0.2817599998,0,-0.7118839317,-0.02535046362,0.6223027399,0.0668663869,0.6526479662,0.2561686146,0.7483347296,0.2435166678,0.7846205078,0.09378374732,0.6551776943,0.08038627661,0.690141964,0.1258530873
1445,2015-01-11T00:05:00,1445,1446,1451,1,-0.2568336402,-0.4594994824,3,3,0.8760063013,0,-0.4594994824,-0.2485587787,0.585900291,0.07923072146,0.6426957208,0.2008816337,0.7414044379,0.2254511866,0.7868780308,0.09280478003,0.6558054673,0.07609504363,0.691396997,-0.9108778146
1446,2015-01-11T01:00:00,1446,1447,1452,1,-1.923936523,-0.02513340415,3,3,0.4822242939,0,-0.02513340415,-0.2176033027,0.5804583624,0.009587766203,0.6066771023,0.1898678217,0.7401405871,0.1733156617,0.7162912841,0.09369513636,0.6557229878,0.07103806388,0.6893585717,-0.368856164
1447,2015-01-11T01:01:00,1447,1448,1453,1,-2.273995236,0.6104859738,3,3,0.1143854737,0,0.6104859738,-0.2449363101,0.5475615113,0.04877526245,0.6328880955,0.2359639008,0.7493951814,0.1908767197,0.722619632,0.1134100694,0.6503458542,0.06786648469,0.6856644671,-1.483793499
1448,2015-01-11T01:02:00,1448,1449,1454,1,-1.527456735,-1.496230384,3,3,0.3161176077,0,-1.496230384,-0.4164522458,0.8160819422,-0.207903459,0.714008883,0.1089628034,0.7867994438,0.1278587624,0.742904691,0.09669103986,0.6712813823,0.05618690412,0.6990829248,0.6540441745
1449,2015-01-11T01:03:00,1449,1450,1455,1,-1.093047859,0.5168882465,3,3,-0.2664548066,0,0.5168882465,-0.1706978101,0.7861734426,-0.09802413686,0.7089884985,0.1829955473,0.765486598,0.1199293639,0.735659663,0.09888284308,0.6726813575,0.05793503105,0.7001124157,-1.555080359
1450,2015-01-11T01:04:00,1450,1451,1456,1,-1.294129251,-0.5044513609,3,3,-1.204781793,0,-0.5044513609,-0.1796881858,0.7916659409,-0.2141234823,0.6964244801,0.162574181,0.7734547561,0.1483465638,0.6929815722,0.08727130479,0.673371291,0.05798152419,0.70007873,-0.7902017376
1451,2015-01-11T01:05:00,1451,1452,1457,1,-3.343956469,0.6416072888,3,3,-1.151651526,0,0.6416072888,-0.04634004721,0.8419861086,-0.1319716749,0.7231433183,0.1249505011,0.7222480041,0.1588034651,0.6994769733,0.102821031,0.67382417,0.05937051972,0.7011854893,-2.181500909
1452,2015-01-11T02:00:00,1452,1453,1458,1,-2.692514613,-1.692236287,3,3,-0.7046263479,0,-1.692236287,-0.5068844993,1.098696825,-0.3759104047,0.8680317739,-0.02250705933,0.7653976782,0.1100627729,0.7477990165,0.08502957557,0.6992358931,0.04392758543,0.7178503825,0.4620324998
1453,2015-01-11T02:01:00,1453,1454,1459,1,-4.958440324,0.2604272604,3,3,-0.3451050995,0,0.2604272604,-0.1555529704,0.8791803633,-0.2860026081,0.8482180874,-0.03915729509,0.7560533369,0.118489361,0.7488338268,0.08787639496,0.6998323102,0.04934422129,0.7173629888,-0.5039275136
1454,2015-01-11T02:02:00,1454,1455,1460,1,-3.003574637,-0.7496918827,3,3,-0.4574441691,0,-0.7496918827,-0.4088689962,0.9121025179,-0.2897834032,0.8514692258,-0.1114585081,0.7586004252,0.1114235789,0.7545524555,0.08057129139,0.7045915505,0.04351066886,0.7206058225,-1.162455559
1455,2015-01-11T02:03:00,1455,1456,1461,1,-3.681588067,0.9512971221,3,3,-0.5282441249,0,0.9512971221,-0.1177192996,0.9808312857,-0.1487037427,0.8912813734,-0.03473651063,0.7769942973,0.1285587014,0.7682487205,0.09545987342,0.7120692337,0.05161848728,0.7258169423,-3.154547113
1456,2015-01-11T02:04:00,1456,1457,1462,1,-2.358761732,-0.705532753,3,3,-0.2543078605,0,-0.705532753,-0.387147308,0.9895722922,-0.2167436776,0.9187474976,-0.1035779557,0.778509496,0.07628198663,0.7447534956,0.08635367663,0.716420413,0.05037122443,0.7268999405,-4.454512811
1457,2015-01-11T02:05:00,1457,1458,1463,1,-0.02635787391,-1.408219929,3,3,0.09175116751,0,-1.408219929,-0.3303440363,0.8961792593,-0.4186142678,1.002564705,-0.1849195027,0.8383565262,0.02628555285,0.7716760864,0.07457250519,0.7316662415,0.02610123284,0.7252962127,-1.841119077
1458,2015-01-11T03:00:00,1458,1459,1464,1,-0.3695733342,-1.040794431,3,3,0.2673488409,0,-1.040794431,-0.5905883747,1.003106875,-0.3730706725,0.94318119,-0.2904870658,0.8364805563,0.001529154396,0.788987614,0.05604029713,0.7392134387,0.02065778402,0.7306366281,-0.5270409542
1459,2015-01-11T03:01:00,1459,1460,1465,1,0.4430821105,-2.005498451,3,3,0.5003253038,0,-2.005498451,-0.8417496883,1.303157944,-0.6253093423,1.124755891,-0.3616667396,0.9401437405,-0.05901815025,0.8477720581,0.03659237094,0.7708335313,0.007771159895,0.7520573662,2.095751079
1460,2015-01-11T03:02:00,1460,1461,1466,1,-0.4732220252,1.205173805,3,3,0.1786438052,0,1.205173805,-0.7909743518,1.344513356,-0.4543468257,1.176806308,-0.334235154,0.9669229917,-0.01817492456,0.8662777098,0.05487980713,0.7819903998,0.02466873606,0.7563438006,1.814761204
1461,2015-01-11T03:03:00,1461,1462,1467,1,-2.074239461,0.2732836919,3,3,0.4696292247,0,0.2732836919,-0.5952110628,1.312668148,-0.4911791854,1.162400746,-0.3115754302,0.9680164648,0.004053902213,0.8618710997,0.06198071881,0.7818927525,0.02901798768,0.7564146912,0.15746762
1462,2015-01-11T03:04:00,1462,1463,1468,1,-2.516107495,0.6172935824,3,3,0.1910761833,0,0.6172935824,-0.1901083606,1.184352678,-0.2602261985,1.050197251,-0.3180683016,0.9634296616,0.02952942778,0.8650511276,0.06044524579,0.7805587658,0.04800051847,0.7432081787,-1.652668968
1463,2015-01-11T03:05:00,1463,1464,1469,1,-3.383195392,0.9241839293,3,3,0.06537965509,0,0.9241839293,0.2028873115,1.164844987,-0.1938505316,1.086988327,-0.2399265698,0.9749403948,0.05192726285,0.8772949169,0.07923754707,0.7847005961,0.06968205691,0.7321360274,-2.287983229
1464,2015-01-11T04:00:00,1464,1465,1470,1,-1.805565565,-1.384009892,3,3,0.442056599,0,-1.384009892,0.3271850233,0.9672412892,-0.2572823325,1.14755748,-0.2735328678,1.010417738,-0.008682126605,0.8890862931,0.05534592384,0.7976357179,0.0595384147,0.7428012841,-2.231707081
1465,2015-01-11T04:01:00,1465,1466,1471,1,-1.762302364,-1.192843006,3,3,0.4007369176,0,-1.192843006,-0.1524183388,0.9641793501,-0.4716963453,1.169905548,-0.310200044,1.039966701,-0.05465920515,0.9031088748,0.03799284969,0.8084128835,0.05762541274,0.7455725454,-0.8634385265
1466,2015-01-11T04:02:00,1466,1467,1472,1,-1.528901977,0.288869669,3,3,0.3652079821,0,0.288869669,-0.1493011434,0.9650876442,-0.3722561031,1.152061593,-0.2944998904,1.041955584,-0.05231603435,0.9037365566,0.04758491366,0.8072871159,0.06527579528,0.7438245392,-1.095212164
1467,2015-01-11T04:03:00,1467,1468,1473,1,0.2929343034,-1.327733743,3,3,-0.2108051818,0,-1.327733743,-0.5383066086,1.098981013,-0.3642074846,1.142464558,-0.3914108762,1.074793295,-0.07772348773,0.9264917067,0.03351666445,0.8205102163,0.05486767954,0.7536006192,0.4261415152
1468,2015-01-11T04:04:00,1468,1469,1474,1,-1.207207082,0.175425548,3,3,0.05586803149,0,0.175425548,-0.6880582849,1.021318219,-0.2425854867,1.095434787,-0.3078280796,1.022146792,-0.0994326381,0.9120957817,0.04429563843,0.8171437618,0.05160904452,0.7519949157,-0.8988638374
1469,2015-01-11T04:05:00,1469,1470,1475,1,-1.338518731,0.05709603177,3,3,0.3981979821,0,0.05709603177,-0.3998371002,0.8128014636,-0.03632603842,0.8933649677,-0.3308176904,1.015671399,-0.07391107154,0.8993214447,0.04627958935,0.8170897099,0.04952771561,0.7514910847,-0.433689813
1470,2015-01-11T05:00:00,1470,1471,1476,1,-0.891702924,0.1936199355,3,3,0.03269770843,0,0.1936199355,-0.1225445118,0.6193295308,-0.1374814253,0.810311942,-0.2959141255,1.010316418,-0.06666997225,0.8997142672,0.04735096231,0.81728737,0.03667438407,0.7348037508,-0.1332072118
1471,2015-01-11T05:01:00,1471,1472,1477,1,-0.6251061893,-1.149579805,3,3,0.4192380435,0,-1.149579805,-0.4102344066,0.7944725772,-0.279767775,0.8839063403,-0.3854734802,1.032585568,-0.1302614895,0.8910317434,0.03832616797,0.8259493536,0.01662063517,0.7333382441,-0.308343245
1472,2015-01-11T05:02:00,1472,1473,1478,1,-0.739315398,0.5222700561,3,3,0.7401715674,0,0.5222700561,-0.04023364666,0.5772040364,-0.2892701276,0.8777595815,-0.2747481631,0.967826469,-0.1486276112,0.8725026304,0.03235042145,0.8204228569,0.02234294666,0.7347331368,-0.9048289183
1473,2015-01-11T05:03:00,1473,1474,1479,1,-2.145612545,0.4941025367,3,3,0.6763522901,0,0.4941025367,0.0235017511,0.6130555753,-0.3322782669,0.8422968723,-0.2630643992,0.9723702083,-0.1511108472,0.8709536355,0.03292237712,0.8207513039,0.02002500633,0.7327328574,-0.7584957122
1474,2015-01-11T05:04:00,1474,1475,1480,1,-0.3169792516,-1.324715838,3,3,0.3556085001,0,-1.324715838,-0.2528606228,0.8521499617,-0.3263488615,0.8327081651,-0.291815597,1.002569463,-0.2016370526,0.8889938509,0.01442927778,0.8338281167,0.01103072375,0.7423068928,-0.3167629443
1475,2015-01-11T05:05:00,1475,1476,1481,1,-0.01555068367,-0.07421561722,3,3,0.3791474333,0,-0.07421561722,-0.3064277334,0.8483887157,-0.2144861226,0.7427423781,-0.343091234,0.9798839808,-0.1889138723,0.884277319,0.007397589176,0.8320802118,0.01594301076,0.7398612834,0.1655135203
1476,2015-01-11T06:00:00,1476,1477,1482,1,0.243579175,0.6404357429,3,3,-0.09195564214,0,0.6404357429,0.05157537614,0.7331359053,-0.1793295152,0.7644196922,-0.2757928092,0.977645994,-0.1896853824,0.8837049069,0.01123792685,0.8343240392,0.01585201337,0.7397818388,-1.387116833
1477,2015-01-11T06:01:00,1477,1478,1483,1,-0.9248421812,-0.88298307,3,3,0.3240102882,0,-0.88298307,-0.2294752491,0.7992914823,-0.1348544479,0.697148253,-0.2495309662,0.9463722715,-0.2172252345,0.8939972431,0.003089971349,0.8397466771,0.0055713828,0.7434712171,-0.0002163072785
1478,2015-01-11T06:02:00,1478,1479,1484,1,-3.425221311,0.4080608474,3,3,0.3255876021,0,0.4080608474,-0.2466835869,0.7895201969,-0.1115909179,0.7068165532,-0.1770882023,0.9218370282,-0.233787634,0.8801940774,0.0181121372,0.836290117,0.002503126134,0.7410233978,-0.181064204
1479,2015-01-11T06:03:00,1479,1480,1485,1,-1.606214941,-0.9121946106,3,3,0.2208449359,0,-0.9121946106,-0.1641793415,0.662410396,-0.2085199822,0.7631995446,-0.1224230103,0.8308352756,-0.2420448749,0.8871745905,-0.00622080997,0.8345097608,-4.626731964e-06,0.7435967552,1.630696008
1480,2015-01-11T06:04:00,1480,1481,1486,1,-1.442890618,0.503917456,3,3,-0.05939171846,0,0.503917456,-0.04855272687,0.6989080781,-0.1774902301,0.7772502539,-0.1574858277,0.7939532104,-0.2458604909,0.8846755824,-0.003059336067,0.8359385092,0.009610326688,0.7426525033,-0.9246258739
1481,2015-01-11T06:05:00,1481,1482,1487,1,0.1150870405,0.2272129507,3,3,-0.8760812857,0,0.2272129507,-0.1311972853,0.6455742083,-0.03981095459,0.6907439157,-0.1597893648,0.7932268199,-0.2356823975,0.8849476436,0.006428724624,0.8342079765,0.005048742469,0.7395693832,-3.244157107
1482,2015-01-11T07:00:00,1482,1483,1488,1,-0.807131518,0.8995656016,3,3,-0.3138314484,0,0.8995656016,0.225312449,0.6501368259,-0.002081400037,0.7285412706,-0.1456757638,0.8066084137,-0.2318720327,0.8884857472,0.01061431488,0.8378734038,0.005057104797,0.7395795488,-3.23691095
1483,2015-01-11T07:01:00,1483,1484,1489,1,2.005020535,-2.051404426,3,3,-0.551803551,0,-2.051404426,-0.2665806057,1.109516645,-0.2566320963,0.9629042857,-0.2944551816,0.9046128134,-0.2671908757,0.940434239,-0.01462944547,0.8686900307,-0.01440310378,0.7624798089,-0.5182647438
1484,2015-01-11T07:02:00,1484,1485,1490,1,4.359934319,-2.092318282,3,3,-0.5647495573,0,-2.092318282,-0.50260534,1.392898612,-0.3333923407,1.090631486,-0.3298706011,0.9702782915,-0.3017017345,0.9905513537,-0.02909253333,0.8935382828,-0.03804474661,0.7830937804,3.359244147
1485,2015-01-11T07:03:00,1485,1486,1491,1,3.327022769,0.9068117587,3,3,0.1687101714,0,0.9068117587,-0.4220264794,1.433122987,-0.2352896032,1.127455985,-0.2248878629,0.9546788043,-0.2675439535,0.9982340302,-0.02104638345,0.8987903578,-0.02731146447,0.78668774,2.429779431
1486,2015-01-11T07:04:00,1486,1487,1492,1,1.743152153,0.6672417795,3,3,0.7189292104,0,0.6672417795,-0.3340207137,1.460328274,-0.2326089995,1.129009461,-0.2059692574,0.9641057591,-0.2502345739,1.003785673,-0.03845945608,0.8719687152,-0.02094810038,0.7889932299,2.523285279
1487,2015-01-11T07:05:00,1487,1488,1493,1,-1.179124509,1.785190609,3,3,0.08160917819,0,1.785190609,-0.1568957122,1.614960097,0.03420836839,1.231010562,-0.05032303974,1.000350611,-0.220866958,1.038239369,-0.01499511916,0.8944607646,0.001984393636,0.8007996933,1.000690172
1488,2015-01-11T08:00:00,1488,1489,1494,1,-2.499938211,-0.02265295689,3,3,-0.06971185842,0,-0.02265295689,0.2488545816,1.329115015,-0.008863012038,1.224249547,-0.06022696498,0.9995940662,-0.1840275223,1.010933322,-0.02808437994,0.8871002089,0.00311818581,0.8006712953,0.897243338
1489,2015-01-11T08:01:00,1489,1490,1495,1,-2.444753129,0.7607476272,3,3,-0.08456610428,0,0.7607476272,0.8194677635,1.003361827,0.1584312117,1.213857796,-0.02504438521,1.013884681,-0.1779310378,1.014778433,-0.02900083693,0.8862760316,0.006611549458,0.8030723683,-0.7801331258
1490,2015-01-11T08:02:00,1490,1491,1496,1,-4.419587014,0.2625955015,3,3,-0.1626649845,0,0.2625955015,0.690624512,0.9252376569,0.1342990163,1.206214371,-0.02159560692,1.014660304,-0.1587548662,1.012490691,-0.005204151202,0.8675715701,0.005262581116,0.802495107,-2.179814681
1491,2015-01-11T08:03:00,1491,1492,1497,1,-3.904803746,-0.1260997907,3,3,0.05118289785,0,-0.1260997907,0.531956198,0.877611893,0.09896774216,1.204732606,0.02957839378,0.9819643091,-0.1779475432,1.007592889,-0.009572039051,0.8673267742,0.009231506266,0.8006916707,-3.397181549
1492,2015-01-11T08:04:00,1492,1493,1498,1,-3.724154857,-0.9166288366,3,3,0.1254628105,0,-0.9166288366,-0.008407691099,0.5485099976,-0.08265170166,1.206018104,-0.04236655085,0.9963061904,-0.158557357,0.9821695625,-0.02424729204,0.8728861377,0.003833931398,0.8046777239,-1.664620003
1493,2015-01-11T08:05:00,1493,1494,1499,1,-2.74850844,-1.137086053,3,3,-0.1070635476,0,-1.137086053,-0.2312943104,0.7478994082,0.00878013562,1.078401653,-0.1239259804,1.022285378,-0.1934951898,0.9976400192,-0.03750291442,0.8820537705,-0.005914133296,0.8113396602,-2.239772334
1494,2015-01-11T09:00:00,1494,1495,1500,1,0.2479387095,-1.343466659,3,3,-0.551353304,0,-1.343466659,-0.6521371677,0.8969875513,0.08366529791,0.9516621308,-0.1248635214,1.023508146,-0.2083395592,1.013092901,-0.04845799017,0.8932263528,-0.01573232548,0.8204177255,-0.5076221966
1495,2015-01-11T09:01:00,1495,1496,1501,1,-2.402360837,0.8159327098,3,3,-0.05055732625,0,0.8159327098,-0.541469726,0.9612203832,0.07457739301,0.9434005901,-0.08035610507,1.039509902,-0.2117236695,1.010136984,-0.04158248404,0.8973803047,-0.006934640894,0.8235010449,-2.059534854
1496,2015-01-11T09:02:00,1496,1497,1502,1,-1.47128357,-1.712238384,3,3,0.2633875932,0,-1.712238384,-0.8586974447,1.227646712,-0.1633706234,1.067079914,-0.1979898114,1.098481203,-0.2368913103,1.039820331,-0.08030466183,0.9044014845,-0.02139465235,0.8382009977,-0.5087361064
1497,2015-01-11T09:03:00,1497,1498,1503,1,0.2502639765,0.3886834779,3,3,0.2468257665,0,0.3886834779,-0.5976349818,1.170166542,-0.3030213365,0.9138251891,-0.134406484,1.084081058,-0.1919687251,1.017558897,-0.08284158614,0.9030254954,-0.01427457159,0.8378737149,0.7555609061
1498,2015-01-11T09:04:00,1498,1499,1504,1,1.892729513,-0.7359799476,3,3,-0.2453999591,0,-0.7359799476,-0.5174137607,1.104096958,-0.3743540355,0.9429696755,-0.1916085238,1.092698212,-0.184348363,1.010883991,-0.09140960433,0.9067491106,-0.02408925626,0.8395950334,-0.3428259829
1499,2015-01-11T09:05:00,1499,1500,1505,1,1.275267054,-0.1614396367,3,3,-0.5879650205,0,-0.1614396367,-0.2810083562,0.9291189975,-0.4665727619,0.9131946065,-0.1540707751,1.074098491,-0.1382468927,0.960201756,-0.09863252147,0.9057330939,-0.0216873836,0.8387204696,-0.9625474634
1500,2015-01-11T10:00:00,1500,1501,1506,1,1.436781741,1.65298049,3,3,-0.6758741655,0,1.65298049,-0.1135988001,1.129859183,-0.327534263,1.048934316,-0.09661762337,1.130313299,-0.1270517256,0.9767215198,-0.07261332505,0.9231527495,-0.005764037098,0.8518612755,-0.5052969296
1501,2015-01-11T10:01:00,1501,1502,1507,1,1.414806358,-1.834366837,3,3,-1.153712701,0,-1.834366837,-0.1380244905,1.167565868,-0.4983609676,1.197982994,-0.1996966127,1.20136254,-0.1797429888,1.017958924,-0.08784454328,0.9431495541,-0.01859385038,0.867746684,2.235555496
1502,2015-01-11T10:02:00,1502,1503,1508,1,4.115578704,-0.7811611171,3,3,-0.8732248495,0,-0.7811611171,-0.3719934095,1.206249404,-0.4848141957,1.188344933,-0.2837329487,1.19721413,-0.2147043563,1.020769025,-0.09258746424,0.9461191406,-0.03127128822,0.8680463461,2.237814517
1503,2015-01-11T10:03:00,1503,1504,1509,1,5.304834524,2.110231024,3,3,-0.9866263787,0,2.110231024,0.1972487848,1.495767135,-0.1600824879,1.314600589,-0.07565117615,1.20231544,-0.1850531789,1.063928277,-0.06656295801,0.9750871116,-0.008859361581,0.8875910151,1.942078671
1504,2015-01-11T10:04:00,1504,1505,1510,1,2.31057448,0.9064855889,3,3,-1.08859857,0,0.9064855889,0.4108338299,1.548047156,0.06491273688,1.276658159,0.07428901739,1.125947793,-0.1277907919,1.050999143,-0.06823645924,0.9734150282,-0.005699648064,0.8901394413,-0.8207491381
1505,2015-01-11T10:05:00,1505,1506,1511,1,2.282154032,-0.7789020956,3,3,-0.8516673601,0,-0.7789020956,-0.07554268725,1.404036606,-0.09457074366,1.274343079,-0.009996675324,1.121150069,-0.1174422691,1.041246632,-0.08605073713,0.9746281825,-0.01381885657,0.8927966041,1.877764187
1506,2015-01-11T11:00:00,1506,1507,1512,1,1.206631589,1.814495177,3,3,-1.047385053,0,1.814495177,0.6542297155,1.398862753,0.2581026125,1.288415123,0.04736599457,1.182935559,-0.07930163139,1.079082122,-0.06580883287,0.9952783502,0.005289398641,0.906980926,3.362755853
1507,2015-01-11T11:01:00,1507,1508,1513,1,3.931467773,-1.85634222,3,3,-0.8129136177,0,-1.85634222,0.439193495,1.588702537,0.03360004273,1.410498737,-0.1347106469,1.188398747,-0.0925168433,1.098406329,-0.08512016552,1.016091371,-0.008494504802,0.9224912816,3.131323618
1508,2015-01-11T11:02:00,1508,1509,1514,1,2.338999218,1.919611229,3,3,0.002606800894,0,1.919611229,0.401069536,1.539591573,0.2991591604,1.51783753,-0.03759743757,1.263531277,-0.04891220127,1.139232107,-0.07417241969,1.031932291,0.01322635853,0.9368916066,0.4043898452
1509,2015-01-11T11:03:00,1509,1510,1515,1,-1.160953138,3.299486844,3,3,0.4725720506,0,3.299486844,0.879669787,2.093638382,0.6452518084,1.841164261,0.08933952326,1.453239523,0.03214756902,1.252969924,-0.02088175126,1.090576153,0.0415689159,0.9840739839,-2.156124264
1510,2015-01-11T11:04:00,1510,1511,1516,1,0.1498924084,-2.087774455,3,3,0.4476881797,0,-2.087774455,0.617895315,2.265776779,0.2711763139,1.884816066,-0.02817897457,1.525253225,-0.02488729074,1.29536345,-0.0457786315,1.115224692,0.02327154462,1.002311288,0.8001441549
1511,2015-01-11T11:05:00,1511,1512,1517,1,2.649498734,-0.8073225432,3,3,0.3793422474,0,-0.8073225432,0.0935317709,2.146070782,0.3738807432,1.811413371,-0.0622401122,1.535640201,-0.01633085921,1.288884155,-0.07329617438,1.107962078,0.02010715891,1.004258771,1.934609372
1512,2015-01-11T12:00:00,1512,1513,1518,1,1.336936877,0.7389727345,3,3,0.4894576379,0,0.7389727345,0.6125947618,2.006398429,0.5258941284,1.809642286,0.02053996635,1.530844356,-0.01091329225,1.291532126,-0.07977045172,1.102115256,0.01792918355,1.00237095,0.9951711258
1513,2015-01-11T12:01:00,1513,1514,1519,1,0.9236166411,0.8684939637,3,3,0.1283525944,0,0.8684939637,0.4023713087,1.854591479,0.4017204223,1.704384312,0.1208189672,1.522021779,-0.001553506577,1.296460121,-0.07633217687,1.10439329,0.02143041589,1.004668146,-0.6502517465
1514,2015-01-11T12:02:00,1514,1515,1520,1,1.552309241,0.3271426743,3,3,0.2897949301,0,0.3271426743,-0.1920975252,1.132956898,0.3437861309,1.683287409,0.2043494339,1.493872912,0.03974295623,1.280473585,-0.08094704817,1.102252845,0.0228671706,1.005012646,0.7148893616
1515,2015-01-11T12:03:00,1515,1516,1521,1,2.59064211,-0.2004655122,3,3,0.005455273996,0,-0.2004655122,0.1853642634,0.6479723616,0.4016297892,1.666375197,0.1535295228,1.483367213,0.03658670885,1.280812072,-0.07616358172,1.100551212,0.01712729574,1.004190307,0.3417657515
1516,2015-01-11T12:04:00,1516,1517,1522,1,1.42369679,-0.7769289087,3,3,0.6874994354,0,-0.7769289087,0.1914429903,0.6404982041,0.1424873806,1.583644176,0.2002949966,1.44359662,0.001152592564,1.282698748,-0.09426639494,1.101419638,0.007876148754,1.006232127,1.573868388
1517,2015-01-11T12:05:00,1517,1518,1523,1,0.1705208892,1.692283782,3,3,1.558749032,0,1.692283782,0.3821051999,0.9347655797,0.4973499808,1.565155159,0.2654750118,1.489835118,0.06553426387,1.302850801,-0.0758454853,1.117284941,0.02390473552,1.017803055,0.8374198793
1518,2015-01-11T13:00:00,1518,1519,1524,1,0.3243480721,-0.5735891223,3,3,1.352579724,0,-0.5735891223,0.09368858272,0.8881054173,0.2480299457,1.454001511,0.2735945531,1.486262285,0.04099301463,1.304408863,-0.0963973097,1.112704834,0.02573909635,1.016570181,2.248876358
1519,2015-01-11T13:01:00,1519,1520,1525,1,-0.376339657,0.4551737275,3,3,1.003945394,0,0.4551737275,0.1192947934,0.8993127325,-0.03640136592,1.022828119,0.3044252213,1.489305744,0.07517722309,1.298406556,-0.08343382592,1.111966352,0.02091186772,1.013027256,-0.1501715978
1520,2015-01-11T13:02:00,1520,1521,1526,1,-1.528488402,0.9558352741,3,3,0.07172163569,0,0.9558352741,0.3505549506,0.9916906376,0.267959607,0.8376510318,0.2695679604,1.458456522,0.08647516854,1.30474204,-0.07969266116,1.114675441,0.0267854988,1.016519908,-0.6668989901
1521,2015-01-11T13:03:00,1521,1522,1527,1,-1.979344386,0.8378673566,3,3,-0.4852431614,0,0.8378673566,0.6735142037,1.001564255,0.432478597,0.8406452599,0.4031796701,1.41207345,0.1017415287,1.31095831,-0.0669704344,1.118423896,0.03819965931,1.018236643,-1.924528286
1522,2015-01-11T13:04:00,1522,1523,1528,1,0.2735000393,-1.943874228,3,3,-0.4474467288,0,-1.943874228,-0.05371739851,1.089080107,0.1641939007,1.01486013,0.3450440145,1.467096842,0.03065553293,1.33897252,-0.1006082499,1.136277768,0.0172947209,1.032296968,-0.2261680592
1523,2015-01-11T13:05:00,1523,1524,1529,1,-0.7389858476,0.4391078817,3,3,-0.5259359386,0,0.4391078817,0.1488220023,1.076502545,0.1212552925,0.9868102558,0.2614878574,1.392609127,0.09291834063,1.300946309,-0.08713626754,1.135094238,0.02121981656,1.033070833,-0.8615894116
1524,2015-01-11T14:00:00,1524,1525,1530,1,0.06473614726,-0.4197619394,3,3,-0.2269875833,0,-0.4197619394,-0.02616513109,1.073620567,0.04656483114,0.9903091722,0.195175481,1.380972259,0.1347322492,1.259929127,-0.08348474264,1.13327256,0.02551572752,1.030249603,-0.05481609957
1525,2015-01-11T14:01:00,1525,1526,1531,1,-0.4757378918,-0.2455140015,3,3,0.7150785315,0,-0.2455140015,-0.2664349862,0.9909552629,0.0420599822,0.9913230185,0.2218448857,1.371044789,0.1059241052,1.252346056,-0.08080992413,1.132440247,0.02127711276,1.030213386,0.4996680984
1526,2015-01-11T14:02:00,1526,1527,1532,1,-0.1873248064,-0.1963134707,3,3,0.7098939319,0,-0.1963134707,-0.4732711517,0.9215724537,0.100121526,0.9623997984,0.1213044533,1.310370605,0.08433522394,1.248280349,-0.08294967496,1.13264944,0.002472103924,1.013058523,0.122603564
1527,2015-01-11T14:03:00,1527,1528,1533,1,-2.256347506,0.3870113726,3,3,1.127794816,0,0.3870113726,-0.007094031443,0.3514568889,-0.03040571498,0.8092025162,0.2334721329,1.245897143,0.04938074303,1.217487428,-0.08574310748,1.131418716,0.006463501573,1.013639607,0.1195522468
1528,2015-01-11T14:04:00,1528,1529,1534,1,-3.330125802,0.3089701965,3,3,1.565742231,0,0.3089701965,-0.0331215685,0.3225698604,0.0578502169,0.794641128,0.1529400813,1.171660129,0.05767132187,1.218461888,-0.06317810022,1.11951676,0.0005008539944,1.009710013,-0.9754059902
1529,2015-01-11T14:05:00,1529,1530,1535,1,-1.166182261,-0.5733780051,3,3,1.659877958,0,-0.5733780051,-0.06384478165,0.3668293405,-0.04500495637,0.8022546003,-0.04070316114,0.9191816484,0.02431818106,1.215894735,-0.07680642836,1.119860544,-0.01122783093,1.008194825,-0.3099283703
1530,2015-01-11T15:00:00,1530,1531,1536,1,-1.41175483,0.3839600555,3,3,2.080668774,0,0.3839600555,0.06205002976,0.3898633157,-0.1021924782,0.7529892888,0.08288356439,0.7964458927,0.02735229491,1.216701167,-0.06570128566,1.119262956,0.005647997502,0.9976175936,-2.375899753
1531,2015-01-11T15:01:00,1531,1532,1537,1,-1.43272943,-0.7859880406,3,3,1.629438772,0,-0.7859880406,-0.05588488423,0.5175336213,-0.2645780179,0.7473743495,0.08395028953,0.7953781715,0.01085508866,1.222869017,-0.08354622728,1.12041333,-0.00276299648,0.9999866829,-2.354719812
1532,2015-01-11T15:02:00,1532,1533,1538,1,-0.6514820915,0.09209961475,3,3,1.384644543,0,0.09209961475,-0.1148672358,0.4894710987,-0.06098063362,0.4260891346,0.05160663354,0.778297191,0.03607329994,1.214337465,-0.06124202851,1.104371434,-0.004140428046,0.9997459507,-0.8562538909
1533,2015-01-11T15:03:00,1533,1534,1539,1,0.7419073435,-1.682011327,3,3,1.345001543,0,-1.682011327,-0.5130635406,0.8867479129,-0.2730925545,0.6672230421,-0.07591863101,0.8423126109,0.0224501681,1.230048948,-0.08552251085,1.119889732,-0.01751855358,1.011444202,0.9641449227
1534,2015-01-11T15:04:00,1534,1535,1540,1,0.9132483291,-0.7648080991,3,3,1.661627339,0,-0.7648080991,-0.5513495594,0.9151806813,-0.3075971705,0.6971798349,-0.1305161697,0.8563795826,0.0369166321,1.217588245,-0.08571146356,1.120017491,-0.01999978275,1.012954058,0.9219903813
1535,2015-01-11T15:05:00,1535,1536,1541,1,-1.437443586,1.590565536,3,3,2.342894083,0,1.590565536,-0.3100284634,1.146320356,-0.1239892168,0.8561669709,-0.0409646173,0.9262135847,0.05628245274,1.236577918,-0.07772060839,1.129048642,-0.008960838448,1.023019676,0.2047717994
1536,2015-01-11T16:00:00,1536,1537,1542,1,-0.7340210877,0.1383874863,3,3,1.88449584,0,0.1383874863,-0.125153358,1.092851837,-0.0905191211,0.8550339723,0.00480120245,0.910301177,0.1025480995,1.206776581,-0.0671716054,1.126396031,-0.01935374139,1.015249363,-0.2222375792
1537,2015-01-11T16:01:00,1537,1538,1543,1,0.01119668691,-0.8069626405,3,3,1.878242534,0,-0.8069626405,-0.304965809,1.150159298,-0.2099165224,0.8838688725,-0.1201611187,0.8473585121,0.07265694655,1.211945776,-0.0596558893,1.118981383,-0.03100874191,1.016484572,-0.008742052221
1538,2015-01-11T16:02:00,1538,1539,1544,1,-0.8518141488,0.8733469537,3,3,1.396134622,0,0.8733469537,0.2061058472,0.953719545,-0.1534788467,0.9208427747,-0.0478143149,0.8600598636,0.1128901191,1.214223733,-0.03572912198,1.117189715,-0.02330969652,1.019595863,-1.642215385
1539,2015-01-11T16:03:00,1539,1540,1545,1,-1.163236275,-0.2886218923,3,3,0.9099253157,0,-0.2886218923,0.3013430885,0.8995861293,-0.1250032354,0.9074169062,-0.08500409589,0.8564513662,0.1097105627,1.214812854,-0.014268165,1.094933259,-0.02918482675,1.019227672,-0.5117835085
1540,2015-01-11T16:04:00,1540,1541,1546,1,-0.3821862195,-0.5934671136,3,3,0.3476650585,0,-0.5934671136,-0.1354634413,0.611323239,-0.2227459523,0.9186311723,-0.1624692153,0.8399035956,0.05354937259,1.190070056,-0.03675117648,1.088634848,-0.03055909251,1.019916457,0.01993873913
1541,2015-01-11T16:05:00,1541,1542,1547,1,1.049288546,-0.7601263794,3,3,0.04137359657,0,-0.7601263794,-0.3151662144,0.6967383338,-0.2201597862,0.9164522476,-0.2423689021,0.8361976861,0.08040538402,1.160426214,-0.04966880237,1.091519438,-0.03176123418,1.020727055,0.7904012365
1542,2015-01-11T17:00:00,1542,1543,1548,1,0.1903556146,0.8418099844,3,3,0.1041788319,0,0.8418099844,0.01458831056,0.7049364334,-0.1451887492,0.9538872539,-0.1030846914,0.7387329842,0.1209796616,1.161486023,-0.04686234735,1.093393613,-0.02139842231,1.022958559,-0.6514527669
1543,2015-01-11T17:01:00,1543,1544,1549,1,-0.2508915241,-0.06174486591,3,3,0.474085817,0,-0.06174486591,-0.1724300533,0.5874954302,0.01683789691,0.7920643443,-0.1281273288,0.7323088534,0.06668026431,1.112572793,-0.05918645729,1.088522301,-0.02214855057,1.022970832,-0.4021249587
1544,2015-01-11T17:02:00,1544,1545,1550,1,-0.628544079,0.01033611798,3,3,0.4489492233,0,0.01033611798,-0.1126384513,0.5731594266,0.09435231862,0.7542436385,-0.1066224259,0.7262723967,0.04427652753,1.103303216,-0.04175713217,1.077468604,-0.03073213031,1.01855316,0.2588873097
1545,2015-01-11T17:03:00,1545,1546,1551,1,-0.9972961357,-0.600044019,3,3,0.2180292786,0,-0.600044019,-0.1139538324,0.5745273277,-0.1247086368,0.5932106509,-0.1243489268,0.7365190963,0.04874797945,1.100505382,-0.03434714483,1.071285827,-0.0411178316,1.018317613,0.8418083815
1546,2015-01-11T17:04:00,1546,1547,1552,1,-0.5806059868,0.1875829424,3,3,-0.1560290961,0,0.1875829424,0.07558803197,0.4707023473,-0.1197890912,0.5945607646,-0.1051541062,0.736405322,0.008075173572,1.062864978,-0.03561322891,1.071004245,-0.04118083073,1.018305774,0.1512334346
1547,2015-01-11T17:05:00,1547,1548,1553,1,-1.315380787,0.6713483864,3,3,-0.3723673966,0,0.6713483864,0.04149571235,0.412278572,0.02804201146,0.5774551914,-0.09093725548,0.7465516331,0.07126743873,1.027034331,-0.01062470229,1.063319327,-0.0329909641,1.019752072,-0.8874313887
1548,2015-01-11T18:00:00,1548,1549,1554,1,-1.697810938,-0.01712294722,3,3,-1.130126066,0,-0.01712294722,0.05042009609,0.4114240809,-0.06100497863,0.5071590751,-0.1072419127,0.7433578355,0.02284908432,0.9811646979,-0.01303155848,1.06314015,-0.04183191835,1.015291858,-1.839104517
1549,2015-01-11T18:01:00,1549,1550,1555,1,-0.4371542915,-0.5029920045,3,3,-0.3691870789,0,-0.5029920045,-0.05224552841,0.4688801537,-0.08244198985,0.5236221571,-0.1037226126,0.7408055093,-0.07221288689,0.8347717368,-0.02003265893,1.064607318,-0.0379921298,1.012514451,-0.7318394214
1550,2015-01-11T18:02:00,1550,1551,1556,1,-0.6688010828,-0.367316437,3,3,0.09383024962,0,-0.367316437,-0.005700012004,0.4181175751,-0.05982692219,0.5024459955,-0.1412864373,0.7403834173,-0.02920143643,0.7689257652,-0.02704436359,1.065179163,-0.04025289981,1.013031599,-0.4279493984
1551,2015-01-11T18:03:00,1551,1552,1557,1,0.3635836549,-0.9687960757,3,3,-0.5139836223,0,-0.9687960757,-0.2369758156,0.5962365317,-0.08069389182,0.5371492816,-0.150426839,0.7511371622,-0.03323827474,0.7735740016,-0.02478456698,1.062929702,-0.05994354117,1.00888993,0.1412935794
1552,2015-01-11T18:04:00,1552,1553,1558,1,-0.07725865891,0.6042730913,3,3,-0.629809858,0,0.6042730913,-0.2503908746,0.5817090891,-0.1044475811,0.5041622186,-0.1248181652,0.7629156034,-0.03660576582,0.770644774,-0.02375952904,1.063472755,-0.06538222309,1.003860787,0.2946851299
1553,2015-01-11T18:05:00,1553,1554,1559,1,-0.2610540871,-0.06342641396,3,3,-1.20307698,0,-0.06342641396,-0.259651568,0.5823499011,-0.1046157359,0.5041830925,-0.04388891952,0.6639150986,-0.05990377526,0.7583778058,-0.03072864092,1.062060672,-0.070856043,1.002414747,-0.2408516845
1554,2015-01-11T19:00:00,1554,1555,1560,1,0.1446175567,-0.3995530979,3,3,-1.035061676,0,-0.3995530979,-0.2389637867,0.5660916459,-0.1456046575,0.5197635761,-0.02562616946,0.6477027255,-0.07807116957,0.7592446279,-0.01916410667,1.052631228,-0.07998842197,1.001061948,0.2222900755
1555,2015-01-11T19:01:00,1555,1556,1561,1,-0.4993673986,0.7576646418,3,3,-0.8613006543,0,0.7576646418,-0.0139675709,0.6389730984,-0.009833791453,0.539957835,-0.06727121414,0.5672095468,-0.05411791572,0.7679838131,-0.008765603433,1.056001586,-0.06881502639,1.002035441,-0.3719437888
1556,2015-01-11T19:02:00,1556,1557,1562,1,0.6411420953,-0.5989632283,3,3,-0.1659653207,0,-0.5989632283,0.05999899857,0.5406707344,-0.08848840852,0.569132166,-0.1041387499,0.5819853629,-0.04966877371,0.7639879565,-0.02425809057,1.055697323,-0.07940052119,1.001653306,-0.02020240263
1557,2015-01-11T19:03:00,1557,1558,1563,1,0.6827168423,0.06358866199,3,3,-0.3735007443,0,0.06358866199,-0.04813788729,0.4691528033,-0.149264381,0.5284362862,-0.06061118475,0.5534886659,-0.09038615172,0.7156696694,-0.01242594392,1.051095449,-0.08069237411,1.00147131,-0.07767251876
1558,2015-01-11T19:04:00,1558,1559,1564,1,1.066979427,0.1634307775,3,3,-0.5206338079,0,0.1634307775,-0.00276644899,0.4739638116,-0.1312090085,0.5309298927,-0.09610699355,0.5191805459,-0.07196065423,0.7103701177,-0.0154838198,1.05026382,-0.08825175788,0.99680319,-0.1274236098
1559,2015-01-11T19:05:00,1559,1560,1565,1,1.983006729,-0.2472218421,3,3,0.1635079371,0,-0.2472218421,0.02769980217,0.4526995548,-0.1056319922,0.5125410415,-0.09403699105,0.5181112249,-0.08952054347,0.7077952331,-0.007171660191,1.045665739,-0.08546273177,0.995642578,0.6613444979
1560,2015-01-11T20:00:00,1560,1561,1566,1,2.597253466,0.006118545868,3,3,0.1468826911,0,0.006118545868,-0.122609417,0.3002219718,-0.06828849396,0.4992093012,-0.06405770807,0.5008302631,-0.1132634617,0.6914727046,-0.01339414657,1.04414709,-0.090882928,0.9938372062,0.760389361
1561,2015-01-11T20:01:00,1561,1562,1567,1,2.118604367,0.1136796865,3,3,0.001512119187,0,0.1136796865,0.01991916594,0.1447979861,0.03995908226,0.3957848531,-0.02036740478,0.4717917977,-0.1313681534,0.6789013443,-0.01481331237,1.0439154,-0.08843634074,0.9937556804,1.194403037
1562,2015-01-11T20:02:00,1562,1563,1568,1,1.93464438,0.5415462656,3,3,-0.4206116803,0,0.5415462656,0.1155106867,0.2807351506,0.03368639969,0.3865983559,-0.03538059072,0.4492426023,-0.06923264108,0.6113695027,-0.01928855407,1.040821809,-0.09014971362,0.9926441122,1.321662231
1563,2015-01-11T20:03:00,1563,1564,1569,1,1.447204413,0.105163409,3,3,-0.3711197812,0,0.105163409,0.103857213,0.2751039248,0.05054538198,0.3875073316,-0.02703517698,0.4496457066,-0.07758125289,0.6076419662,0.007668543869,1.015305387,-0.08395126266,0.9909770626,1.836864104
1564,2015-01-11T20:04:00,1564,1565,1570,1,0.8811174324,0.547693362,3,3,-1.221337089,0,0.547693362,0.2628402538,0.3513574325,0.145270028,0.4052091634,-0.0001673147773,0.4660196569,-0.05339487036,0.6101827246,0.04066868942,0.9898849336,-0.07345478521,0.9901071235,0.9242013306
1565,2015-01-11T20:05:00,1565,1566,1571,1,-0.7308124841,0.6688054601,3,3,-1.42845046,0,0.6688054601,0.3953776366,0.4614159802,0.1363841098,0.3892543764,0.06327515918,0.4706768706,-0.03053688382,0.6180603109,0.03769361069,0.9875143525,-0.06405224403,0.9911004611,0.6129821488
1566,2015-01-11T21:00:00,1566,1567,1572,1,-0.5580408836,0.6203652823,3,3,-1.106865585,0,0.6203652823,0.4967147558,0.5359950646,0.2583169609,0.3925921332,0.08491427618,0.4888967199,-0.01011991499,0.6250251199,0.03710765447,0.9871322683,-0.05867308831,0.9927144448,-0.3896596912
1567,2015-01-11T21:01:00,1567,1568,1573,1,-0.2931767573,-0.3649694119,3,3,-1.234097659,0,-0.3649694119,0.3154116203,0.5052492177,0.2154611535,0.408710776,0.03309838627,0.4723819466,-0.02891943461,0.6246935426,0.01023065421,0.9676046866,-0.06680188319,0.9917087351,-0.04308389821
1568,2015-01-11T21:02:00,1568,1569,1574,1,-1.012815047,0.3575862784,3,3,-0.7957923065,0,0.3575862784,0.3658961942,0.5278621911,0.2348767036,0.4209041828,0.05183384755,0.4790860477,-0.02770403256,0.6253416317,0.01498364465,0.9684269536,-0.051353411,0.9828000323,-1.343794633
1569,2015-01-11T21:03:00,1569,1570,1575,1,-0.2172586518,-0.3822765577,3,3,-0.2035244885,0,-0.3822765577,0.1799022103,0.4978674144,0.221371232,0.43088514,0.05786961989,0.4734766748,-0.02292649637,0.6216803697,0.0006958423437,0.9656310086,-0.05884645103,0.9822867466,-0.1683811924
1570,2015-01-11T21:04:00,1570,1571,1576,1,0.7289162389,-0.01839361893,3,3,0.3899483345,0,-0.01839361893,0.04246239444,0.3980948112,0.2189200155,0.4309200538,0.07531576079,0.4663164264,-0.03298533823,0.6187158533,-0.002816521661,0.9651867792,-0.05479596985,0.9812081731,-0.2500928591
1571,2015-01-11T21:05:00,1571,1572,1577,1,0.668342371,-0.9431244563,3,3,0.7675004879,0,-0.9431244563,-0.2702355533,0.5093187705,0.1132396013,0.5228270839,0.07659934176,0.4636775871,-0.03691374863,0.6241810399,-0.01302932998,0.9708271221,-0.06800206773,0.9832351418,0.3309795864
1572,2015-01-11T22:00:00,1572,1573,1578,1,0.7835953242,0.7931368828,3,3,0.8609985972,0,0.7931368828,-0.03861429434,0.5988140769,0.138398663,0.5540104109,0.08604253134,0.4776954177,-0.01938781692,0.6364876786,0.00834274151,0.9694668752,-0.04729062464,0.9737195171,-0.04887745934
1573,2015-01-11T22:01:00,1573,1574,1579,1,1.610811254,-0.1001052856,3,3,1.410795007,0,-0.1001052856,-0.1301526071,0.5787995534,0.1178717935,0.5539166976,0.08420858775,0.4780092258,0.02015983412,0.578479074,0.02130500111,0.9611603544,-0.05029506253,0.9734721468,0.979009098
1574,2015-01-11T22:02:00,1574,1575,1580,1,2.0181377,-0.3620520109,3,3,0.9949659506,0,-0.3620520109,-0.1261076978,0.5761928335,0.02689725624,0.5384561931,0.08608364211,0.4765131362,0.03022873633,0.5685875437,0.03357268421,0.9502139045,-0.04706473026,0.9716258119,0.3373627846
1575,2015-01-11T22:03:00,1575,1576,1581,1,1.843810924,0.4132798371,3,3,0.4708365402,0,0.4132798371,-0.03977300657,0.6050541803,0.001344693935,0.5121376962,0.06886440187,0.4548648093,0.0007965938656,0.5141150964,0.0285395233,0.9469528181,-0.05154820764,0.9684723375,0.8324727835
1576,2015-01-11T22:04:00,1576,1577,1582,1,0.1908649838,0.9277812718,3,3,0.9586827675,0,0.9277812718,0.3344081391,0.6002911217,0.03208629288,0.5566664355,0.1452016269,0.481666951,0.0205314385,0.5341863038,0.061539769,0.9331839917,-0.03793725743,0.9700328252,0.6318021561
1577,2015-01-11T22:05:00,1577,1578,1583,1,0.5042925368,-1.003698324,3,3,0.9950287599,0,-1.003698324,-0.02495890237,0.6603167975,-0.03178659836,0.6303160206,0.09183727757,0.5311980724,0.01561304641,0.5424578764,0.04413499648,0.9389017818,-0.03456624406,0.9658328392,1.680774915
1578,2015-01-11T23:00:00,1578,1579,1584,1,-1.281736972,0.908389836,3,3,1.260445457,0,0.908389836,0.176740122,0.7739822209,0.0232937574,0.6833949814,0.1290852305,0.5675337134,0.01648911847,0.5438947302,0.06468961877,0.9407871045,-0.01832304183,0.9647188185,1.01133814
1579,2015-01-11T23:01:00,1579,1580,1585,1,-2.448157781,0.7271106444,3,3,1.56829258,0,0.7271106444,0.394572653,0.8237536794,0.1342324776,0.7108334213,0.1778018548,0.5877695793,0.04188243188,0.5540362442,0.07579649729,0.9441203393,0.004448700626,0.9495110746,-0.4409371723
1580,2015-01-11T23:02:00,1580,1581,1586,1,-1.983539697,0.04527443456,3,3,1.819167363,0,0.04527443456,0.3209715725,0.8030068707,0.140599283,0.7109537944,0.1797596492,0.5878551652,0.05785097059,0.5460790454,0.05570017159,0.925869608,-0.005217127459,0.9431249456,-1.176482378
1581,2015-01-11T23:03:00,1581,1582,1587,1,-2.302857945,0.2389530612,3,3,1.140404388,0,0.2389530612,0.1832059304,0.6957615467,0.2588070347,0.6497821022,0.186023318,0.5897308454,0.0828279566,0.534027139,0.08161667031,0.9032646301,-0.005503216048,0.9430472512,-2.293075112
1582,2015-01-11T23:04:00,1582,1583,1588,1,-2.527191078,-0.725164668,3,3,0.9569105109,0,-0.725164668,0.2389126616,0.6227156845,0.1069768796,0.6417916705,0.1226877713,0.5995098347,0.04365359029,0.5297315158,0.08231662592,0.9026808023,-0.01669036813,0.9436868592,-2.007220609
1583,2015-01-11T23:05:00,1583,1584,1589,1,-2.552152979,-0.6902707713,3,3,0.7996611584,0,-0.6902707713,-0.08081945983,0.5639460546,0.04796033106,0.677157157,0.08291606229,0.6186135802,0.02794044266,0.5407698323,0.04731035348,0.874714305,-0.03014415731,0.9420179775,-0.8070573194
1584,2015-01-12T00:00:00,1584,1585,1590,1,-1.148377819,-0.8776396724,3,3,0.8673427809,0,-0.8776396724,-0.4017695232,0.6052664319,-0.003598435097,0.7228131079,0.01164941057,0.6373358066,0.005741047897,0.5582881205,0.02500878771,0.8743465024,-0.02592440548,0.936938776,-0.009782833293
1585,2015-01-12T00:01:00,1585,1586,1591,1,-1.65294247,-0.4393101649,3,3,1.607102373,0,-0.4393101649,-0.4986864431,0.6360315895,-0.0888574353,0.7243466771,-0.04375637068,0.6272810887,0.009759394249,0.5545350669,0.02925368685,0.8713843113,-0.01964496514,0.9314533062,-0.5199704694
1586,2015-01-12T00:02:00,1586,1587,1592,1,-4.264924342,0.509892518,3,3,1.342676011,0,0.509892518,-0.4444985517,0.6671690534,-0.1306463107,0.6816152418,-0.0492800089,0.6222848456,0.01781713364,0.5595794992,0.01294615361,0.8493559845,-0.01780310806,0.9322427084,-1.74509566
1587,2015-01-12T00:03:00,1587,1588,1593,1,-2.170282501,-0.08036518637,3,3,1.748120069,0,-0.08036518637,-0.3155386554,0.5841519488,-0.03831299689,0.6037418004,-0.03504979762,0.6171719563,-0.0009757056783,0.5495661594,0.03514586652,0.8236572345,-0.007408370085,0.9243590471,-1.138594986
1588,2015-01-12T00:04:00,1588,1589,1594,1,0.02257810765,-0.949497801,3,3,1.990791025,0,-0.949497801,-0.3673840613,0.6528766856,-0.2241017606,0.6100340642,-0.1004040016,0.6477539117,-0.02428507702,0.569696661,-0.0007179963522,0.8022588267,-0.01678273133,0.9282758646,-1.132972001
1589,2015-01-12T00:05:00,1589,1590,1595,1,-0.4283694448,-0.7152326722,3,3,1.494570751,0,-0.7152326722,-0.3349026613,0.6119716029,-0.3683360922,0.6086282512,-0.1170518073,0.661707073,-0.02959109372,0.5753418167,-0.0509019903,0.7168898307,-0.02321880386,0.9305546174,-2.519828683
1590,2015-01-12T01:00:00,1590,1591,1596,1,-1.120724149,0.5261354876,3,3,1.250964386,0,0.5261354876,-0.1418135308,0.6255191994,-0.3202499869,0.6307972938,-0.08982535199,0.6720716196,-0.007254795601,0.5784164898,-0.01822811602,0.6803721291,-0.02044784093,0.9316256285,-1.031687516
1591,2015-01-12T01:01:00,1591,1592,1597,1,-1.165036159,-0.9438748162,3,3,1.229166701,0,-0.9438748162,-0.4325669976,0.7193442337,-0.4385327747,0.6937473143,-0.08986286999,0.6721242878,-0.006631764115,0.5773854705,-0.01993501943,0.682565278,-0.01873363269,0.929697636,1.155550109
1592,2015-01-12T01:02:00,1592,1593,1598,1,2.737221196,-2.102089354,3,3,1.084461939,0,-2.102089354,-0.8369118312,1.183182296,-0.5762252433,0.9330471166,-0.2346241818,0.8007725864,-0.07429082525,0.6593290708,-0.05544829554,0.7171499813,-0.04060329444,0.9480969403,2.091459238
1593,2015-01-12T01:03:00,1593,1594,1599,1,1.816176559,2.014276655,3,3,0.4297487455,0,2.014276655,-0.24415694,1.425157261,-0.3057705007,1.108449635,-0.1289050848,0.9184776556,-0.02234824853,0.7321523147,-0.0411260119,0.745380409,-0.02793517679,0.9647094126,-0.08903663353
1594,2015-01-12T01:04:00,1594,1595,1600,1,-0.1702930634,1.243362808,3,3,0.5846773172,1,1.243362808,0.147562156,1.495978568,-0.09367025267,1.14290444,-0.04863434388,0.956213718,0.01872464911,0.7554500127,-0.02967326023,0.7573496969,-0.00653452141,0.9638066418,-2.320586267
1595,2015-01-12T01:05:00,1595,1596,1601,1,1.122959758,-1.166180225,3,3,0.399713579,1,-1.166180225,-0.1909009865,1.566711023,-0.1663572586,1.192865814,-0.127607347,0.986814815,-0.02937147255,0.7683441527,-0.04174469413,0.768164004,-0.01563422647,0.9696445117,0.6457619583
1596,2015-01-12T02:00:00,1596,1597,1602,1,2.248913002,-0.1662192166,3,3,-0.03763536598,1,-0.1662192166,-0.03536986656,1.510605595,-0.2339684321,1.183086089,-0.1823073714,0.9654770925,-0.01855287226,0.7629380931,-0.03411082298,0.7634632053,-0.02235635113,0.9679993473,1.905213193
1597,2015-01-12T02:01:00,1597,1598,1603,1,3.39146872,-0.9881868257,3,3,-0.5482230634,1,-0.9881868257,0.1874106391,1.262329581,-0.324750596,1.223396158,-0.1815317965,0.9646767126,-0.04484725945,0.7787080814,-0.06761670559,0.7478533786,-0.0232330491,0.9688463177,2.150293204
1598,2015-01-12T02:02:00,1598,1599,1604,1,2.884305119,1.800168001,3,3,-0.6894745429,1,1.800168001,0.1445889083,1.195882457,-0.04978401588,1.315524243,-0.1369428882,1.025364714,-0.003928828872,0.8286939461,-0.03794474155,0.7718028765,-0.01163215616,0.981977909,0.4771977999
1599,2015-01-12T02:03:00,1599,1600,1605,1,0.9664306505,1.093232018,3,3,-0.2322541544,1,1.093232018,0.1145627503,1.166180039,0.1310624531,1.341254592,-0.1186368196,1.041487453,0.02958251763,0.8456267477,-0.02996901292,0.779762364,0.005079732416,0.9835172041,0.3436998094
1600,2015-01-12T02:04:00,1600,1601,1606,1,0.6795303382,-0.7431068149,4,4,-0.005401671605,0,-0.7431068149,0.1991774323,1.0947247,0.004138222892,1.351481705,-0.158055882,1.054610835,0.01085188361,0.8537498779,-0.05120578903,0.7768601403,-0.005312136508,0.9847800339,1.241175516
1601,2015-01-12T02:05:00,1601,1602,1607,1,1.793897342,0.1270725969,4,4,-0.1641877303,0,0.1270725969,0.257835795,1.093675405,0.1112329642,1.318721948,-0.1636499052,1.053639624,0.01118670637,0.8537970856,-0.06009072353,0.771322403,-0.006146639456,0.9846299116,2.407107319
1602,2015-01-12T03:00:00,1602,1603,1608,1,1.373420238,0.9597340274,4,4,0.4371651719,0,0.9597340274,0.6474199656,1.088595945,0.4174153024,1.178668126,-0.07940497047,1.062975887,0.02164140042,0.8629396789,-0.02379562033,0.74780932,-0.005645235908,0.9851032039,0.6227308411
1603,2015-01-12T03:01:00,1603,1604,1609,1,1.217916574,0.1543688922,4,4,0.2360917102,0,0.1543688922,0.3182601439,0.7359932862,0.2314245261,0.9929302511,-0.0371729873,1.05227636,0.0228715375,0.8631246432,-0.0273548577,0.746395642,0.01273620841,0.967242508,-0.5616451782
1604,2015-01-12T03:02:00,1604,1605,1610,1,0.6196022398,1.293004399,4,4,-0.1301999453,0,1.293004399,0.3582146202,0.7981396768,0.2363886852,0.9992504261,0.07135921629,1.07348311,0.04150431343,0.882769199,-0.005945278465,0.7588163204,0.04094723076,0.9555148389,-0.6132099771
1605,2015-01-12T03:03:00,1605,1606,1611,1,1.356253993,-0.8246424505,4,4,-0.001559963662,0,-0.8246424505,0.3419074931,0.8139978072,0.2705424627,0.9646280628,0.05209260201,1.084766369,0.004168115665,0.8860585869,-0.01318438408,0.7639039099,0.02651844568,0.9548942371,0.7506893967
1606,2015-01-12T03:04:00,1606,1607,1612,1,2.024527267,-1.030007127,4,4,0.1417855717,0,-1.030007127,0.1104915483,0.9335662149,0.1841636716,1.016777205,-0.02490238024,1.103070392,-0.03709119457,0.895545286,-0.02360555478,0.7722233355,0.01237470479,0.9575770795,1.779561752
1607,2015-01-12T03:05:00,1607,1608,1613,1,1.329377438,1.2414396,4,4,-0.02308523727,0,1.2414396,0.1668326629,0.9977787597,0.4071263142,1.044175173,0.0411878591,1.137321404,0.003069030739,0.9149866664,-0.01292520193,0.7834036705,0.007843446388,0.9503890885,1.232812217
1608,2015-01-12T04:00:00,1608,1609,1614,1,-0.8277354049,0.5392569233,4,4,-0.3158721372,0,0.5392569233,0.2438102691,1.024185583,0.2810352065,0.8918077779,0.1156255953,1.123816076,0.007610796862,0.9172098188,-0.01004661785,0.7849605111,0.01252602872,0.9516608956,0.6055645962
1609,2015-01-12T04:01:00,1609,1610,1615,1,-0.5569496039,-0.001134771645,4,4,-0.472396561,0,-0.001134771645,-0.01501756508,0.8453308762,0.1715985276,0.8220739729,0.1513304903,1.11237797,0.01713934151,0.9152160945,-0.002893577429,0.7823384759,0.006177008734,0.9491236289,0.2449655147
1610,2015-01-12T04:02:00,1610,1611,1616,1,-1.041150951,0.6946900652,4,4,-0.03301729634,0,0.6946900652,0.2888489381,0.821642327,0.3153782156,0.8178289991,0.1597582192,1.116993078,0.03496643362,0.9217792028,0.0009905476923,0.7850115304,0.009777796765,0.9509377716,0.09656522104
1611,2015-01-12T04:03:00,1611,1612,1617,1,-0.9512382098,-0.08799069738,4,4,0.6678306133,0,-0.08799069738,0.477252224,0.6815142329,0.2938718861,0.8173149721,0.2025524252,1.097048618,0.05634477759,0.9097435706,0.009715514483,0.7801395179,0.01009537254,0.950902022,-1.433300001
1612,2015-01-12T04:04:00,1612,1613,1618,1,-0.4097259711,-0.3617338531,4,4,0.4984377357,0,-0.3617338531,0.1566175333,0.4270801674,0.1617250981,0.7674502989,0.2895702002,0.9945447485,0.02747300919,0.9028720817,0.004042596134,0.7811192486,0.0147194974,0.9477886615,-0.8019151186
1613,2015-01-12T04:05:00,1613,1614,1619,1,-0.7290473906,0.5462897715,4,4,0.2810370053,0,0.5462897715,0.1580241029,0.4288640419,0.200917186,0.7851370818,0.2161708561,0.8950839963,0.04363288562,0.9068562632,0.03189635987,0.7606005263,0.02874762928,0.9434063698,-1.137716172
1614,2015-01-12T05:00:00,1614,1615,1620,1,1.084477863,-1.61785592,4,4,0.07718703138,0,-1.61785592,-0.1653201267,0.8410800581,-0.09016884587,0.8432081459,0.07310991969,0.9245272823,0.0122377879,0.9405039527,0.02123326211,0.7771227316,0.02646105211,0.9469883163,0.4820617913
1615,2015-01-12T05:01:00,1615,1616,1621,1,0.602317572,0.2696510294,4,4,0.6406213358,0,0.2696510294,-0.2503279338,0.7908471043,0.01926050212,0.8063917335,0.1449014824,0.8890373804,0.008647067711,0.9391993779,0.004721830788,0.7571029665,0.02190870477,0.944375411,0.3921891475
1616,2015-01-12T05:02:00,1616,1617,1622,1,-0.04384336933,0.2104887177,4,4,0.5271300875,0,0.2104887177,-0.1906320508,0.7954569566,0.1433100866,0.740679897,0.1637368791,0.8895062098,-0.009285246142,0.9282691725,0.00562309618,0.7573105915,0.03793143062,0.9315485998,0.4086687819
1617,2015-01-12T05:03:00,1617,1618,1623,1,0.2528524395,0.001922044206,4,4,0.6393763223,0,0.001922044206,-0.1179008713,0.7788338928,0.01935833097,0.6280842706,0.2132423226,0.8616239446,0.01585526307,0.9146029143,0.01573415474,0.751917229,0.03470841867,0.9308726376,0.6024160718
1618,2015-01-12T05:04:00,1618,1619,1624,1,0.4990850003,0.1797783856,4,4,0.3486697629,0,0.1797783856,-0.1912031485,0.7438815654,-0.01658952281,0.6071590194,0.1322228419,0.7628771813,-0.00236002319,0.9037019394,0.007064547639,0.7458212496,0.04233973812,0.928589961,0.2101284246
1619,2015-01-12T05:05:00,1619,1620,1625,1,-0.2945732647,0.2269683521,4,4,0.3144468563,0,0.2269683521,0.1777617058,0.2004274297,0.006220789569,0.6113864648,0.08890965856,0.7244304751,-0.0148635805,0.8970773734,0.01350942569,0.7455548181,0.04557647136,0.9287041589,-0.4525121512
1620,2015-01-12T06:00:00,1620,1621,1626,1,0.8753127852,0.1956693341,4,4,0.1670088446,0,0.1956693341,0.1629653667,0.182444832,-0.04368128354,0.5739012368,0.135848466,0.7064725406,-0.01110370801,0.8975821587,0.02337363129,0.7429185876,0.03343221172,0.9165374685,-0.3495636323
1621,2015-01-12T06:01:00,1621,1622,1627,1,1.481511521,-0.2125092616,4,4,-0.2912935674,0,-0.2125092616,0.07836577088,0.1829126948,-0.05613313997,0.5771519834,0.1188693731,0.7074984719,-0.02239026608,0.8974158859,0.03021884526,0.7384240846,0.04694769151,0.9013192657,0.2889565757
1622,2015-01-12T06:02:00,1622,1623,1628,1,2.396112771,-0.4356722237,4,4,0.01533702536,0,-0.4356722237,-0.009153082708,0.2672421605,-0.06352697703,0.5822373249,0.04909906053,0.6811682112,-0.01515295497,0.8927227646,0.01425031766,0.7340195547,0.04982676563,0.8993737073,0.1579388865
1623,2015-01-12T06:03:00,1623,1624,1629,1,2.560006941,0.298617853,4,4,0.1967107337,0,0.298617853,0.01461481077,0.2877305045,-0.08829416888,0.5639807738,0.05631150857,0.6835621956,0.009569260636,0.8872831603,0.01875485165,0.7347460167,0.0347299892,0.8789238945,1.224876417
1624,2015-01-12T06:04:00,1624,1625,1630,1,2.788978979,0.4260109464,4,4,0.4476494342,0,0.4260109464,0.05442332963,0.3298226522,0.1160925177,0.2729048704,0.01296183592,0.6266885373,0.04216052611,0.8789495178,0.023950787,0.7362872674,0.03072603385,0.8758835287,1.192554945
1625,2015-01-12T06:05:00,1625,1626,1631,1,2.310974445,-0.5666899129,4,4,0.6304572624,0,-0.5666899129,-0.09804851976,0.4066364172,0.03245842348,0.3151501963,0.0258594628,0.6122039179,0.03897603241,0.8807700357,0.02436771333,0.7359568589,0.0324944687,0.8745240785,2.238173885
1626,2015-01-12T07:00:00,1626,1627,1632,1,1.005838077,1.365555384,4,4,0.6423300106,0,1.365555384,0.2175644094,0.7275090651,0.1479650901,0.5304368453,0.1456375884,0.6441932771,0.06036760406,0.9032577893,0.03909236885,0.7513334313,0.02875330376,0.8676953787,1.335130524
1627,2015-01-12T07:01:00,1627,1628,1633,1,0.8692533386,0.3936894743,4,4,1.046814656,0,0.3936894743,0.383436749,0.7227071765,0.1871418331,0.5448504544,0.103250082,0.5879421182,0.07221897057,0.9053109714,0.03562163245,0.7488694541,0.04750356787,0.8517453522,1.596424034
1628,2015-01-12T07:02:00,1628,1629,1634,1,-0.4450160019,0.4789290265,4,4,1.935663084,0,0.4789290265,0.4194989837,0.7418529106,0.2170568972,0.5626431303,0.1002336872,0.5853244258,0.1079296413,0.8959819353,0.04182228212,0.7507789002,0.03549788285,0.8346700103,0.0728005602
1629,2015-01-12T07:03:00,1629,1630,1635,1,-1.756759459,0.4625120229,4,4,1.312065723,0,0.4625120229,0.426799199,0.7462118667,0.2406112643,0.5768947616,0.1234160269,0.5943908543,0.1373732586,0.8918198351,0.05389108246,0.750453471,0.01185642601,0.7795735323,-0.3292924468
1630,2015-01-12T07:04:00,1630,1631,1636,1,-2.432595642,0.6549829843,4,4,0.8493705026,0,0.6549829843,0.6711337784,0.7605295527,0.2865426293,0.6098189798,0.1214306729,0.5921325095,0.1405944461,0.8939503466,0.06666982523,0.7528986844,0.03471273801,0.7582786845,-0.7271706952
1631,2015-01-12T07:05:00,1631,1632,1637,1,-1.475450712,-1.044694447,4,4,1.232204379,0,-1.044694447,0.1890838122,0.6509486897,0.2033241108,0.6902911112,0.0735954854,0.6362413969,0.1380739553,0.8967493478,0.06572109559,0.7541662198,0.03273463881,0.7606905,-0.5178165621
1632,2015-01-12T08:00:00,1632,1633,1638,1,-1.658959399,0.06041901594,4,4,1.807542896,0,0.06041901594,0.1224297205,0.6272686886,0.2529332347,0.6766726205,0.09470312886,0.6312234699,0.1921366645,0.8329352693,0.05892291964,0.7511644249,0.02708002449,0.7577135242,-1.427467012
1633,2015-01-12T08:01:00,1633,1634,1639,1,-1.012141566,0.2571047359,4,4,1.701396145,0,0.2571047359,0.07806486241,0.6006762641,0.248781923,0.6749658196,0.08024387708,0.6219538451,0.1482073666,0.7707145859,0.06292955902,0.7516807783,0.02198511426,0.7539197307,-1.705424947
1634,2015-01-12T08:02:00,1634,1635,1640,1,-1.332307606,-0.835340314,4,4,1.180572309,0,-0.835340314,-0.181505605,0.6764519111,0.122646797,0.7121865409,0.1193696574,0.5392989604,0.09623978852,0.7568335564,0.05748221882,0.756142101,0.01229775602,0.7571776892,-0.9576341496
1635,2015-01-12T08:03:00,1635,1636,1641,1,-0.7994115478,-0.8492314338,4,4,1.033942782,0,-0.8492314338,-0.4823484886,0.7183491155,0.09439264491,0.7397400395,0.0634255342,0.5685661669,0.1041635083,0.7462087342,0.03739601787,0.7573573172,0.006891373342,0.7609159719,-0.2314923874
1636,2015-01-12T08:04:00,1636,1637,1642,1,-0.2884091135,-0.02085319914,4,4,0.1942099019,0,-0.02085319914,-0.277580239,0.5457427282,-0.0442482134,0.6006535283,0.05185843836,0.56663388,0.1077976587,0.7457530594,0.04462239324,0.754394512,0.01319200425,0.7576058248,0.6932833808
1637,2015-01-12T08:05:00,1637,1638,1643,1,-0.6792802364,-0.08754951674,4,4,0.4505832698,0,-0.08754951674,-0.3071739455,0.5464778289,-0.09237211251,0.5882618572,0.04738486031,0.566971794,0.1303135915,0.7293328585,0.042733166,0.754424514,-0.001639939905,0.7417312564,-0.3746734562
1638,2015-01-12T09:00:00,1638,1639,1644,1,0.266262453,-0.1230896716,4,4,0.4151212865,0,-0.1230896716,-0.383212827,0.537073237,-0.1525739823,0.569762949,0.03224145745,0.5662142307,0.08223214965,0.6717812698,0.03915166039,0.7543287515,0.002114222184,0.7399660882,-0.5679191604
1639,2015-01-12T09:01:00,1639,1640,1645,1,-0.529932726,0.9039225691,4,4,0.3374577836,0,0.9039225691,-0.03536025043,0.5588418166,-0.1084329277,0.6204399101,0.0660891683,0.5990631219,0.07749941343,0.6647090105,0.05354096553,0.760566455,0.005853795864,0.7433923946,-0.9816924942
1640,2015-01-12T09:02:00,1640,1641,1646,1,1.952100778,-1.155506354,4,4,-0.3051011536,0,-1.155506354,-0.09661523442,0.6596244061,-0.2894818615,0.6896121406,-0.001469616092,0.6509393568,0.06718942496,0.6792736919,0.03902065428,0.7714601747,-0.0117407177,0.7457515457,-0.3046067802
1641,2015-01-12T09:03:00,1641,1642,1647,1,2.967801753,-0.3163353757,4,4,0.4700053816,0,-0.3163353757,-0.1557116697,0.6745598564,-0.2166459544,0.6135414107,-0.006660921799,0.6530447461,0.05610422564,0.6808162484,0.03364546601,0.7721658589,-0.0213590738,0.7423806891,0.8341816134
1642,2015-01-12T09:04:00,1642,1643,1648,1,2.118303683,0.4901492352,4,4,0.5965806149,0,0.4901492352,-0.04017191935,0.7082000218,-0.1736729324,0.6325287694,0.03963015115,0.6549727015,0.04436460584,0.6681988371,0.03300300313,0.7717365403,-0.00107554494,0.722248167,0.4517597683
1643,2015-01-12T09:05:00,1643,1644,1649,1,3.559367809,-0.4784206397,4,4,0.2758332537,0,-0.4784206397,-0.111238113,0.7377630508,-0.24722547,0.6452681539,0.0007782265143,0.6602839723,0.02854486754,0.6720238833,0.02570820252,0.7734986262,-0.008721615952,0.722456229,2.256707558
1644,2015-01-12T10:00:00,1644,1645,1650,1,2.706552368,0.8224530178,4,4,0.1496606233,0,0.8224530178,-0.1275320232,0.7184461777,-0.08144613682,0.6436105524,0.02060033009,0.6787651332,0.016781083,0.6532459831,0.02914269822,0.7765345366,0.001630175358,0.7253354926,2.133620139
1645,2015-01-12T10:01:00,1645,1646,1651,1,2.435616169,0.1077273901,4,4,-0.7220579309,0,0.1077273901,0.1251147255,0.501444874,0.01424974556,0.5858973113,0.05432119524,0.6672671824,0.04009032902,0.6403277012,0.02212922234,0.7730198524,0.004573853622,0.7250558443,1.666543915
1646,2015-01-12T10:02:00,1646,1647,1652,1,1.486205538,1.326527151,4,4,-0.7187146527,0,1.326527151,0.4536872308,0.7637854436,0.1489877805,0.7205550651,0.05236978356,0.6633190269,0.09900368596,0.6538260892,0.03095624569,0.7840567308,0.01726419213,0.7348801069,1.302660251
1647,2015-01-12T10:03:00,1647,1648,1653,1,-0.04986715311,0.6993655985,4,4,-0.4526982832,0,0.6993655985,0.4955305035,0.795701827,0.2276792921,0.7532226325,0.06765358978,0.6757944757,0.08545183591,0.6333932853,0.04426043333,0.7868887003,0.01986714401,0.7368015734,0.5729322286
1648,2015-01-12T10:04:00,1648,1649,1654,1,-0.3664073362,-0.359348834,4,4,-0.08150979569,0,-0.359348834,0.5193448646,0.7830647819,0.2040533758,0.7607511984,0.02573969675,0.6720759644,0.06298669198,0.630194726,0.03529874442,0.7868987369,0.01429781876,0.7369919495,0.7690722543
1649,2015-01-12T10:05:00,1649,1650,1655,1,-1.749239909,0.9626434862,4,4,-0.4226062727,0,0.9626434862,0.5473829583,0.8143961908,0.2099254675,0.7679212414,0.05074626991,0.6980862106,0.08708114842,0.6483150643,0.05211024497,0.7930740578,0.02709799785,0.7403646409,0.1835452876
1650,2015-01-12T11:00:00,1650,1651,1656,1,-1.195683937,-0.0303624235,4,4,-0.5845409983,0,-0.0303624235,0.5197649955,0.8130833247,0.3224398605,0.6754818482,0.01647899952,0.6825835596,0.0689548362,0.6389605718,0.05196063491,0.7930786566,0.02364531053,0.7395396807,-0.6227993817
1651,2015-01-12T11:01:00,1651,1652,1657,1,-1.132301963,-0.1632088084,4,4,-0.3872165112,0,-0.1632088084,0.2218178038,0.5608003742,0.3377525173,0.6700243516,0.06055328145,0.6424039595,0.06707438343,0.6393301034,0.06170958051,0.7862494342,0.02883513746,0.7362015838,-1.13547959
1652,2015-01-12T11:02:00,1652,1653,1658,1,-1.586060122,0.3771165195,4,4,-0.0932665437,0,0.3771165195,0.1573679879,0.4950939158,0.3264492457,0.6626686136,0.07638815663,0.6477740098,0.08554564274,0.6395522796,0.05650932597,0.782369834,0.03121027834,0.73695809,-1.932785197
1653,2015-01-12T11:03:00,1653,1654,1659,1,-0.7015519427,-0.8367070928,4,4,1.14869923,0,-0.8367070928,0.06189633618,0.5994225724,0.2906206004,0.6973155215,0.02169756519,0.6717960728,0.05097072114,0.6473548289,0.04730180338,0.7878631089,0.03825448029,0.7248205745,-0.5728845554
1654,2015-01-12T11:04:00,1654,1655,1660,1,0.4158855044,-0.6758890171,4,4,0.9306616912,0,-0.6758890171,-0.2658101645,0.5151078691,0.1407863969,0.681387288,0.02967013004,0.6627681266,0.07451989369,0.6041957292,0.0433788408,0.7904429658,0.03899547264,0.7240837795,0.00317762755
1655,2015-01-12T11:05:00,1655,1656,1661,1,0.362356053,-0.4201890867,4,4,0.7485544893,0,-0.4201890867,-0.3437754971,0.5481455237,0.08799474921,0.6933858983,0.05112224739,0.641895499,0.05727389079,0.6063403821,0.03296047925,0.7904884978,0.02223918412,0.7104126647,0.3467250744
1656,2015-01-12T12:00:00,1656,1657,1662,1,-0.1430851589,0.5231935485,4,4,0.9369056972,0,0.5231935485,-0.2064950258,0.5915085713,0.007661389003,0.5763590242,0.07832458477,0.6524528055,0.06509151156,0.6110518052,0.02790313271,0.7858333046,0.02544590131,0.7119042474,-0.1286673873
1657,2015-01-12T12:01:00,1657,1658,1663,1,-0.6022823364,-0.09982683419,4,4,0.5923674887,0,-0.09982683419,-0.3018836965,0.5687109067,-0.07225785427,0.5331744934,0.0777107189,0.6525409468,0.0625477896,0.6112555531,0.03920152634,0.7778598338,0.03133869969,0.7081413206,0.4127078769
1658,2015-01-12T12:02:00,1658,1659,1664,1,0.2984377931,-0.07664163985,4,4,0.1952956362,0,-0.07664163985,-0.1498706059,0.4296407008,-0.04398713485,0.5214875608,0.08003312048,0.6521854268,0.05613728897,0.6107144939,0.02688863289,0.7712487887,0.02342212808,0.7036738984,0.01563097858
1659,2015-01-12T12:03:00,1659,1660,1665,1,1.384675757,0.04780108678,4,4,0.4481400591,0,0.04780108678,-0.005132585105,0.3060766699,-0.1354713748,0.4236856409,0.03722704637,0.6201663306,0.05165810733,0.6097060364,0.01839726342,0.7669710766,0.02622565291,0.7031940046,-0.01441777167
1660,2015-01-12T12:04:00,1660,1661,1666,1,0.4161572235,0.4415484299,4,4,0.342477475,0,0.4415484299,0.1672149182,0.3120323018,-0.08828028945,0.4459975743,0.1170797855,0.5723589623,0.05780508473,0.6129097927,0.02335068836,0.7685415232,0.03485078244,0.7022616961,-1.014990213
1661,2015-01-12T12:05:00,1661,1662,1667,1,0.2976681798,-0.4737185381,4,4,0.1079851047,0,-0.4737185381,-0.03216749909,0.2958034993,-0.1193312624,0.467644149,0.1092106274,0.5777645203,0.05127485282,0.6165546534,0.01444229337,0.7699009394,0.03723751445,0.7001618618,0.2828068145
1662,2015-01-12T13:00:00,1662,1663,1668,1,1.002037908,0.01775233652,4,4,0.03958362011,0,0.01775233652,-0.008651664949,0.2925229221,-0.1552676807,0.4522177326,0.0855907825,0.5672876559,0.06261046682,0.6127007933,0.02372875593,0.7656226867,0.03037036738,0.6959338272,1.399093529
1663,2015-01-12T13:01:00,1663,1664,1669,1,1.165968971,-0.5590240117,4,4,0.1783183829,0,-0.5590240117,-0.1051281393,0.3832707149,-0.1274993726,0.4071164285,0.0815606139,0.5709609106,0.0411694202,0.6172403444,0.02536934042,0.7642830135,0.0262263745,0.6977795881,1.431147437
1664,2015-01-12T13:02:00,1664,1665,1670,1,0.4162438591,0.8240784896,4,4,-0.3285495466,0,0.8240784896,0.05012734126,0.5312819623,0.02249737808,0.4335570616,0.08164188748,0.5710780866,0.05112110879,0.6272369118,0.04664081745,0.7635372939,0.03300756093,0.7018223954,0.01486136537
1665,2015-01-12T13:03:00,1665,1666,1671,1,-0.8445199737,1.134039051,4,4,0.3476203531,0,1.134039051,0.1886254655,0.7074435908,0.1779201918,0.5467360385,0.1329574705,0.6243814138,0.09363933288,0.6461801771,0.06630768264,0.7724327405,0.04745825318,0.7072985738,-0.3970556213
1666,2015-01-12T13:04:00,1666,1667,1672,1,0.1236801737,-0.5269701038,4,4,0.6699459143,0,-0.5269701038,0.1779751523,0.7149364178,0.07290382662,0.5470986162,0.04028260781,0.5619193094,0.04632619569,0.6147135275,0.05334689987,0.7725760011,0.04150364446,0.7087257511,-0.2651784656
1667,2015-01-12T13:05:00,1667,1668,1673,1,0.3286507785,-0.5922075818,4,4,1.012297031,0,-0.5922075818,0.05598316866,0.7623732789,0.02366575186,0.5774005007,-0.02429605121,0.5557276215,0.02167876929,0.6186805972,0.04694886993,0.77535593,0.03097401139,0.7081376043,0.4013824938
1668,2015-01-12T14:00:00,1668,1669,1674,1,0.3764534533,0.7221220643,4,4,1.212211538,0,0.7221220643,0.3122123839,0.7893057091,0.1035421223,0.620443367,0.02977749371,0.5731052468,0.02775859523,0.6245541313,0.06784411825,0.7722860517,0.03713438649,0.7111975293,-0.4474643525
1669,2015-01-12T14:01:00,1669,1670,1675,1,1.091053245,-0.3950929481,4,4,1.853008956,0,-0.3950929481,0.06837809633,0.7200014712,0.05925271879,0.6327174101,-0.038109328,0.538442589,0.006318470956,0.623395853,0.0718458648,0.7694039927,0.03803354529,0.7106295833,0.3888586392
1670,2015-01-12T14:02:00,1670,1671,1676,1,1.381085009,0.07435337748,4,4,1.396756613,0,0.07435337748,-0.1435590384,0.5121512371,0.02253321355,0.6175659171,-0.03287353795,0.5386564295,-0.008197269215,0.6148459421,0.06619858842,0.7671970916,0.04171412708,0.7098705024,-0.07273171527
1671,2015-01-12T14:03:00,1671,1672,1677,1,2.336922005,-0.1267247819,4,4,1.091222341,0,-0.1267247819,-0.06350997399,0.4582261731,0.05723258917,0.6004603681,-0.03104933662,0.5381652644,0.01475197241,0.5925810911,0.07641296385,0.7600367564,0.04873138786,0.7044349328,0.8239178058
1672,2015-01-12T14:04:00,1672,1673,1678,1,2.612697259,0.4412300436,4,4,0.8963572413,0,0.4412300436,0.1431775511,0.4228073462,0.09958035988,0.6164329114,-0.02784366042,0.5405970828,0.02427224811,0.596597173,0.1082044563,0.7244685465,0.0473726958,0.7034259433,0.702194606
1673,2015-01-12T14:05:00,1673,1674,1679,1,2.70828152,-0.387236977,4,4,0.9820508738,0,-0.387236977,-0.07869425717,0.323209672,0.1167590633,0.6031036373,-0.005370154627,0.5145278338,0.008163705283,0.5983514249,0.07818553592,0.6899367364,0.04467427444,0.7042898107,1.453816724
1674,2015-01-12T15:00:00,1674,1675,1680,1,0.9695789029,0.7699247392,4,4,0.8566348921,0,0.7699247392,0.1543092803,0.4379516245,0.1113436883,0.5959042473,0.06692053319,0.5210919293,0.04829533161,0.5961536666,0.07226756007,0.6812474684,0.05441992308,0.7068476847,1.5130042
1675,2015-01-12T15:01:00,1675,1676,1681,1,-0.4233620809,0.3195068438,4,4,0.8301200486,0,0.3195068438,0.2033399736,0.4594702004,0.02989046759,0.4865242824,0.1039053297,0.5175066053,0.07751378855,0.5830278373,0.09083864842,0.6696076964,0.0507686081,0.7040600521,1.910502653
1676,2015-01-12T15:02:00,1676,1677,1682,1,-0.5880078272,0.3643851413,4,4,1.214341202,0,0.3643851413,0.3015619582,0.4842069157,0.1190259921,0.4713955679,0.09596490936,0.5106518762,0.08714474706,0.5858583455,0.0974712029,0.6705884083,0.05879651118,0.7027214148,1.254464796
1677,2015-01-12T15:03:00,1677,1678,1683,1,0.04826081947,0.8291122144,4,4,0.6056408888,0,0.8291122144,0.3791383923,0.5770658193,0.2611579717,0.5058512685,0.1424118618,0.542806063,0.1100612903,0.6001866832,0.1201874409,0.6678886409,0.06517587412,0.7067618055,-0.5434252966
1678,2015-01-12T15:04:00,1678,1679,1684,1,-1.106317815,0.7170052972,4,4,0.9296722806,0,0.7170052972,0.5999868472,0.6370508486,0.260646295,0.5051228939,0.1820942086,0.5657292239,0.1310636646,0.6104897156,0.1066479071,0.641867497,0.06978899511,0.7096293454,-2.333864734
1679,2015-01-12T15:05:00,1679,1680,1685,1,-0.6792671553,-0.2916527156,4,4,0.8555909211,0,-0.2916527156,0.3876713562,0.5516241694,0.2709903182,0.4980415894,0.1651215185,0.5693754235,0.1011742824,0.5953127962,0.08933684794,0.630965686,0.06941873783,0.7097699135,-1.842472623
1680,2015-01-12T16:00:00,1680,1681,1686,1,0.6165969128,-0.9687778782,4,4,1.525894675,0,-0.9687778782,0.1300144118,0.6867156726,0.1666771927,0.5842479269,0.09460520312,0.601137797,0.1058424943,0.5869247962,0.08651595965,0.6347808539,0.06129460097,0.7152580697,0.5916861161
1681,2015-01-12T16:01:00,1681,1682,1687,1,1.54486947,-1.07343414,4,4,1.300264781,0,-1.07343414,-0.1575494444,0.8218730312,0.07200625687,0.6745115331,0.06461942302,0.6385602798,0.08691502523,0.6089216172,0.07150962543,0.6458700721,0.05140198575,0.7218646603,1.227546919
1682,2015-01-12T16:02:00,1682,1683,1688,1,0.6901736135,0.199739395,4,4,1.643590679,0,0.199739395,-0.2834240083,0.7388971727,0.04785719201,0.6629381538,0.07371877595,0.6401080104,0.07965477922,0.6047948204,0.06200969253,0.6372858309,0.04855359516,0.720400664,1.163205468
1683,2015-01-12T16:03:00,1683,1684,1689,1,-0.1223264214,1.465380861,4,4,0.8573897237,0,1.465380861,-0.1337488955,0.9341402069,0.2331189758,0.7995160129,0.1749390196,0.7081524738,0.1282498167,0.6432248003,0.07839734214,0.6577819713,0.05988874059,0.7326523489,0.0249107967
1684,2015-01-12T16:04:00,1684,1685,1690,1,1.757292166,-0.4375733368,4,4,0.6979972457,0,-0.4375733368,-0.1629330198,0.9454627173,0.1123691682,0.7740119424,0.1118564283,0.6907229398,0.09674915787,0.6337303687,0.05676512044,0.643562155,0.05167818477,0.7320350523,0.3173225506
1685,2015-01-12T16:05:00,1685,1686,1691,1,1.00769511,0.1353979436,4,4,1.276187945,0,0.1353979436,0.05790214457,0.8425319905,0.09395827819,0.7685826468,0.06192437289,0.6432049294,0.09744092171,0.6338630495,0.06876562536,0.637103575,0.04723312213,0.7295893251,-0.4730318543
1686,2015-01-12T17:00:00,1686,1687,1692,1,1.328701492,0.3270861899,4,4,1.591745961,0,0.3270861899,0.3380062105,0.7076758153,0.09022838305,0.7669029726,0.1046271876,0.6365351329,0.07245489769,0.600387494,0.08572929183,0.6276757514,0.04478912969,0.7280006999,-0.1472372181
1687,2015-01-12T17:01:00,1687,1688,1693,1,2.640162607,-0.1451615829,4,4,1.1439118,0,-0.1451615829,0.269026015,0.7050108307,-0.007198996674,0.7221527896,0.1269794875,0.6234541513,0.05134171816,0.5905625572,0.06839677703,0.6123525079,0.0466208616,0.7273586432,1.439969615
1688,2015-01-12T17:02:00,1688,1689,1694,1,3.264898696,-0.6549564613,4,4,0.9361124337,0,-0.6549564613,-0.1550414495,0.391619268,-0.1443951725,0.7162344508,0.05812556124,0.6197341876,0.04395152748,0.5968752328,0.05346910973,0.6137611247,0.03818300544,0.7290814513,1.480726964
1689,2015-01-12T17:03:00,1689,1690,1695,1,1.453485773,0.6528808261,4,4,0.7559526943,0,0.6528808261,0.06304938309,0.4475737265,-0.04994181835,0.7396695176,0.1105242499,0.6305380322,0.03620746098,0.5863013865,0.0616443047,0.6180864577,0.04680931697,0.7306805591,1.47593871
1690,2015-01-12T17:04:00,1690,1691,1696,1,1.279828614,1.442045251,4,4,0.1632722184,0,1.442045251,0.3243788445,0.7826586874,0.1911404945,0.8131465969,0.1789088436,0.7080088375,0.07301765283,0.6290577331,0.07098624452,0.6340284867,0.05897964088,0.7424421734,1.200192991
1691,2015-01-12T17:05:00,1691,1692,1697,1,1.863818876,-0.6141991124,4,4,0.3417617008,0,-0.6141991124,0.136121784,0.8164592187,0.2370639973,0.7640061241,0.1545351271,0.7206494175,0.06174289523,0.6359864129,0.06440863933,0.6376604498,0.06172068542,0.7395618214,1.784171732
1692,2015-01-12T18:00:00,1692,1693,1698,1,1.462659081,0.6480925714,4,4,0.4679430785,0,0.6480925714,0.2947726149,0.8639421711,0.2818993149,0.7884910736,0.1648782535,0.7284247281,0.06851729653,0.6414233354,0.07703146964,0.6404884908,0.06051198282,0.7383831457,-0.02245293705
1693,2015-01-12T18:01:00,1693,1694,1699,1,0.5753124793,1.166299532,4,4,0.6959077063,0,1.166299532,0.6590238136,0.9657398208,0.2519911821,0.7368918009,0.2425550789,0.7688417852,0.1185924622,0.654162282,0.08478159164,0.6507674568,0.0710653563,0.7459635487,0.0796356226
1694,2015-01-12T18:02:00,1694,1695,1700,1,0.03960406392,-0.03022037201,4,4,0.6828645375,0,-0.03022037201,0.522403574,0.9206440035,0.2927264785,0.7238465382,0.2025478234,0.7493491502,0.1347341783,0.6453917213,0.104627036,0.625133167,0.07383061996,0.7452361232,0.07964714414
1695,2015-01-12T18:03:00,1695,1696,1701,1,2.311488342,-1.158532097,4,4,0.2816112535,0,-1.158532097,0.00228810439,0.8367352056,0.1633334744,0.8101482658,0.1286458763,0.789638999,0.116275603,0.6675862624,0.0867747469,0.6376990186,0.06073218717,0.7517569527,1.485112018
1696,2015-01-12T18:04:00,1696,1697,1702,1,0.1311811577,1.268388092,4,4,0.6034703333,0,1.268388092,0.3788055452,0.9728511523,0.2574636646,0.8980659832,0.1738460238,0.8350636741,0.1349054666,0.6921331803,0.09999848908,0.6528524519,0.06357057734,0.7558915938,0.4956768567
1697,2015-01-12T18:05:00,1697,1698,1703,1,1.169105834,-0.03020885046,4,4,0.6744353989,0,-0.03020885046,0.2431452609,0.9287718145,0.2689589379,0.8969429074,0.1308799706,0.8142515676,0.1366459162,0.691969666,0.0995968529,0.6528611529,0.07168298962,0.7503230106,-0.04004308023
1698,2015-01-12T19:00:00,1698,1699,1704,1,0.8327495807,0.2469327767,4,4,1.122134703,0,0.2469327767,0.05927190976,0.7763770494,0.3591478617,0.8761891132,0.1073763446,0.8002184548,0.1447352766,0.6929643317,0.1004362828,0.6531354217,0.06617084746,0.7460672341,0.8263763241
1699,2015-01-12T19:01:00,1699,1700,1705,1,-0.3739273289,0.2789529305,4,4,1.374932124,0,0.2789529305,0.1211065703,0.7862198268,0.3217550721,0.8560744702,0.1359066269,0.7999920293,0.1505140727,0.6943254352,0.10108609,0.6533870448,0.06243619985,0.7435449044,-0.364495699
1700,2015-01-12T19:02:00,1700,1701,1706,1,0.4373552352,-0.5659287874,4,4,1.542012113,0,-0.5659287874,0.2396272322,0.6432397457,0.1209576683,0.7462851917,0.1560490814,0.7804322441,0.1253271423,0.6965777554,0.0915661135,0.6560788761,0.05734283966,0.7453260394,1.209148914
1701,2015-01-12T19:03:00,1701,1702,1707,1,-2.693934726,1.113352181,4,4,0.9547541394,0,1.113352181,0.2086200501,0.5830148505,0.2937127977,0.8019805735,0.2653883975,0.7832235307,0.1650039102,0.7145622191,0.1081393815,0.6673600249,0.064629499,0.7519073697,0.006373256595
1702,2015-01-12T19:04:00,1702,1703,1708,1,-0.5902153636,-0.9119190926,4,4,0.4333909694,0,-0.9119190926,0.03227800163,0.7113670553,0.1377116313,0.8272424586,0.2098054731,0.8080990838,0.1417621245,0.7289589818,0.1021862957,0.6733436935,0.06307321212,0.7535996713,-0.009431629905
1703,2015-01-12T19:05:00,1703,1704,1709,1,-1.767721789,1.007715826,4,4,-0.143841639,0,1.007715826,0.1844346114,0.8348330163,0.1218532606,0.8061350656,0.1869222213,0.7722898647,0.1809306204,0.7409155017,0.1110500203,0.6818876093,0.07722310043,0.7565740391,-0.7717936787
1704,2015-01-12T20:00:00,1704,1705,1710,1,-3.272014321,-0.08942347633,4,4,-0.3011633502,0,-0.08942347633,0.11075933,0.8264275705,0.1159329502,0.8065742822,0.2043297143,0.7663275682,0.1580930713,0.7295053534,0.10460709,0.680295599,0.08379156873,0.7523643752,-2.700307983
1705,2015-01-12T20:01:00,1705,1706,1711,1,-2.044505396,-0.9277239791,4,4,-0.2336082452,0,-0.9277239791,0.03840029169,0.8894165543,0.139013762,0.7761504936,0.1511736182,0.79333152,0.1065489955,0.7221798536,0.1000941642,0.6852344716,0.07972145361,0.7560530004,-0.5807837337
1706,2015-01-12T20:02:00,1706,1707,1712,1,-2.635274748,0.2453537767,4,4,-1.086011292,0,0.2453537767,-0.1351993892,0.7451113248,0.03671033045,0.6689907332,0.1470869975,0.791855767,0.1258570926,0.718405363,0.08609164412,0.6685727285,0.0775169641,0.7549511288,-0.9959281101
1707,2015-01-12T20:03:00,1707,1708,1713,1,0.007133682413,-2.01793778,4,4,-0.6631514183,0,-2.01793778,-0.3564031267,1.096944017,-0.1620625625,0.9244807365,0.05344818767,0.9108159011,0.0902138376,0.7804744341,0.05594630344,0.7042393143,0.06137052582,0.7770658442,-0.5717063387
1708,2015-01-12T20:04:00,1708,1709,1714,1,-3.11322748,1.19180027,4,4,-1.378242517,0,1.19180027,-0.3195862378,1.133254392,-0.06757581322,0.9952918371,0.1457860242,0.9376335113,0.1019557927,0.7947411732,0.06485719398,0.7147312066,0.07921467641,0.779842938,-1.463721662
1709,2015-01-12T20:05:00,1709,1710,1715,1,-3.3113859,-0.1697905997,4,4,-1.558364342,0,-0.1697905997,-0.3356596625,1.135091175,-0.1124501662,0.9928279065,0.1046524529,0.9269764697,0.1075883514,0.7927369,0.0569534112,0.7131108547,0.08376002701,0.7772594592,-1.639346638
1710,2015-01-12T21:00:00,1710,1711,1716,1,-2.503923731,-1.593716009,4,4,-1.511253848,0,-1.593716009,-0.4688580685,1.274473916,-0.2152288884,1.098941666,-0.04713561003,0.9393120812,0.06588661679,0.8317402539,0.02884467379,0.7313779401,0.06609459788,0.789298128,0.5788400211
1711,2015-01-12T21:01:00,1711,1712,1717,1,-3.969266862,0.2997849465,4,4,-1.688571568,0,0.2997849465,-0.4579718345,1.276800012,-0.2965856118,1.045325106,-0.001436407088,0.9316322821,0.07654936,0.8328488134,0.04565066621,0.7227688066,0.07645842923,0.7850581482,-1.649505818
1712,2015-01-12T21:02:00,1712,1713,1718,1,-3.419260265,-0.3454155751,4,4,-2.1285246,0,-0.3454155751,-0.1234673934,0.9163329506,-0.2399352601,1.010681021,-0.05111181441,0.923527534,0.05688321953,0.8317168059,0.04057773382,0.7237682751,0.09109737739,0.7618972361,-1.672039262
1713,2015-01-12T21:03:00,1713,1714,1719,1,-4.527958767,0.6244706497,4,4,-1.907727926,0,0.6244706497,-0.2369333175,0.7959781518,-0.2782597777,0.9792463263,-0.07820325854,0.8968771129,0.0821759102,0.8353161816,0.04516980774,0.726559547,0.07951566068,0.741570074,-3.082763752
1714,2015-01-12T21:04:00,1714,1715,1720,1,-2.406871032,-1.928560892,4,4,-2.558828916,0,-1.928560892,-0.588687376,1.171189511,-0.4621735193,1.153281589,-0.1731202846,0.9951433303,0.01471376941,0.8808616228,0.03150455051,0.7521025172,0.05308296318,0.75368283,-2.319761044
1715,2015-01-12T21:05:00,1715,1716,1721,1,-2.295735692,-0.3679490193,4,4,-1.968941849,0,-0.3679490193,-0.3435339781,0.9438093157,-0.4061960233,1.121396403,-0.1335911307,0.9643493874,-0.002472627171,0.8813340711,0.03752058069,0.7472185771,0.05973488989,0.7468821145,-1.747221003
1716,2015-01-12T22:00:00,1716,1717,1722,1,-2.017200516,-0.7862538404,4,4,-1.807156857,0,-0.7862538404,-0.5607417355,0.9982188347,-0.509356785,1.146005914,-0.2363232273,0.9383171524,-0.03123860171,0.8881921015,0.02795307267,0.7523679984,0.05456793469,0.7501694999,-1.445195015
1717,2015-01-12T22:01:00,1717,1718,1723,1,-1.357281321,-1.165558184,4,4,-1.696597658,0,-1.165558184,-0.7247702573,1.115474623,-0.4241188254,1.020771696,-0.293090694,0.9738170997,-0.08110536168,0.8975871432,0.01447796433,0.7635072803,0.05308984004,0.7522883208,-0.08710998784
1718,2015-01-12T22:02:00,1718,1719,1724,1,-1.012270607,0.2045910217,4,4,-1.634698315,0,0.2045910217,-0.8087461829,1.083818441,-0.5228397502,0.950853204,-0.2952077817,0.9733261675,-0.09391571856,0.8909863645,0.018573973,0.7637258653,0.03979336522,0.7343578758,-0.5485146891
1719,2015-01-12T22:03:00,1719,1720,1725,1,1.498628603,-0.4842278525,4,4,-0.748173956,0,-0.4842278525,-0.5198795749,0.6911499927,-0.5542834755,0.9616062563,-0.3333668209,0.9773417632,-0.09873009699,0.8930801109,0.001222092729,0.75894315,0.0266478663,0.7288867032,-0.5720055009
1720,2015-01-12T22:04:00,1720,1721,1726,1,2.30023409,0.192526843,4,4,-0.6672382438,0,0.192526843,-0.4077844025,0.6767749503,-0.3756591903,0.8212187156,-0.2954440393,0.9700703488,-0.06969747896,0.8803723557,0.01807250769,0.748176517,0.03444481344,0.725935936,-1.270171334
1721,2015-01-12T22:05:00,1721,1722,1727,1,3.061219619,-0.2568136795,4,4,-0.3296303144,0,-0.2568136795,-0.3018963703,0.5895557363,-0.4313190529,0.8197611872,-0.3639523324,0.9393383262,-0.04928196745,0.8648108435,0.01881652889,0.7478914797,0.03124576114,0.726221751,-0.4637559183
1722,2015-01-12T23:00:00,1722,1723,1728,1,3.290247892,-0.5077186644,4,4,-0.6834778549,0,-0.5077186644,-0.1703284663,0.3569683999,-0.4475493618,0.8281636531,-0.343742311,0.9239402478,-0.06696841893,0.8679544086,0.006343180145,0.748037977,0.01901698871,0.7224060068,2.070634104
1723,2015-01-12T23:01:00,1723,1724,1729,1,4.362194605,-0.5056389896,4,4,-0.660219215,0,-0.5056389896,-0.3123744686,0.4125398149,-0.5605603258,0.8200157047,-0.4194100517,0.9031470322,-0.1162439152,0.8402696581,0.006002950771,0.748261733,0.01351692303,0.7237419756,3.570405423
1724,2015-01-12T23:02:00,1724,1725,1730,1,4.944581607,0.5496017357,4,4,-0.8928834779,0,0.5496017357,-0.105608551,0.4286096007,-0.312744063,0.5750628236,-0.3874587911,0.9112506994,-0.09156453838,0.8419132316,0.002592309744,0.7451282003,0.007321900831,0.7158124485,3.524975537
1725,2015-01-12T23:03:00,1725,1726,1731,1,2.779028148,2.026671358,4,4,-0.9582166957,0,2.026671358,0.2612203521,0.9988854947,-0.0732820252,0.8531695508,-0.2397390242,0.9963503841,-0.04428270302,0.9005800876,0.02657910935,0.7787255164,0.03108284924,0.7354922217,1.219613788
1726,2015-01-12T23:04:00,1726,1727,1732,1,2.260366163,0.9941323293,4,4,-0.5591883841,0,0.9941323293,0.5114095538,1.087309246,0.1047565918,0.8745905791,-0.2023000966,1.019371924,-0.02760654954,0.9127307035,0.02242417408,0.7725097022,0.04795067804,0.7350807291,0.7917891823
1727,2015-01-12T23:05:00,1727,1728,1733,1,1.14972286,0.5041718499,4,4,-0.3695288971,0,0.5041718499,0.7137876567,1.086979116,0.2717295952,0.8089963031,-0.0761946151,0.9209912795,-0.01137321371,0.9159177208,0.01998425222,0.7706067107,0.04180678012,0.7277491461,1.41960607
1728,2015-01-13T00:00:00,1728,1729,1734,1,1.467578169,-0.2786903916,4,4,-0.4535795588,0,-0.2786903916,0.7591773763,1.070477981,0.2234014538,0.8112065725,-0.1497191482,0.8837923735,-0.001966561971,0.91111074,0.02099248275,0.7701892053,0.03499055249,0.7265278652,1.55941436
1729,2015-01-13T00:01:00,1729,1730,1735,1,0.4305673403,0.5663077239,4,4,-0.5582530544,0,0.5663077239,0.7625185739,1.072218066,0.3284550115,0.8165040636,-0.112914232,0.8920105038,-0.004130889527,0.9096615069,0.01603828572,0.7652559614,0.03971923996,0.7283647885,1.468576981
1730,2015-01-13T00:02:00,1730,1731,1736,1,-0.3323416183,1.131988738,4,4,-1.052368444,0,1.131988738,0.5835820498,0.7644945542,0.422401201,0.8894448142,0.02337100533,0.856011757,-0.01188230235,0.8986276521,0.03056767524,0.7756433744,0.04336339556,0.7329201641,-0.2698832103
1731,2015-01-13T00:03:00,1731,1732,1737,1,-0.6886003606,-0.1388821015,4,4,-1.48998641,0,-0.1388821015,0.3569791637,0.6250198024,0.4341943588,0.8868176671,0.001437652929,0.8539478845,6.229204773e-07,0.8936346285,0.03087175907,0.7755841562,0.04293930053,0.7329857997,-0.09183619149
1732,2015-01-13T00:04:00,1732,1733,1738,1,-2.210455829,0.4754703448,4,4,-0.8149375154,0,0.4754703448,0.3512388627,0.620504885,0.5325132597,0.8850282229,0.04248194893,0.8570676729,-0.004314932743,0.8909175332,0.03210118189,0.7762596042,0.04991600218,0.7335268831,-1.038009641
1733,2015-01-13T00:05:00,1733,1734,1739,1,-0.5802014338,-0.6064714537,4,4,-0.9235228407,0,-0.6064714537,0.2856826502,0.6656231443,0.5224300133,0.8913409219,-0.01906515624,0.8564211566,-0.04863420739,0.8768824759,0.03497912738,0.7735797204,0.04030965863,0.73392085,-0.06245840803
1734,2015-01-13T01:00:00,1734,1735,1740,1,-1.3739334,0.03916491734,4,4,-1.061591164,0,0.03916491734,0.1802540889,0.6158084611,0.4713863314,0.8743202052,0.07932113424,0.739977389,-0.04689957516,0.8768913228,0.04391730156,0.7698924814,0.05411816561,0.7189161623,-0.5967641691
1735,2015-01-13T01:01:00,1735,1736,1741,1,-0.3212112594,-0.4707031044,4,4,-0.7690751914,0,-0.4707031044,-0.1402842795,0.4089653321,0.2216488852,0.613067927,0.07418342999,0.7428830882,-0.02970385033,0.8607685588,0.04328587634,0.7702577262,0.04794854782,0.7197783428,-1.172446188
1736,2015-01-13T01:02:00,1736,1737,1742,1,-1.501282128,0.369079779,4,4,-1.251695977,0,0.369079779,-0.03869190337,0.4366222302,0.1591436302,0.5391144244,0.131950111,0.7264822929,-0.05218655816,0.8391113157,0.04135945422,0.7691411247,0.04927014,0.7203102221,-0.5177430257
1737,2015-01-13T01:03:00,1737,1738,1743,1,-0.7813591523,-0.4951408437,4,4,-0.6098775789,0,-0.4951408437,-0.2328141411,0.4409733021,0.05921236079,0.5382767715,0.165470978,0.6871014849,-0.06380985799,0.842742011,0.0364180291,0.7710499711,0.04512794927,0.7217269722,-0.777169231
1738,2015-01-13T01:04:00,1738,1739,1744,1,-0.3885012866,-1.046385124,4,4,-0.5368024347,0,-1.046385124,-0.3207968751,0.5829925332,-0.01755711243,0.6256734228,0.1029221707,0.7244043537,-0.0961428055,0.8579409933,0.02429623556,0.7798276454,0.03490992003,0.72783572,0.851234929
1739,2015-01-13T01:05:00,1739,1740,1745,1,0.3220607828,1.023782942,4,4,0.454945143,0,1.023782942,-0.1238732702,0.7410801697,0.02819040936,0.681329538,0.1783227104,0.7519603797,-0.07752205522,0.8719636846,0.03649600874,0.7881651087,0.04155004161,0.7335188996,-0.9835391019
1740,2015-01-13T02:00:00,1740,1741,1746,1,2.825766593,-0.754567049,4,4,0.1677231619,0,-0.754567049,-0.1806460591,0.7866141505,-0.1604651693,0.626902889,0.1309680158,0.7694541279,-0.08223801176,0.8755273087,0.02154456526,0.7911285097,0.03363140508,0.7365294861,-0.004189921337
1741,2015-01-13T02:01:00,1741,1742,1747,1,3.886729069,0.5820190363,4,4,-0.03812447247,0,0.5820190363,-0.1380582077,0.8119526321,-0.08837505553,0.6518842108,0.1729096516,0.7782668562,-0.09552134037,0.8625705161,0.03474128494,0.7920312684,0.04025247423,0.7381884811,-1.239736216
1742,2015-01-13T02:02:00,1742,1743,1748,1,3.014368814,-0.8109910892,4,4,0.2238645784,0,-0.8109910892,-0.2012282568,0.861263894,-0.2170211989,0.6841903786,0.1577460304,0.7910093013,-0.09299814029,0.8600468872,0.02438199211,0.7972019334,0.03712481702,0.7408247898,1.305599885
1743,2015-01-13T02:03:00,1743,1744,1749,1,1.148744318,0.2247821316,4,4,0.1709290792,0,0.2247821316,0.05300519427,0.729997624,-0.1338958404,0.6605970121,0.1942670864,0.784498901,-0.1125714826,0.8459057534,0.03417956891,0.7951453717,0.03650951934,0.740607401,2.829956515
1744,2015-01-13T02:04:00,1744,1745,1750,1,1.89015965,-0.653527258,4,4,0.1379028995,0,-0.653527258,-0.2824568457,0.639288514,-0.2031650579,0.692058387,0.1341106367,0.7884734086,-0.1266740772,0.8520763327,0.01570949706,0.7931620696,0.02751336763,0.7419879336,5.126465285
1745,2015-01-13T02:05:00,1745,1746,1751,1,-1.704439648,1.734345011,4,4,-0.3528949549,0,1.734345011,0.2153255664,0.9467872207,0.01733975361,0.8703929754,0.1194943194,0.7528068194,-0.06012235242,0.8830153439,0.02321332156,0.8066163396,0.04668865867,0.7569255049,1.708768929
1746,2015-01-13T03:00:00,1746,1747,1752,1,-2.478868271,1.749138762,4,4,-0.8657288127,0,1.749138762,0.4487495114,1.200230849,0.1553456519,1.024651445,0.157244641,0.8187047534,-0.0225277278,0.9244989431,0.05166468238,0.8278902589,0.04988518681,0.7634739206,-1.681212196
1747,2015-01-13T03:01:00,1747,1748,1753,1,-6.322036033,1.642981512,4,4,-1.036466194,0,1.642981512,0.9395440317,1.359739104,0.3691578875,1.138126954,0.2141851241,0.8902457094,0.06899525452,0.9057489608,0.07960454606,0.8454352495,0.0602959538,0.7772359581,-3.236305635
1748,2015-01-13T03:02:00,1748,1749,1754,1,-3.621778184,-1.683351345,4,4,-0.4335583115,0,-1.683351345,0.5579173365,1.550973688,0.3054612654,1.212108888,0.1439520765,0.9645400945,-0.002883535851,0.9250477159,0.04953612844,0.8623592085,0.04227695071,0.7910740951,-3.413208577
1749,2015-01-13T03:03:00,1749,1750,1755,1,-1.688916022,-1.640842364,4,4,-0.9830149818,0,-1.640842364,0.3604543153,1.690731362,0.0389987348,1.278135819,0.03359457208,1.024168226,-0.03965982996,0.9603653716,0.03396426074,0.8805491013,0.02474899748,0.8040223524,-0.7976560743
1750,2015-01-13T03:04:00,1750,1751,1756,1,-2.860719491,0.08788807336,4,4,-0.604692842,0,0.08788807336,0.03116292769,1.502839604,0.123244247,1.255972316,-0.01861046114,0.992590976,0.002380272096,0.9268206336,0.03413344444,0.8805646873,0.02002320656,0.8018361988,-3.085730397
1751,2015-01-13T03:05:00,1751,1752,1757,1,0.9488367304,-1.860254287,4,4,-0.4678827777,0,-1.860254287,-0.6907156819,1.529293562,-0.1209830853,1.374644116,-0.1046790704,1.075778664,-0.05162070873,0.9712174637,0.01246432563,0.904682405,0.01322687456,0.8140542278,-0.2085696068
1752,2015-01-13T04:00:00,1752,1753,1758,1,2.756998465,0.974710139,4,4,-0.3206337594,0,0.974710139,-0.8243699566,1.410274129,0.05758703755,1.385237083,-0.07971708069,1.092473855,-0.01861756588,0.9818513432,0.01913282682,0.9098859559,0.02084596725,0.8188840155,-0.8912599476
1753,2015-01-13T04:01:00,1753,1754,1759,1,4.775065463,-2.200186249,4,4,-0.06045688369,0,-2.200186249,-0.9277369376,1.546060372,-0.1849098006,1.548518979,-0.1594028205,1.190440977,-0.08923398836,1.036968398,-0.003529039082,0.9415563132,0.0003685423729,0.8428287706,0.2250109064
1754,2015-01-13T04:02:00,1754,1755,1760,1,5.37620815,1.016906504,4,4,-1.153836355,0,1.016906504,-0.396187164,1.434799536,-0.01786642438,1.567995894,-0.1105157412,1.211931503,-0.01559730346,1.004077812,-0.0004417670252,0.9444811936,0.01580393252,0.8444897166,1.157406337
1755,2015-01-13T04:03:00,1755,1756,1761,1,2.609047953,0.2920197981,4,4,-0.8101755952,0,0.2920197981,-0.3553608191,1.440194417,-0.1620989457,1.471850338,-0.07237959604,1.209116899,0.0009019169778,1.003453775,-0.0007853550967,0.944369955,0.02531435945,0.8413462789,3.648258413
1756,2015-01-13T04:04:00,1756,1757,1762,1,1.704757006,-1.083915395,4,4,-0.8756454633,0,-1.083915395,-0.2000930408,1.271623087,-0.4454043614,1.406371941,-0.1450293548,1.230404937,-0.006539621898,1.010364497,-0.01888911181,0.9512417214,0.01645550782,0.8471425748,4.550054557
1757,2015-01-13T04:05:00,1757,1758,1763,1,-0.3824619587,1.949301935,4,4,-0.2897061881,0,1.949301935,-0.005174681706,1.478840394,-0.4147723192,1.444964018,-0.02280721584,1.300625614,0.07133188107,1.040128703,-0.004886740304,0.9714757844,0.03342926991,0.8655931404,4.218801813
1758,2015-01-13T05:00:00,1758,1759,1764,1,-5.231122975,2.782871874,4,4,0.1406527345,0,2.782871874,0.991436943,1.663634628,0.0318500027,1.605923854,0.168655634,1.422708575,0.1357889024,1.128906851,0.0209365919,1.016928557,0.05764561612,0.9020319791,-1.03921046
1759,2015-01-13T05:01:00,1759,1760,1765,1,-5.39581227,-0.1821192515,4,4,0.433891496,0,-0.1821192515,0.7516317919,1.60234013,0.177722314,1.520878628,0.1083605244,1.404760295,0.1433416174,1.126675619,0.02230576021,1.01660957,0.04859526762,0.8984036508,-2.845297551
1760,2015-01-13T05:02:00,1760,1761,1766,1,-7.3190904,1.618049191,4,4,0.6093509789,0,1.618049191,1.01683767,1.753298439,0.3307384257,1.604402596,0.2269913364,1.440759201,0.1789796761,1.154956001,0.05464109857,1.026883355,0.07170823049,0.904333929,-4.601263772
1761,2015-01-13T05:03:00,1761,1762,1767,1,-3.918370479,-2.4751404,4,4,0.3848271446,0,-2.4751404,0.7385926696,2.016022049,0.2692498144,1.685433205,0.07413336457,1.537909544,0.1235215081,1.218783218,0.03711977032,1.056723788,0.05371818862,0.9316859027,-4.191912515
1762,2015-01-13T05:04:00,1762,1763,1768,1,0.3578504201,-1.988206342,4,4,0.7493885743,0,-1.988206342,-0.04890898577,2.023606233,-0.02704183374,1.77227976,0.01527260191,1.590574947,0.08650931614,1.256109943,0.009770448605,1.079619619,0.03306522548,0.9481444718,-2.550514719
1763,2015-01-13T05:05:00,1763,1764,1769,1,-3.635733944,-0.1379170298,4,4,0.7152850441,0,-0.1379170298,-0.6330667665,1.596844148,0.1791850882,1.630581401,-0.00286235616,1.590079673,0.09570236514,1.253752745,-0.01027077503,1.067227493,0.03590275556,0.9472217601,-2.717826628
1764,2015-01-13T06:00:00,1764,1765,1770,1,-3.498747621,-2.065789142,4,4,0.2831264654,0,-2.065789142,-1.009800745,1.843034103,-0.1290844764,1.726885723,-0.07347545038,1.649355241,0.03031759318,1.292683841,-0.0306234726,1.090836698,0.01183407089,0.9628886373,0.2735420356
1765,2015-01-13T06:01:00,1765,1766,1771,1,-3.441215248,-0.3468085464,4,4,-0.2056325919,0,-0.3468085464,-1.402772292,1.702120237,-0.1929673108,1.727898828,-0.1775331283,1.60498875,-0.02901940443,1.253536397,-0.03665105373,1.091420632,0.00804627142,0.9633587698,2.908365139
1766,2015-01-13T06:02:00,1766,1767,1772,1,-0.1687096667,-0.305228939,4,4,0.004427471159,0,-0.305228939,-0.96879,1.300223921,-0.1150986652,1.696308808,-0.2802515133,1.5580991,-0.06150343614,1.244578298,-0.04455499284,1.091341485,-0.005551695994,0.9561237051,-0.9179073158
1767,2015-01-13T06:03:00,1767,1768,1773,1,1.561360153,0.9255795211,4,4,-0.2507371281,0,0.9255795211,-0.3860328273,1.035050164,-0.2174709065,1.607219809,-0.3161216129,1.528246794,-0.05096824436,1.250614986,-0.03117072904,1.09611658,-0.003666579972,0.9577242555,-3.772289657
1768,2015-01-13T06:04:00,1768,1769,1774,1,-1.694182379,2.288014557,4,4,-0.7052467987,0,2.288014557,0.09915348998,1.454141239,-0.2669566383,1.527160433,-0.1175533178,1.567037079,0.01319937935,1.301142344,0.005616408687,1.123186134,0.01839478162,0.9796860423,-6.349580387
1769,2015-01-13T06:05:00,1769,1770,1775,1,1.095330582,-4.131501394,4,4,-0.7427623601,0,-4.131501394,-0.3139889603,2.162149518,-0.6618948525,2.008938183,-0.2420862693,1.781699249,-0.1042458486,1.453164266,-0.05418836906,1.212264501,-0.02405642571,1.046091098,0.7491976492
1770,2015-01-13T07:00:00,1770,1771,1776,1,2.816913081,-1.92880282,4,4,-0.9765308337,0,-1.92880282,-0.6303878149,2.322690545,-1.016580054,2.036185732,-0.3429208139,1.833052103,-0.1807656375,1.47399404,-0.09632396994,1.220694492,-0.03987676235,1.060802168,5.33364981
1771,2015-01-13T07:01:00,1771,1772,1777,1,3.983066255,-0.2892761736,4,4,-0.5480880207,0,-0.2892761736,-0.6271972618,2.32228219,-0.7979936309,1.881963976,-0.2643719083,1.786403299,-0.1845254893,1.47454001,-0.0922624332,1.219190529,-0.04092732373,1.061026203,4.655398008
1772,2015-01-13T07:02:00,1772,1773,1778,1,-0.5914106185,2.967276642,4,4,-1.285700896,0,2.967276642,-0.2188578376,2.642461204,-0.3024453324,2.006729934,-0.1647435831,1.893137683,-0.1222303319,1.545553204,-0.06327263232,1.261441389,-0.01934265603,1.094515517,0.3461329328
1773,2015-01-13T07:03:00,1773,1774,1779,1,-1.717359891,2.655649341,4,4,-1.229438131,0,2.655649341,-0.1453308807,2.71036783,-0.02308869534,2.174927645,0.07804819645,1.922122,-0.04067731202,1.598703022,-0.0446557597,1.28933592,0.009760314248,1.118436784,-2.516736729
1774,2015-01-13T07:04:00,1774,1775,1780,1,-0.5039985863,-0.9675279754,4,4,-0.7663278168,0,-0.9675279754,0.487463803,2.029644082,0.08673742136,2.096943685,-0.02117352751,1.920847094,-0.06584463433,1.6059937,-0.05637210475,1.293861305,0.007329989597,1.120220905,-0.6723317532
1775,2015-01-13T07:05:00,1775,1776,1781,1,-0.9340343257,-1.341988433,4,4,-0.1789086979,0,-1.341988433,0.6048266803,1.932766315,-0.01278056729,2.136641874,-0.1028739391,1.943048231,-0.08762676755,1.618239801,-0.05866530894,1.296075338,-0.0003516716221,1.126246566,-0.9375435514
1776,2015-01-13T08:00:00,1776,1777,1782,1,0.3323133037,-0.207220321,4,4,-0.9232612592,0,-0.207220321,0.6212378508,1.930657282,-0.002979705488,2.135466238,-0.05903918534,1.928429364,-0.1020342701,1.617519107,-0.0771104141,1.288502204,-0.006438453868,1.125392406,0.7993768386
1777,2015-01-13T08:01:00,1777,1778,1783,1,0.7367489359,0.8768770008,4,4,-1.453288874,0,0.8768770008,0.2031579225,1.456116087,-0.007849957516,2.133409861,-0.112660432,1.888728825,-0.06773382394,1.621561526,-0.06577184096,1.292222094,0.001700744757,1.128198844,0.1683331668
1778,2015-01-13T08:02:00,1778,1779,1784,1,2.123005595,-1.607200231,4,4,-1.537878897,0,-1.607200231,-0.6494119919,1.107428504,-0.3973714363,2.070325055,-0.3321640373,1.819129575,-0.08175420162,1.632992973,-0.08894850356,1.304363599,-0.01105391017,1.137677219,0.003509225654
1779,2015-01-13T08:03:00,1779,1780,1785,1,1.81340405,1.529700069,4,4,-1.307513017,0,1.529700069,-0.1499663831,1.227669449,0.16874871,1.67729356,-0.2465730713,1.850560227,-0.06910627344,1.642851886,-0.07331416433,1.315158353,0.001295248014,1.146206904,-0.4670635349
1780,2015-01-13T08:04:00,1780,1781,1786,1,2.454718695,0.2458333291,4,4,-1.651936558,0,0.2458333291,0.1675979693,1.076602289,0.3862123248,1.564394151,-0.3151838643,1.815679128,-0.04409626399,1.63897495,-0.06316713787,1.313922934,-0.0003357111595,1.145717755,0.5684157691
1781,2015-01-13T08:05:00,1781,1782,1787,1,5.222743941,-1.772024172,4,4,-1.452097679,0,-1.772024172,-0.1453628009,1.333603528,0.2379375249,1.659207026,-0.280028053,1.774085167,-0.1029473442,1.660202389,-0.09923434229,1.322932324,-0.01115492478,1.156272608,2.119496369
1782,2015-01-13T09:00:00,1782,1783,1788,1,3.65083527,1.059127308,4,4,-0.4588950099,0,1.059127308,-0.1089127394,1.359803606,0.04712259155,1.408783146,-0.1276613704,1.733729359,-0.05619438427,1.663692603,-0.07459626228,1.324302406,-0.002476800013,1.160306701,2.280467585
1783,2015-01-13T09:01:00,1783,1784,1789,1,1.533105092,1.281312633,4,4,-0.6507204406,0,1.281312633,0.4687898334,1.288720196,-0.09031107926,1.201498571,-0.0566998873,1.756973118,-0.02978112173,1.675605548,-0.07117630218,1.327254779,0.01285933869,1.165070281,1.886302926
1784,2015-01-13T09:02:00,1784,1785,1790,1,0.6195235803,-0.2209435726,4,4,0.04983740289,0,-0.2209435726,0.1186611051,1.096615929,-0.01565263898,1.163988567,0.03554239119,1.695883576,-0.01896652959,1.672781189,-0.07282030339,1.327446983,0.004150821509,1.162813978,3.103247572
1785,2015-01-13T09:03:00,1785,1786,1791,1,-1.351614107,1.220098524,4,4,-0.06528435325,0,1.220098524,0.3135141441,1.219921215,0.2405560567,1.150495602,0.1138877447,1.715936862,-0.03182269177,1.661389208,-0.0459725221,1.330400353,0.004867983784,1.163539706,1.370367685
1786,2015-01-13T09:04:00,1786,1787,1792,1,-1.227091567,0.8871479744,4,4,-0.03636749884,0,0.8871479744,0.8453485735,1.008761688,0.3499928863,1.18239133,0.1735065904,1.726016412,-0.05337246145,1.644202764,-0.03795009463,1.333810524,0.0166523011,1.165362217,-0.3531978342
1787,2015-01-13T09:05:00,1787,1788,1793,1,-3.286486839,0.9960010734,4,4,-0.03216123291,0,0.9960010734,0.8327233265,0.9958180759,0.3619052935,1.191788464,0.177027668,1.727975315,-0.06954697243,1.631170891,-0.0002758589554,1.319298991,0.02988737323,1.167652916,-2.483723992
1788,2015-01-13T10:00:00,1788,1789,1794,1,-3.13674833,-0.5127813625,4,4,0.2081119913,0,-0.5127813625,0.4739045273,0.8461029326,0.4713471804,1.09011236,0.03698787204,1.654477378,-0.04028272287,1.611350459,-0.02158312936,1.313804319,0.01959651134,1.166730062,-2.721981792
1789,2015-01-13T10:01:00,1789,1790,1795,1,-1.312438699,-0.836417545,4,4,0.7626419164,0,-0.836417545,0.3508097328,0.9198074919,0.234735419,1.012080115,0.2017420645,1.385211147,-0.0201721024,1.59581674,-0.02991596618,1.316991404,0.01591880636,1.168669401,-0.8738937325
1790,2015-01-13T10:02:00,1790,1791,1796,1,-0.7059580648,-1.134525084,4,4,1.256325647,0,-1.134525084,-0.1201149888,0.8976342093,0.09669957768,1.070970342,0.2414559512,1.340579451,-0.05073243133,1.605807161,-0.02417607962,1.311032632,0.005844819185,1.173229869,-0.8027628471
1791,2015-01-13T10:03:00,1791,1792,1797,1,-0.9381491834,-0.7510391633,4,4,1.487607594,0,-0.7510391633,-0.4477524163,0.8724407332,0.1987980786,0.9430675947,0.2183678018,1.349508141,-0.02300205325,1.583099644,-0.03731138099,1.313291256,0.0006421993393,1.175174454,-0.4147665381
1792,2015-01-13T10:04:00,1792,1793,1798,1,-1.131310344,1.011670515,4,4,0.5683422616,0,1.011670515,-0.444618528,0.8760391837,0.1940523992,0.9378428151,0.1205874954,1.196707796,-0.02207804385,1.583679235,-0.02034780487,1.317587185,0.005395869932,1.178109336,-0.4385449665
1793,2015-01-13T10:05:00,1793,1794,1799,1,0.3072435711,-1.063394199,4,4,1.012687364,0,-1.063394199,-0.5547410952,0.970060385,-0.04041828394,0.9101942988,-0.0653646816,1.065845317,0.006341757423,1.554120205,-0.04144611547,1.321096717,-0.0002387735806,1.181573272,0.09680478232
1794,2015-01-13T11:00:00,1794,1795,1800,1,-0.3489120959,-0.3630428544,4,4,1.178126048,0,-0.3630428544,-0.4600661571,0.9096473555,-0.05462821212,0.91474153,-0.03514042555,1.046809785,-0.02815697653,1.546845869,-0.02187713999,1.304013879,-0.009680170193,1.179946551,-0.5233826452
1795,2015-01-13T11:01:00,1795,1796,1801,1,-3.168775062,0.9878920864,4,4,1.399530142,0,0.9878920864,-0.03558272301,0.8747657018,-0.07784885588,0.8862737181,0.08135360042,1.026918019,-0.01076016932,1.554026552,-0.004929126172,1.308036315,-0.004110293172,1.183028282,-0.6927653779
1796,2015-01-13T11:02:00,1796,1797,1802,1,-1.295335471,-0.5280444497,4,4,1.448020453,0,-0.5280444497,0.009016219709,0.8415279296,-0.2193680983,0.8571237044,0.06531239398,1.032644736,0.00313660432,1.546802341,-0.001701508789,1.306413774,-0.01154720643,1.183542579,0.2104387888
1797,2015-01-13T11:03:00,1797,1798,1803,1,0.9336597794,-0.9832302819,4,4,0.8343463988,0,-0.9832302819,-0.3899639396,0.8347587482,-0.4172912338,0.8556479472,-0.02769297015,1.037423046,-0.07017670109,1.523736058,0.0005775899886,1.304538097,-0.02665006057,1.184525499,0.1744705494
1798,2015-01-13T11:04:00,1798,1799,1804,1,0.4406922597,0.8185093538,4,4,0.9317314621,0,0.8185093538,-0.01358322917,0.7775938759,-0.2841621622,0.8791101712,0.09359250909,0.9902473556,-0.1192857641,1.464551508,0.008251569139,1.307543842,-0.02580419343,1.185073626,-2.476009684
1799,2015-01-13T11:05:00,1799,1800,1805,1,-1.832420542,0.375159717,4,4,0.6761362798,0,0.375159717,0.1340572851,0.778743331,-0.163004436,0.8467288489,0.0358654915,0.9330744617,-0.1053537899,1.465469397,0.01899391376,1.307095731,-0.02024742316,1.185269391,-1.50577426
1800,2015-01-13T12:00:00,1800,1801,1806,1,-0.6229080181,-1.019198521,4,4,0.3666503367,0,-1.019198521,-0.2673608365,0.7867707073,-0.1514717797,0.8319324429,-0.02738610103,0.9589288456,-0.1712849827,1.451935816,0.003847346704,1.311876705,-0.02066759518,1.185621702,0.7591892301
1801,2015-01-13T12:01:00,1801,1802,1807,1,0.5862585885,-1.83197088,4,4,-0.1011556879,0,-1.83197088,-0.5281461224,1.111064993,-0.2595649514,0.98555433,-0.03038343639,0.9645449253,-0.1552057447,1.427887442,-0.0158421183,1.327459054,-0.02698873468,1.193341649,2.916701944
1802,2015-01-13T12:02:00,1802,1803,1808,1,-1.889521811,1.345395141,4,4,0.6446962255,0,1.345395141,-0.06242103788,1.184539859,-0.2261924888,1.024684548,-0.01607004476,0.9822238972,-0.07186570761,1.40900342,0.007321804268,1.334747696,-0.01744160347,1.199506521,-0.3266462823
1803,2015-01-13T12:03:00,1803,1804,1809,1,-0.4174647747,1.245764969,4,4,0.6307047995,0,1.245764969,0.02303008514,1.256793236,0.004723427985,1.045031452,-0.01784742798,0.9799347932,-0.03727365764,1.422537651,0.02921435375,1.340803736,-0.0192717359,1.197436486,-1.382097248
1804,2015-01-13T12:04:00,1804,1805,1810,1,-2.52848048,0.325541834,4,4,0.994409978,0,0.325541834,0.01310650855,1.254023832,0.07358189682,1.043795226,0.009476842351,0.9813920064,0.02250961677,1.385487527,0.02641360498,1.339889398,-0.01291244281,1.197138963,-2.330443355
1805,2015-01-13T12:05:00,1805,1806,1811,1,0.8698566264,-1.897953085,4,4,0.8147066398,0,-1.897953085,-0.1626444042,1.444045647,-0.2150026203,1.162814683,-0.1464257381,1.033832455,-0.0162689967,1.416553716,-0.02264420056,1.337530921,-0.02985703472,1.209548459,-1.562875529
1806,2015-01-13T13:00:00,1806,1807,1812,1,1.575859623,0.190314003,4,4,0.1676463393,0,0.190314003,0.2418125723,1.192177945,-0.1431667751,1.152335383,-0.1812674367,1.015514126,-0.003880423146,1.416051128,-0.03269192964,1.33307463,-0.03099680294,1.209304659,0.9646324734
1807,2015-01-13T13:01:00,1807,1808,1813,1,1.044011803,-0.6228042731,4,4,0.5276216852,0,-0.6228042731,-0.1518273105,1.066230588,-0.1071241742,1.126938851,-0.262207704,1.000531005,-0.042590018,1.411906686,-0.04677913118,1.333701304,-0.03497715869,1.210567856,-0.198037125
1808,2015-01-13T13:02:00,1808,1809,1814,1,1.640539218,-1.130385259,4,4,0.7406582116,0,-1.130385259,-0.627057356,1.040199867,-0.3020136354,1.153591132,-0.2930878988,1.025574764,-0.1280500134,1.37642635,-0.05742531702,1.339313424,-0.03893906534,1.213485844,2.432732155
1809,2015-01-13T13:03:00,1809,1810,1815,1,-2.265204624,2.717822005,4,4,0.8687337434,0,2.717822005,-0.1486013217,1.593151454,-0.0677474066,1.433650468,-0.1153759213,1.17734944,0.04318307159,1.28548855,-0.0305313885,1.37189052,-0.02173122218,1.237154161,0.6112271491
1810,2015-01-13T13:04:00,1810,1811,1816,1,-0.351602799,-1.785473872,4,4,0.9939193517,0,-1.785473872,-0.126105479,1.566930044,-0.1443749416,1.506741118,-0.1479233607,1.217041574,0.04676629529,1.280301421,-0.06699967112,1.380548833,-0.04862721486,1.240881651,1.242048928
1811,2015-01-13T13:05:00,1811,1812,1817,1,-2.541594058,1.500384021,4,4,0.7319484084,0,1.500384021,0.1359085247,1.702426598,0.1888605485,1.469616374,-0.03535220144,1.251217332,0.09150780016,1.301291096,-0.04650884458,1.390616187,-0.03100568875,1.24715805,-0.7921929373
1812,2015-01-13T14:00:00,1812,1813,1818,1,-4.886948788,0.8963169992,4,4,1.955942681,0,0.8963169992,0.4397327791,1.726660396,0.1439527343,1.434957106,-0.04111987721,1.246811998,0.03973380909,1.222016716,-0.0412482614,1.393208448,-0.02893715185,1.248438172,-2.876431773
1813,2015-01-13T14:01:00,1813,1814,1819,1,-3.550030458,-1.154652093,4,4,1.21334566,0,-1.154652093,0.4348794124,1.729868852,-0.09608897183,1.427316014,-0.04568277192,1.25086405,-0.05552372676,1.162042837,-0.04810051939,1.39753263,-0.04827841539,1.248347946,-1.593651727
1814,2015-01-13T14:02:00,1814,1815,1820,1,-3.571793152,-0.5338578438,4,4,0.6311603301,0,-0.5338578438,-0.2154565575,1.253848394,-0.1820289396,1.433573743,-0.0542235214,1.253922276,-0.04468197347,1.155017706,-0.0552633039,1.398799783,-0.05247539432,1.249295809,-1.749401121
1815,2015-01-13T14:03:00,1815,1816,1821,1,-2.682401511,-1.187921837,4,4,0.7728583399,0,-1.187921837,-0.0959461505,1.103079355,-0.1110258148,1.355000706,-0.1630142175,1.26256978,-0.04083030857,1.150791699,-0.06422853806,1.404104979,-0.05272030882,1.24952579,-2.010517015
1816,2015-01-13T14:04:00,1816,1817,1822,1,-2.520887555,0.1281279535,4,4,-0.009935817118,0,0.1281279535,-0.3703973641,0.8774035421,-0.1172444197,1.354269784,-0.1302055974,1.257363011,-0.0324466017,1.150503562,-0.06724043588,1.403571606,-0.06222247664,1.244204472,-1.956378732
1817,2015-01-13T14:05:00,1817,1818,1823,1,-0.9856739318,-0.6896072381,4,4,-0.0557581785,0,-0.6896072381,-0.6875822115,0.8392090154,-0.1239247162,1.357502835,-0.1155244452,1.24755864,-0.07160870767,1.147311888,-0.0696712658,1.404597158,-0.0677174632,1.24579298,-1.822392031
1818,2015-01-13T15:00:00,1818,1819,1824,1,1.644852,-1.44903773,4,4,-0.0874561997,0,-1.44903773,-0.746459339,0.9260505111,-0.1557899633,1.387446539,-0.2289017994,1.275888004,-0.06765464515,1.14203328,-0.07470442338,1.409061046,-0.08185055076,1.252593152,-0.6718844967
1819,2015-01-13T15:01:00,1819,1820,1825,1,1.706399241,0.1822662366,4,4,-0.4785056428,0,0.1822662366,-0.6032345229,0.8984502801,-0.4093455402,1.09072194,-0.2385464734,1.273779419,-0.101340491,1.116499431,-0.0852233822,1.404552117,-0.0826562732,1.252444805,-0.5645088231
1820,2015-01-13T15:02:00,1820,1821,1826,1,1.89492199,-0.5556205376,4,4,0.3119467719,0,-0.5556205376,-0.4767742631,0.765979167,-0.2863602068,0.9496073261,-0.2153675742,1.259369459,-0.1213768376,1.119275651,-0.0827365508,1.403391761,-0.08257037112,1.252406342,0.8367180992
1821,2015-01-13T15:03:00,1821,1822,1827,1,2.869044638,-0.2985301957,4,4,0.1869813421,0,-0.2985301957,-0.562105893,0.7754126548,-0.4662516285,0.82798,-0.13869554,1.192753782,-0.0845394882,1.084667805,-0.09374341621,1.402279612,-0.0943360576,1.248573068,2.316736497
1822,2015-01-13T15:04:00,1822,1823,1828,1,1.59442839,0.2896419102,4,4,0.9920836933,0,0.2896419102,-0.3662560633,0.7231401275,-0.5269191374,0.7833273312,-0.1914832015,1.156006834,-0.1037766232,1.07264057,-0.07998550371,1.39971977,-0.08432304924,1.246075375,2.270908064
1823,2015-01-13T15:05:00,1823,1824,1829,1,1.266761909,0.8456063847,4,4,1.561672849,0,0.8456063847,0.09267275965,0.4959834744,-0.3268932897,0.7428220366,-0.2114911308,1.137764383,-0.1146692794,1.061786229,-0.07222520055,1.402683847,-0.08567396125,1.245070345,1.058203891
1824,2015-01-13T16:00:00,1824,1825,1830,1,0.4576237905,1.181488202,4,4,1.708228884,0,1.181488202,0.2925171527,0.7200960248,-0.1553586851,0.8141717235,-0.1686938124,1.165763542,-0.07960848501,1.0775284,-0.0492875073,1.406994023,-0.07508303059,1.249706424,0.5523081416
1825,2015-01-13T16:01:00,1825,1826,1831,1,-1.101924889,0.2438134771,4,4,1.253577346,0,0.2438134771,0.4524039556,0.6846053249,-0.01218515373,0.7264325623,-0.06160548425,1.087136418,-0.1040156112,1.060819291,-0.06791915148,1.393834938,-0.06532021846,1.247032179,-0.6764796732
1826,2015-01-13T16:02:00,1826,1827,1832,1,-1.581579678,-0.3670977885,4,4,0.5970003413,0,-0.3670977885,0.4386904371,0.6912398662,-0.06170772793,0.7345329597,-0.08947607382,1.089400137,-0.1353717552,1.053105313,-0.09437210835,1.380658091,-0.0704239815,1.247281287,0.2085580184
1827,2015-01-13T16:03:00,1827,1828,1833,1,-2.10409199,0.6755924529,4,4,0.2254032146,0,0.6755924529,0.5158805456,0.7431817395,0.07481224117,0.7332294122,-0.02455623752,1.090971887,-0.1433819708,1.046728702,-0.1064644716,1.370466974,-0.04797789622,1.235143802,-0.09468435114
1828,2015-01-13T16:04:00,1828,1829,1834,1,-2.155667397,-0.9849743377,4,4,0.009979777769,0,-0.9849743377,0.1497644012,0.7767521841,0.1212185804,0.6516684596,-0.01728569146,1.08390029,-0.1551867951,1.055140615,-0.09773475901,1.361941999,-0.06611768462,1.233624105,-0.4254452155
1829,2015-01-13T16:05:00,1829,1830,1835,1,-2.673054408,0.5179399032,4,4,-0.5127464512,0,0.5179399032,0.01705474142,0.6146652991,0.1547859471,0.669459377,-0.1272797966,0.9049448071,-0.1213278589,1.050018287,-0.07074998066,1.350771904,-0.0603865971,1.234432544,-1.790137696
1830,2015-01-13T17:00:00,1830,1831,1836,1,-3.75283918,0.3723500834,4,4,-0.755580466,0,0.3723500834,0.04276206267,0.6274179982,0.2475830092,0.6566345237,-0.01938859883,0.8163709241,-0.08365597975,1.036255682,-0.06719420554,1.351377534,-0.04400271299,1.226300529,-2.009407639
1831,2015-01-13T17:01:00,1831,1832,1837,1,-1.759113803,-1.315735202,4,4,-0.6499384547,0,-1.315735202,-0.1469654201,0.8443536058,0.1458625085,0.771604032,-0.16019456,0.8002885925,-0.09777338072,1.05023965,-0.06038771698,1.343355464,-0.0574653809,1.231864599,-1.730222181
1832,2015-01-13T17:02:00,1832,1833,1838,1,-1.910850877,-0.8467525778,4,4,-0.5516675897,0,-0.8467525778,-0.4514344262,0.8746690601,0.03222305972,0.8115925895,-0.2473480388,0.7975851801,-0.144233958,1.046585467,-0.08315600094,1.342270662,-0.06164318925,1.233884532,-0.8829167111
1833,2015-01-13T17:03:00,1833,1834,1839,1,-2.432080616,0.153080141,4,4,-0.6860662294,0,0.153080141,-0.2238235304,0.7587475084,-0.03702956465,0.7678026234,-0.1819614272,0.7554155964,-0.1138220995,1.033274793,-0.05374017106,1.319648894,-0.06557144349,1.232646187,-1.743431541
1834,2015-01-13T17:04:00,1834,1835,1840,1,-1.273461772,-1.036549745,4,4,-0.4683790272,0,-1.036549745,-0.53472146,0.8584477314,-0.2588333593,0.7465741549,-0.2070960222,0.781104527,-0.1306597718,1.044616043,-0.07940837417,1.319839919,-0.05813801726,1.223673033,-0.02889162144
1835,2015-01-13T17:05:00,1835,1836,1841,1,-1.422760322,0.0005528925831,4,4,-0.7111428196,0,0.0005528925831,-0.6090808982,0.842142299,-0.2831594178,0.7425823174,-0.1476722857,0.7345518245,-0.1553432516,1.032871927,-0.08305171048,1.319436042,-0.055067168,1.223211949,-1.027934166
1836,2015-01-13T18:00:00,1836,1837,1842,1,0.0865798152,-0.7074346887,4,4,-1.333402785,0,-0.7074346887,-0.4874207955,0.6804884974,-0.3171931078,0.7668108002,-0.1894504179,0.7508453477,-0.1598280076,1.035550694,-0.07834570165,1.316237578,-0.05441034173,1.222810852,-0.688649075
1837,2015-01-13T18:01:00,1837,1838,1843,1,-0.2406893814,0.6779901747,4,4,-1.662590375,0,0.6779901747,-0.182472245,0.6415611778,-0.3169533356,0.7670223952,-0.1210705472,0.7503161753,-0.1182974962,1.029411706,-0.09423709865,1.300280746,-0.03904743874,1.219744202,-1.24457015
1838,2015-01-13T18:02:00,1838,1839,1844,1,-0.5090668977,-0.9984896522,4,4,-1.578857678,0,-0.9984896522,-0.4127862037,0.7786593325,-0.3183048671,0.76876789,-0.09854314333,0.7126274798,-0.1637224714,1.033375083,-0.1415041177,1.267433466,-0.04907311103,1.22300257,-0.3948261563
1839,2015-01-13T18:03:00,1839,1840,1845,1,0.6038756557,-0.3681495975,4,4,-1.848734249,0,-0.3681495975,-0.2791061742,0.6469390285,-0.4069138171,0.7600863813,-0.126063935,0.7162077787,-0.1823052042,1.033312051,-0.143829497,1.267938159,-0.04810579223,1.222665435,0.7752288902
1840,2015-01-13T18:04:00,1840,1841,1846,1,0.360459897,0.1220690993,4,4,-2.468089708,0,0.1220690993,-0.2548029329,0.6492381832,-0.4319419155,0.7519022111,-0.09217945319,0.7058774089,-0.1537735137,1.020851202,-0.1625292482,1.255040794,-0.0486929401,1.222589895,1.003880769
1841,2015-01-13T18:05:00,1841,1842,1847,1,2.198180115,-0.1487456582,4,4,-2.614265256,0,-0.1487456582,-0.1430651268,0.5708261599,-0.3152429611,0.6280553717,-0.08469022631,0.7035006511,-0.1116928832,0.9791768864,-0.1334493139,1.22426507,-0.04779237325,1.222440517,-0.1142407414
1842,2015-01-13T19:00:00,1842,1843,1848,1,-0.109379268,0.801905449,4,4,-2.540557957,0,0.801905449,-0.1182820719,0.6020953739,-0.1503771585,0.6221412959,-0.05907704937,0.7230983071,-0.1252801255,0.9641636176,-0.09857291653,1.207249377,-0.03687883897,1.223753013,-0.1713532345
1843,2015-01-13T19:01:00,1843,1844,1849,1,0.2181307793,0.350720978,4,4,-2.495184782,0,0.350720978,0.1515600542,0.4332707734,-0.1306130748,0.6300928182,-0.0838213197,0.7023310573,-0.1476562252,0.94545669,-0.09246494143,1.207787589,-0.02974250591,1.223301226,-0.6434208719
1844,2015-01-13T19:02:00,1844,1845,1850,1,-0.1362124634,-1.266867168,4,4,-1.760517939,0,-1.266867168,-0.02818346005,0.6939792666,-0.1536448171,0.6708715708,-0.2062390882,0.7097329192,-0.1874664503,0.965071358,-0.08247841676,1.193930151,-0.04487974678,1.227730959,2.312420856
1845,2015-01-13T19:03:00,1845,1846,1851,1,-1.379549834,0.744792956,4,4,-1.415392236,0,0.744792956,0.09636131128,0.7678348513,-0.07922081079,0.7110135643,-0.1811901143,0.7269693208,-0.1213977993,0.9247567204,-0.06883339798,1.196202203,-0.0555620668,1.2156141,0.06197396647
1846,2015-01-13T19:04:00,1846,1847,1852,1,0.6040613123,-0.1213466594,4,4,-0.4185655511,0,-0.1213466594,0.101841111,0.766870463,-0.02061200786,0.6759929038,-0.1689025578,0.722829582,-0.1291893158,0.9244661333,-0.06653486948,1.195792296,-0.06485772504,1.212272462,0.8615516512
1847,2015-01-13T19:05:00,1847,1848,1853,1,-2.017053814,1.688974559,4,4,-0.2111950389,0,1.688974559,0.2792549331,1.014892531,0.08048643061,0.8344236601,-0.1182334525,0.8014319058,-0.07139484501,0.9572128181,-0.05699243151,1.206179271,-0.05498436912,1.221170847,-2.448633319
1848,2015-01-13T20:00:00,1848,1849,1854,1,-0.8511639542,-1.505653934,4,4,-0.2698601141,0,-1.505653934,-0.09202004921,1.20780982,0.02977000247,0.907339001,-0.1442674323,0.8409126386,-0.08077656187,0.9700448199,-0.1044132876,1.190700728,-0.06520906531,1.228618174,-1.441523801
1849,2015-01-13T20:01:00,1849,1850,1855,1,-1.861011901,0.6782310253,4,4,0.3089686004,0,0.6782310253,0.2969995896,1.108969586,0.1344080648,0.9250461515,-0.1362528762,0.8465936716,-0.1317663364,0.8762550852,-0.0442916324,1.10006904,-0.06427637113,1.229090473,-0.2574903388
1850,2015-01-13T20:02:00,1850,1851,1856,1,1.243877128,-1.621210411,4,4,1.185567254,0,-1.621210411,-0.1762010839,1.282394195,-0.0399198863,1.056907099,-0.2359309009,0.9171721623,-0.1276597499,0.8682356423,-0.04044672729,1.093847535,-0.08721969737,1.233648152,0.4315795053
1851,2015-01-13T20:03:00,1851,1852,1857,1,0.7101494729,-0.4985444149,4,4,0.3501141895,0,-0.4985444149,-0.251640635,1.300499587,-0.07489976198,1.067564865,-0.1950713616,0.8758276919,-0.1776329608,0.8389088083,-0.04306258031,1.094789136,-0.09021688331,1.234422233,0.5903598466
1852,2015-01-13T20:04:00,1852,1853,1858,1,-0.3384499534,1.862264487,4,4,-0.3671431727,0,1.862264487,-0.2169826494,1.346988481,0.03113614185,1.192557088,-0.0596205083,0.9511183421,-0.1534842736,0.8777152785,-0.05687523225,1.063886499,-0.07866026546,1.245317051,-1.603521562
1853,2015-01-13T20:05:00,1853,1854,1859,1,0.2789494283,-0.9321405671,4,4,-0.07850611173,0,-0.9321405671,-0.1022799761,1.238852866,-0.09715001266,1.223429807,-0.1138815437,0.9730872139,-0.1479214854,0.8710773356,-0.1017226061,1.026917543,-0.08137417474,1.246992466,0.8122976223
1854,2015-01-13T21:00:00,1854,1855,1860,1,0.6590851026,-0.3397640737,4,4,-0.2683729145,0,-0.3397640737,-0.3058789959,1.210720811,-0.004439703177,1.16096047,-0.07904226016,0.9481291782,-0.1430691412,0.8686406681,-0.09387555733,1.021910591,-0.08453191633,1.247373009,0.1197896263
1855,2015-01-13T21:01:00,1855,1856,1861,1,1.401306323,-0.3316169215,4,4,-0.7475861567,0,-0.3316169215,-0.04796029796,0.9809047863,-0.1120806909,1.141645539,-0.09565075086,0.9510244016,-0.1216615183,0.8497098903,-0.08124591343,1.011515801,-0.08337286481,1.247000198,1.265071609
1856,2015-01-13T21:02:00,1856,1857,1862,1,0.8403991883,1.483678617,4,4,-0.4036042044,0,1.483678617,0.3484843085,1.163067213,0.04842183676,1.233698609,0.01390491445,0.9947307839,-0.0877727517,0.8812655867,-0.0601096767,1.024765212,-0.07408454115,1.25388138,-0.533348194
1857,2015-01-13T21:03:00,1857,1858,1863,1,1.922741371,-1.03227207,4,4,-0.7202789198,0,-1.03227207,-0.2304230029,0.9339361125,-0.2237028261,1.159011353,-0.07160819777,1.009844087,-0.09633937249,0.8895952571,-0.08397404008,1.02657301,-0.0785606347,1.256604694,0.5392954762
1858,2015-01-13T21:04:00,1858,1859,1864,1,1.117438602,0.813665061,4,4,0.07598331718,0,0.813665061,0.1187381227,0.9115204995,0.008229073309,1.087572077,0.01899953789,1.001518119,-0.03977180272,0.8691594984,-0.05371322393,1.014809895,-0.0630602165,1.255168554,0.1362347139
1859,2015-01-13T21:05:00,1859,1860,1865,1,1.267080817,-0.3147411853,4,4,-0.3137892681,0,-0.3147411853,0.1237427004,0.9097219898,-0.09106814776,1.070849892,0.0216699585,1.000607284,-0.05219698827,0.8701058898,-0.07676873961,1.000913392,-0.07421458422,1.252014052,1.373747382
1860,2015-01-13T22:00:00,1860,1861,1866,1,1.940147721,0.04037160061,4,4,-0.4166807721,0,0.04037160061,0.1981404048,0.8977338778,0.07509005342,0.9402394151,0.01758508356,1.000275655,-0.03729718481,0.8656830549,-0.07933701122,1.000546134,-0.06759009547,1.250123197,1.383445894
1861,2015-01-13T22:01:00,1861,1862,1867,1,0.3262127347,0.4106042986,4,4,-0.08618880471,0,0.4106042986,-0.01647445896,0.6319690225,0.1660049248,0.9359781479,0.0455525814,1.003929737,-0.01956882245,0.8668298806,-0.05205415533,0.9818091184,-0.06901855162,1.249555956,0.9812038883
1862,2015-01-13T22:02:00,1862,1863,1868,1,1.370515594,0.9227714831,4,4,-0.159015259,0,0.9227714831,0.3745342516,0.5971341242,0.07205562436,0.7838385754,0.0515958831,1.009107358,-0.003740583132,0.8778293748,-0.05375860314,0.980087293,-0.05457053019,1.250202021,-0.1066665651
1863,2015-01-13T22:03:00,1863,1864,1869,1,3.032403995,0.05007011275,4,4,-0.35975706,0,0.05007011275,0.2218152619,0.4739835432,0.1702766923,0.7264743699,0.03656333984,1.006117663,-0.02362898993,0.8676236699,-0.06914913465,0.9695774409,-0.05602646368,1.25004197,0.5567018266
1864,2015-01-13T22:04:00,1864,1865,1870,1,0.8348028892,0.008362292464,4,4,-0.3346329931,0,0.008362292464,0.2864359575,0.4526168159,0.205089329,0.7184901115,0.1003248129,0.965416297,-0.05295713767,0.8472748796,-0.06628281134,0.9692631672,-0.05051071742,1.24861778,-0.6549911536
1865,2015-01-13T22:05:00,1865,1866,1871,1,0.312487312,-0.1650989703,4,4,-0.03030219783,0,-0.1650989703,0.2453418433,0.4582439774,0.2217411241,0.7127109015,0.05483021657,0.9516594363,-0.06317994885,0.8467998807,-0.08359778002,0.9597936252,-0.06633941727,1.238631194,1.477182159
1866,2015-01-13T23:00:00,1866,1867,1872,1,0.8601309579,0.7134385045,4,4,0.02696436416,0,0.7134385045,0.3059086845,0.5273208367,0.1447171128,0.5820017655,0.09656947477,0.9645564561,-0.03616654153,0.8523062131,-0.08576914839,0.9579813882,-0.07497025274,1.2300216,2.475702169
1867,2015-01-13T23:01:00,1867,1868,1873,1,-0.2472920564,-1.203330688,4,4,-0.2479721717,0,-1.203330688,-0.1193117497,0.6303703448,0.127611251,0.6139771714,-0.04804578759,0.9274360577,-0.08313962005,0.8667268142,-0.1132607954,0.9609517015,-0.09868952108,1.225775241,1.489794043
1868,2015-01-13T23:02:00,1868,1869,1874,1,-2.734093508,1.967074343,4,4,-0.4379305485,0,1.967074343,0.2640890963,1.082008162,0.2429521791,0.8352849997,0.1255906262,0.9696685136,-0.009338403039,0.9075767439,-0.08226259909,0.9841283615,-0.06826930702,1.229290794,-1.164694847
1869,2015-01-13T23:03:00,1869,1870,1875,1,-4.231749817,1.711958514,4,4,-0.124612188,0,1.711958514,0.6048083406,1.325476544,0.4456221491,0.9903913493,0.1772770006,1.031405477,0.02051206223,0.9435354001,-0.05040789835,0.9981977397,-0.0403292997,1.230098712,-1.615571211
1870,2015-01-13T23:04:00,1870,1871,1876,1,-3.498725859,-2.189238814,4,4,-0.4247064817,0,-2.189238814,0.1999803719,1.646204681,0.2226611076,1.20829992,0.1488755805,1.082598461,-0.0435276602,1.003300604,-0.06359181997,1.019911256,-0.05930535709,1.246201506,-1.737086099
1871,2015-01-13T23:05:00,1871,1872,1877,1,-2.238453313,-0.6874145475,4,4,-0.6198972607,0,-0.6874145475,-0.08019023851,1.643988656,0.112859223,1.220812428,0.1394320739,1.087758723,-0.02781964384,0.98749511,-0.06279651228,1.019350262,-0.0495316926,1.236170754,-1.569398661
1872,2015-01-14T00:00:00,1872,1873,1878,1,-3.10392015,1.26108215,4,4,-0.5453963269,0,1.26108215,0.4126923291,1.652623185,0.1466902897,1.250705833,0.109372957,1.043711645,0.02487622437,0.9984888826,-0.05967886683,1.022819923,-0.04714525917,1.238326977,-2.616178606
1873,2015-01-14T00:01:00,1873,1874,1879,1,-0.5051723007,-2.310753702,4,4,-0.1263201695,0,-2.310753702,-0.4428732798,1.739311252,-0.08939209176,1.448438003,0.04044230029,1.145804882,-0.03671962171,1.062959913,-0.07527086063,1.048222442,-0.04806665461,1.240004057,-1.76163976
1874,2015-01-14T00:02:00,1874,1875,1880,1,-0.9566543409,-0.5197271093,4,4,0.5481961034,0,-0.5197271093,-0.8892104045,1.578944741,-0.1422010319,1.457730181,0.03144414851,1.149174774,-0.02379905582,1.053458969,-0.07722941381,1.049046824,-0.06087193472,1.237434257,-0.6690546518
1875,2015-01-14T00:03:00,1875,1876,1881,1,-2.242646728,0.2143022055,4,4,0.551410533,0,0.2143022055,-0.4085022006,1.242456545,-0.1042609144,1.458370343,0.05874010485,1.14778066,-0.018455323,1.054003761,-0.08689928732,1.043491338,-0.06151958132,1.237301751,-0.4877415437
1876,2015-01-14T00:04:00,1876,1877,1882,1,-2.164587185,-1.456214856,4,4,0.3984712136,0,-1.456214856,-0.5622622623,1.368686544,-0.3212262504,1.512613889,-0.08825456882,1.146020688,-0.03717482719,1.073045374,-0.0985014174,1.054464702,-0.06462207683,1.240482312,1.256467459
1877,2015-01-14T00:05:00,1877,1878,1883,1,-3.152901148,0.5728579988,4,4,0.6605410866,0,0.5728579988,-0.6999070927,1.273134115,-0.1436073818,1.475132853,-0.007998065402,1.129819654,-0.03980313158,1.071512373,-0.0790503139,1.050672933,-0.07609244296,1.228766156,-0.2875996891
1878,2015-01-14T01:00:00,1878,1879,1884,1,-2.917767317,0.3956153136,4,4,1.324103399,0,0.3956153136,-0.1586332895,0.7643665579,-0.3007532847,1.343402372,-0.02890055277,1.118577437,-0.004950507439,1.061662381,-0.0843364894,1.047614212,-0.09598624763,1.202761017,-1.754905184
1879,2015-01-14T01:01:00,1879,1880,1885,1,-2.308126652,0.2879941467,4,4,0.7961465892,0,0.2879941467,0.002910961705,0.7394735336,-0.4431497214,1.232860009,0.001236213834,1.118217069,0.01145308617,1.061042966,-0.08542605902,1.047269299,-0.09206863598,1.202933432,-3.421054645
1880,2015-01-14T01:02:00,1880,1881,1886,1,-1.806298254,-0.9712091494,4,4,0.4921576377,0,-0.9712091494,-0.2341913093,0.8522238334,-0.3213467549,1.065359969,-0.04934282367,1.139074308,-0.01587887005,1.071923893,-0.08482619188,1.046699099,-0.1136457888,1.197118154,-2.865301459
1881,2015-01-14T01:03:00,1881,1882,1887,1,-1.392975888,-1.071690181,4,4,0.7532165627,0,-1.071690181,-0.1572863743,0.7292990399,-0.3597743183,1.096626633,-0.1234575477,1.16038204,-0.03895248313,1.084979584,-0.07532268315,1.033433131,-0.1019503703,1.179665294,-1.162862133
1882,2015-01-14T01:04:00,1882,1883,1888,1,-0.6699015812,-1.378155314,4,4,0.540694542,0,-1.378155314,-0.5474890369,0.9198403373,-0.6236980648,1.110625211,-0.2385038875,1.182741189,-0.0934540022,1.099357626,-0.1093670638,1.033972599,-0.09686661176,1.1723892,1.112927992
1883,2015-01-14T01:05:00,1883,1884,1889,1,-2.047553701,-0.4154559635,4,4,-0.4173747142,0,-0.4154559635,-0.7097032923,0.9215881306,-0.4341682909,0.8466347847,-0.2617801913,1.186331131,-0.1126084257,1.09992143,-0.1301323255,1.025601166,-0.0991794362,1.172934905,1.059003205
1884,2015-01-14T02:00:00,1884,1885,1890,1,-3.356152631,0.6307491443,4,4,-0.8710547276,0,0.6307491443,-0.6411522928,0.9551468229,-0.3191206655,0.8541447653,-0.2306608487,1.194684176,-0.06516801792,1.086116685,-0.1263172341,1.02737826,-0.07670828381,1.159107108,-0.2301137553
1885,2015-01-14T02:01:00,1885,1886,1891,1,-5.306487745,0.8976348115,4,4,-0.6406704123,0,0.8976348115,-0.2673835006,0.9406410909,-0.2507874049,0.8975219006,-0.1775241596,1.210865315,-0.06134697154,1.08900195,-0.0913723854,1.010222807,-0.0663379225,1.161568576,-1.782829573
1886,2015-01-14T02:02:00,1886,1887,1892,1,-3.639622506,-0.4693807512,4,4,-0.1193779269,0,-0.4693807512,-0.1469216146,0.8361610795,-0.1521039944,0.7845516046,-0.2366651224,1.204890451,-0.07004782383,1.09135928,-0.09961856983,1.01136114,-0.06770585427,1.162024599,-3.106556906
1887,2015-01-14T02:03:00,1887,1888,1893,1,-3.478018556,-0.6583678156,4,4,-0.1895607418,0,-0.6583678156,-0.002964114902,0.6371754649,-0.2752265759,0.7912328416,-0.2094169788,1.183652471,-0.1287313832,1.063289898,-0.1000631141,1.01164267,-0.08090541541,1.160505964,-3.126038876
1888,2015-01-14T02:04:00,1888,1889,1894,1,-3.478930876,-0.6550810067,4,4,-1.004858471,0,-0.6550810067,-0.05088912354,0.676238173,-0.3802962079,0.8082767933,-0.3405247463,1.108612039,-0.10746706,1.041459956,-0.09412181096,1.006386057,-0.1054312118,1.143120771,-3.523658172
1889,2015-01-14T02:05:00,1889,1890,1895,1,-2.509014251,-1.793108084,4,4,-1.095518666,0,-1.793108084,-0.5356605691,1.010334841,-0.5884064309,0.9831281563,-0.5157780762,1.115007797,-0.1692505378,1.074020401,-0.1505084371,0.9801384587,-0.08594460085,1.091455238,-0.5330655999
1890,2015-01-14T03:00:00,1890,1891,1896,1,-1.81314814,-0.6778497858,4,4,-0.9085130063,0,-0.6778497858,-0.8507574886,0.9754603557,-0.5590704946,0.9582088935,-0.4402086248,1.013201892,-0.1456665221,1.048474487,-0.136663136,0.9625829525,-0.07551999224,1.078935217,-0.3519796795
1891,2015-01-14T03:01:00,1891,1892,1897,1,0.1059711005,-1.052700302,4,4,-1.02411547,0,-1.052700302,-0.9674213988,1.062588741,-0.5571715067,0.9561015071,-0.4584729125,1.028766267,-0.1595204193,1.058673479,-0.16857669,0.9551328504,-0.08188185997,1.082884426,0.04472729521
1892,2015-01-14T03:02:00,1892,1893,1898,1,-0.5593026524,1.197484488,4,4,-1.153802319,0,1.197484488,-0.596250938,1.152908937,-0.2996075265,0.9314482244,-0.4616527956,1.024959549,-0.1761399193,1.034378092,-0.1648120964,0.9592502664,-0.09663012793,1.054142147,-1.975948651
1893,2015-01-14T03:03:00,1893,1894,1899,1,-0.4860500981,-0.4967638655,4,4,-0.8241717948,0,-0.4967638655,-0.5645875098,1.13698182,-0.3077383167,0.9354212221,-0.3709533038,0.8921332079,-0.1652555017,1.026832627,-0.1565884936,0.9521452014,-0.122900238,1.026889238,-1.461168461
1894,2015-01-14T03:04:00,1894,1895,1900,1,1.764642995,-0.6559933273,4,4,-0.3611266669,0,-0.6559933273,-0.3371645585,0.8577562522,-0.4364125638,0.9371558777,-0.3777666147,0.8966115154,-0.1731612331,1.030658738,-0.1581151871,0.9530986427,-0.1203041159,1.024834937,0.06124380524
1895,2015-01-14T03:05:00,1895,1896,1901,1,2.170675269,-0.8231914585,4,4,-0.5235810151,0,-0.8231914585,-0.3662328931,0.8828241938,-0.6084951908,0.930296045,-0.4296412979,0.9140558772,-0.1854505965,1.037520744,-0.1535560574,0.9482763818,-0.1159808078,1.020257766,1.416645999
1896,2015-01-14T04:00:00,1896,1897,1902,1,3.403739734,0.01801632511,4,4,-0.2891320045,0,0.01801632511,-0.1520895676,0.7468653758,-0.5597554832,0.9183960807,-0.3559297388,0.854099696,-0.2220921538,1.010655655,-0.1549324528,0.9481703138,-0.1141038357,1.020083711,0.9751183625
1897,2015-01-14T04:01:00,1897,1898,1903,1,0.4990987469,0.8664189386,4,4,0.003789022626,0,0.8664189386,-0.2183026775,0.6489610352,-0.4072768078,0.9355077342,-0.3412516918,0.8663787077,-0.1746248786,1.006753325,-0.1354821256,0.9499820995,-0.1141909863,1.02000924,1.703399189
1898,2015-01-14T04:02:00,1898,1899,1904,1,1.045762763,0.5322107352,4,4,0.3820358044,0,0.5322107352,-0.01250775737,0.6545572633,-0.2885476336,0.9276779802,-0.3344219208,0.8700281057,-0.1816612368,1.002039018,-0.1107165197,0.9379553366,-0.09636256154,1.010570868,0.7540292705
1899,2015-01-14T04:03:00,1899,1900,1905,1,1.922132825,-0.4235113113,4,4,0.37978058,0,-0.4235113113,0.03398864583,0.6150220549,-0.1515879564,0.7463236282,-0.3699971937,0.8727943428,-0.1843804899,1.003040223,-0.1182887391,0.938928631,-0.112639323,1.001622838,2.428621372
1900,2015-01-14T04:04:00,1900,1901,1906,1,1.123065187,1.594699765,4,4,0.553003231,0,1.594699765,0.5175668906,0.8667968394,0.07566699877,0.8748472204,-0.2417017479,0.9174753246,-0.1455222858,1.034227067,-0.0914097353,0.9536856865,-0.1013987694,1.011897683,-1.204300442
1901,2015-01-14T04:05:00,1901,1902,1907,1,2.298289071,-0.4171591836,4,4,0.8670701685,0,-0.4171591836,0.4305317888,0.8866093842,0.1392211106,0.8197207115,-0.208975198,0.8905257258,-0.1662163728,1.034292644,-0.09289259765,0.9542419282,-0.09010822783,0.9996098511,0.2917334926
1902,2015-01-14T05:00:00,1902,1903,1908,1,0.8275819634,1.25108079,4,4,1.302067643,0,1.25108079,0.5074641591,0.9741562879,0.1445807408,0.8276868062,-0.07751339284,0.8810962615,-0.1580086402,1.042882386,-0.08087461165,0.9638952439,-0.08850861549,1.001456585,-0.5064885464
1903,2015-01-14T05:01:00,1903,1904,1909,1,1.924636709,-2.038222049,4,4,1.016744729,0,-2.038222049,-0.006622397646,1.312707372,-0.00956507751,1.037218843,-0.1586516971,0.9876324696,-0.2102159442,1.091512585,-0.1169224671,0.9859438515,-0.1161714045,1.011856471,2.32736563
1904,2015-01-14T05:02:00,1904,1905,1910,1,0.1775370314,1.078874751,4,4,1.720047638,0,1.078874751,0.2938548149,1.385684821,0.1639217303,1.072001528,-0.1362454167,1.00683872,-0.1834531327,1.104761171,-0.1182051352,0.9844724388,-0.1053395851,1.01643813,2.006555578
1905,2015-01-14T05:03:00,1905,1906,1911,1,0.6352138997,0.4528587509,4,4,1.685034145,0,0.4528587509,0.06548661197,1.205207519,0.2915267513,1.049728995,-0.1584842198,0.991811901,-0.1680041897,1.106771353,-0.1155920693,0.9853965868,-0.1117332499,1.011162769,1.33407051
1906,2015-01-14T05:04:00,1906,1907,1912,1,1.629879661,0.7956321275,4,4,2.301868307,0,0.7956321275,0.3080448742,1.242709501,0.3692883315,1.07944502,-0.09523357584,1.002160894,-0.1659493491,1.108171344,-0.1010579453,0.9885518724,-0.112495882,1.010527982,-0.4027289203
1907,2015-01-14T05:05:00,1907,1908,1913,1,2.490351877,0.7580646997,4,4,1.319706566,0,0.7580646997,0.2094416561,1.160266648,0.3584529076,1.071260745,-0.02441195008,1.005677459,-0.1169144644,1.098275995,-0.1000270422,0.9892991287,-0.1144786851,1.008805648,-1.829018547
1908,2015-01-14T06:00:00,1908,1909,1914,1,4.627948776,-0.2196263173,4,4,1.756695344,0,-0.2196263173,0.5731608024,0.7245660864,0.2832692024,1.060235035,-0.002639215606,0.9961638328,-0.1715819809,1.05388876,-0.09046019199,0.9834574378,-0.1120357264,1.007918446,-0.6988566101
1909,2015-01-14T06:01:00,1909,1910,1915,1,5.41135216,-0.9411673027,4,4,1.313711284,0,-0.9411673027,0.1691523916,0.6850992965,0.2315036032,1.093042421,0.03995782344,0.9358794508,-0.2379101264,1.029347544,-0.1086990321,0.9873741483,-0.112908641,1.008687897,2.032608581
1910,2015-01-14T06:02:00,1910,1911,1916,1,5.059817535,-0.6682249266,4,4,1.116108756,0,-0.6682249266,-0.0550643439,0.7194788023,0.005211134031,0.9925157207,0.0404390664,0.9355333011,-0.1998847792,0.9751411772,-0.1217062197,0.9893210846,-0.1090228064,1.005209473,4.319370423
1911,2015-01-14T06:03:00,1911,1912,1917,1,3.377487501,0.9105356192,4,4,0.9789310479,0,0.9105356192,-0.03208364555,0.7462296384,0.1379806143,1.024984287,0.1386008625,0.9280449433,-0.159936025,0.9797008341,-0.09387783442,0.9836056925,-0.09517634986,1.006307382,5.326805386
1912,2015-01-14T06:04:00,1912,1913,1918,1,3.71173255,1.790297888,4,4,0.8251434542,0,1.790297888,0.1743629922,1.04065343,0.1919023242,1.102083993,0.1682415325,0.9745908312,-0.1467056316,1.000092337,-0.0609147036,0.9992909315,-0.08868778841,1.015300591,3.378743579
1913,2015-01-14T06:05:00,1913,1914,1919,1,4.464440311,1.618536916,4,4,1.856158795,0,1.618536916,0.5419956388,1.263821493,0.5575782206,1.03010698,0.2740065715,1.033669028,-0.04847336612,0.9654981407,-0.04259649392,1.015399044,-0.06633836246,1.021392389,0.7404471116
1914,2015-01-14T07:00:00,1914,1915,1920,1,2.17029539,1.917970582,4,4,2.004871072,0,1.917970582,1.113823216,1.468266944,0.6414878037,1.145680773,0.402704767,1.109452953,0.01246907617,1.008662001,-0.005664989828,1.031303746,-0.04732991715,1.035760189,-1.949317886
1915,2015-01-14T07:01:00,1915,1916,1921,1,3.101773892,-0.1577639185,4,4,1.664906463,0,-0.1577639185,1.215915417,1.439263978,0.5804255367,1.137789644,0.435976144,1.094645202,0.003167423068,1.008401275,-0.007643949967,1.03145457,-0.05687705053,1.031927239,0.3329889706
1916,2015-01-14T07:02:00,1916,1917,1922,1,4.705604743,-1.019759552,4,4,2.37018876,0,-1.019759552,0.8298563831,1.453838948,0.3988863688,1.155531557,0.3840873501,1.118135665,0.01407880567,0.994915488,-0.01154801076,1.034718127,-0.06097467638,1.034995723,3.7239932
1917,2015-01-14T07:03:00,1917,1918,1923,1,7.417616312,-0.7717944149,4,4,2.641370689,0,-0.7717944149,0.3174379225,1.261644841,0.2459004573,1.156440069,0.3021766825,1.114664348,-0.01953750468,0.998270673,-0.02967031813,1.035539256,-0.05921271082,1.033500776,4.119613275
1918,2015-01-14T07:04:00,1918,1919,1924,1,5.275771882,2.124542938,4,4,2.019467606,0,2.124542938,0.4186391269,1.403763475,0.4803173828,1.335626568,0.3817932926,1.205818531,0.02368568593,1.051415055,0.009367589243,1.056551141,-0.04832909762,1.04888269,2.768784922
1919,2015-01-14T07:05:00,1919,1920,1925,1,1.539389538,2.371244677,4,4,0.995709567,0,2.371244677,0.5092939458,1.536030575,0.8115585808,1.502530823,0.521531092,1.313838005,0.07576694918,1.115334091,0.04361001767,1.088527057,-0.03169505629,1.070438556,0.9816115438
1920,2015-01-14T08:00:00,1920,1921,1926,1,0.5106944523,-0.3761743391,4,4,1.422405194,0,-0.3761743391,0.4656118617,1.54360405,0.8407636395,1.492346183,0.4229873868,1.267316966,0.09064281944,1.106312177,0.03738197469,1.08925375,-0.02633652144,1.066940273,3.298003036
1921,2015-01-14T08:01:00,1921,1922,1927,1,-0.3117067564,0.7737145841,4,4,0.9210208795,0,0.7737145841,0.8243066889,1.514746977,0.827081536,1.48460535,0.4825310752,1.275665676,0.1367779386,1.100081585,0.04891272772,1.092556678,-0.004622475907,1.056116718,2.50698696
1922,2015-01-14T08:02:00,1922,1923,1928,1,-0.7245425049,0.5840712987,4,4,1.000499994,0,0.5840712987,1.095479832,1.497849437,0.7064588771,1.384792519,0.4491806006,1.251447052,0.1858336039,1.082231571,0.04618980084,1.090828209,-0.01096684126,1.050305328,0.557777994
1923,2015-01-14T08:03:00,1923,1924,1929,1,-2.165256415,1.940217153,4,4,1.430341542,0,1.940217153,1.058614675,1.446964035,0.7386269008,1.425527413,0.6481025607,1.243633547,0.2447254318,1.122951979,0.06605850303,1.111496356,-0.00517973972,1.059046214,-2.787308584
1924,2015-01-14T08:04:00,1924,1925,1930,1,-1.652098575,-0.01730149187,4,4,1.513586408,0,-0.01730149187,0.5809054411,0.9844818553,0.5450996934,1.290076441,0.5932937486,1.220016733,0.2285241659,1.118518001,0.08167807399,1.102436386,-0.008036767436,1.058630357,-2.818693717
1925,2015-01-14T08:05:00,1925,1926,1931,1,-0.3450255061,-1.365137668,4,4,1.332597013,0,-1.365137668,0.3831127754,1.146134053,0.4243623185,1.359473561,0.5023939276,1.25354171,0.1719548539,1.13027821,0.0553039412,1.109831987,-0.003596638956,1.051765036,-1.282320499
1926,2015-01-14T09:00:00,1926,1927,1932,1,1.959298057,-1.404869425,4,4,1.755176451,0,-1.404869425,-0.05260402636,1.260407885,0.3858513313,1.393392701,0.39236885,1.279999297,0.1485676371,1.149505254,0.03925990663,1.120809396,-0.01688983419,1.059412579,0.6220521686
1927,2015-01-14T09:01:00,1927,1928,1933,1,2.766048007,-0.04868662462,4,4,1.095370218,0,-0.04868662462,-0.179155611,1.233237307,0.4581621103,1.371937898,0.3520312838,1.268772483,0.1638096669,1.144808012,0.01753914183,1.104801066,-0.01210552045,1.057895264,1.166595141
1928,2015-01-14T09:02:00,1928,1929,1934,1,2.044323273,0.1712355503,4,4,1.908056696,0,0.1712355503,-0.5329519317,0.8796874779,0.2628313716,1.19740448,0.3715743772,1.268399744,0.1844675808,1.140434192,0.03850026038,1.092068905,-0.001258680371,1.052966593,0.9372949928
1929,2015-01-14T09:03:00,1929,1930,1935,1,0.8363058158,0.499503243,4,4,2.015961431,0,0.499503243,-0.4295909847,0.9075741779,0.07565722818,0.9468092236,0.4436079045,1.255795879,0.241782864,1.107450594,0.0362661631,1.090863566,-0.01974467006,1.024335494,1.337245888
1930,2015-01-14T09:04:00,1930,1931,1936,1,1.73974646,0.4958563482,4,4,1.381495488,0,0.4958563482,-0.05739218154,0.7072096024,0.1628602969,0.952304754,0.5018119682,1.251795006,0.2711255173,1.105036944,0.06272949759,1.077127058,-0.0007335848938,1.012297474,1.599452866
1931,2015-01-14T09:05:00,1931,1932,1937,1,0.2852964955,-0.05806459841,4,4,1.81962305,0,-0.05806459841,0.2119687837,0.3257116843,0.07968237866,0.9205205421,0.4533819573,1.235194542,0.2959914099,1.092468071,0.0682354953,1.075703496,-0.01372065673,1.003002827,1.107028281
1932,2015-01-14T10:00:00,1932,1933,1938,1,-0.1533393997,0.8994541383,4,4,2.097385183,0,0.8994541383,0.4015969363,0.5171243305,0.1112206626,0.9455928907,0.4088397698,1.185705747,0.2885406512,1.085293833,0.05620036594,1.060141675,-0.0136945139,1.003026229,-0.5009400723
1933,2015-01-14T10:01:00,1933,1934,1939,1,-1.16803347,0.7580633257,4,4,1.585843637,0,0.7580633257,0.5189624914,0.6135839402,-0.006994720153,0.7583980849,0.3658160903,1.141774072,0.3199113309,1.089063747,0.0773279146,1.058405662,0.002244781253,0.9998701272,0.1402935948
1934,2015-01-14T10:02:00,1934,1935,1940,1,-1.830524841,-0.5504891835,4,4,1.859938461,0,-0.5504891835,0.3089640061,0.6222477175,-0.06031348931,0.77810125,0.2423931021,1.065302488,0.3225489345,1.087601776,0.07469385072,1.059512873,0.002106186756,0.9999452764,-0.821731785
1935,2015-01-14T10:03:00,1935,1936,1941,1,-1.261820497,-0.7085142145,4,4,1.570725205,0,-0.7085142145,0.06808989352,0.6621298941,0.00534885599,0.6850406625,0.2148555873,1.07644068,0.3254158656,1.085581101,0.06998263456,1.061822872,0.006101250274,0.9961496742,0.3476006726
1936,2015-01-14T10:04:00,1936,1937,1942,1,-3.126247505,1.399296993,4,4,1.688350813,0,1.399296993,0.3595622118,0.9106855176,0.2857654977,0.6838991933,0.3358084145,1.097556679,0.3599478823,1.107893955,0.06892786425,1.060389992,0.0166943256,1.004238169,-1.308327065
1937,2015-01-14T10:05:00,1937,1938,1943,1,-2.273461031,-1.512514563,4,4,1.409683071,0,-1.512514563,-0.1228315286,1.060700063,0.1393827039,0.8344166215,0.2987724071,1.135443679,0.3004745448,1.125101985,0.06292483308,1.067568905,0.009836764557,1.011728959,-1.008793055
1938,2015-01-14T11:00:00,1938,1939,1944,1,-3.229971389,0.4608182431,4,4,0.6340227368,0,0.4608182431,-0.1822805451,1.025974324,0.1683409731,0.8453131267,0.2155861724,1.036419744,0.2986897325,1.124314061,0.05851424786,1.064932932,0.025752231,1.003926049,-1.609421169
1939,2015-01-14T11:01:00,1939,1940,1945,1,-2.186843991,-0.2566307447,4,4,0.3379941074,0,-0.2566307447,-0.1235088573,1.002590401,0.09272757437,0.8343799298,0.08419240128,0.8923669574,0.3028617466,1.123051444,0.05924062837,1.064738051,0.02209475616,1.004061501,-1.81792044
1940,2015-01-14T11:02:00,1940,1941,1946,1,-0.6203380368,-1.212980554,4,4,0.2503008137,0,-1.212980554,-0.2244021252,1.095012967,-0.07815611584,0.9048395978,0.04235209054,0.9288754067,0.2326697387,1.111058463,0.04357372644,1.073330455,0.01661675602,1.008874568,-1.264667975
1941,2015-01-14T11:03:00,1941,1942,1947,1,-0.723546444,-0.1398098709,4,4,-0.4159020996,0,-0.1398098709,-0.5322234979,0.9007532093,-0.08633064308,0.9057329783,-0.00332413221,0.9131566942,0.2396034715,1.109319175,0.03669354932,1.072462192,0.01793942539,1.008587188,-1.620550219
1942,2015-01-14T11:04:00,1942,1943,1948,1,-0.9278495519,-0.4651300156,4,4,-0.1631758232,0,-0.4651300156,-0.3227465884,0.6301471809,-0.2227890585,0.8724018836,-0.05578419793,0.9097337416,0.1966982013,1.094014443,0.01934478058,1.068754245,0.01164965935,1.00913423,-0.3689235508
1943,2015-01-14T11:05:00,1943,1944,1949,1,-1.039284325,-0.6597280889,4,4,0.07325327435,0,-0.6597280889,-0.5468558548,0.6645773162,-0.3645681999,0.8643744334,-0.18578146,0.8131146341,0.2311605503,1.05066165,0.01047230306,1.071281855,-0.0008947946018,1.00797825,0.6443299386
1944,2015-01-14T12:00:00,1944,1945,1950,1,0.9587102877,-0.4956921149,4,4,0.5999364419,0,-0.4956921149,-0.5946681288,0.6911101764,-0.3590884931,0.8610519115,-0.2097009912,0.8206253559,0.1917963787,1.039679471,0.00417162297,1.072713999,-0.01487129724,1.003212401,0.8970037755
1945,2015-01-14T12:01:00,1945,1946,1951,1,-1.291702243,0.7864966531,4,4,1.127963476,0,0.7864966531,-0.1947726875,0.5541518819,-0.2095874063,0.8677953984,-0.1021192752,0.7817766826,0.2001373262,1.044639076,0.01606656826,1.076153713,-0.01034893744,1.005531976,-0.5589260011
1946,2015-01-14T12:02:00,1946,1947,1952,1,0.8491732255,0.3535254004,4,4,1.096723384,0,0.3535254004,-0.0961056332,0.5728621038,-0.3141645656,0.7548269119,-0.01419953392,0.7202366881,0.1890846581,1.038542028,0.01156765446,1.07392115,-0.004343744202,1.005491447,-1.683614264
1947,2015-01-14T12:03:00,1947,1948,1953,1,2.784526519,-0.243018278,4,4,0.664861473,0,-0.243018278,-0.05168328567,0.5447140354,-0.187214937,0.5889816847,-0.02391611659,0.7222016766,0.1640575836,1.032317508,0.02357155958,1.065807112,-0.01199883363,1.003843442,0.06170651218
1948,2015-01-14T12:04:00,1948,1949,1954,1,2.796856366,-0.6694331235,4,4,0.4937707793,0,-0.6694331235,-0.05362429259,0.5470770434,-0.3002400737,0.6086691633,-0.06594955028,0.7365570014,0.1528124135,1.037148525,-0.009384783742,1.045552146,-0.009369323508,1.001674286,-0.7327762419
1949,2015-01-14T12:05:00,1949,1950,1955,1,5.538403714,-0.7711628624,4,4,-0.3265472889,0,-0.7711628624,-0.1087184421,0.6075274388,-0.3516932855,0.6506623029,-0.1294828555,0.7481815621,0.1570625245,1.033634108,-0.04042380095,1.031493053,-0.02011184655,1.00303122,2.532787489
1950,2015-01-14T13:00:00,1950,1951,1956,1,1.323839916,1.502302498,4,4,0.08525344434,0,1.502302498,0.03444272692,0.8347195643,-0.08016498027,0.7084634991,-0.07916054805,0.8126054477,0.2113257101,1.055300514,0.005720465452,1.016011686,-0.01069557643,1.011792402,2.722820007
1951,2015-01-14T13:01:00,1951,1952,1957,1,5.233605697,-1.463915878,4,4,-0.3973991541,0,-1.463915878,-0.3290455287,1.048985533,-0.2125755809,0.8451454427,-0.149453112,0.8759631977,0.1519644227,1.07075139,-0.003985801174,1.026236392,-0.01193041539,1.013487191,3.529632608
1952,2015-01-14T13:02:00,1952,1953,1958,1,4.301223933,2.494400869,4,4,-0.05145113359,0,2.494400869,0.2184383007,1.527405058,0.08337750752,1.14666464,-0.06970577548,1.018804408,0.1695669972,1.105409548,0.01143068281,1.054067112,0.01591252999,1.035872418,3.005616224
1953,2015-01-14T13:03:00,1953,1954,1959,1,0.1551943611,1.692335015,4,4,-0.1098972726,0,1.692335015,0.6907919285,1.678135165,0.3185838179,1.248084717,-0.022992191,1.073512604,0.1714119497,1.108169062,0.06146929177,1.039284689,0.02873965395,1.047235903,-1.39898009
1954,2015-01-14T13:04:00,1954,1955,1960,1,-0.0291542543,-0.6571032761,4,4,0.171057419,0,-0.6571032761,0.7136038457,1.668399275,0.3024427018,1.255516971,-0.02832289563,1.076506679,0.1070351032,1.070919236,0.05975208969,1.040256469,0.03190170785,1.044675841,1.703973089
1955,2015-01-14T13:05:00,1955,1956,1961,1,-1.188420084,1.970384485,4,4,0.7106854922,0,1.970384485,0.8072202431,1.763138278,0.420831485,1.379386338,0.1056220393,1.152340124,0.1602388133,1.115036389,0.08170311818,1.063056744,0.04831697112,1.060047673,1.295607709
1956,2015-01-14T14:00:00,1956,1957,1962,1,-0.8408336687,-2.712261299,4,4,0.1621213636,0,-2.712261299,0.5575511588,2.037478569,0.114252815,1.620445859,-0.09995587526,1.26404281,0.1179262696,1.183730309,0.06600253764,1.093406208,0.0316100827,1.086661653,1.554174451
1957,2015-01-14T14:01:00,1957,1958,1963,1,-4.497563901,2.445849903,4,4,0.1251299915,0,2.445849903,0.5478409656,2.025672266,0.3831396332,1.793922286,0.09796234807,1.33511359,0.1983673776,1.239306388,0.08941493645,1.125261005,0.04634224711,1.10763463,-1.733127343
1958,2015-01-14T14:02:00,1958,1959,1964,1,-4.819033124,1.562019105,4,4,0.09028539062,0,1.562019105,0.5217777836,2.004626974,0.606284856,1.848603112,0.1530223912,1.376192504,0.1843042818,1.2182101,0.1039949838,1.137872898,0.06767982008,1.113049336,-2.484027793
1959,2015-01-14T14:03:00,1959,1960,1965,1,-1.346621352,-2.453694557,4,4,-0.3560267216,0,-2.453694557,0.1624595274,2.266339727,0.4380316866,1.989956268,0.04316920056,1.480420106,0.06368080092,1.222285253,0.06972387505,1.170032344,0.05030027875,1.134866152,-2.39500812
1960,2015-01-14T14:04:00,1960,1961,1966,1,-0.1926998753,-0.8414518915,4,4,0.2029703597,0,-0.8414518915,-0.3999077478,2.121655252,0.2036562476,1.950650865,0.06174563368,1.467473906,0.05204886211,1.228065386,0.07134584077,1.168775262,0.04227093716,1.137408173,-2.764436558
1961,2015-01-14T14:05:00,1961,1962,1967,1,0.3055581244,0.8111186555,4,4,0.2375907098,0,0.8111186555,0.3047682431,1.778125821,0.4311597009,1.912204271,0.10929206,1.478309168,0.05298396389,1.228668618,0.09488095123,1.166148804,0.05026980644,1.139734876,-2.335005331
1962,2015-01-14T15:00:00,1962,1963,1968,1,3.098239799,-2.364674884,4,4,0.2891866841,0,-2.364674884,-0.6573367144,1.75602749,-0.05474787438,1.895650373,0.01431481657,1.566577501,-0.02073469068,1.280972394,0.0825494566,1.185773049,0.023881637,1.15768485,1.048386768
1963,2015-01-14T15:01:00,1963,1964,1969,1,4.578680457,-1.210880329,4,4,0.4281344684,0,-1.210880329,-1.211916601,1.699675864,-0.3450694088,1.858416981,-0.01324279545,1.582944903,-0.09951212775,1.258346132,0.07260665203,1.192572039,0.01086829277,1.162509252,2.571736683
1964,2015-01-14T15:02:00,1964,1965,1970,1,2.798862639,1.240549883,4,4,-0.3481047964,0,1.240549883,-0.4730677134,1.411583313,-0.155304093,1.887970234,0.07356930443,1.603239606,-0.06806584339,1.273539008,0.08022916126,1.198537468,0.03176343487,1.162272713,2.640563455
1965,2015-01-14T15:03:00,1965,1966,1971,1,2.039098729,1.018717215,4,4,1.22834131,0,1.018717215,-0.1010338921,1.434752991,-0.25047082,1.811068353,0.08518033251,1.60976322,-0.008469471327,1.265407524,0.0817426913,1.199746856,0.03404613702,1.16400319,2.049853031
1966,2015-01-14T15:04:00,1966,1967,1972,1,2.882840536,0.3124695852,4,4,0.6883992764,0,0.3124695852,-0.2007637062,1.395156228,0.05200226846,1.598153987,0.08312754175,1.609338521,0.03446400392,1.246738016,0.09151582051,1.199107587,0.03766127239,1.164299945,2.006943774
1967,2015-01-14T15:05:00,1967,1968,1973,1,1.249204106,1.309376655,4,4,0.35645776,0,1.309376655,0.5340466017,1.082135335,-0.06164505634,1.458535126,0.1607472884,1.634851963,0.06841558591,1.263787206,0.1161126264,1.20576604,0.03449795653,1.160219648,0.1582991837
1968,2015-01-14T16:00:00,1968,1969,1974,1,1.030111951,0.4280067906,4,4,-0.3837590109,0,0.4280067906,0.8618240257,0.9562471495,-0.1750462878,1.37900447,0.2156192841,1.630795327,0.07483486692,1.265308186,0.1296512239,1.204490546,0.05061179589,1.152711845,-0.01075430173
1969,2015-01-14T16:01:00,1969,1970,1975,1,-0.6409433614,0.2695603285,4,4,0.2984653004,0,0.2695603285,0.6676261149,0.7881296612,0.09727920076,1.14317886,0.2676554437,1.622772913,0.06908629406,1.263559966,0.155434579,1.188072095,0.04720620675,1.151310909,0.8758967619
1970,2015-01-14T16:02:00,1970,1971,1976,1,-0.6204491516,-0.5392679355,4,4,-0.5615099406,0,-0.5392679355,0.3560290848,0.6868430617,0.1274975964,1.124782098,0.165576922,1.592195586,0.04320818697,1.26400443,0.1571668521,1.187184452,0.05622239405,1.142819991,1.090904923
1971,2015-01-14T16:03:00,1971,1972,1977,1,0.7356499989,0.2589533052,4,4,-0.4924573848,0,0.2589533052,0.3453258288,0.6823762202,0.07228106133,1.098202669,0.2517203811,1.559258522,0.05113363456,1.26463407,0.1735625222,1.181690699,0.06253487505,1.142158097,1.040866253
1972,2015-01-14T16:04:00,1972,1973,1978,1,-0.3670084917,1.156211392,4,4,-0.9103891149,0,1.156211392,0.3146927762,0.6245869175,0.424369689,0.8834946803,0.1848109073,1.478859897,0.0575525659,1.269840347,0.1730466085,1.181176788,0.05665109926,1.134356682,-1.516840123
1973,2015-01-14T16:05:00,1973,1974,1979,1,1.32457991,-0.3242597746,4,4,-1.231999145,0,-0.3242597746,0.1642394632,0.6119638349,0.5130317444,0.8027790313,0.0839811678,1.431462163,0.0304944884,1.265210108,0.1752029097,1.180427139,0.06171677253,1.131547864,-1.711354074
1974,2015-01-14T17:00:00,1974,1975,1980,1,-0.8298337061,0.208914635,4,4,-0.4513121819,0,0.208914635,0.1521103245,0.6072036281,0.4098682197,0.703507146,0.1272820634,1.424667313,0.04947958386,1.262644761,0.1860142592,1.178377998,0.0662890951,1.131283467,-0.3052162536
1975,2015-01-14T17:01:00,1975,1976,1981,1,-0.2575865741,-1.401494984,4,4,-0.5746017766,0,-1.401494984,-0.02033508518,0.8386727029,0.1678469998,0.7665263511,-0.04131191008,1.390599012,0.03215506463,1.277038248,0.1787854651,1.185182057,0.05737344458,1.138092309,1.149831631
1976,2015-01-14T17:02:00,1976,1977,1982,1,1.451301462,-0.5187737257,4,4,-0.9014919282,0,-0.5187737257,-0.1758804914,0.8624301568,0.08472266874,0.7776320085,0.0683624686,1.256743352,-0.01579670333,1.260398365,0.1720755895,1.186598722,0.04068634173,1.130996302,3.035933984
1977,2015-01-14T17:03:00,1977,1978,1983,1,1.353146503,1.615052456,4,4,-0.5351085685,0,1.615052456,-0.08411227864,0.999049401,0.1152902488,0.8331291986,0.02682259622,1.187735024,0.06239247214,1.263574846,0.1814335085,1.196343569,0.06274737944,1.136665903,-0.5246174525
1978,2015-01-14T17:04:00,1978,1979,1984,1,1.030872367,0.05355290148,4,4,-0.3150722527,0,0.05355290148,-0.008549743425,0.9887590243,0.07784485986,0.8222360194,-0.04860071395,1.13528089,0.0522108386,1.261500794,0.1754502855,1.194877894,0.05641311144,1.134246968,-1.407418206
1979,2015-01-14T17:05:00,1979,1980,1985,1,-1.980863932,1.367328627,4,4,0.2084617906,0,1.367328627,0.2231330549,1.158806653,0.1876216897,0.9250754304,0.1424504452,1.039861159,0.09280982289,1.279248787,0.1978357848,1.203686422,0.07043035988,1.140732468,-1.584632522
1980,2015-01-14T18:00:00,1980,1981,1986,1,0.7002409235,-1.945498981,4,4,0.1689131761,0,-1.945498981,0.1143322555,1.306517691,0.04699858516,1.097806991,0.08724809076,1.111376389,0.07449686222,1.301659929,0.1535833004,1.210117655,0.05388143836,1.154468868,1.877763955
1981,2015-01-14T18:01:00,1981,1982,1987,1,2.152658964,-0.8292478517,4,4,0.3032205845,0,-0.8292478517,0.05223743031,1.338168017,-0.06182153053,1.125717419,0.005229765402,1.112045145,0.0572609127,1.308060091,0.1484321921,1.212767545,0.04354933711,1.156340709,2.438290572
1982,2015-01-14T18:02:00,1982,1983,1988,1,1.180413583,1.19011431,4,4,-0.1807055725,0,1.19011431,-0.03275019882,1.245908973,-0.05843123873,1.129245074,0.1829692251,1.013843501,0.09864202084,1.319477872,0.1476701111,1.212000301,0.045777194,1.15837431,-0.3962314099
1983,2015-01-14T18:03:00,1983,1984,1989,1,-0.8875260285,1.516897497,4,4,-0.4235166956,0,1.516897497,0.2599187202,1.418418552,0.1256844884,1.222611058,0.3193581164,1.034222406,0.1530576605,1.337036004,0.1921091054,1.202404919,0.05800075554,1.166612604,-1.177523032
1984,2015-01-14T18:04:00,1984,1985,1990,1,-0.3409979746,-0.2687212346,4,4,-1.088505561,0,-0.2687212346,-0.06729125205,1.285471079,0.07792090144,1.223778728,0.2438945606,0.9981374356,0.1587319325,1.335412965,0.1752641556,1.196716589,0.05569172614,1.166870235,-0.2856316085
1985,2015-01-14T18:05:00,1985,1986,1991,1,2.005472141,-1.644407672,4,4,-0.858326793,0,-1.644407672,-0.007072990292,1.198439801,0.05362963261,1.253643975,0.1107383162,1.039034615,0.09795932436,1.354793445,0.1490483253,1.209697499,0.04336415363,1.176389803,1.576644993
1986,2015-01-14T19:00:00,1986,1987,1992,1,2.151716072,0.735605875,4,4,-0.746820169,0,0.735605875,0.305897755,1.186149551,0.1790675927,1.264445412,0.1318951307,1.049650832,0.1075113362,1.358627496,0.1482979971,1.209222522,0.04354888172,1.176503569,0.2899970032
1987,2015-01-14T19:01:00,1987,1988,1993,1,0.3392546396,0.6231701885,4,4,-0.3062989831,0,0.6231701885,0.1925089307,1.096058648,0.07987936596,1.173378398,0.09758480737,1.017575827,0.1291660479,1.361653683,0.1466118158,1.208259118,0.05876972235,1.172744694,-0.05536636612
1988,2015-01-14T19:02:00,1988,1989,1994,1,0.05370165718,0.2178689292,4,4,-0.1474360181,0,0.2178689292,-0.06729678279,0.866396174,0.09631096872,1.175277312,0.08707791429,1.014235878,0.1513485992,1.35797051,0.1520805063,1.208255141,0.04419301057,1.159086204,0.4288271487
1989,2015-01-14T19:03:00,1989,1990,1995,1,0.262951216,-0.5510421145,4,4,-0.2648907771,0,-0.5510421145,-0.1237609588,0.8927091308,-0.09552610541,1.10665385,0.04604779214,1.019913549,0.1568516179,1.355288821,0.1569570712,1.205240071,0.025334672,1.149603355,1.861719069
1990,2015-01-14T19:04:00,1990,1991,1996,1,0.02041872138,0.2778068192,4,4,-0.292676363,0,0.2778068192,0.2606819395,0.5211042119,0.1268044746,0.9240691413,0.08690152988,1.014663483,0.1262392259,1.335033477,0.168782468,1.203323223,0.04589338561,1.132383015,0.3946210057
1991,2015-01-14T19:05:00,1991,1992,1997,1,-0.8843506765,0.702062444,4,4,-0.6908507871,0,0.702062444,0.2539732533,0.5117662885,0.2799355042,0.9134701667,0.1090569868,1.025101813,0.180388684,1.319492491,0.1661765533,1.201575835,0.05747236054,1.132457902,-0.3751254915
1992,2015-01-14T20:00:00,1992,1993,1998,1,-2.578710392,0.8818498056,4,4,-1.053606631,0,0.8818498056,0.3057091767,0.582896503,0.2491090537,0.8778134462,0.09533890749,1.011373048,0.1400749074,1.266866614,0.1548209523,1.188882098,0.054312091,1.12946388,-1.598767853
1993,2015-01-14T20:01:00,1993,1994,1999,1,-0.7745579224,-1.189291244,4,4,-1.358048328,0,-1.189291244,0.02427714209,0.7830438632,-0.02150982035,0.8257723724,0.05208733403,1.043234827,0.06803425091,1.252482101,0.1197231003,1.182529087,0.06365761149,1.114889642,-0.3742022844
1994,2015-01-14T20:02:00,1994,1995,2000,1,-0.2595080701,-0.06768405328,4,4,-1.517351254,1,-0.06768405328,0.1209487543,0.7438712493,-0.001406102216,0.821667216,0.03825739961,1.042298275,0.08276973148,1.24821125,0.09490241735,1.162948695,0.06742463695,1.113896818,-0.509225185
1995,2015-01-14T20:03:00,1995,1996,2001,1,-0.3861803523,-0.3417925557,4,4,-2.280805417,1,-0.3417925557,-0.002971120649,0.7491819138,0.1288554094,0.6452995969,0.09124252101,0.9970042092,0.02496530547,1.209913841,0.09260205938,1.163442661,0.06279051394,1.114161985,-0.9799425391
1996,2015-01-14T20:04:00,1996,1997,2002,1,-1.313432979,0.03527432462,4,4,-1.318053649,1,0.03527432462,-0.1363287445,0.6803999269,0.05882225438,0.602016941,0.1189449235,0.9902642567,0.09365369606,1.13137685,0.1057899828,1.15784952,0.07521959045,1.106207914,-0.400355638
1997,2015-01-14T20:05:00,1997,1998,2003,1,-0.6678589282,-0.2027069539,4,4,-0.5340911143,1,-0.2027069539,-0.3532400964,0.5618098134,-0.02376545987,0.5724502597,0.02805695304,0.9231782503,0.02743977463,1.063713441,0.1129035761,1.15485207,0.06875654918,1.105126078,0.2497171149
1998,2015-01-14T21:00:00,1998,1999,2004,1,0.47551581,-0.8125099097,4,4,0.2976028822,1,-0.8125099097,-0.2778838296,0.4059334977,-0.1268033438,0.6236744729,-0.01524618752,0.9408099191,-0.03192345073,1.042589565,0.07619041551,1.133805285,0.05868883898,1.107023406,0.5937621868
1999,2015-01-14T21:01:00,1999,2000,2005,1,-0.1774473135,0.6148612256,4,4,0.2372562171,1,0.6148612256,-0.1413747738,0.4893635088,-0.01021300974,0.6296114195,-0.05286955758,0.9003036385,0.04479044383,0.9725887802,0.05423562237,1.10451577,0.06141273131,1.108133612,-0.9130773408
2000,2015-01-14T21:02:00,2000,2001,2006,1,-0.9596132489,0.447365799,5,5,0.8382226229,0,0.447365799,0.01645689711,0.5061022082,0.006742888231,0.6393015662,0.06677368141,0.7945471258,0.07701088609,0.9660389781,0.0645298741,1.104847478,0.07323418921,1.105335927,-0.917576043
2001,2015-01-14T21:03:00,2001,2002,2007,1,-0.8899228796,-0.4684648379,5,5,0.2288974189,0,-0.4684648379,-0.08429093538,0.5475239267,-0.11030984,0.6175461565,0.0848128321,0.7796765358,0.04502129875,0.9603488704,0.04900263132,1.102700441,0.07826106707,1.101828181,-0.1182463767
2002,2015-01-14T21:04:00,2002,2003,2008,1,-0.3863290862,-0.8919783019,5,5,-0.1232878072,0,-0.8919783019,-0.222145205,0.6713341096,-0.2876926507,0.6189990926,-0.0192917985,0.7595117915,0.08183871331,0.8957501898,0.03055201131,1.105273422,0.08231254217,1.09764655,0.7356300273
2003,2015-01-14T21:05:00,2003,2004,2009,1,-0.4050896467,0.4428670967,5,5,-0.7332751078,0,0.4428670967,0.02893019631,0.5982317855,-0.1244768166,0.511206061,-0.0729933185,0.6867429096,0.123182399,0.8778473129,0.01183513561,1.084908036,0.08946523434,1.097735858,-0.04203720585
2004,2015-01-14T22:00:00,2004,2005,2010,1,-0.7676029061,0.3308648284,5,5,-1.038313145,0,0.3308648284,-0.02786908313,0.551511297,-0.08462192847,0.5213642462,-0.04301401535,0.6880979912,0.1004402726,0.857250601,0.01618721461,1.085536779,0.08696619838,1.096640737,-0.7716765029
2005,2015-01-14T22:01:00,2005,2006,2011,1,-0.2789336915,-0.03810189785,5,5,-0.8367069803,0,-0.03810189785,-0.1249626225,0.5142254661,-0.05425286269,0.5101800051,0.03730127336,0.5816765456,0.07401979479,0.8420037219,0.03277516173,1.074761943,0.07916839246,1.093580557,-1.121959114
2006,2015-01-14T22:02:00,2006,2007,2012,1,0.5860091341,-0.3348001364,5,5,-1.450649755,0,-0.3348001364,-0.09822968221,0.4929038399,-0.0912603088,0.5209302476,-0.01621902721,0.5629354848,0.05783805175,0.8422182704,0.04615102783,1.063881407,0.08028989759,1.093168121,-0.3630524409
2007,2015-01-14T22:03:00,2007,2008,2013,1,0.9004881789,-0.3987744686,5,5,-0.675018645,0,-0.3987744686,0.0004110844614,0.3400490444,-0.1108670603,0.5321291381,-0.06731626006,0.5526575429,0.01513427365,0.8188073407,0.04177492978,1.064801287,0.08245317548,1.092121627,0.00407359675
2008,2015-01-14T22:04:00,2008,2009,2014,1,0.717956539,-0.3883845085,5,5,-1.000134972,0,-0.3883845085,-0.1658392366,0.3264591931,-0.06845452014,0.481900858,-0.09762893195,0.5573142224,-0.005275508826,0.8183133746,0.03477967905,1.065514333,0.0846756463,1.091059383,0.8430254221
2009,2015-01-14T22:05:00,2009,2010,2015,1,-0.2147323603,0.4241065362,5,5,-0.7164606891,0,0.4241065362,-0.147190895,0.3473536651,-0.08752998908,0.4608792029,-0.04887149941,0.5517337126,-0.001411853635,0.8199493086,0.03383722021,1.065105783,0.1031524348,1.079405311,0.949061575
2010,2015-01-14T23:00:00,2010,2011,2016,1,-0.1928844413,-0.03164843092,5,5,-0.4078914063,0,-0.03164843092,-0.1459002017,0.3472240521,-0.1354314121,0.4387438731,-0.06434426192,0.5482712279,0.01127863398,0.8155192589,0.02724341047,1.063667913,0.1085374461,1.077634061,0.8964145822
2011,2015-01-14T23:01:00,2011,2012,2017,1,0.08878490844,0.4505673168,5,5,0.1712496377,0,0.4505673168,0.011173289,0.3724895938,-0.04352819661,0.4368653642,-0.07691901828,0.5348899896,0.01606898427,0.817600461,0.03360130941,1.064840327,0.1210646762,1.074128535,-0.1250688831
2012,2015-01-14T23:02:00,2012,2013,2018,1,-1.010297108,0.5301426891,5,5,0.5262881412,0,0.5301426891,0.1969567205,0.4039239239,0.0986839025,0.3733549845,-0.09450437411,0.5111525315,0.0004172666935,0.8012965594,0.0289849163,1.061736946,0.1155034946,1.069646887,-1.163793935
2013,2015-01-14T23:03:00,2013,2014,2019,1,-1.289082687,-0.08429542372,5,5,-0.5442579386,0,-0.08429542372,0.2577745375,0.3666158408,0.04596765045,0.3471186969,-0.0392545831,0.4369342208,0.006416375465,0.7997657213,0.01845543193,1.058390719,0.1189407316,1.068712882,-1.089299023
2014,2015-01-14T23:04:00,2014,2015,2020,1,-1.253591667,-0.5709161484,5,5,-0.3817060282,0,-0.5709161484,0.05877000056,0.4045033419,-0.04421044724,0.3770129456,-0.06441618786,0.4549502381,-0.01307939412,0.8041658455,0.01820009487,1.05852598,0.1196497081,1.068305843,0.2138537915
2015,2015-01-14T23:05:00,2015,2016,2021,1,-0.1734876538,-0.5085823631,5,5,-0.2845330507,0,-0.5085823631,-0.03661678587,0.4638467775,-0.09125849376,0.4097062212,-0.07275567823,0.4626785197,0.009243421393,0.7772029355,0.02069924301,1.057088239,0.1222714506,1.06667043,0.1534968272
2016,2015-01-15T00:00:00,2016,2017,2022,1,-0.108894589,-0.009800511937,5,5,-1.357265769,0,-0.009800511937,-0.1286903516,0.4178167799,-0.05875853131,0.3958025765,-0.07500942005,0.4626164731,0.02196775174,0.772863927,0.003085524203,1.045447916,0.1220396436,1.066669537,-0.1997836633
2017,2015-01-15T00:01:00,2017,2018,2023,1,-1.365138911,0.7322366665,5,5,-1.244020484,0,0.7322366665,-0.08827155613,0.4749681195,0.0543425822,0.4408793774,-0.02826223903,0.4886389491,-0.0001026429929,0.7385885541,0.03114491458,1.034923776,0.120921458,1.065831275,-1.467445458
2018,2015-01-15T00:02:00,2018,2019,2024,1,0.2187641148,-0.5689393274,5,5,-1.289224074,0,-0.5689393274,-0.1852003369,0.537505314,0.03628710031,0.4600647439,-0.01608370991,0.4711093321,-0.01566494871,0.7439984229,0.01827294494,1.035595941,0.1117452075,1.065989371,-0.326984481
2019,2015-01-15T00:03:00,2019,2020,2025,1,0.5182536054,-0.3630810025,5,5,-1.310608976,0,-0.3630810025,-0.1436333077,0.5000884679,-0.04243165355,0.4548139341,-0.06498082132,0.457856612,-0.05892518945,0.7142056142,0.01694231672,1.035993996,0.1122487934,1.065803557,0.09088907436
2020,2015-01-15T00:04:00,2020,2021,2026,1,1.829261412,-0.5354251284,5,5,-1.056116499,0,-0.5354251284,-0.1490018607,0.5056612357,-0.09280932331,0.485204657,-0.1141203677,0.4625579668,-0.02367334314,0.6501019181,0.02541175954,1.028822403,0.09449775258,1.056945597,0.102306547
2021,2015-01-15T00:05:00,2021,2022,2027,1,1.273371289,0.5715216499,5,5,-1.562689949,0,0.5715216499,-0.03273742836,0.5665699203,-0.08071388999,0.4977812452,-0.0621210433,0.4683148057,0.0113458944,0.64312295,0.03430340355,1.030686259,0.1027367595,1.057547062,0.5457485958
2022,2015-01-15T01:00:00,2022,2023,2028,1,0.614029349,0.05479255287,5,5,-1.427958174,0,0.05479255287,-0.1682262511,0.4629987173,-0.1282489036,0.4690216023,-0.01478250056,0.4238957465,-0.01703714953,0.6150389278,0.04080243566,1.029391747,0.09276769089,1.051374076,0.427364531
2023,2015-01-15T01:01:00,2023,2024,2029,1,2.188981709,-0.5240076558,5,5,-0.9846068579,0,-0.5240076558,-0.1592399168,0.4522678689,-0.1722201268,0.4967183245,-0.06312623819,0.4284976567,-0.06805977834,0.5723749059,0.04249894107,1.028415847,0.1053861442,1.035884198,1.726954865
2024,2015-01-15T01:02:00,2024,2025,2030,1,0.832936219,1.014963699,5,5,-1.265302432,0,1.014963699,0.1163690235,0.6198475009,-0.0136321421,0.5631604567,-0.02892129467,0.4792120935,-0.03596765501,0.5929262501,0.06138213874,1.033172136,0.1048535521,1.035345792,0.7276226936
2025,2015-01-15T01:03:00,2025,2026,2031,1,0.2264836783,-0.06359151189,5,5,-1.456384865,0,-0.06359151189,0.2107357468,0.5724366225,0.03086694301,0.5400819253,-0.03019577537,0.479347303,0.003552748995,0.5329734705,0.05075603668,1.02944791,0.1005497999,1.034536418,0.1866648179
2026,2015-01-15T01:04:00,2026,2027,2032,1,-1.153187023,0.7755826782,5,5,-0.5491349392,0,0.7755826782,0.2515479524,0.6185967876,0.109405262,0.5931540526,0.02532336536,0.5042278303,0.004552169076,0.5343884659,0.05603175265,1.032337083,0.1003827211,1.034409533,0.4620268435
2027,2015-01-15T01:05:00,2027,2028,2033,1,-0.3374571645,0.01563152727,5,5,-0.9385081514,0,0.01563152727,0.2437157473,0.6181507986,0.03774474811,0.5461127274,0.04604366515,0.4962931273,-0.01063629746,0.5252319621,0.05926487522,1.031980951,0.09419577802,1.032093149,0.1053135254
2028,2015-01-15T02:00:00,2028,2029,2034,1,-0.2625313563,-0.6045493876,5,5,-1.053550255,0,-0.6045493876,0.227607401,0.6326844376,0.03418374209,0.5499253689,0.0352354212,0.5069898815,-0.03119675537,0.5327466014,0.06007592192,1.03148021,0.09098808577,1.033373103,0.03981886036
2029,2015-01-15T02:01:00,2029,2030,2035,1,-1.909459297,1.050944704,5,5,-1.222333127,0,1.050944704,0.234803602,0.6443262292,0.1755863127,0.6322053519,0.06657732958,0.5506992472,0.008852915084,0.5512167226,0.08285226649,1.034564561,0.1075890192,1.034254503,-1.615213866
2030,2015-01-15T02:02:00,2030,2031,2036,1,-1.881509794,-0.3410817909,5,5,-1.146558821,0,-0.3410817909,0.1793055462,0.6615246565,0.1950206465,0.618586517,0.05110566158,0.5559104416,-0.006619300169,0.5521040474,0.05980996288,1.021551091,0.110315212,1.03292343,-0.4427706898
2031,2015-01-15T02:03:00,2031,2032,2037,1,-2.456337445,-0.6700440526,5,5,-0.8093717104,0,-0.6700440526,-0.1098198,0.6380446532,0.07086407622,0.62839596,-0.004924906886,0.5668631452,-0.04092196258,0.5511084858,0.0697333607,1.011133274,0.09714371469,1.031388956,-0.3023502166
2032,2015-01-15T02:04:00,2032,2033,2038,1,0.4041632553,-0.6040880227,5,5,-0.4396437791,0,-0.6040880227,-0.23376371,0.6928467207,0.004976018665,0.6565618738,-0.06163644247,0.5705500668,-0.07807040829,0.5416660822,0.03100224955,0.9742569379,0.07719049876,1.019850223,-0.2942454306
2033,2015-01-15T02:05:00,2033,2034,2039,1,0.9875889522,0.8313613854,5,5,-1.218469555,0,0.8313613854,0.05341844462,0.7383582712,0.1405129228,0.6875545557,-0.01585360202,0.5997751083,-0.02755409256,0.5247102504,0.02024007918,0.9602167102,0.07063070268,1.011940534,-1.438739104
2034,2015-01-15T03:00:00,2034,2035,2040,1,-0.1078817413,-0.5296235794,5,5,-0.5388101176,0,-0.5296235794,-0.262695212,0.6167464712,-0.01394580502,0.630687125,-0.01378897356,0.5978778929,-0.03910258071,0.5312427383,0.02183357539,0.9592315079,0.05023408466,0.9978507205,-2.153987229
2035,2015-01-15T03:01:00,2035,2036,2041,1,2.940436689,-0.5959832366,5,5,-1.197233041,0,-0.5959832366,-0.3136755012,0.6543302345,-0.0671849775,0.6579372793,-0.01815901724,0.6019011337,-0.04545734773,0.5368223111,-0.01024602113,0.9359673329,0.04658225701,0.9992290104,0.6984086859
2036,2015-01-15T03:02:00,2036,2037,2042,1,2.800331845,-0.3131322884,5,5,-1.611921944,0,-0.3131322884,-0.2422931483,0.5983031132,-0.1760564742,0.6184931668,-0.03332560606,0.6059560741,-0.05416751306,0.5390717786,0.0197430915,0.8861749146,0.05247081754,0.9952938264,2.426328057
2037,2015-01-15T03:03:00,2037,2038,2043,1,1.909219653,-1.244871704,5,5,-2.28215597,0,-1.244871704,-0.3704498845,0.7713126857,-0.3021067972,0.7331302195,-0.1321810246,0.6464205403,-0.0802216318,0.572986709,-0.02639092858,0.8543418676,0.0485285068,0.9992798033,2.046105487
2038,2015-01-15T03:04:00,2038,2039,2044,1,-1.702560409,2.256412678,5,5,-2.11349585,0,2.256412678,-0.08543962603,1.214483653,-0.0160105907,1.005023253,0.00908657569,0.8100893936,-0.003498567111,0.6626419955,-0.01771100892,0.8735237306,0.0496274213,1.00168579,2.242028003
2039,2015-01-15T03:05:00,2039,2040,2045,1,-4.909960291,1.414787082,5,5,-2.938183676,0,1.414787082,0.3034425063,1.348775301,0.02037364715,1.04870659,0.09797997993,0.865872138,0.01649957931,0.6925919565,0.03064501157,0.844278554,0.04165694135,0.9865079476,0.3740037887
2040,2015-01-15T04:00:00,2040,2041,2046,1,-2.241193879,-1.625094273,5,5,-2.355588984,0,-1.625094273,0.09762029907,1.508755079,-0.108027601,1.162860685,0.04349652271,0.9313684156,-0.03531192249,0.7353254376,0.0208494818,0.858468056,0.03124927524,0.9970087594,-0.1368858341
2041,2015-01-15T04:01:00,2041,2042,2047,1,-4.656506387,2.452335194,5,5,-2.84264782,0,2.452335194,0.6507137955,1.859978791,0.2042103236,1.381572966,0.1375371999,1.073225359,0.0377080783,0.8279889577,0.04136468853,0.8966146516,0.04523778032,1.019389072,-3.944588412
2042,2015-01-15T04:02:00,2042,2043,2048,1,-6.010889078,-0.4532371322,5,5,-2.185369456,0,-0.4532371322,0.8090407098,1.786243201,0.2192954126,1.375788507,0.1121357156,1.077930311,0.04867660754,0.8190303287,0.06525766043,0.8582479484,0.03659354339,1.018834196,-5.28396408
2043,2015-01-15T04:03:00,2043,2044,2049,1,-3.719153459,-2.135983896,5,5,-1.821155246,0,-2.135983896,-0.06943860492,1.756379964,-0.07743911548,1.509940582,0.03153690366,1.173169175,-0.01579466727,0.883158014,0.05369386585,0.8805066674,0.002625201315,1.022092457,-2.104308045
2044,2015-01-15T04:04:00,2044,2045,2050,1,-3.144803232,-1.355367384,5,5,-1.781936684,0,-1.355367384,-0.6234694982,1.746983179,-0.160013496,1.56063209,-0.08697965049,1.190239214,-0.05795047258,0.9072798951,0.02124490001,0.8826197938,-0.008525347788,1.029552816,-0.711917975
2045,2015-01-15T04:05:00,2045,2046,2051,1,-2.044327728,-1.7926128,5,5,-1.338830176,0,-1.7926128,-0.6569732037,1.779453871,-0.2796764523,1.649666325,-0.1734307149,1.255842436,-0.1018132451,0.9505035668,-0.01389672517,0.8978940077,-0.01208764056,1.035001369,-0.7269249983
2046,2015-01-15T05:00:00,2046,2047,2052,1,-2.995536046,1.043672139,5,5,-1.52496058,0,1.043672139,-0.9387058145,1.476995872,-0.1439960095,1.679440072,-0.1600262418,1.265514273,-0.06735143824,0.9632684156,-0.004756693246,0.9047700413,0.008316872475,1.031434816,-1.614845414
2047,2015-01-15T05:01:00,2047,2048,2053,1,-2.729331558,0.03702268562,5,5,-0.464623214,0,0.03702268562,-0.840653851,1.463115225,-0.01580657061,1.632692704,-0.1589566839,1.265536524,-0.05645650939,0.9612204641,-0.02066111787,0.8928578391,0.009031116727,1.031430777,-2.432885257
2048,2015-01-15T05:02:00,2048,2049,2054,1,-2.733254109,-1.807619823,5,5,-0.4901474337,0,-1.807619823,-0.7749810365,1.371757489,-0.4222098207,1.575847262,-0.2191102057,1.321621416,-0.09193739226,1.000930044,-0.04860645054,0.9141930136,-0.00745934472,1.044430074,-1.31740273
2049,2015-01-15T05:03:00,2049,2050,2055,1,-1.471218854,0.1557517234,5,5,-0.3514265028,0,0.1557517234,-0.472757215,1.232544595,-0.5481133566,1.511806272,-0.2638698547,1.301027232,-0.09864626258,0.9989848643,-0.05002905811,0.9138620322,-0.01032394072,1.043531091,-1.380690632
2050,2015-01-15T05:04:00,2050,2051,2056,1,-0.612645783,-0.7810171574,5,5,0.0463988469,0,-0.7810171574,-0.2704380865,0.9992355117,-0.4637056451,1.443074442,-0.2858666231,1.310478694,-0.1173804807,1.006576084,-0.05305092338,0.916042323,-0.02096455326,1.044983935,-0.2964463007
2051,2015-01-15T05:05:00,2051,2052,2057,1,0.9397806692,-0.692137296,5,5,0.8960585684,0,-0.692137296,-0.6175999735,0.9361795277,-0.778152894,1.236517067,-0.2869712852,1.311052691,-0.1459480961,1.009998263,-0.06493955589,0.9188490098,-0.02624849241,1.046878907,-1.415851379
2052,2015-01-15T06:00:00,2052,2053,2058,1,1.758605603,0.09246382126,5,5,1.844858662,0,0.09246382126,-0.6065117464,0.9369460411,-0.7235827987,1.228530432,-0.252143693,1.304239441,-0.1568900678,1.006620062,-0.07823640053,0.9097692359,-0.03297341172,1.043688113,-0.09052822233
2053,2015-01-15T06:01:00,2053,2054,2059,1,2.799536887,0.303227174,5,5,1.637297427,0,0.303227174,-0.1843423469,0.4927061423,-0.4796616917,1.030649783,-0.2785504036,1.292702505,-0.1472020028,1.007673049,-0.07039281367,0.9096785649,-0.03676371298,1.041759217,-0.3161994823
2054,2015-01-15T06:02:00,2054,2055,2060,1,5.190334631,-1.811542374,5,5,1.540578129,0,-1.811542374,-0.5778011665,0.9456451647,-0.5252791907,1.098501469,-0.3426463433,1.349495832,-0.1782176585,1.043694633,-0.09564852629,0.9316601296,-0.04727248957,1.053605395,2.355632048
2055,2015-01-15T06:03:00,2055,2056,2061,1,4.3814876,1.417786978,5,5,1.70127517,0,1.417786978,-0.1380403394,1.083637947,-0.2042392129,1.04229142,-0.2419578326,1.379813464,-0.1300584249,1.064464694,-0.06040750177,0.9319682096,-0.02955331297,1.059552763,1.849133826
2056,2015-01-15T06:04:00,2056,2057,2062,1,4.367707902,0.07755591405,5,5,1.350228196,0,0.07755591405,0.0158983026,1.039068514,-0.3008508355,0.9889629632,-0.2224234225,1.378144894,-0.1278745143,1.064534197,-0.05295338127,0.9302020495,-0.04056782196,1.051848491,3.11573637
2057,2015-01-15T06:05:00,2057,2058,2063,1,5.054303557,0.8602891562,5,5,1.142881597,0,0.8602891562,0.1694633696,1.107236629,-0.2185241884,1.025631717,-0.1171653795,1.363379236,-0.124673202,1.066926065,-0.06238792252,0.9175631534,-0.02079445763,1.045700032,2.834702582
2058,2015-01-15T07:00:00,2058,2059,2064,1,4.58696083,0.9112887554,5,5,0.6516908067,0,0.9112887554,0.2910756859,1.172037989,0.05336666946,0.899008451,-0.1844215756,1.282869983,-0.08766749997,1.072846732,-0.05166622434,0.9231830162,-0.01704053669,1.048159978,2.532353774
2059,2015-01-15T07:01:00,2059,2060,2065,1,4.217510531,1.344158458,5,5,0.5662813261,0,1.344158458,0.9222158523,1.038599193,0.1722073429,0.9932102149,-0.1879530068,1.279066991,-0.04498651346,1.092187467,-0.05195585145,0.9227575853,-0.003700626671,1.055057752,1.251971532
2060,2015-01-15T07:02:00,2060,2061,2066,1,3.548570709,0.5792553691,5,5,0.7823652956,0,0.5792553691,0.7545095305,0.8624219722,0.3082345956,0.979296395,-0.07773552475,1.233183943,-0.01711950102,1.092746485,-0.02039642208,0.8990904807,0.01123467269,1.050562699,2.219600974
2061,2015-01-15T07:03:00,2061,2062,2067,1,3.003764584,0.6089399468,5,5,0.09567768044,0,0.6089399468,0.8607863371,0.9037312908,0.4383423198,0.9737539789,-0.1699052871,1.112917622,-0.0161840436,1.093251642,-0.002419074598,0.8968852439,0.0174742545,1.051954923,2.054607057
2062,2015-01-15T07:04:00,2062,2063,2068,1,1.225695806,0.06377621657,5,5,0.4046039464,0,0.06377621657,0.7014837492,0.8182446093,0.4354735594,0.9735238037,-0.1440546197,1.108385226,-0.01595945201,1.093263821,-0.01649830077,0.8869889134,0.02188180644,1.051113778,2.965538998
2063,2015-01-15T07:05:00,2063,2064,2069,1,0.5298017097,1.546884811,5,5,0.4745866725,0,1.546884811,0.8286029602,0.9909618181,0.559839323,1.085282998,0.04008881566,1.058318988,0.03581285966,1.117220881,-0.01612345934,0.8876360543,0.04027024727,1.05884541,1.328969735
2064,2015-01-15T08:00:00,2064,2065,2070,1,-1.010051248,0.4439460294,5,5,0.2882636643,0,0.4439460294,0.6485604745,0.8124472588,0.7853881634,0.9324051783,0.1300544863,1.018843681,0.02153741792,1.107860964,-0.007215118543,0.8885148998,0.04810056514,1.058654058,0.9491575276
2065,2015-01-15T08:01:00,2065,2066,2071,1,-2.711453385,0.974708158,5,5,-0.1447113739,0,0.974708158,0.7276510323,0.8848584014,0.7410802814,0.8737122091,0.2684205342,0.9617027681,0.04749490967,1.118483893,0.02552382933,0.8760898753,0.04966899434,1.059957895,-1.739843192
2066,2015-01-15T08:02:00,2066,2067,2072,1,-1.26843007,-0.08968445275,5,5,0.3912284151,0,-0.08968445275,0.5879261524,0.8428650419,0.7243562447,0.8738282797,0.2117527046,0.9331729757,0.0258632314,1.111831412,0.01520770024,0.8722786601,0.0459755789,1.059498119,-0.7991680249
2067,2015-01-15T08:03:00,2067,2068,2073,1,-0.8938637491,0.0641338224,5,5,0.07351340196,0,0.0641338224,0.5879976735,0.8428704688,0.6447407114,0.830648803,0.2131082615,0.9332464444,0.02707578877,1.111874907,0.008219745659,0.8695212543,0.04853517974,1.059282017,-1.959208775
2068,2015-01-15T08:04:00,2068,2069,2074,1,1.25949599,-1.714292562,5,5,0.6713157554,0,-1.714292562,-0.06423780091,0.9053286149,0.3821825797,0.9491114861,0.2177746246,0.9243994829,-0.0006677905761,1.140437979,-0.01593227298,0.890061157,0.03982801775,1.069034086,-0.9716101933
2069,2015-01-15T08:05:00,2069,2070,2075,1,1.494343771,0.8509907143,5,5,0.1059323628,0,0.8509907143,0.01717113607,0.9617896468,0.3328658053,0.8902555456,0.2525365741,0.943138767,-0.005666640315,1.136261984,0.001593137385,0.8930092863,0.05334596423,1.069538679,-0.4692620452
2070,2015-01-15T09:00:00,2070,2071,2076,1,1.678120297,-1.095906928,5,5,-0.06857734959,0,-1.095906928,-0.3969518812,0.9875376069,0.1653495756,0.9376046383,0.2367920856,0.9586771842,-0.02453726875,1.148132473,-0.01557828446,0.9008404562,0.03169421901,1.065417201,1.065345026
2071,2015-01-15T09:01:00,2071,2072,2077,1,0.9152761212,-0.7266939794,5,5,-0.08792809026,0,-0.7266939794,-0.5243537865,1.038864136,0.03178618295,0.9459545898,0.2350642514,0.9599549201,-0.02595351692,1.148993605,-0.03343773975,0.9010845872,0.03783773482,1.059082512,2.231106184
2072,2015-01-15T09:02:00,2072,2073,2078,1,-0.4358834781,1.353338862,5,5,0.8424985107,0,1.353338862,-0.2665127785,1.20196559,0.1607424475,1.038063559,0.2981080034,1.006311222,0.02298215521,1.164839644,-0.02754412654,0.9083648886,0.02832888477,1.041666063,1.963605816
2073,2015-01-15T09:03:00,2073,2074,2079,1,-0.9977567118,0.4387001434,5,5,0.4669644355,0,0.4387001434,0.1640857625,0.9462838076,0.04992398079,0.9260326521,0.3048816519,1.008805149,0.01316562416,1.159475657,-0.0071942342,0.8999179533,0.0178819275,1.030924514,0.6127752711
2074,2015-01-15T09:04:00,2074,2075,2080,1,-1.273158434,0.439067178,5,5,0.4134959251,0,0.439067178,0.08170105523,0.8883535348,0.04943609565,0.9258000128,0.4174121295,0.9291084652,0.03738289309,1.158529572,-0.0008598438097,0.9012240611,0.02701668129,1.02995808,-1.315830062
2075,2015-01-15T09:05:00,2075,2076,2081,1,-4.030764219,1.085838495,5,5,0.01766497003,0,1.085838495,0.5180501398,0.8858773341,0.06054912932,0.9380855974,0.4008147054,0.9064705214,0.07942843638,1.167384684,0.01698554432,0.9085607283,0.0196454647,1.018962985,-2.399489294
2076,2015-01-15T10:00:00,2076,2077,2082,1,-2.427463554,-0.9121304016,5,5,-0.2464641026,0,-0.9121304016,0.4809628554,0.9195423846,-0.02169546556,0.9810190849,0.3513303896,0.9289710187,0.06445348354,1.175217108,0.005142985243,0.9142575222,0.03464655552,0.9919252676,-1.610531983
2077,2015-01-15T10:01:00,2077,2078,2083,1,-1.316047796,-1.489538156,5,5,0.1207069281,0,-1.489538156,-0.08761254823,0.9607277269,-0.1770626634,1.088053088,0.233839024,0.9679454933,0.05833682224,1.182311596,-0.01094240478,0.9290248863,0.001851655026,0.9759885183,0.04267162819
2078,2015-01-15T10:02:00,2078,2079,2084,1,-2.290666102,0.002179262994,5,5,-0.7492448086,0,0.002179262994,-0.1749167243,0.9404824038,-0.005415480906,0.9433875652,0.1883835494,0.9462538537,0.001980986874,1.127198241,-0.0007587901185,0.9245729524,-0.01114701032,0.9655159744,-1.631274924
2079,2015-01-15T10:03:00,2079,2080,2085,1,-2.566106143,-0.1231730903,5,5,0.1251240299,0,-0.1231730903,-0.287364778,0.9214040788,-0.1028318614,0.9050296899,0.115016972,0.8976730129,-0.03646801744,1.104950045,-0.009984219068,0.9221166469,0.008274001897,0.939242098,-0.816931571
2080,2015-01-15T10:04:00,2080,2081,2086,1,-2.544599861,0.1636654555,5,5,0.1898433818,0,0.1636654555,-0.4717993858,0.7864691383,0.023125377,0.8376491976,0.09423747628,0.8890327992,0.008250975766,1.074970222,-0.01353047336,0.9209409526,0.01664997979,0.9362150365,-1.358719424
2081,2015-01-15T10:05:00,2081,2082,2087,1,-0.9076014701,-1.67176729,5,5,0.05134209092,0,-1.67176729,-0.6237267634,1.005533941,-0.07138195403,0.9634979768,-0.01979788554,0.9547665781,-0.09485158632,1.036861816,-0.02857175401,0.9382558661,-0.004040736422,0.9456775514,-0.6593911775
2082,2015-01-15T11:00:00,2082,2083,2088,1,-2.041566861,0.6911702631,5,5,0.4120880415,0,0.6911702631,-0.1875850797,0.8141848616,-0.1375988139,0.8904759272,0.01157181679,0.9670892746,-0.06624140144,1.040139287,-0.008782396946,0.9361357852,0.02142463981,0.9228703085,-1.749174572
2083,2015-01-15T11:01:00,2083,2084,2089,1,-2.068686527,-0.3781223974,5,5,0.7529105452,0,-0.3781223974,-0.2636454118,0.8315595881,-0.219281068,0.8876932185,-0.08467854362,0.9070655221,-0.02229486398,0.9855980271,-0.01904476562,0.9357808367,0.02836428924,0.9168764827,-1.185880437
2084,2015-01-15T11:02:00,2084,2085,2090,1,-1.962708388,-0.9724390432,5,5,1.207085659,0,-0.9724390432,-0.4334986023,0.9367948361,-0.3604316901,0.9291313259,-0.1554977972,0.9274671651,-0.01272165545,0.9742273321,-0.03533606402,0.941348953,0.009922714856,0.9141761857,-0.2482102926
2085,2015-01-15T11:03:00,2085,2086,2091,1,-1.006011346,-0.3986131315,5,5,0.7434075899,0,-0.3986131315,-0.5459543197,0.9507921826,-0.5088768528,0.8725077306,-0.2241638617,0.9058902605,0.02212833626,0.9342134066,-0.03984245444,0.9423936862,-0.001888371363,0.9101615218,-0.2923922891
2086,2015-01-15T11:04:00,2086,2087,2092,1,-0.4875320505,0.1851717378,5,5,0.3276539511,0,0.1851717378,-0.1745665143,0.5932135491,-0.3991466388,0.8255303812,-0.2104210522,0.9066142662,0.0006658262174,0.9199894646,-0.03334280601,0.9418775546,-0.002949186758,0.909871469,-0.8828060898
2087,2015-01-15T11:05:00,2087,2088,2093,1,-0.1501920023,-0.03476889888,5,5,0.1771416745,0,-0.03476889888,-0.3197543467,0.5065578185,-0.2536697132,0.6780478642,-0.2153661883,0.906534177,-0.001128963395,0.9199872662,-0.02879273639,0.9408297802,-0.01415039971,0.9019916503,-1.714498095
2088,2015-01-15T12:00:00,2088,2089,2094,1,-1.160962088,-0.442795128,5,5,0.005035973787,0,-0.442795128,-0.3326888928,0.5169323158,-0.2981671523,0.6923548106,-0.1517913166,0.8274464581,0.03299165399,0.8772633712,-0.02947286913,0.9411301652,-0.02140708237,0.9020511358,-0.7136190572
2089,2015-01-15T12:01:00,2089,2090,2095,1,-0.4904542144,-0.4052420629,5,5,0.4441602223,0,-0.4052420629,-0.2192494967,0.3330701224,-0.3263740495,0.7030363687,-0.2146029554,0.8103514285,0.01896680933,0.8792554155,-0.03983972662,0.9410262602,-0.02703043563,0.9024739541,0.3952740393
2090,2015-01-15T12:02:00,2090,2091,2096,1,-0.6469786678,-0.8664609046,5,5,0.1489545059,0,-0.8664609046,-0.3128190513,0.4788612749,-0.4293866855,0.7527661971,-0.2031306543,0.7963394772,0.01683071565,0.8812543635,-0.05027488254,0.9459927766,-0.0297570437,0.9045949975,1.564306093
2091,2015-01-15T12:03:00,2091,2092,2097,1,-2.023402079,0.5580839103,5,5,0.3158235893,0,0.5580839103,-0.2382366168,0.533612159,-0.2064015655,0.5642004303,-0.1388917598,0.7895094923,0.04808624581,0.8788739065,-0.04893092512,0.9467089931,-0.02726428866,0.9057200357,-0.4473430313
2092,2015-01-15T12:04:00,2092,2093,2098,1,-2.003406181,0.7036510336,5,5,0.09134292371,0,0.7036510336,-0.09055263032,0.6192940468,-0.2051534885,0.5657410803,-0.1713761512,0.7459927436,0.06336592612,0.8857673081,-0.04676207082,0.948121214,-0.03103562498,0.9018395735,-0.8857282537
2093,2015-01-15T12:05:00,2093,2094,2099,1,-2.537030803,0.3025711493,5,5,0.3820868839,0,0.3025711493,0.05852062514,0.602180597,-0.1370841338,0.5611775524,-0.1781826009,0.7426033583,0.0633495255,0.8857616997,-0.04192623866,0.9486777015,-0.02581203395,0.9017767594,-2.211284761
2094,2015-01-15T13:00:00,2094,2095,2100,1,-0.9291192957,-1.453565214,5,5,0.2633732658,0,-1.453565214,-0.1511440051,0.8673797391,-0.1851967509,0.6569944133,-0.2728142205,0.8046510672,0.0722989545,0.8691104303,-0.05295935198,0.9603779014,-0.03966603269,0.9112873923,-1.576059048
2095,2015-01-15T13:01:00,2095,2096,2101,1,-1.631096136,0.2652658112,5,5,0.4240636693,0,0.2652658112,0.07520133803,0.7850285996,-0.1188088566,0.6502222784,-0.3138428547,0.7694344518,0.04348592533,0.8407491248,-0.0432862498,0.9591517543,-0.0257763594,0.9025867601,-1.117677927
2096,2015-01-15T13:02:00,2096,2097,2102,1,-0.5899066986,-1.022985358,5,5,0.9231833818,0,-1.022985358,-0.2410125156,0.873657931,-0.2396245662,0.7238853904,-0.3193856025,0.7763731283,0.01597239353,0.8560789648,-0.05595106037,0.965946233,-0.029978123,0.9061682883,-0.3257460418
2097,2015-01-15T13:03:00,2097,2098,2103,1,1.070489307,-0.8183395011,5,5,0.8204637548,0,-0.8183395011,-0.5454106225,0.893414312,-0.3179816264,0.7686723129,-0.2858256698,0.7247779076,-0.0259933229,0.8550501428,-0.07533326247,0.9668096957,-0.05025638931,0.8972095681,0.6469397522
2098,2015-01-15T13:04:00,2098,2099,2104,1,-0.2879283585,0.7236469317,5,5,0.714112973,0,0.7236469317,-0.4611954661,0.9405382763,-0.2013374205,0.7896941562,-0.2497522864,0.7426210487,-0.03068436849,0.8505534603,-0.05917593423,0.9681015697,-0.04467227239,0.8996249129,-0.5134182089
2099,2015-01-15T13:05:00,2099,2100,2105,1,-0.5347802758,-0.2310534724,5,5,1.422747433,0,-0.2310534724,-0.2166931177,0.6875456524,-0.1839185614,0.7826450779,-0.2551463055,0.7439063966,-0.07006466675,0.8243826675,-0.05752559011,0.9675950201,-0.05799212322,0.8911733661,-0.2641606568
2100,2015-01-15T14:00:00,2100,2101,2106,1,0.03280851814,0.1543462929,5,5,0.459018691,0,0.1543462929,-0.2388770214,0.6807425282,-0.08183784167,0.7347381479,-0.2556122636,0.7438067939,-0.08068739366,0.8196425638,-0.04890344734,0.96589565,-0.0404934126,0.8734111894,0.4235495545
2101,2015-01-15T14:01:00,2101,2102,2107,1,0.4578846848,-0.4367110294,5,5,1.20012348,0,-0.4367110294,-0.1216221557,0.5406051108,-0.1813173356,0.726475074,-0.1938594506,0.6504183879,-0.1068286681,0.8168914548,-0.06150635583,0.9650157516,-0.03722227242,0.8710372993,0.2254898504
2102,2015-01-15T14:02:00,2102,2103,2108,1,0.09355433555,0.01820407974,5,5,1.502129257,0,0.01820407974,0.0456865605,0.3979751949,-0.249862031,0.6915827458,-0.2275077598,0.6318028428,-0.1079679715,0.8168342846,-0.06196371174,0.9649984536,-0.04698819101,0.8642370264,-0.270619619
2103,2015-01-15T14:03:00,2103,2104,2109,1,-0.3316351858,0.8420565042,5,5,1.717812962,0,0.8420565042,0.069368475,0.4421121019,-0.1959134955,0.7348725603,-0.1664988147,0.6538187536,-0.1255886791,0.7906474638,-0.04488790974,0.9678083253,-0.05261186594,0.8565276687,-0.3907410363
2104,2015-01-15T14:04:00,2104,2105,2110,1,-0.03085633134,-0.6347707335,5,5,2.160195579,0,-0.6347707335,-0.01137497722,0.5151434228,-0.1140340475,0.6074914692,-0.1496153992,0.6327272494,-0.1525565982,0.7938951802,-0.06550959015,0.9637493122,-0.05566227843,0.8581349955,0.2323948344
2105,2015-01-15T14:05:00,2105,2106,2111,1,0.4934262231,-0.4779053897,5,5,1.620449469,0,-0.4779053897,-0.1378253137,0.5534319314,-0.1883511676,0.620361706,-0.1535800121,0.6354674097,-0.1888719369,0.7824499961,-0.07068851362,0.9652031433,-0.04594142608,0.8460289467,0.3641739546
2106,2015-01-15T15:00:00,2106,2107,2112,1,-0.09347297696,0.7219350869,5,5,1.484280338,0,0.7219350869,0.09390390951,0.6102308186,-0.01385912307,0.5764700937,-0.1267418446,0.654342352,-0.1685814484,0.7906052559,-0.07135910851,0.9646827872,-0.04605534932,0.8459308073,0.0591058505
2107,2015-01-15T15:01:00,2107,2108,2113,1,-0.582015353,-0.01163486275,5,5,2.267840913,0,-0.01163486275,0.08793612102,0.6101986958,0.06681134076,0.5151343048,-0.1255851428,0.654301336,-0.1704756655,0.790542362,-0.07169993839,0.9646820812,-0.05134539141,0.8440165183,-0.2632511658
2108,2015-01-15T15:02:00,2108,2109,2114,1,-0.02022678293,-0.3461262695,5,5,2.189810069,0,-0.3461262695,-0.1497004337,0.5044713034,-0.04016597936,0.4743176186,-0.1207516999,0.6513808654,-0.1362715082,0.7446357072,-0.06846964941,0.9630890721,-0.0560453514,0.8443735474,0.1292522685
2109,2015-01-15T15:03:00,2109,2110,2115,1,-0.5374161347,0.4168669828,5,5,1.692012259,0,0.4168669828,0.06062710953,0.456793318,0.02462606616,0.4868433431,-0.07964624763,0.651747558,-0.1471246015,0.7353381253,-0.07639562093,0.95703016,-0.04797944226,0.8437324476,-0.1525788275
2110,2015-01-15T15:04:00,2110,2111,2116,1,0.05717594633,-0.333991879,5,5,1.592162358,0,-0.333991879,0.08940981167,0.4304550361,-0.02420775104,0.4957713389,-0.05302279635,0.6267492985,-0.1280767253,0.7165791115,-0.07630699703,0.9569989025,-0.05307776474,0.8439021819,-0.3187641873
2111,2015-01-15T15:05:00,2111,2112,2117,1,-0.6474761327,0.04637716474,5,5,1.62185988,0,0.04637716474,-0.04570177275,0.2854534156,0.02410106838,0.4763744874,-0.07860813363,0.614287671,-0.1087499467,0.7073452414,-0.06735173181,0.9540764105,-0.05854180873,0.841475719,-0.1494790514
2112,2015-01-15T16:00:00,2112,2113,2118,1,-1.083882344,0.1350358868,5,5,1.231042817,0,0.1350358868,-0.01636762284,0.2917250703,0.03578424909,0.4782499163,-0.107038891,0.5945627287,-0.1392075211,0.6745405888,-0.05811268294,0.9518026063,-0.06476525806,0.8377068993,-0.3848373073
2113,2015-01-15T16:01:00,2113,2114,2119,1,-0.8013331757,-0.5001772388,5,5,1.471149323,0,-0.5001772388,-0.0471778167,0.3334340891,-0.09843912521,0.4275918543,-0.1471763104,0.6011956727,-0.1626794556,0.6756093489,-0.07475691574,0.9489024689,-0.05902264135,0.8318959546,0.3759401336
2114,2015-01-15T16:02:00,2114,2115,2120,1,-1.001150565,0.2156623006,5,5,1.302117556,0,0.2156623006,-0.08741875314,0.2927878431,-0.0133958218,0.3836566541,-0.06371493464,0.5080542852,-0.1682645776,0.6728976507,-0.06544084225,0.9473600208,-0.05666142173,0.8321059358,-0.4979970812
2115,2015-01-15T16:03:00,2115,2116,2121,1,-0.7039895608,-0.100322369,5,5,1.505811673,0,-0.100322369,-0.04068485114,0.2557880404,0.02436248026,0.3540614775,-0.08199434365,0.5050782989,-0.1979185992,0.6508200457,-0.0592450814,0.945080349,-0.05464917018,0.8315711887,-0.6990450365
2116,2015-01-15T16:04:00,2116,2117,2122,1,-0.8285506121,0.260600202,5,5,1.690004535,0,0.260600202,0.002159756318,0.2803209703,-0.02177100822,0.2828988325,-0.01781506565,0.4540647081,-0.1686003341,0.6359756259,-0.05207342527,0.9448810105,-0.05277145453,0.831905169,-1.177273309
2117,2015-01-15T16:05:00,2117,2118,2123,1,0.9075203122,-0.6582749142,5,5,1.217266971,0,-0.6582749142,-0.1565024039,0.4019926377,-0.08643501337,0.3512133236,-0.009811836305,0.4408594735,-0.1478187531,0.5998583544,-0.0447409654,0.9374675343,-0.0565678542,0.8338674004,-0.5031534836
2118,2015-01-15T17:00:00,2118,2119,2124,1,1.225029047,-0.3013703243,5,5,0.7888674362,0,-0.3013703243,-0.116741021,0.3601769582,-0.08195941884,0.3470632024,-0.0610626991,0.4155899841,-0.1554074927,0.6017478944,-0.07671325293,0.9035143616,-0.05230835766,0.8310176126,-0.00494452435
2119,2015-01-15T17:01:00,2119,2120,2125,1,1.902036755,-0.2176280708,5,5,0.5018882548,0,-0.2176280708,-0.2033990953,0.3604133614,-0.1454089242,0.3283462442,-0.06039142902,0.4152274659,-0.1577688672,0.602416208,-0.09711844234,0.8898932212,-0.05924576846,0.8293578859,0.3487226972
2120,2015-01-15T17:02:00,2120,2121,2126,1,1.581150561,0.01584491144,5,5,1.604406073,0,0.01584491144,-0.1801656392,0.3576801473,-0.1104252452,0.3109361746,-0.06731649809,0.4138058271,-0.1614643808,0.6018653542,-0.07660670254,0.871149494,-0.06284177586,0.828353061,1.410673796
2121,2015-01-15T17:03:00,2121,2122,2127,1,1.627597859,0.196838635,5,5,1.354909536,0,0.196838635,-0.1929179526,0.3494305143,-0.09537909813,0.3167661051,-0.03563901487,0.4045203441,-0.1147492327,0.5416090786,-0.1048004095,0.8271707262,-0.05729758025,0.8274435599,1.229973572
2122,2015-01-15T17:04:00,2122,2123,2128,1,2.122756719,0.1360391508,5,5,1.761174094,0,0.1360391508,-0.03405513957,0.1978328636,-0.09527877173,0.3168090298,-0.02974726132,0.405642049,-0.1286275105,0.5309050311,-0.09743445599,0.8257571948,-0.04873076814,0.8235210114,1.553314058
2123,2015-01-15T17:05:00,2123,2124,2129,1,0.7834917863,1.07779601,5,5,1.643863646,0,1.07779601,0.2417781273,0.5032910443,0.06251855315,0.4376238776,-0.01796028603,0.4326369449,-0.09222955035,0.5543706741,-0.05726220717,0.7996031251,-0.04343969387,0.8283916934,0.1704767649
2124,2015-01-15T18:00:00,2124,2125,2130,1,0.3000170715,0.01613841075,5,5,2.048739887,0,0.01613841075,0.2885314236,0.4938436691,0.04256616417,0.432307391,0.01458517118,0.4087065625,-0.067515114,0.5326278374,-0.04011838473,0.7851150578,-0.04606241401,0.8278421983,0.3976242873
2125,2015-01-15T18:01:00,2125,2126,2131,1,1.119413645,0.459379637,5,5,1.870628498,0,0.459379637,0.3772383687,0.5348245389,0.09853636477,0.454957347,0.06144942252,0.4076430531,-0.04606529479,0.5338500199,-0.01196847927,0.7608385285,-0.04191673456,0.8288963673,0.5694426611
2126,2015-01-15T18:02:00,2126,2127,2132,1,1.164758891,-0.3050412828,5,5,1.679259942,0,-0.3050412828,0.2768623851,0.5448836891,0.04197221629,0.4577116554,0.01010060403,0.3804810829,-0.0583206203,0.5352241437,-0.02882739704,0.7526106228,-0.04166874411,0.8288006474,0.6130150213
2127,2015-01-15T18:03:00,2127,2128,2133,1,-0.463328221,0.2432859331,5,5,1.802368632,0,0.2432859331,0.2983117416,0.5522992971,0.132128301,0.4148327105,0.02284664383,0.3843416296,-0.0513692495,0.5365765214,-0.02624910645,0.7530906098,-0.03631824076,0.8282986003,-0.09760721584
2128,2015-01-15T18:04:00,2128,2129,2134,1,1.74519789,0.6311980108,5,5,1.557687208,0,0.6311980108,0.2089921418,0.3903688659,0.2253851345,0.4503830185,0.07171285784,0.4020557983,-0.02451942104,0.5412697556,0.004236116476,0.7288909283,-0.02782171977,0.8295430316,0.5499709838
2129,2015-01-15T18:05:00,2129,2130,2135,1,0.7118276507,-0.2614689226,5,5,0.8750673941,0,-0.2614689226,0.1534706751,0.4074419729,0.2210010493,0.4527088086,0.03779606258,0.3954469127,-0.02092509253,0.5390515468,-0.0009791415982,0.7292690367,-0.03353484859,0.8289827933,0.5517438701
2130,2015-01-15T19:00:00,2130,2131,2136,1,1.511991492,-0.467336304,5,5,1.249169134,0,-0.467336304,-0.0318725131,0.4092476944,0.1726829278,0.4761937435,0.03112884132,0.4021453631,-0.01094697751,0.5265622357,0.002941869069,0.7259053111,-0.03716558087,0.8300747868,-0.3657210051
2131,2015-01-15T19:01:00,2131,2132,2137,1,-1.172920037,1.27877621,5,5,1.517293631,0,1.27877621,0.2848909855,0.6898748856,0.2808766853,0.6216211034,0.09274879361,0.4933323229,0.007070329988,0.5571023799,0.0275782879,0.7357929075,-0.03026384009,0.8372333202,1.195226906
2132,2015-01-15T19:02:00,2132,2133,2138,1,1.758322016,-0.2596960363,5,5,1.277063399,0,-0.2596960363,0.1842945916,0.6910702967,0.2413031666,0.6255448299,0.07301219745,0.4958196727,-0.01701334676,0.5474221343,0.02317628968,0.7362929842,-0.03684582947,0.8361695733,0.1600837807
2133,2015-01-15T19:03:00,2133,2134,2139,1,2.761398512,-1.384801179,5,5,0.9344408082,0,-1.384801179,-0.2189052463,0.8839857637,-0.004956552288,0.6833076474,0.02878100043,0.5737699884,-0.05919765497,0.5876428492,0.002075935264,0.7516308625,-0.04768337743,0.8456364232,1.877712497
2134,2015-01-15T19:04:00,2134,2135,2140,1,1.740917379,2.839724122,5,5,1.000081171,0,2.839724122,0.4013333625,1.542907725,0.2774020188,1.12840002,0.1599840915,0.8544519545,0.04813457843,0.7029250669,0.06021676647,0.7903975549,-0.01926137518,0.8829411224,-2.368146943
2135,2015-01-15T19:05:00,2135,2136,2141,1,1.518992329,-1.294839162,5,5,1.553681001,0,-1.294839162,0.2358327909,1.634688134,0.1019801389,1.191572275,0.1002582518,0.9018954133,0.009131954101,0.7309307165,0.02630893972,0.7877559277,-0.02581351517,0.889607383,1.598238235
2136,2015-01-15T20:00:00,2136,2137,2142,1,4.584377538,0.3328275375,5,5,1.657015001,0,0.3328275375,0.04664305637,1.538605346,0.165767021,1.192315765,0.1038696186,0.9030827325,0.04302727649,0.71474932,0.02949983501,0.7885866422,-0.02295828142,0.8901256167,0.8836860147
2137,2015-01-15T20:01:00,2137,2138,2143,1,2.817510188,-1.406135319,5,5,0.9355372331,0,-1.406135319,-0.1826448001,1.658089657,0.0008248957629,1.270204603,0.06647659839,0.94485605,0.02833238104,0.7372618363,0.001169529072,0.7983313103,-0.04077804796,0.8968457672,4.109064323
2138,2015-01-15T20:02:00,2138,2139,2144,1,-0.2398177923,2.671546017,5,5,0.8166069399,0,2.671546017,0.6286246391,1.947603161,0.2048596964,1.512380393,0.2151224154,1.115826894,0.07702985817,0.8419574492,0.02317274484,0.8462663691,-0.01377400343,0.9279607831,-0.0792459065
2139,2015-01-15T20:03:00,2139,2140,2145,1,1.868805967,-0.3817246833,5,5,0.2873201767,0,-0.3817246833,-0.01566512196,1.486436747,0.1928341203,1.514935387,0.2069175848,1.118028285,0.0732630779,0.84332707,0.001599205573,0.8339086669,-0.01392936744,0.9280231306,3.700691524
2140,2015-01-15T20:04:00,2140,2141,2146,1,-0.2447870749,1.819242989,5,5,0.2517167837,0,1.819242989,0.6071513083,1.592514214,0.4214920496,1.613738953,0.2970874887,1.189729778,0.1148854953,0.8906997832,0.01709905082,0.8559088842,0.005692866876,0.9414979053,-1.291554134
2141,2015-01-15T20:05:00,2141,2142,2147,1,-0.6754254681,-1.516764212,5,5,0.2665363498,0,-1.516764212,0.2372329583,1.72454673,0.1419380073,1.634222726,0.2114073463,1.236344756,0.08788416573,0.919832883,-0.009472251166,0.8698862517,-0.01170951531,0.9501935477,-0.1605718858
2142,2015-01-15T21:00:00,2142,2143,2148,1,-1.161302672,3.398212747,5,5,0.2215236035,0,3.398212747,1.198102571,2.210924714,0.5077288857,1.954155751,0.3745160261,1.450867161,0.1723843824,1.065260764,0.03220820546,0.949209867,0.01615231964,0.9995373139,-1.831885556
2143,2015-01-15T21:01:00,2143,2144,2149,1,2.169132049,-3.173002669,5,5,0.4863876922,0,-3.173002669,0.02919283434,2.339731962,0.3289087367,2.152615122,0.1619760922,1.596975455,0.07200790309,1.169937034,-0.02679038803,0.9984678453,-0.0059226388,1.039560576,1.046767059
2144,2015-01-15T21:02:00,2144,2145,2150,1,0.9727321948,-0.385781964,5,5,0.8591197876,0,-0.385781964,0.02838137819,2.33986505,0.006358128117,1.960161046,0.1418800735,1.599299524,0.07823262233,1.167218921,-0.03716198795,0.9981657096,-0.01759551932,1.036022117,-0.5148535823
2145,2015-01-15T21:03:00,2145,2146,2151,1,-0.3980189793,1.726899076,5,5,1.007264933,0,1.726899076,0.009912595638,2.325827923,0.308531952,1.993185522,0.2052560454,1.642046438,0.133352734,1.196346389,-0.02775960147,1.010809744,-0.002674764421,1.04793112,0.6705828845
2146,2015-01-15T21:04:00,2146,2147,2152,1,-1.437548243,-0.2943500531,5,5,0.8240678672,0,-0.2943500531,0.2543954275,2.228607005,0.2458141929,1.992580062,0.2057906069,1.64194887,0.1079456055,1.191797371,-0.03031792147,1.011295616,-0.01159087052,1.045881882,1.122364989
2147,2015-01-15T21:05:00,2147,2148,2153,1,2.279767071,-1.947402606,5,5,0.8291678255,0,-1.947402606,-0.814727643,1.84813273,0.1916874642,2.037619037,0.09625617999,1.697838489,0.05955141191,1.230929329,-0.05546212682,1.034442903,-0.02794948829,1.060881716,1.487585777
2148,2015-01-15T22:00:00,2148,2149,2154,1,0.4307861202,2.912335543,5,5,0.7917611414,0,2.912335543,0.4023399994,1.760211653,0.2157664169,2.070349091,0.2103130566,1.812958881,0.1410129572,1.313101057,0.002370724489,1.067407308,0.001357886134,1.092293536,-1.068601864
2149,2015-01-15T22:01:00,2149,2150,2155,1,-0.4135829558,0.1574320516,5,5,0.7546785082,0,0.1574320516,0.5109828025,1.753150447,0.2696820904,2.067426533,0.2312581053,1.812357815,0.1345270839,1.311681956,-0.006298758794,1.063304216,-0.006088052634,1.088167115,-2.559913233
2150,2015-01-15T22:02:00,2150,2151,2156,1,2.972880329,-1.582181818,5,5,0.9999467566,0,-1.582181818,-0.1508333763,1.725618807,-0.07046039033,2.047832487,0.1755158296,1.843606697,0.1033223355,1.334280058,-0.01237719491,1.070931579,-0.01643055286,1.097268893,0.7921812939
2151,2015-01-15T22:03:00,2151,2152,2157,1,1.985792195,0.3561479023,5,5,1.252354477,0,0.3561479023,-0.02073378523,1.727946799,0.1168308211,1.994052322,0.1293844142,1.823037106,0.1110666039,1.335447691,0.001158328607,1.068587344,-0.007878953234,1.096045031,1.499387984
2152,2015-01-15T22:04:00,2152,2153,2158,1,2.884930349,-1.333879317,5,5,1.053761384,0,-1.333879317,0.1019708725,1.607224803,-0.3563783853,1.731872708,0.07567525019,1.84636234,0.07434372382,1.351830433,-0.03243189864,1.068281453,-0.01396054735,1.10140848,2.146330277
2153,2015-01-15T22:05:00,2153,2154,2159,1,-0.8431126378,1.769912709,5,5,1.427751044,0,1.769912709,-0.1265136944,1.230182955,0.1379131525,1.518501756,0.2334109446,1.862739843,0.1310959725,1.378225621,-0.01579174157,1.085346455,-0.006139286327,1.110606089,2.180699035
2154,2015-01-15T23:00:00,2154,2155,2160,1,-1.828137727,1.063354592,5,5,1.759426058,0,1.063354592,0.0546708137,1.3170185,0.2828268081,1.550495763,0.1445924681,1.767239152,0.1522882798,1.3880242,-0.007988148889,1.090734255,0.007135531771,1.113791303,0.4864042114
2155,2015-01-15T23:01:00,2155,2156,2161,1,-3.210687995,-0.6869370243,5,5,1.254758926,0,-0.6869370243,0.2337197724,1.152499182,0.04144319804,1.467312958,0.174987575,1.750113688,0.1376229134,1.392176939,-0.03014784288,1.086674597,0.00637758354,1.114227739,0.738600072
2156,2015-01-15T23:02:00,2156,2157,2162,1,-6.112581275,1.804281467,5,5,1.213374916,0,1.804281467,0.5233464854,1.397845636,0.2513063501,1.571587185,0.2485602715,1.794472288,0.176214945,1.420508573,0.003807305482,1.100524785,0.02402269817,1.125972891,-3.023811673
2157,2015-01-15T23:03:00,2157,2158,2163,1,-6.454321696,-0.6309402315,5,5,2.387474384,0,-0.6309402315,0.6639343025,1.295277086,0.3829525875,1.45960856,0.2873200258,1.772335816,0.1768983121,1.420198437,0.01453977953,1.090136149,0.02913879377,1.121703222,-2.314541938
2158,2015-01-15T23:04:00,2158,2159,2164,1,-5.155832687,-0.4347411636,5,5,2.19622092,0,-0.4347411636,0.223003528,1.04356337,0.04824491679,1.140695974,0.1320056668,1.671456351,0.1735640411,1.421062277,0.009078274201,1.091219163,0.006712511759,1.103342558,-3.949288067
2159,2015-01-15T23:05:00,2159,2160,2165,1,-4.010118366,-1.958130278,5,5,1.602509956,0,-1.958130278,-0.381293446,1.276610648,-0.1633113162,1.29697195,0.05318538709,1.72574458,0.130051486,1.453991334,-0.01385869064,1.11287827,-0.02139513291,1.110241819,-3.088769602
2160,2015-01-16T00:00:00,2160,2161,2166,1,-4.78434318,0.07832950336,5,5,1.308297576,0,0.07832950336,-0.2282401405,1.239590801,0.002739815944,1.19683744,-0.0338602872,1.677205675,0.1316136008,1.454041922,-0.01492539005,1.112762287,-0.007199934775,1.100309168,-4.139779758
2161,2015-01-16T00:01:00,2161,2162,2167,1,-4.09299553,-2.069487293,5,5,0.5921404133,0,-2.069487293,-1.002993892,1.319869146,-0.2398237036,1.3594166,-0.06149644122,1.70649614,0.07495545256,1.490080104,-0.01989689009,1.121088558,-0.04488178883,1.093733901,-1.20654462
2162,2015-01-16T00:02:00,2162,2163,2168,1,-4.759639256,-1.097611812,5,5,-0.2144710652,0,-1.097611812,-1.096328209,1.379633206,-0.2161969531,1.338120046,-0.2862876692,1.547570408,0.04411417849,1.499998281,-0.04225666603,1.125134435,-0.05025157783,1.097534317,-0.9213487647
2163,2015-01-16T00:03:00,2163,2164,2169,1,-4.846106247,-0.9726806533,5,5,0.4598891287,0,-0.9726806533,-1.203916107,1.433460616,-0.4904562893,1.253761111,-0.1762715684,1.392437522,-0.007147738095,1.498201064,-0.04968864422,1.129586932,-0.04055738414,1.083718405,-0.6445634214
2164,2015-01-16T00:04:00,2164,2165,2170,1,-6.035736306,0.8637478454,5,5,0.9735559693,0,0.8637478454,-0.6395404819,1.198818823,-0.510416964,1.238325748,-0.1137950779,1.403119341,0.01404249777,1.504410657,-0.02673630812,1.128482131,-0.02206475723,1.079515745,-2.88645091
2165,2015-01-16T00:05:00,2165,2166,2171,1,-4.664399891,-0.8124159568,5,5,0.7344062077,0,-0.8124159568,-0.8176895739,1.252175469,-0.5229648572,1.245899024,-0.2407608296,1.361115663,-0.01775239207,1.508136657,-0.03190884343,1.131254176,-0.0138964502,1.069614683,-3.838290492
2166,2015-01-16T01:00:00,2166,2167,2172,1,-2.735476741,-0.69589531,5,5,0.1747009351,0,-0.69589531,-0.5429711774,0.8990227642,-0.7729825349,1.129224622,-0.2608380924,1.368399526,-0.02752374275,1.511375757,-0.04292218153,1.133737527,-0.02839284561,1.067255386,-4.201542826
2167,2015-01-16T01:01:00,2167,2168,2173,1,-1.929149303,-1.378139643,5,5,1.027437635,0,-1.378139643,-0.5990767436,0.9732139374,-0.8477024761,1.19384529,-0.2323749443,1.333364865,-0.06805938217,1.52651849,-0.05971431584,1.144153194,-0.04018586502,1.074639417,-3.149285396
2168,2015-01-16T01:02:00,2168,2169,2174,1,0.1369765799,-1.764255538,5,5,0.4725212291,0,-1.764255538,-0.7573917206,1.174922703,-0.9806539136,1.310582446,-0.4662044984,1.22857919,-0.1279457209,1.54858431,-0.07623257096,1.159975499,-0.03982449598,1.074038692,-0.8261093991
2169,2015-01-16T01:03:00,2169,2170,2175,1,1.137969782,-1.059147644,5,5,-0.3014519112,0,-1.059147644,-1.141970818,1.206478361,-0.8907556502,1.20265469,-0.5270334832,1.250702711,-0.1478876889,1.557064244,-0.08440639073,1.165123519,-0.04994865737,1.078288105,1.466066085
2170,2015-01-16T01:04:00,2170,2171,2176,1,0.8451436375,-0.3258822136,5,5,-0.3171129263,0,-0.3258822136,-1.04466407,1.159666307,-0.9311768219,1.206807637,-0.464218503,1.201832878,-0.1443513367,1.556163217,-0.07764915709,1.161660826,-0.04615586618,1.076339631,1.220136092
2171,2015-01-16T01:05:00,2171,2172,2177,1,1.36137861,0.5589204584,5,5,-0.6217968552,0,0.5589204584,-0.7937009162,1.144749013,-0.6683360468,1.029245411,-0.4540798752,1.205686445,-0.1623477305,1.545500581,-0.07763870024,1.161665853,-0.03573038489,1.075694264,0.9630859791
2172,2015-01-16T02:00:00,2172,2173,2178,1,-0.09489791516,1.23302784,5,5,-0.2421326004,0,1.23302784,-0.2714674195,1.11115618,-0.4352720815,1.044464797,-0.3257345173,1.200306621,-0.1250296336,1.557207416,-0.07102149016,1.167168782,-0.02622568473,1.081534351,-0.3280963025
2173,2015-01-16T02:01:00,2173,2174,2179,1,0.2710122227,-0.5718122059,5,5,-0.1625461162,0,-0.5718122059,-0.03297875302,0.8231296229,-0.3951852368,1.014392856,-0.442820763,1.140374892,-0.1047049092,1.544385739,-0.0819512821,1.168428737,-0.03351767957,1.082439408,-0.374992455
2174,2015-01-16T02:02:00,2174,2175,2180,1,-0.49948476,0.301870345,5,5,0.2164405965,0,0.301870345,0.2392248448,0.686592143,-0.4513729868,0.9815800546,-0.4808949754,1.117351794,-0.1681512536,1.478446693,-0.06000833761,1.15756388,-0.01590590691,1.070087413,0.398292631
2175,2015-01-16T02:03:00,2175,2176,2181,1,-0.5590613904,-0.0581544416,5,5,0.2567346938,0,-0.0581544416,0.2927703992,0.6714501584,-0.3759468353,0.9475418876,-0.4494558463,1.10681977,-0.1372341356,1.464231526,-0.06405109077,1.157202159,-0.02820541873,1.062244913,0.2331983873
2176,2015-01-16T02:04:00,2176,2177,2182,1,-0.2092947906,-0.6187083584,5,5,-0.2197917933,0,-0.6187083584,0.05724463581,0.6818554876,-0.3682281402,0.9421722793,-0.5706053375,1.039912701,-0.161022533,1.466551945,-0.05899762827,1.15361198,-0.03400762101,1.06372183,0.6460046777
2177,2015-01-16T02:05:00,2177,2178,2183,1,0.04186208955,1.075155431,5,5,0.3399188186,0,1.075155431,0.02567015401,0.6261367385,-0.1228986327,0.9018634244,-0.4853005544,1.057975475,-0.09899026429,1.45953526,-0.03532894162,1.156243528,-0.03221706872,1.065349542,-0.897777391
2178,2015-01-16T03:00:00,2178,2179,2184,1,-0.7446272989,-0.2232486852,5,5,-0.6012564279,0,-0.2232486852,0.09538285816,0.5801908054,0.03120205257,0.7120968146,-0.4747259305,1.054681995,-0.1713601318,1.39751931,-0.04716513683,1.153679455,-0.04167154739,1.062292138,-0.7922597777
2179,2015-01-16T03:01:00,2179,2180,2185,1,-1.718111351,-0.2059020681,5,5,-0.7321036693,0,-0.2059020681,-0.006171624466,0.5717301478,0.1165266102,0.6317769119,-0.38711452,0.9606040729,-0.1669645665,1.396594884,-0.04685074428,1.153619915,-0.05458871844,1.05534901,-0.8552994683
2180,2015-01-16T03:02:00,2180,2181,2186,1,-0.5990247214,-0.4686266377,5,5,-0.5945094468,0,-0.4686266377,-0.08826606368,0.6083758372,0.1022521678,0.6406896575,-0.4144623271,0.9661438586,-0.2241613071,1.368658619,-0.05463790591,1.154680155,-0.06332106849,1.054891219,0.9396394805
2181,2015-01-16T03:03:00,2181,2182,2187,1,-0.5362560441,-0.1177310719,5,5,-1.219379104,0,-0.1177310719,0.01192939361,0.5443650189,0.03458701471,0.616952259,-0.316874516,0.848521127,-0.1891854786,1.347612181,-0.05065065644,1.15372248,-0.06937666032,1.053480386,0.04763247875
2182,2015-01-16T03:04:00,2182,2183,2188,1,-2.046115115,-0.2689417587,5,5,-1.651381161,0,-0.2689417587,-0.2568900443,0.282147776,-0.1156099452,0.485620522,-0.2754410134,0.8144734508,-0.2808643413,1.236596371,-0.05423997942,1.154112447,-0.07214931011,1.053750339,-0.8628118832
2183,2015-01-16T03:05:00,2183,2184,2189,1,-1.99280868,1.326312311,5,5,-2.126020524,0,1.326312311,0.05302215496,0.6491996933,0.07420250656,0.6156628998,-0.1604913651,0.8390571117,-0.1683814668,1.14954319,-0.04818678184,1.159784939,-0.07398741427,1.051241428,-1.538664202
2184,2015-01-16T04:00:00,2184,2185,2190,1,-2.477887616,-1.009738074,5,5,-2.062676906,0,-1.009738074,-0.1077450462,0.7854268298,-0.05695833532,0.6869391046,-0.2541656611,0.8471672612,-0.1839803695,1.158972876,-0.05287387359,1.163103206,-0.08610144847,1.054496356,-0.5838885229
2185,2015-01-16T04:01:00,2185,2186,2191,1,-0.2002495926,-1.179386121,5,5,-2.344310844,0,-1.179386121,-0.2498969428,0.9225851961,-0.1690815032,0.7814360509,-0.2725141693,0.8684693232,-0.2566374994,1.141681832,-0.06164238273,1.16933359,-0.1040522341,1.056237045,-1.183303232
2186,2015-01-16T04:02:00,2186,2187,2192,1,-0.6532404033,0.6504599924,5,5,-2.032849092,0,0.6504599924,-0.09625872989,0.9659249264,-0.04216466814,0.7840102796,-0.2051964042,0.8667066177,-0.2330172483,1.145359687,-0.06253582141,1.168809177,-0.09788436374,1.057873095,-0.4541444782
2187,2015-01-16T04:03:00,2187,2188,2193,1,0.8060111514,-0.05496239467,5,5,-1.535296612,0,-0.05496239467,-0.05346285709,0.9587226932,-0.1551764507,0.7066670255,-0.1390375417,0.8101653909,-0.185706243,1.10322931,-0.06307741556,1.168824607,-0.09887683222,1.057868793,-1.893999093
2188,2015-01-16T04:04:00,2188,2189,2194,1,2.568399871,-1.77880083,5,5,-1.475756621,0,-1.77880083,-0.6744854853,1.095515774,-0.3107316651,0.9004485141,-0.1397648063,0.8117540884,-0.3029846523,1.041237611,-0.08098584756,1.184991592,-0.09941440112,1.05875595,0.9830536394
2189,2015-01-16T04:05:00,2189,2190,2195,1,0.8331059735,1.379618746,5,5,-1.494187348,0,1.379618746,-0.1966141213,1.173418166,-0.1521795837,0.9984501735,-0.01782648678,0.8354773532,-0.272429985,1.063550581,-0.06895145052,1.194079016,-0.09500916752,1.063386344,-0.1990959251
2190,2015-01-16T05:00:00,2190,2191,2196,1,1.905166071,-1.49481701,5,5,-0.2724542315,0,-1.49481701,-0.2597002991,1.243227834,-0.2547986209,1.094709754,-0.0762732266,0.8969037526,-0.2702458648,1.060386394,-0.08346176465,1.205139531,-0.0983334182,1.067428093,2.700010245
2191,2015-01-16T05:01:00,2191,2192,2197,1,0.4124928144,1.098251903,5,5,0.292922705,0,1.098251903,-0.170141917,1.304694315,-0.1332003234,1.147875912,-0.04930665436,0.9214795709,-0.2516932648,1.07303411,-0.07031333042,1.211367561,-0.08312553585,1.070071653,1.585346232
2192,2015-01-16T05:02:00,2192,2193,2198,1,-0.07951669054,0.1974691817,5,5,0.1051775549,0,0.1974691817,-0.1196556017,1.307448622,-0.08655922941,1.146422937,-0.1010845873,0.8803728874,-0.2134095523,1.052566484,-0.06953291424,1.211474664,-0.09275778319,1.063068942,1.032201899
2193,2015-01-16T05:03:00,2193,2194,2199,1,-1.901395007,1.40428916,5,5,0.04116805572,0,1.40428916,0.5169623962,1.212848312,-0.07876154452,1.155672064,-0.002279518984,0.9259100189,-0.222550141,1.038692509,-0.04572708425,1.220325365,-0.08471120805,1.070021181,-0.7948441735
2194,2015-01-16T05:04:00,2194,2195,2200,1,-2.214033109,-0.01641210961,5,5,-0.4447558531,0,-0.01641210961,0.2377562251,1.044215171,0.02057105189,1.110696969,-0.01819364172,0.9234535969,-0.2495443086,1.024997945,-0.04862801438,1.220088515,-0.08850686878,1.069271281,-1.172853418
2195,2015-01-16T05:05:00,2195,2196,2201,1,-3.150293106,-0.3556751518,5,5,-0.3215274931,0,-0.3556751518,0.4655845967,0.8177962504,0.1029421488,1.052237177,-0.03306967722,0.9267808206,-0.2412627617,1.020777325,-0.05181992416,1.220684844,-0.1005194825,1.065161914,-1.111718589
2196,2015-01-16T06:00:00,2196,2197,2202,1,-3.369608065,-0.4227569121,5,5,-0.4051009421,0,-0.4227569121,0.1613828336,0.6806643373,-0.004379541682,1.040560233,-0.02327210491,0.921259387,-0.2969387212,0.9823790722,-0.06036188809,1.221252072,-0.09644137009,1.062603445,-1.106550833
2197,2015-01-16T06:01:00,2197,2198,2203,1,-3.163619934,-0.3944213537,5,5,-0.2287771049,0,-0.3944213537,0.04300472655,0.6975806515,-0.03832543759,1.047864653,-0.09675094415,0.8936997865,-0.2910257493,0.9792883678,-0.05706371858,1.219829764,-0.08731539674,1.054482393,-1.041179691
2198,2015-01-16T06:02:00,2198,2199,2204,1,-4.165752815,-0.2945403233,5,5,-0.5204965904,0,-0.2945403233,-0.2967611701,0.3310044664,0.1101006131,0.8889783421,-0.100315526,0.8947318088,-0.2875207283,0.9779823926,-0.05697834357,1.21980891,-0.08978805996,1.054825117,-2.038574517
2199,2015-01-16T06:03:00,2199,2200,2205,1,-4.244336965,-0.4175891562,5,5,0.1794713893,0,-0.4175891562,-0.3769965794,0.3799818759,-0.06962017719,0.785738999,-0.1108998805,0.8984120779,-0.2490072002,0.9300280766,-0.05947785714,1.220459549,-0.09224152717,1.055453822,-2.263057232
2200,2015-01-16T06:04:00,2200,2201,2206,1,-4.191892621,-0.3290502114,5,5,-0.1894006897,0,-0.3290502114,-0.3716715914,0.3751533975,0.04695650266,0.6362117489,-0.1039210591,0.89530856,-0.2591916931,0.9313998532,-0.06378904618,1.221012612,-0.09634749107,1.055775466,-2.122440243
2201,2015-01-16T06:05:00,2201,2202,2207,1,-2.073935749,-1.29193515,5,5,-0.6633967676,0,-1.29193515,-0.5455072389,0.6624308843,-0.1920622026,0.6716094909,-0.162631263,0.940393114,-0.2397528895,0.8956358947,-0.08239871848,1.229329568,-0.09318222323,1.051323415,-2.127178298
2202,2015-01-16T07:00:00,2202,2203,2208,1,-1.313360501,-0.6420718707,5,5,-1.190742406,0,-0.6420718707,-0.5950373423,0.7001087723,-0.2760163079,0.6988458551,-0.1812877686,0.9493869283,-0.228364391,0.88450623,-0.09212510625,1.231329792,-0.1042925743,1.051063948,-1.981279734
2203,2015-01-16T07:01:00,2203,2204,2209,1,-1.759190592,-0.1884332225,5,5,-1.569625251,0,-0.1884332225,-0.5738159221,0.6927502497,-0.4352885461,0.542893574,-0.2570250453,0.9028597213,-0.2087582052,0.8715424582,-0.1079529717,1.225600401,-0.1027118312,1.050637827,-2.069452378
2204,2015-01-16T07:02:00,2204,2205,2210,1,0.6002612777,-1.296673205,5,5,-1.581667695,0,-1.296673205,-0.7496327318,0.8839112217,-0.5633146556,0.6803253905,-0.2713718019,0.9210022788,-0.2627687315,0.8848552328,-0.1243631169,1.23414347,-0.1054137826,1.053551552,0.05324254913
2205,2015-01-16T07:03:00,2205,2206,2211,1,1.203909962,-0.4961733063,5,5,-2.017306534,0,-0.4961733063,-0.7830573508,0.8993785797,-0.5773644711,0.6890652731,-0.2372111612,0.8893857509,-0.2548626652,0.8789897551,-0.1363075286,1.234321507,-0.106226784,1.053896739,0.6679192329
2206,2015-01-16T07:04:00,2206,2207,2212,1,0.6402013596,-0.2766058672,5,5,-1.574075656,0,-0.2766058672,-0.5799914943,0.7002604548,-0.5627493666,0.6816081649,-0.2835644541,0.8795894748,-0.2443804291,0.8731718059,-0.135952086,1.234237757,-0.1100749307,1.054063655,0.3102617868
2207,2015-01-16T07:05:00,2207,2208,2213,1,0.4360197087,0.8260217226,5,5,-1.435074178,0,0.8260217226,-0.2863727757,0.7378182868,-0.440705059,0.7192107192,-0.2395152483,0.8986891538,-0.189276395,0.855572953,-0.1286678886,1.237389142,-0.1029016756,1.056752595,0.5470187286
2208,2015-01-16T08:00:00,2208,2209,2214,1,-0.04637318232,0.1185033775,5,5,-0.9115001193,0,0.1185033775,-0.2249854557,0.7349034076,-0.3994006889,0.7141379163,-0.1446500379,0.8063111857,-0.1422074221,0.8090372143,-0.1350765715,1.235446191,-0.09822418801,1.056034647,0.5359907289
2209,2015-01-16T08:01:00,2209,2210,2215,1,-0.09557635058,-0.6342633133,5,5,-1.854093324,0,-0.6342633133,-0.09250347733,0.5331685743,-0.4210681046,0.7299204671,-0.2453441409,0.7583434785,-0.1315853138,0.7978431046,-0.1397365014,1.237134326,-0.1001326984,1.056973549,0.3299395728
2210,2015-01-16T08:02:00,2210,2211,2216,1,-2.832460784,1.062778664,5,5,-1.388004771,0,1.062778664,0.2192869168,0.6789188733,-0.281885217,0.7968100985,-0.1174643572,0.7209964363,-0.09686879189,0.8137174579,-0.1206100643,1.241728646,-0.08405570202,1.058465532,-0.11099902
2211,2015-01-16T08:03:00,2211,2212,2217,1,-2.880509545,0.1074753778,5,5,-2.550472648,0,0.1074753778,0.2961031658,0.669282352,-0.1419441643,0.6849465568,-0.1670031834,0.6783108041,-0.1081549189,0.8090828593,-0.1352513247,1.233528905,-0.08781077313,1.057284286,-0.5823639112
2212,2015-01-16T08:04:00,2212,2213,2218,1,-2.877291623,-0.8403144694,5,5,-2.172104529,0,-0.8403144694,-0.0371640726,0.6728314581,-0.1617684241,0.7060729407,-0.218892366,0.7024686921,-0.1599884766,0.7964040068,-0.1425090551,1.236760745,-0.1006771523,1.058115506,-0.4255159234
2213,2015-01-16T08:05:00,2213,2214,2219,1,-3.72784245,0.6218400717,5,5,-2.291032735,0,0.6218400717,0.06350326624,0.7261064494,-0.08074109472,0.7305181703,-0.2580148204,0.6435799212,-0.1301471697,0.7973407296,-0.1174260395,1.228999501,-0.09801657796,1.05927706,-2.721461764
2214,2015-01-16T09:00:00,2214,2215,2220,1,-2.294597362,-0.3638895135,5,5,-1.762173365,0,-0.3638895135,0.1175780262,0.6879358265,0.01253727443,0.6154366051,-0.2753886906,0.6486928595,-0.1467911662,0.797987773,-0.1574712099,1.18797919,-0.08893594713,1.051458156,-2.298145634
2215,2015-01-16T09:01:00,2215,2216,2221,1,-1.481688097,-0.6834664815,5,5,-1.58632362,0,-0.6834664815,-0.231671003,0.5837647554,-0.006192043096,0.6331319476,-0.2917782571,0.6616898872,-0.1624239672,0.8052192857,-0.1498290514,1.181598929,-0.09684204956,1.053029245,-2.451775699
2216,2015-01-16T09:02:00,2216,2217,2222,1,1.066705486,-1.674105769,5,5,-0.7699553723,0,-1.674105769,-0.5879872323,0.9481545882,-0.1459420332,0.820650958,-0.3543456999,0.7543400047,-0.1888089024,0.8419464653,-0.1749157177,1.195752579,-0.102268053,1.059955195,-1.006380686
2217,2015-01-16T09:03:00,2217,2218,2223,1,2.691642188,0.05942661599,5,5,-1.627918195,0,0.05942661599,-0.4080390152,0.8709062787,-0.2226015439,0.7781966066,-0.3316533014,0.749284331,-0.2142021228,0.8246594197,-0.1565961935,1.185391567,-0.09495333534,1.057333336,0.003548271819
2218,2015-01-16T09:04:00,2218,2219,2224,1,4.097720397,-0.8370965467,5,5,-1.825796269,0,-0.8370965467,-0.6998263389,0.9062487831,-0.3181615363,0.8211325815,-0.3587811126,0.7694971345,-0.2295483193,0.8344671502,-0.2004542256,1.150955179,-0.107959531,1.058030874,0.9700876022
2219,2015-01-16T09:05:00,2219,2220,2225,1,3.046795627,-0.2287107556,5,5,-1.667216179,0,-0.2287107556,-0.6727905873,0.897365847,-0.2776062805,0.7995377304,-0.3493371926,0.7655208915,-0.2301185365,0.8346156292,-0.1985415515,1.150447852,-0.1079400084,1.058026632,2.073086172
2220,2015-01-16T10:00:00,2220,2221,2226,1,1.840516701,1.069355574,5,5,-1.531424019,0,1.069355574,-0.3222261761,0.9698167073,-0.2769485896,0.8004141851,-0.2794169033,0.7986141749,-0.1916689812,0.8483401493,-0.2079151442,1.138619213,-0.100314931,1.062427022,2.688093916
2221,2015-01-16T10:01:00,2221,2222,2227,1,2.437946413,0.1294427836,5,5,-1.366335031,0,0.1294427836,0.03848353429,0.6191684002,-0.274751849,0.8007392306,-0.2083480066,0.7450956654,-0.1854896348,0.8483828026,-0.1873375567,1.126013315,-0.09559698257,1.061744555,3.127632795
2222,2015-01-16T10:02:00,2222,2223,2228,1,3.148796123,0.8742878145,5,5,-0.5879980031,0,0.8742878145,0.201455774,0.7318053292,-0.1032916206,0.8043683192,-0.1325300224,0.7568181389,-0.1569088955,0.858518851,-0.2188866184,1.064477619,-0.08846295145,1.064738731,0.9737094547
2223,2015-01-16T10:03:00,2223,2224,2229,1,2.072033774,1.684363318,5,5,-0.0527696039,0,1.684363318,0.7057477469,0.9812282464,0.002960704031,0.9444828554,-0.03889019534,0.8443058277,-0.1479576203,0.8740732255,-0.1581695435,1.021139939,-0.081443728,1.073034049,-0.8475772151
2224,2015-01-16T10:04:00,2224,2225,2230,1,1.293827688,0.5689816626,5,5,-0.1816220887,0,0.5689816626,0.8652862306,1.008511366,0.09624782164,0.9545576565,0.05439254804,0.8031010318,-0.1084896269,0.8640649469,-0.1462349982,1.022209949,-0.07141245803,1.07272649,-0.6896863816
2225,2015-01-16T10:05:00,2225,2226,2231,1,4.212191823,-1.279635526,5,5,-0.5430714883,0,-1.279635526,0.3954880106,1.05635426,0.03663091721,1.014009065,0.01521943706,0.8453018536,-0.1109958621,0.8676238349,-0.1838166807,1.013954764,-0.0780935425,1.078185699,2.175086668
2226,2015-01-16T11:00:00,2226,2227,2232,1,3.224598994,-0.1369233518,5,5,0.06362776171,0,-0.1369233518,0.3422147835,1.05654287,0.1903491589,0.8659250386,0.02220356283,0.8435917755,-0.1306804457,0.8617786049,-0.181848847,1.01353618,-0.08525069616,1.076242251,2.919610989
2227,2015-01-16T11:01:00,2227,2228,2233,1,1.545082366,0.7268724961,5,5,-0.1122232926,0,0.7268724961,0.3127317198,1.033961182,0.2570937469,0.8957161284,0.0172461015,0.8390164901,-0.1111345734,0.8693649596,-0.1484204082,0.9932044966,-0.07909646817,1.078285268,1.98351407
2228,2015-01-16T11:02:00,2228,2229,2234,1,2.067540672,1.585137524,5,5,-0.3061661355,0,1.585137524,0.2928865609,1.002093789,0.4993171539,0.9917158952,0.09057780881,0.9104282325,-0.02703611455,0.8599468863,-0.1650103834,0.9549042912,-0.06300260322,1.087492344,2.037105155
2229,2015-01-16T11:03:00,2229,2230,2235,1,0.9019689927,0.6076009692,5,5,-0.3027843499,0,0.6076009692,0.3006104222,1.006617963,0.5829483264,1.007565109,0.1526710229,0.9095185627,-0.04633655898,0.8373496424,-0.159383272,0.9571557508,-0.06141315334,1.088240754,0.3049880047
2230,2015-01-16T11:04:00,2230,2231,2236,1,-0.2087922972,-0.2092244229,5,5,-0.4276436706,0,-0.2092244229,0.5146926428,0.8333914321,0.4550903267,0.9514267187,0.08907086857,0.8791688316,-0.0141967443,0.8039818703,-0.1422213045,0.9409585941,-0.06037342454,1.087981223,-0.4384317035
2231,2015-01-16T11:05:00,2231,2232,2237,1,-2.40396532,1.638728608,5,5,-0.04581438418,0,1.638728608,0.8698230349,1.108096552,0.6060189092,1.082626622,0.1656335301,0.9521721794,-0.0006848266721,0.8266611779,-0.1261890457,0.9578024078,-0.04710382917,1.098209367,0.0304355171
2232,2015-01-16T12:00:00,2232,2233,2238,1,0.4301469397,-1.124516181,5,5,-0.238480611,0,-1.124516181,0.4995452995,1.172653645,0.4061385097,1.105484576,0.1514234445,0.9667224373,-0.03373446073,0.8449895071,-0.1235720065,0.9544379157,-0.0576000964,1.102927769,0.596980988
2233,2015-01-16T12:01:00,2233,2234,2239,1,0.6809552173,-0.9526441311,5,5,0.1068605396,0,-0.9526441311,-0.008011031447,1.026689118,0.1424377647,1.014465995,0.07269923439,0.9800992598,-0.09265779301,0.8290927795,-0.157603967,0.9397544802,-0.06137065384,1.105408345,0.2296394063
2234,2015-01-16T12:02:00,2234,2235,2240,1,-1.388546886,2.107595829,5,5,0.2847363894,0,2.107595829,0.2919879405,1.366984563,0.2962991814,1.200401291,0.1962735015,1.084468436,-0.03955759455,0.8935530804,-0.1445509516,0.9615242836,-0.0456045411,1.121853983,-2.434400838
2235,2015-01-16T12:03:00,2235,2236,2241,1,1.04761465,-0.5579707099,5,5,0.4006692757,0,-0.5579707099,0.2222386831,1.386419159,0.368465663,1.143831142,0.2025482901,1.08087096,-0.0446149835,0.8961349062,-0.1429388726,0.9604801187,-0.04941827727,1.122972357,-0.1668340483
2236,2015-01-16T12:04:00,2236,2237,2242,1,2.473441473,-1.319985713,5,5,0.7297976813,0,-1.319985713,-0.3695041811,1.316641276,0.2501594269,1.216844735,0.2202542929,1.056062802,-0.06704570352,0.9176866251,-0.1819922124,0.9505833429,-0.06258982657,1.129168129,0.451315811
2237,2015-01-16T12:05:00,2237,2238,2243,1,2.478598513,-0.5564444149,5,5,0.9183774176,0,-0.5564444149,-0.2558898279,1.241999597,0.1218277358,1.207824402,0.1894607413,1.063284338,-0.07109628004,0.9197827442,-0.1810610147,0.9500015799,-0.06174123907,1.128711596,1.045853951
2238,2015-01-16T13:00:00,2238,2239,2244,1,2.57255617,1.709596079,5,5,0.9984772084,0,1.709596079,0.2765582142,1.394847871,0.1342735914,1.224681822,0.3167953726,1.114303814,-0.02099286998,0.957548649,-0.1542567991,0.96781945,-0.04498318571,1.139117637,1.214448699
2239,2015-01-16T13:01:00,2239,2240,2245,1,3.850710818,-0.7018358535,5,5,0.9994480922,0,-0.7018358535,-0.2853281223,1.075045702,0.003329909091,1.229709326,0.2931391177,1.124137998,-0.02809903741,0.9616934214,-0.1385531188,0.9459932505,-0.04901825056,1.14074497,2.022125662
2240,2015-01-16T13:02:00,2240,2241,2246,1,4.35315409,0.03809372547,5,5,1.381160333,0,0.03809372547,-0.1661152353,1.045823706,0.02806172393,1.227987237,0.2415760253,1.098445596,-0.01892043899,0.9603039436,-0.139056066,0.9459623012,-0.04883284378,1.140749353,1.432744561
2241,2015-01-16T13:03:00,2241,2242,2247,1,2.230922383,1.878190827,5,5,0.7705874305,0,1.878190827,0.4735200726,1.204489487,0.05200794574,1.261812025,0.3290134275,1.175638123,0.06033271042,0.9841982894,-0.08971008955,0.9409595976,-0.03482157552,1.153422248,1.358107471
2242,2015-01-16T13:04:00,2242,2243,2248,1,1.965290072,0.10584111,5,5,1.671126851,0,0.10584111,0.6059771776,1.179452973,0.1750436748,1.211130116,0.2905910922,1.15951117,0.07903053493,0.9790913768,-0.07466692803,0.9329981766,-0.03507322586,1.153395861,1.828585156
2243,2015-01-16T13:05:00,2243,2244,2249,1,3.15318039,-0.5512873753,5,5,1.488801344,0,-0.5512873753,0.1538004866,0.9313157991,0.2151793504,1.185948924,0.1788085576,1.103543407,0.06995918111,0.9825121839,-0.06939951205,0.9286862893,-0.04864892073,1.150293133,2.920409529
2244,2015-01-16T14:00:00,2244,2245,2250,1,0.4578491474,1.803553737,5,5,1.225656812,0,1.803553737,0.6548784047,1.19138391,0.1847751412,1.134706764,0.2405371613,1.168015989,0.1474648547,1.002305497,-0.05765193841,0.9454060216,-0.03375379302,1.162014991,0.8728149118
2245,2015-01-16T14:01:00,2245,2246,2251,1,-1.76276866,0.5763187945,5,5,1.865928806,0,0.5763187945,0.7625234185,1.218824871,0.2982040916,1.135623461,0.3333348773,1.13973469,0.1742771572,1.003376895,-0.04029275402,0.9432359681,-0.03277930004,1.16244919,0.136704916
2246,2015-01-16T14:02:00,2246,2247,2252,1,-3.244247025,0.5405369975,5,5,2.351148509,0,0.5405369975,0.4949926527,0.9156691313,0.4842563626,1.069870292,0.3672078948,1.145716708,0.1947057288,1.006060102,-0.02483735018,0.9419622955,-0.02573281437,1.16316273,0.2327708609
2247,2015-01-16T14:03:00,2247,2248,2253,1,-2.103627841,-0.2440408802,5,5,2.231967313,0,-0.2440408802,0.4250162546,0.9209346775,0.5154967161,1.058118612,0.3186622259,1.135441496,0.1679541637,0.9982925579,-0.01066111564,0.9296755103,-0.02979387115,1.163164048,-0.4149657645
2248,2015-01-16T14:04:00,2248,2249,2254,1,-1.15774605,-0.1597912014,5,5,2.49095438,0,-0.1597912014,0.5033154894,0.8901931092,0.328557988,0.9109865228,0.2314157897,1.0792919,0.1609967993,0.9984364204,0.009394688574,0.9086849013,-0.03638544791,1.161827564,-1.899473576
2249,2015-01-16T14:05:00,2249,2250,2255,1,-3.618819834,0.6366029425,5,5,2.824682183,0,0.6366029425,0.2699253306,0.4721601601,0.4624018676,0.9061817802,0.2328658884,1.080127411,0.1927684556,0.9984736449,0.0305915709,0.9037431159,-0.02890151571,1.163035153,-3.477017886
2250,2015-01-16T15:00:00,2250,2251,2256,1,-1.339698132,-0.8917775056,5,5,2.787233699,0,-0.8917775056,-0.02369392942,0.5617472476,0.3694147445,0.9489715578,0.1987382342,1.097383176,0.1439045514,0.9942805616,0.02351787975,0.9084959924,-0.03243852572,1.165099981,-1.688662076
2251,2015-01-16T15:01:00,2251,2252,2257,1,-1.3576064,-1.644299013,5,5,3.479624428,0,-1.644299013,-0.4606611315,0.8932344427,0.01716576061,0.9045213451,0.03458685317,1.09779972,0.1001101916,1.027568996,-0.004022363634,0.9248008206,-0.05679748591,1.168914762,0.7417275253
2252,2015-01-16T15:02:00,2252,2253,2258,1,-1.870703727,-0.9409413674,5,5,3.586680145,0,-0.9409413674,-0.6000412289,0.9813412815,-0.08751248713,0.9516174102,0.04376559384,1.089130812,0.09759451919,1.029747104,-0.03119697873,0.9204994407,-0.06247453034,1.171826691,-0.1418019482
2253,2015-01-16T15:03:00,2253,2254,2259,1,-2.436522656,0.8965783037,5,5,3.394095692,0,0.8965783037,-0.3887673279,1.057683599,0.05727408077,0.9775321907,0.1362267156,1.086748369,0.104462975,1.03479867,-0.01284209735,0.9237317054,-0.04346303465,1.167859557,0.348963944
2254,2015-01-16T15:04:00,2254,2255,2260,1,-3.757756019,0.786090589,5,5,3.675883742,0,0.786090589,-0.3588697986,1.077603646,-0.04447223399,0.8319149098,0.07015145359,0.9948974464,0.1332124775,1.040647087,-0.006789344306,0.9272892873,-0.06057664742,1.140984293,-2.099333925
2255,2015-01-16T15:05:00,2255,2256,2261,1,-1.629706634,-1.824470841,5,5,2.89723775,0,-1.824470841,-0.5454084656,1.291477822,-0.2845511975,0.9958601643,0.006826447034,1.068030456,0.1046873686,1.07446989,-0.0288682993,0.9494376342,-0.06499024474,1.147001541,-1.728901779
2256,2015-01-16T16:00:00,2256,2257,2262,1,-2.959338025,1.387344196,5,5,3.013665041,0,1.387344196,0.06092017608,1.229681218,-0.1998704777,1.074705464,0.1421929425,1.072290603,0.1812236177,1.064207634,-0.003792642367,0.9595341942,-0.05620260592,1.153572184,-2.7854866
2257,2015-01-16T16:01:00,2257,2258,2263,1,-2.761050595,-1.66220728,5,5,3.18034207,0,-1.66220728,-0.08333300645,1.373909886,-0.3416871177,1.193871661,0.08690479922,1.128039126,0.1381827703,1.096140013,-0.03800967625,0.9699448659,-0.05833653893,1.156406685,-1.658422094
2258,2015-01-16T16:02:00,2258,2259,2264,1,-0.9232195304,-1.454038695,5,5,2.143321984,0,-1.454038695,-0.5534564062,1.466186738,-0.471111867,1.27835796,-0.07127693949,1.109976468,0.1227592166,1.112142246,-0.05339455138,0.9831571084,-0.09271641153,1.138164607,0.09919514505
2259,2015-01-16T16:03:00,2259,2260,2265,1,-0.2638473841,0.330759375,5,5,1.985869866,0,0.330759375,-0.644522649,1.431082185,-0.5016962238,1.266733168,-0.01964717807,1.101312476,0.1367459698,1.112783763,-0.04668628334,0.9835829787,-0.08677904438,1.138031666,-0.173851425
2260,2015-01-16T16:04:00,2260,2261,2266,1,1.341418903,-0.5351427739,5,5,1.93821271,0,-0.5351427739,-0.3866570356,1.199805404,-0.4660327506,1.246484651,-0.04830900304,1.107761482,0.09663351114,1.103113373,-0.04751773504,0.9840071452,-0.1063989257,1.126908239,-1.102628501
2261,2015-01-16T16:05:00,2261,2262,2267,1,0.7675747949,0.303578544,5,5,1.403595623,0,0.303578544,-0.603410166,1.035866888,-0.2712449949,1.13691163,-0.1270396172,1.027308843,0.1009869051,1.103967494,-0.04225136484,0.984504344,-0.09122940277,1.11871298,-1.022414675
2262,2015-01-16T17:00:00,2262,2263,2268,1,0.5483112786,0.05771280498,5,5,1.6628362,0,0.05771280498,-0.259426149,0.7218723958,-0.1713795777,1.097435222,-0.1294460324,1.027117267,0.08057252991,1.0953164,-0.0381681828,0.9840662158,-0.1190669023,1.074855528,-0.08999595914
2263,2015-01-16T17:01:00,2263,2264,2269,1,2.19380541,-1.46391985,5,5,1.372916602,0,-1.46391985,-0.26140238,0.7258555752,-0.4074293931,1.156842657,-0.1750776561,1.070946805,0.001865450711,1.087367259,-0.07304608481,0.9865017889,-0.1048245455,1.043682759,2.444047404
2264,2015-01-16T17:02:00,2264,2265,2270,1,3.419372072,0.3837923695,5,5,1.512431599,0,0.3837923695,-0.2507957811,0.7310576446,-0.447659215,1.136318947,-0.2460657245,0.9958170432,-0.002764281618,1.085337029,-0.05562695427,0.9809599123,-0.09841142601,1.043676646,1.78998947
2265,2015-01-16T17:03:00,2265,2266,2271,1,3.063357232,0.9901315213,5,5,1.563747559,0,0.9901315213,0.05425907796,0.820513137,-0.1661989788,1.027807087,-0.2253750882,1.011959701,0.05397989456,1.077742455,-0.02850798374,0.9783404109,-0.1045511556,1.035653952,0.6383072378
2266,2015-01-16T17:04:00,2266,2267,2272,1,1.225045967,1.070123513,5,5,1.688698216,0,1.070123513,0.2075680719,0.9401290806,-0.1979210471,0.9891569387,-0.1988957624,1.032817332,0.08415606619,1.090728751,-0.02326218973,0.9829424125,-0.09318054259,1.039903903,-0.2502419943
2267,2015-01-16T17:05:00,2267,2268,2273,1,1.850081599,-0.2702655644,5,5,1.70858693,0,-0.2702655644,0.141972398,0.9475152926,-0.05872687549,0.8422840927,-0.2002069966,1.033143755,0.05922761468,1.085498367,-0.02595347935,0.9833875476,-0.07920440058,1.024893011,1.629382602
2268,2015-01-16T18:00:00,2268,2269,2274,1,1.293067664,-0.1615507113,5,5,1.461029613,0,-0.1615507113,0.4024462257,0.6887617083,0.07052192287,0.7075517673,-0.2002949721,1.033157436,0.01556040881,1.056476524,-0.005737852873,0.9632370668,-0.1048201194,0.9899203768,2.425049995
2269,2015-01-16T18:01:00,2269,2270,2275,1,1.36858427,0.1815742813,5,5,1.592163055,0,0.1815742813,0.3620026081,0.6719577503,0.0556034135,0.7021297949,-0.2230464051,1.024109166,0.004909741612,1.052491047,-0.02071340868,0.9510236136,-0.1046189341,0.9899548249,1.475287962
2270,2015-01-16T18:02:00,2270,2271,2276,1,1.59804333,1.609359032,5,5,2.061011156,0,1.609359032,0.4858481102,0.879467129,0.2700535941,0.850501099,-0.09798957826,1.067022986,0.05037432798,1.082309542,0.01808879184,0.9533574335,-0.07802276037,0.9903198298,0.2206989968
2271,2015-01-16T18:03:00,2271,2272,2277,1,2.409888482,0.6341166812,5,5,1.205149157,0,0.6341166812,0.3986467438,0.790474767,0.3031074078,0.8685312446,0.01593120644,1.011660659,0.0252590298,1.055609188,0.01228710157,0.9480715849,-0.07570635388,0.991477292,-1.131982331
2272,2015-01-16T18:04:00,2272,2273,2278,1,2.268157054,-0.7681877516,5,5,0.917018926,0,-0.7681877516,0.2990623063,0.8533839385,0.2205173522,0.9016788165,0.02456888722,1.00433778,0.03416724053,1.04759255,0.0002163899003,0.9516978036,-0.0709922575,0.9864673709,-0.1067036913
2273,2015-01-16T18:05:00,2273,2274,2279,1,0.8465672693,0.3547700672,5,5,0.6805935111,0,0.3547700672,0.402326462,0.8649952487,0.4023863439,0.7818597927,-0.002521524603,0.9873169877,0.06685259549,1.038223688,-0.01290259876,0.9394954132,-0.08278511284,0.9736846498,1.377344333
2274,2015-01-16T19:00:00,2274,2275,2280,1,1.565636642,-0.7185646465,5,5,-0.5377891428,0,-0.7185646465,0.2222986764,0.9191789633,0.2921506423,0.8051140244,-0.07775428638,0.9847409157,-0.003801416396,0.989832208,-0.02167950547,0.9429222947,-0.09763443983,0.9710519546,3.541870813
2275,2015-01-16T19:01:00,2275,2276,2281,1,4.538451301,0.2570908881,5,5,0.03383574532,0,0.2570908881,-0.04815495233,0.5831824866,0.2188465789,0.7461783445,0.02632380007,0.8981006429,0.01657512355,0.9867304142,-0.01401992997,0.9425217982,-0.08976754056,0.9693092088,2.374860746
2276,2015-01-16T19:02:00,2276,2277,2282,1,1.793930176,1.838818091,5,5,-0.0914376677,0,1.838818091,0.1927853297,0.9674354832,0.2957160367,0.8833973544,0.04889749483,0.9377692507,0.09554521865,1.007278091,0.01424975757,0.9635242328,-0.08947973536,0.9698499087,-0.5307770635
2277,2015-01-16T19:03:00,2277,2278,2283,1,1.850462724,1.445961834,5,5,-0.05627867554,0,1.445961834,0.6356152467,1.111786875,0.4673387765,0.9910434403,0.2043059505,0.9196764631,0.1456053749,1.029144564,0.03725454741,0.9759966265,-0.07217221816,0.9770951058,-1.976234171
2278,2015-01-16T19:04:00,2278,2279,2284,1,2.440539273,-0.9099191791,5,5,-0.4727747442,0,-0.9099191791,0.3826773975,1.173238372,0.3925019297,1.03070487,0.2315119263,0.8840198052,0.0801174934,1.003378985,0.02956231171,0.9807315644,-0.07613203495,0.9798160309,2.163590556
2279,2015-01-16T19:05:00,2279,2280,2285,1,2.918279692,-1.066819718,5,5,-0.7496578677,0,-1.066819718,0.3130263832,1.225088613,0.2676625298,1.082989399,0.1616329716,0.9126478748,0.07099289679,1.011388974,0.02144692969,0.9868540654,-0.06870444695,0.9682826922,2.32470724
2280,2015-01-16T20:00:00,2280,2281,2286,1,2.176203738,0.0005047257304,5,5,-0.3396863025,0,0.0005047257304,0.2617091507,1.219681522,0.1067770992,0.9559615127,0.1884153466,0.9047691787,0.0700531718,1.011371042,0.0255663664,0.9861681013,-0.06935298677,0.9682562909,3.826696895
2281,2015-01-16T20:01:00,2281,2282,2287,1,1.527254054,3.229905548,5,5,0.02366731523,0,3.229905548,0.539926642,1.702301557,0.3663559859,1.384514717,0.3347316968,1.155687571,0.1038460398,1.093384018,0.08208937513,1.040224707,-0.02519137976,0.9943672259,0.2769487174
2282,2015-01-16T20:02:00,2282,2283,2288,1,0.866771686,-0.9057030339,5,5,0.2182838301,0,-0.9057030339,0.06959366855,1.625954816,0.3526044576,1.392802771,0.2865609049,1.173227226,0.07855743624,1.102595122,0.07879398559,1.042673469,-0.02359213994,0.9927549542,0.5935724518
2283,2015-01-16T20:03:00,2283,2284,2289,1,-2.722346558,1.502494381,5,5,-0.08514221228,0,1.502494381,0.5520763805,1.711618051,0.467376889,1.467331699,0.4348816164,1.175663015,0.1299019801,1.124524474,0.09993058063,1.055908491,-0.002965681322,0.9982437478,-1.650493157
2284,2015-01-16T20:04:00,2284,2285,2290,1,-3.146218071,-0.3198426296,5,5,-0.1399258736,0,-0.3198426296,0.7014717982,1.649992531,0.5072490907,1.453154751,0.3996998665,1.174705777,0.07681707098,1.088941056,0.1121409628,1.04652017,-0.01282893528,0.9955530647,1.250305337
2285,2015-01-16T20:05:00,2285,2286,2291,1,-3.339847605,-0.5890792995,5,5,-0.4604037861,0,-0.5890792995,0.5835549932,1.670891434,0.4226320719,1.462788638,0.3207393254,1.161148725,0.04768211864,1.089111748,0.1109796379,1.04712215,-0.01096779647,0.9942421875,0.2731992342
2286,2015-01-16T21:00:00,2286,2287,2292,1,-4.332025191,-0.7415712278,5,5,-0.5201409241,0,-0.7415712278,-0.210740362,0.9029982242,0.16459314,1.362577775,0.2301545884,1.148261529,0.015629413,1.092065973,0.1051675709,1.049944051,-0.01134842912,0.9945173071,-1.071853401
2287,2015-01-16T21:01:00,2287,2288,2293,1,-6.639780216,2.580955864,5,5,0.1212172727,0,2.580955864,0.4865914176,1.408407906,0.2780925431,1.521075589,0.3727156598,1.283712983,0.0862543316,1.165183471,0.1271042477,1.084951739,0.02164403344,1.014272421,-4.396523407
2288,2015-01-16T21:02:00,2288,2289,2294,1,-4.447345203,-1.566185402,5,5,0.3362230104,0,-1.566185402,-0.127144539,1.422217388,0.2124659208,1.573584865,0.3024839253,1.33013568,0.05109447659,1.1909398,0.1060456379,1.098911483,0.02329461791,1.011558881,-3.61304684
2289,2015-01-16T21:03:00,2289,2290,2295,1,-3.952648504,-2.086623863,5,5,0.08804169417,0,-2.086623863,-0.4805007856,1.695005094,0.1104855063,1.672650235,0.1890740181,1.409011151,-0.01698619354,1.231688274,0.08789113105,1.121161367,0.01473231609,1.024786033,-3.26017179
2290,2015-01-16T21:04:00,2290,2291,2296,1,-2.600193597,-0.7437141426,5,5,0.2769576819,0,-0.7437141426,-0.5114277542,1.70712083,0.03606361947,1.68910327,0.07142035932,1.372394308,-0.01328460947,1.229228251,0.06530997096,1.117943632,0.01125038335,1.026601518,-2.243256809
2291,2015-01-16T21:05:00,2291,2292,2297,1,-2.617837971,-0.7827088342,5,5,-0.3483923471,0,-0.7827088342,-0.5196552755,1.710790044,-0.3651978188,1.367883103,0.0005790835527,1.376224034,0.008255144994,1.207776859,0.05418266831,1.12129902,7.013924211e-05,1.027819384,-0.8342983637
2292,2015-01-16T22:00:00,2292,2293,2298,1,0.8114987985,-1.733748813,5,5,-0.5966652975,0,-1.733748813,-1.382596211,1.481793822,-0.4480023967,1.445566629,-0.04769896952,1.419429892,-0.01156504115,1.229527469,0.04301473902,1.13404517,-0.02465299953,1.033824008,-0.6924767141
2293,2015-01-16T22:01:00,2293,2294,2299,1,0.8657710836,0.2732008383,5,5,-0.3468303085,0,0.2732008383,-1.014718963,1.311508035,-0.5709317509,1.367983119,-0.05177743097,1.418527428,-0.02714947779,1.222091424,0.0386567486,1.132324101,-0.01761122417,1.032806529,-0.3569367874
2294,2015-01-16T22:02:00,2294,2295,2300,1,-0.1111487285,0.6262496111,5,5,-0.08797543846,0,0.6262496111,-0.4721442681,0.963167282,-0.4763225269,1.378537899,0.01546328191,1.41633779,-0.03114550223,1.219780186,0.05103348766,1.133757042,-0.01490806361,1.034020398,-1.783539607
2295,2015-01-16T22:03:00,2295,2296,2301,1,2.429177681,-1.591927164,5,5,-0.1904835249,0,-1.591927164,-0.6417868723,1.150615264,-0.5766073133,1.455708936,-0.07698762067,1.459253081,-0.0253319103,1.21161139,0.03967772913,1.145095565,-0.02768950296,1.044168856,1.503975513
2296,2015-01-16T22:04:00,2296,2297,2302,1,2.646794677,0.608740765,5,5,0.2569701459,0,0.608740765,-0.3634969525,1.129381214,-0.441576114,1.449535184,-0.138491487,1.406728553,-0.04479699607,1.195469863,0.0682133108,1.131743364,-0.01746076027,1.044120034,1.222707871
2297,2015-01-16T22:05:00,2297,2298,2303,1,3.737225338,-0.8003532083,5,5,0.7647773618,0,-0.8003532083,-0.1768178315,0.8957890315,-0.7797070212,1.224367371,-0.2508072391,1.380714743,-0.02325064428,1.173068199,0.057466063,1.135255902,-0.03308999893,1.042061272,1.672390878
2298,2015-01-16T23:00:00,2298,2299,2304,1,1.112122329,1.695587956,5,5,0.8457340773,0,1.695587956,0.107659592,1.16726773,-0.4535296854,1.24148445,-0.1205318823,1.417295482,0.05549002199,1.181147218,0.08912461928,1.147163703,-0.01709969359,1.053297133,0.925202168
2299,2015-01-16T23:01:00,2299,2300,2305,1,0.5630422318,0.3274731234,5,5,0.9549341191,0,0.3274731234,0.04790429448,1.142595277,-0.2121199868,1.056696546,-0.05081724026,1.398993638,0.0554078657,1.181124325,0.09607691777,1.147462935,-0.01265490033,1.053553609,1.424086806
2300,2015-01-16T23:02:00,2300,2301,2306,1,1.067867254,-0.350670201,5,5,0.9389107864,0,-0.350670201,0.296155687,0.9073430806,-0.1728155926,1.03614356,-0.06837598659,1.401189376,0.06001968002,1.179393686,0.07832659558,1.141890665,-0.01167193002,1.053171336,2.06483446
2301,2015-01-16T23:03:00,2301,2302,2307,1,-0.6797711104,0.9483992456,5,5,0.4103243293,0,0.9483992456,0.3640873831,0.9638727239,0.0002952153285,1.04989346,-0.1824513017,1.219299074,0.07614019756,1.187919188,0.08856355135,1.14671187,-0.002787510706,1.056669233,0.1869201615
2302,2015-01-16T23:04:00,2302,2303,2308,1,-0.05797273817,0.826357761,5,5,0.006313683369,0,0.826357761,0.689429577,0.9682515201,0.2563058727,0.9327242344,-0.09584826197,1.216477985,0.09535632146,1.195048286,0.08796442569,1.146267513,0.006339985291,1.059073973,-0.8610445738
2303,2015-01-16T23:05:00,2303,2304,2309,1,-0.2506202607,0.290077453,5,5,-0.1767312186,0,0.290077453,0.4083274764,0.615902824,0.2579935342,0.9332336902,-0.1564691084,1.17096177,0.139206254,1.173314747,0.07053585237,1.131157604,-0.002295305194,1.052463626,-0.9969672057
2304,2015-01-17T00:00:00,2304,2305,2310,1,-0.4078129029,-0.9295150525,5,5,0.3488903505,0,-0.9295150525,0.1569298412,0.7284834973,0.1024170679,0.9581785253,-0.1869527295,1.187112637,0.1063735685,1.1809255,0.05180464343,1.134138771,-0.001626780017,1.051847539,-0.8666912719
2305,2015-01-17T00:01:00,2305,2306,2311,1,0.216042109,-0.2216069743,5,5,0.2123504573,0,-0.2216069743,0.1827424865,0.7182730805,0.2394490868,0.8182871391,-0.1685791132,1.180822245,0.07608010609,1.171026801,0.06503000033,1.125351627,0.006354712869,1.046518623,0.8030718357
2306,2015-01-17T00:02:00,2306,2307,2312,1,1.671776377,0.1541548211,5,5,0.4550415687,0,0.1541548211,0.02389360166,0.5837608535,0.1939904924,0.7968147093,-0.1237928108,1.169629414,0.05318088879,1.158994716,0.06866847749,1.125379483,0.002218836441,1.044927481,0.746346945
2307,2015-01-17T00:03:00,2307,2308,2313,1,4.019696687,-0.7992391187,5,5,0.04429313889,0,-0.7992391187,-0.3012257743,0.5761596463,0.1941019013,0.7967028757,-0.2928025599,1.032911161,0.03995654993,1.16508036,0.04959208231,1.125992662,-0.003983469592,1.047459527,0.458878369
2308,2015-01-17T00:04:00,2308,2309,2314,1,1.721922942,1.448156133,5,5,0.08429067849,0,1.448156133,-0.06961003823,0.8570660357,0.1693587191,0.7462903182,-0.1420854832,1.024263852,0.08019922104,1.187092534,0.04787981493,1.12368397,0.02290783843,1.043206591,-0.5870297266
2309,2015-01-17T00:05:00,2309,2310,2315,1,0.6931285391,0.09742993046,5,5,-0.006323909825,0,0.09742993046,0.1357789584,0.7507736418,0.1463543998,0.7397125344,-0.03288279351,0.9120806498,0.07809561227,1.186845301,0.04150267694,1.121681588,0.01222293163,1.035614728,0.9254294323
2310,2015-01-17T01:00:00,2310,2311,2316,1,2.444585061,-1.086707695,5,5,-0.2015083033,0,-1.086707695,-0.0372411857,0.8888339855,0.07275065042,0.8080662324,-0.05003247111,0.9291298382,0.0106939441,1.17191049,0.03053413604,1.128000031,0.01562384259,1.031367214,3.560818318
2311,2015-01-17T01:01:00,2311,2312,2317,1,1.354962598,0.4022480376,5,5,0.4908088914,0,0.4022480376,0.01237745758,0.9042310594,0.01813552962,0.7610553669,0.009215372474,0.9169191755,0.004897228013,1.169344553,0.01507812891,1.113929405,0.009823810382,1.027139417,2.308952668
2312,2015-01-17T01:02:00,2312,2313,2318,1,-2.5215971,1.609889089,5,5,0.05965657343,0,1.609889089,0.4942030992,1.099193227,0.09648866246,0.8775493402,0.1763972676,0.9055571053,0.06434914904,1.19054922,0.04925819479,1.121351327,0.02159397628,1.037443149,-0.2323008931
2313,2015-01-17T01:03:00,2313,2314,2319,1,-4.509754547,1.548681191,5,5,0.5801676278,0,1.548681191,0.5143081107,1.126266931,0.2223490362,1.000759559,0.2401712852,0.9675858658,0.09419692713,1.214175126,0.08052476131,1.129630396,0.0227972432,1.039154223,-1.116233257
2314,2015-01-17T01:04:00,2314,2315,2320,1,-3.555774139,-0.8496176119,5,5,0.4773573112,0,-0.8496176119,0.3248986022,1.187833616,0.2303387803,0.9936321654,0.1663779241,0.9760663314,0.09092060299,1.216289073,0.0435595933,1.108856823,0.01585386402,1.042043508,-0.9539900706
2315,2015-01-17T01:05:00,2315,2316,2321,1,-1.529345035,-0.9313644721,5,5,0.0008022056889,0,-0.9313644721,0.3559672468,1.16114165,0.1593630305,1.033991244,0.1994060587,0.9323979127,0.06120921899,1.224496921,0.03889217127,1.111986875,0.01105645301,1.045001976,-2.289296207
2316,2015-01-17T02:00:00,2316,2317,2322,1,-3.030917167,0.6647488273,5,5,-0.1998371824,0,0.6647488273,0.4084674047,1.185017905,0.2104224311,1.054016424,0.2022064618,0.9343083815,0.03185748739,1.194114185,0.06370135302,1.104653303,0.02011900084,1.046050761,-3.39352129
2317,2015-01-17T02:01:00,2317,2318,2323,1,-3.179334853,-0.6873744259,5,5,-0.1324478892,0,-0.6873744259,-0.05098529834,0.9901593712,0.2216089004,1.046097828,0.2078554009,0.9298000155,-0.02147591909,1.177051671,0.06206472789,1.105574323,0.01767772524,1.047312348,-2.601784068
2318,2015-01-17T02:02:00,2318,2319,2324,1,-0.4701019372,-2.266670608,5,5,-0.6791840375,0,-2.266670608,-0.8140556582,1.236241086,-0.1498737737,1.182533133,0.009742472677,0.9887704109,-0.05539470482,1.221964281,0.01236139429,1.118026407,0.001243306201,1.067218426,0.7599511723
2319,2015-01-17T02:03:00,2319,2320,2325,1,0.8251788303,-0.4394762562,5,5,-0.9522015751,0,-0.4394762562,-0.732027387,1.192706956,-0.2035643924,1.19027278,-0.0286049963,0.9909399387,-0.03971111828,1.212259288,0.01564088926,1.116351252,0.001060913701,1.067291662,0.3626041235
2320,2015-01-17T02:04:00,2320,2321,2326,1,0.8975039838,0.1043627965,5,5,-0.8239349446,0,0.1043627965,-0.5248819333,1.118588506,-0.08445734328,1.140063634,-0.005853346429,0.9881083252,-0.03711466651,1.212371587,0.01646925264,1.116404104,0.004672688767,1.066911417,-0.5775507854
2321,2015-01-17T02:05:00,2321,2322,2327,1,-1.188778535,1.095064632,5,5,-1.416746564,0,1.095064632,-0.4388187724,1.184354404,-0.01517568383,1.184686201,0.001479922893,0.9956622586,-0.09048568941,1.113111307,0.006680175212,1.103291755,0.02456435361,1.065074593,-1.230053109
2322,2015-01-17T03:00:00,2322,2323,2328,1,-0.1593842945,-0.836823305,5,5,-1.954605009,0,-0.836823305,-0.4687085482,1.203433954,-0.2598469233,1.101968435,-0.08167913041,0.9960992109,-0.08876369619,1.111762638,-0.005103129976,1.107188368,0.02294142499,1.066200746,0.4625747069
2323,2015-01-17T03:01:00,2323,2324,2329,1,1.515147527,-0.8357921124,5,5,-1.131051556,0,-0.8357921124,-0.182532849,0.7486012584,-0.4982942536,1.021933429,-0.1379726087,1.011401905,-0.1472208585,1.094094439,-0.008659439189,1.109413794,0.01754676758,1.068788742,1.475054769
2324,2015-01-17T03:02:00,2324,2325,2330,1,1.179121748,0.442562308,5,5,-1.418193468,0,0.442562308,-0.006125136191,0.7489647838,-0.3690762616,0.9958659874,-0.06936874066,0.9947497034,-0.1281607351,1.095162861,-0.02567183205,1.092056389,0.03204039685,1.062981753,0.04127457466
2325,2015-01-17T03:03:00,2325,2326,2331,1,-0.1977379085,0.8558045113,5,5,-1.602004146,0,0.8558045113,0.1441632068,0.8397917605,-0.1903593633,0.9890628003,-0.01549816637,1.011776437,-0.09203863981,1.099552803,-0.02217826059,1.094344728,0.04330687867,1.064885903,-0.6219590013
2326,2015-01-17T03:04:00,2326,2327,2332,1,0.3995530907,0.17668795,5,5,-0.3988060112,0,0.17668795,-0.03951212964,0.6867755221,-0.239165451,0.9680795348,-0.01437150993,1.011960624,-0.06908216037,1.093640085,-0.02672637368,1.092853312,0.04708432714,1.06470867,0.04009275738
2327,2015-01-17T03:05:00,2327,2328,2333,1,2.041167533,-0.9912178866,5,5,-0.3815013444,0,-0.9912178866,-0.07039104595,0.7267107737,-0.2695497971,0.9940728924,-0.02397044833,1.020416969,-0.1583865041,1.026683071,-0.03606608626,1.098118994,0.03194066373,1.065882839,1.137847173
2328,2015-01-17T04:00:00,2328,2329,2334,1,0.3988390802,0.1925709353,5,5,-0.1860467239,0,0.1925709353,0.1352815636,0.6291387531,-0.02362564272,0.6914547761,-0.08674970822,0.9686315912,-0.1144175957,0.996835894,-0.03166155955,1.098184731,0.03255789338,1.065972903,0.4242210928
2329,2015-01-17T04:01:00,2329,2330,2335,1,-0.708526853,0.8387397087,5,5,-0.07128037113,0,0.8387397087,0.2145170437,0.705223476,0.1041959538,0.7274229851,-0.04968421931,0.9863806288,-0.04128350641,0.9499573297,-0.02913484998,1.09988066,0.04483291856,1.06714956,0.3594603333
2330,2015-01-17T04:02:00,2330,2331,2336,1,-0.7082203999,0.1065365291,5,5,-0.004081037454,0,0.1065365291,0.06466344728,0.5942473267,0.104413327,0.7274544956,0.009977991872,0.9562779752,-0.02002723962,0.9428016287,-0.01665592454,1.095417045,0.0368642341,1.062774802,0.9033203596
2331,2015-01-17T04:03:00,2331,2332,2337,1,0.5019055123,-0.5210551449,5,5,0.6901244506,0,-0.5210551449,-0.0748851717,0.6333923363,-0.05719865067,0.6606233683,-0.03618716725,0.9591414467,-0.01348589739,0.9382678427,-0.002615376198,1.081450758,0.03162647975,1.063793452,-0.0253820126
2332,2015-01-17T04:04:00,2332,2333,2338,1,-0.7034932905,0.7739789492,5,5,0.7335097752,0,0.7739789492,0.2781541955,0.5696419531,0.1038815748,0.6529167265,-0.07798267426,0.9057137194,0.04920729667,0.9056354158,0.01882112776,1.079794727,0.0450789249,1.063373939,-1.067987186
2333,2015-01-17T04:05:00,2333,2334,2339,1,-1.27213163,0.6503965554,5,5,-0.04133647637,0,0.6503965554,0.3697193195,0.6337810171,0.2525004415,0.6314641511,-0.122896906,0.849439494,0.0586371896,0.9104311785,0.01574385591,1.077588136,0.0453168956,1.063516285,-1.611540759
2334,2015-01-17T05:00:00,2334,2335,2340,1,-0.2847724047,-1.449757517,5,5,-0.0461452759,0,-1.449757517,-0.08798012569,0.8254337584,0.06326845901,0.7676851701,-0.1529039013,0.8891258587,0.006737011389,0.9336086642,-0.01220424542,1.086160403,0.03626799557,1.071204182,0.5272875249
2335,2015-01-17T05:01:00,2335,2336,2341,1,0.7179637725,-0.2686262245,5,5,-0.382414524,0,-0.2686262245,-0.1630126764,0.8327682108,-0.04917461456,0.7234061024,-0.1197669889,0.8664760851,0.03981953487,0.9000407417,0.007243812283,1.067257114,0.03972499771,1.069666777,0.3644938958
2336,2015-01-17T05:02:00,2336,2337,2342,1,0.1472206989,0.1068429822,5,5,-0.5535438561,0,0.1068429822,-0.03743305098,0.8009283892,-0.05615911134,0.7220360574,-0.1476622812,0.8539654718,0.0272720903,0.8950388759,-0.008762452889,1.055993083,0.0545662373,1.058738349,0.33940913
2337,2015-01-17T05:03:00,2337,2338,2343,1,-0.5170061261,0.6890707672,5,5,-0.1625432039,0,0.6890707672,-0.05441468739,0.7852651185,0.111869754,0.6859785933,-0.07884002152,0.8540338243,0.06450768968,0.8927210768,0.0206285227,1.042362682,0.05981327189,1.060591478,-0.8120599296
2338,2015-01-17T05:04:00,2338,2339,2344,1,0.09797550168,-0.4314198535,5,5,-0.7860045231,0,-0.4314198535,-0.2707779692,0.7544950553,0.04947067515,0.6967571909,0.01292251621,0.6941110467,0.01133249445,0.8542414971,0.03341125822,1.030736941,0.063193911,1.058567847,0.3534698767
2339,2015-01-17T05:05:00,2339,2340,2345,1,-1.09692511,0.08175821634,5,5,0.04932755725,0,0.08175821634,0.03552517753,0.3876084337,-0.02622747408,0.6448182641,0.03898423984,0.6873626383,0.00518962177,0.8527688311,0.03029874373,1.030113914,0.06578115244,1.058388249,-0.1921884311
2340,2015-01-17T06:00:00,2340,2341,2346,1,1.424611961,-0.4623982924,5,5,-0.1942740721,0,-0.4623982924,-0.003229236039,0.4225762941,-0.08312095622,0.6603308327,0.0106461854,0.6947038404,0.002396419485,0.854099376,0.03120804975,1.029673543,0.05301653688,1.054721816,0.2950538034
2341,2015-01-17T06:01:00,2341,2342,2347,1,0.8353025445,0.7341099527,5,5,-0.4471955723,0,0.7341099527,0.1222241581,0.5329832308,0.04239555354,0.6802784022,-0.007401548564,0.6705229076,-0.002960812836,0.8488063097,0.03658969236,1.032381748,0.05805542996,1.056782597,-0.255494375
2342,2015-01-17T06:02:00,2342,2343,2348,1,1.62350627,-0.4639000914,5,5,0.1630073976,0,-0.4639000914,-0.1083700136,0.4818174746,-0.08139235052,0.6514558255,0.01124461212,0.652186685,-0.03521725915,0.8418910589,0.03006953116,1.033663621,0.04690386407,1.054615092,-0.9047366786
2343,2015-01-17T06:03:00,2343,2344,2349,1,1.221185937,0.02484394211,5,5,0.06062556566,0,0.02484394211,-0.01711725452,0.4416411497,-0.1439476118,0.618186741,0.05427641484,0.6248607129,-0.04184809692,0.8406499642,0.04867907856,1.020627223,0.03307453594,1.043348362,1.129558157
2344,2015-01-17T06:04:00,2344,2345,2350,1,1.256746535,0.1835617743,5,5,0.3057348649,0,0.1835617743,0.003243457068,0.4477153213,0.0193843173,0.4187417503,0.04132638816,0.6183385698,-0.01402117625,0.8282117964,0.04617619612,1.019931325,0.02986270354,1.042189408,1.090796919
2345,2015-01-17T06:05:00,2345,2346,2351,1,2.87344382,-1.113142395,5,5,1.149949272,0,-1.113142395,-0.1269053635,0.63679178,-0.06506729975,0.5404047073,-0.05712095716,0.6384957466,-0.03630956176,0.8459811985,0.01988527216,1.02151553,0.0312501463,1.040595464,2.528242948
2346,2015-01-17T07:00:00,2346,2347,2352,1,0.873204991,2.059138778,5,5,1.46093442,0,2.059138778,0.1381004016,1.070388148,0.1301622798,0.8455181583,0.03700158424,0.7862051336,0.01131503715,0.9061409427,0.03224796297,1.040278847,0.04955066404,1.057362973,0.09162777987
2347,2015-01-17T07:01:00,2347,2348,2353,1,0.860870596,0.1448005366,5,5,1.345184681,0,0.1448005366,0.2598405272,1.052085343,0.07573525676,0.8182394658,0.0938025054,0.7550107463,0.03491602854,0.8975778567,0.03743628923,1.039965926,0.04470006438,1.055361701,0.1659496155
2348,2015-01-17T07:02:00,2348,2349,2354,1,-0.4990681,0.3243036339,5,5,1.513670923,0,0.3243036339,0.3197324655,1.061976786,0.1513076055,0.8132778118,0.1003891403,0.7572619699,0.006819716053,0.8693942864,0.04350946855,1.040441038,0.0341931153,1.04581352,0.3452008712
2349,2015-01-17T07:03:00,2349,2350,2355,1,0.3960096083,-0.3774763907,5,5,1.70370983,0,-0.3774763907,0.2075248325,1.072172278,0.1053841448,0.8215845672,0.03957833536,0.7385092399,-0.005052941975,0.8713043792,0.03652133515,1.04109872,0.0259841373,1.044909963,0.7815772111
2350,2015-01-17T07:04:00,2350,2351,2356,1,0.1284686325,0.2191223722,5,5,1.165938069,0,0.2191223722,0.473977786,0.9546408318,0.1735362113,0.811431725,0.04520762752,0.7397493673,0.0275928097,0.8548966874,0.0191433769,1.025724754,0.02955369393,1.044926869,0.6949209805
2351,2015-01-17T07:05:00,2351,2352,2357,1,-0.6548732965,0.5035548897,5,5,1.054198214,0,0.5035548897,0.1628610084,0.3377012315,0.150480705,0.7936538633,0.09643812925,0.7391431388,0.030125481,0.8562373779,0.01751135451,1.024819284,0.02009391294,1.035184346,-0.8442689712
2352,2015-01-17T08:00:00,2352,2353,2358,1,-0.7860560514,0.05889994919,5,5,0.6606704538,0,0.05889994919,0.1456808909,0.332479358,0.202760709,0.7802006445,0.06068417925,0.7187168212,-0.008649247505,0.8175791126,0.02784995077,1.021235294,0.02995571402,1.030095983,-0.3855676028
2353,2015-01-17T08:01:00,2353,2354,2359,1,-1.641859605,0.1324661416,5,5,0.8749686076,0,0.1324661416,0.1073133924,0.3049875568,0.213522929,0.7812848721,0.03478765856,0.7044717518,-0.04405462374,0.7803293866,0.0250711517,1.020572189,0.03899829963,1.026489749,-0.566452348
2354,2015-01-17T08:02:00,2354,2355,2360,1,0.1910905393,-1.035635062,5,5,0.5536077772,0,-1.035635062,-0.02431834186,0.528230746,0.09160324534,0.8451571198,0.05549378132,0.6669464786,-0.04870505999,0.7859269679,0.0211077715,1.023972731,0.01280470887,1.012720446,0.1893956747
2355,2015-01-17T08:03:00,2355,2356,2361,1,-1.045609888,0.5176013176,5,5,1.040156376,0,0.5176013176,0.0353774472,0.5683370682,0.2546776166,0.7856036344,0.09480515843,0.674244139,-0.01248091525,0.7763330358,0.02436415187,1.025203807,0.0217678091,1.012541786,-0.4004884485
2356,2015-01-17T08:04:00,2356,2357,2362,1,-0.1175150178,-0.04841860355,5,5,0.3502986685,0,-0.04841860355,-0.07501725144,0.5222665889,0.04392187846,0.4397752333,0.08704207914,0.6739077132,-0.03031010102,0.7692231903,0.0007736931876,1.004393599,0.03236420168,1.005356016,-1.075407257
2357,2015-01-17T08:05:00,2357,2358,2363,1,-0.2482208443,-0.2797870393,5,5,0.5270982076,0,-0.2797870393,-0.1427546491,0.5363997638,0.001463120866,0.4462438963,0.03859918882,0.65903317,-0.02012041635,0.7627904339,-0.02079816772,0.991791279,0.03466967981,1.004396737,0.001694864606
2358,2015-01-17T09:00:00,2358,2359,2364,1,-0.1945084309,-0.07228280569,5,5,1.017740903,0,-0.07228280569,-0.1837044386,0.5340975675,-0.0381955231,0.4349009206,0.05655604121,0.6521348058,0.03473927871,0.6734500539,-0.01032771306,0.9865930466,0.0198206891,0.9922199129,-0.6451214396
2359,2015-01-17T09:01:00,2359,2360,2365,1,0.1303326777,-0.7233374125,5,5,0.5328185009,0,-0.7233374125,-0.1212449087,0.4188026,-0.07278162528,0.4766672523,0.01630125977,0.6716445751,0.0276427498,0.6795490533,-0.006034184237,0.9826900572,0.01964150944,0.9923485868,0.9578922397
2360,2015-01-17T09:02:00,2360,2361,2366,1,0.6046493844,0.7973150828,5,5,-0.4373743708,0,0.7973150828,-0.06530215565,0.4989545683,-0.01496235422,0.5347722339,0.07928692852,0.6871691155,0.04496655696,0.6909467487,0.003925945226,0.9867249551,0.02596835408,0.9950081504,-0.2499157089
2361,2015-01-17T09:03:00,2361,2362,2367,1,0.6544422541,-0.7190991099,5,5,-0.1465438904,0,-0.7190991099,-0.1994382569,0.5932179152,-0.1372277542,0.5588693429,0.006626475393,0.6863750422,-0.0003875365855,0.678495272,-0.045436613,0.9217843067,0.004324271279,0.9823205904,0.4506130087
2362,2015-01-17T09:04:00,2362,2363,2368,1,-0.6537418692,0.8796762667,5,5,0.4381936578,0,0.8796762667,0.0324544043,0.7007263405,-0.05515012242,0.623996038,0.0738052933,0.7064290839,0.04252495271,0.6798490725,-0.02311937174,0.9214691869,0.01077289759,0.9855500878,-0.8275595619
2363,2015-01-17T09:05:00,2363,2364,2369,1,0.2783684467,-0.4104928658,5,5,0.5788972389,0,-0.4104928658,-0.03518760773,0.7236527635,-0.1094460232,0.6359770176,0.05203845291,0.712345709,0.05315743387,0.6700325812,-0.04703171232,0.9071896991,0.01194618516,0.9849774265,0.8545650933
2364,2015-01-17T10:00:00,2364,2365,2370,1,-0.07847530348,-0.01857039225,5,5,0.3943361755,0,-0.01857039225,0.1057657963,0.6473784763,-0.007739556186,0.5452038652,0.04193184458,0.7111743147,0.04162911637,0.6663750794,-0.04326580936,0.9064870212,-0.003238182576,0.9711213556,0.2038292454
2365,2015-01-17T10:01:00,2365,2366,2371,1,0.002297451195,-0.3984963038,5,5,0.3533701895,0,-0.3984963038,-0.133396481,0.568960881,-0.09934931833,0.5351037962,0.07766414914,0.6721269013,0.01027159599,0.655527036,-0.04088352191,0.9051883951,-0.01136164173,0.9703773253,0.1738176927
2366,2015-01-17T10:02:00,2366,2367,2372,1,-1.015111788,1.271631789,5,5,0.8273937837,0,1.271631789,0.2647496988,0.7373637228,0.03265572097,0.669183366,0.03828879971,0.5662193184,0.03764519198,0.6850995653,-0.0157184842,0.9125267255,-0.00526918513,0.9760495444,-0.5761966466
2367,2015-01-17T10:03:00,2367,2368,2373,1,-1.102822148,-0.6693062401,5,5,-0.643601731,0,-0.6693062401,-0.04504680253,0.6917610581,-0.006296199115,0.6962581295,-0.002416539125,0.5847687568,0.04569298314,0.6752761383,-0.0563467605,0.8689292236,-0.008813063129,0.9777062463,-0.2823045489
2368,2015-01-17T10:04:00,2368,2369,2374,1,0.02249314857,-0.4285078566,5,5,0.0006851746274,0,-0.4285078566,-0.04864980068,0.6939425621,-0.0419187042,0.7089533136,-0.04005711365,0.5881129192,0.03016601334,0.6779832213,-0.04212579118,0.8524503059,-0.01105236859,0.9783797245,-0.1715202415
2369,2015-01-17T10:05:00,2369,2370,2375,1,0.4482810388,0.5216174501,5,5,0.07495608507,0,0.5216174501,0.05938776779,0.7320548207,0.08257678205,0.6910148884,0.004897578389,0.5935963466,0.02223795688,0.6699822834,-0.009522774769,0.8219778551,-0.01201058103,0.9778123869,-0.4389151416
2370,2015-01-17T11:00:00,2370,2371,2376,1,0.2709723781,-0.3754141424,5,5,0.1806107248,0,-0.3754141424,0.06400420007,0.7296105504,-0.03469614047,0.6542354467,-0.02482924734,0.5974970133,0.01018919009,0.6723956452,-0.004919024766,0.8188378395,-0.007707553,0.9750201551,-0.8205175987
2371,2015-01-17T11:01:00,2371,2372,2377,1,1.116076905,-0.3177235492,5,5,0.4896745045,0,-0.3177235492,-0.2538668676,0.4786561652,0.005441415603,0.6216176414,-0.06589316929,0.591076744,0.01527247998,0.6692175644,0.0008932912968,0.8149229083,0.003347242529,0.9638332556,0.1940133901
2372,2015-01-17T11:02:00,2372,2373,2378,1,-0.6641968972,0.25422255,5,5,0.8098686591,0,0.25422255,-0.06916110963,0.3904399786,-0.05710395608,0.5616835133,-0.05612703925,0.5936579085,0.002278570002,0.6591599129,0.02574293334,0.7920439688,0.01330694184,0.9602786219,0.8871961804
2373,2015-01-17T11:03:00,2373,2374,2379,1,0.6497090953,-0.7570165995,5,5,0.2406855378,0,-0.7570165995,-0.1348628582,0.4799316687,-0.09175632944,0.5966115512,-0.1006011763,0.6166085103,-0.03290675887,0.6619994351,0.01286521536,0.7959673934,-0.0004730156862,0.959276747,1.091489977
2374,2015-01-17T11:04:00,2374,2375,2380,1,-0.375490983,0.6968074396,5,5,0.7094999966,0,0.6968074396,-0.0998248603,0.5225184928,-0.02021854626,0.6359755639,-0.01397905122,0.5923310614,0.02075736505,0.6307430901,0.01374718822,0.7967000639,-0.001217041931,0.958701498,0.9220635145
2375,2015-01-17T11:05:00,2375,2376,2381,1,-0.5254082325,0.9474053403,5,5,-0.126867699,0,0.9474053403,0.1647390362,0.6514244357,0.1143716182,0.6916232178,0.007511149914,0.6183359718,0.05115815417,0.6468943241,0.04548884452,0.7837555752,0.02188192625,0.9480766078,-1.551393078
2376,2015-01-17T12:00:00,2376,2377,2382,1,1.288710597,-0.5527228031,5,5,0.02559653266,0,-0.5527228031,0.1177391855,0.6821031037,-0.06806384109,0.5892267681,-0.01770406006,0.6304738542,0.03466900954,0.6525522534,0.03097054992,0.7832365648,0.005714701253,0.9409334421,-0.4417808814
2377,2015-01-17T12:01:00,2377,2378,2383,1,0.02033347246,0.5273809773,5,5,-0.2147346599,0,0.5273809773,0.1723708709,0.7127166072,0.05160488065,0.5746339439,0.02265434077,0.6383492588,0.03062676479,0.6487736491,0.04756722724,0.7803390829,0.02396127006,0.9298650742,-1.297554497
2378,2015-01-17T12:02:00,2378,2379,2384,1,2.097824885,-1.526051252,5,5,-0.651162415,0,-1.526051252,0.01856394045,0.9268854408,-0.05814945887,0.7380552239,-0.05003408154,0.7236505767,0.003260979834,0.6888214435,0.00729673714,0.7759521623,0.02336116542,0.930826204,1.025984845
2379,2015-01-17T12:03:00,2379,2380,2385,1,3.211399909,0.5568893931,5,5,-0.5631362638,0,0.5568893931,-0.009419668849,0.9077629966,-0.05462226458,0.740627853,0.01397725874,0.7162510707,0.01513925925,0.6943061398,0.01016444051,0.777584624,0.02524558224,0.9317242737,1.730491478
2380,2015-01-17T12:04:00,2380,2381,2386,1,4.243311296,-0.3283926388,5,5,-1.73363767,0,-0.3283926388,-0.2645792647,0.8161413035,-0.04992011421,0.7383902839,-0.04230812734,0.6975830528,0.01848940059,0.6923956632,0.01044291004,0.7774630211,0.02696850003,0.9309255189,1.31788797
2381,2015-01-17T12:05:00,2381,2382,2387,1,4.02450656,0.7974880908,5,5,-0.3322661825,0,0.7974880908,0.005462914113,0.8556772633,0.06160104978,0.7737726485,0.03352123269,0.7018306789,0.02007385404,0.6941458782,0.008556520604,0.7753420702,0.03108441292,0.933356425,1.07184004
2382,2015-01-17T13:00:00,2382,2383,2388,1,2.855055673,1.261396026,5,5,-0.3805557376,0,1.261396026,0.1522659239,0.9973873003,0.1623183974,0.8668178554,0.05260722067,0.7303634587,0.06320625698,0.7184959403,0.01399449892,0.7826292134,0.04111510643,0.9404178818,1.480908431
2383,2015-01-17T13:01:00,2383,2384,2389,1,2.283528588,-0.740996147,5,5,-0.676776473,0,-0.740996147,0.3092769449,0.7992684156,0.1639204427,0.8654324412,0.03608205661,0.743276077,0.04406025476,0.7279751836,0.001106078919,0.7863333359,0.04713947062,0.9333287607,2.925423326
2384,2015-01-17T13:02:00,2384,2385,2390,1,1.03472615,0.5514401609,5,5,-0.8933357194,0,0.5514401609,0.3081870984,0.7985124239,0.1493837148,0.8548847142,0.06458258426,0.753423119,0.05325721442,0.7326033382,0.01961801909,0.7818703316,0.04853653555,0.9340284557,2.95266652
2385,2015-01-17T13:03:00,2385,2386,2391,1,-2.371858684,1.670464417,5,5,-0.61361716,0,1.670464417,0.7079585096,1.083579263,0.2216896225,0.9592264193,0.1680306203,0.8361991386,0.1228473847,0.7586117488,0.04326891148,0.8034849014,0.05420597635,0.9420686,1.374147242
2386,2015-01-17T13:04:00,2386,2387,2392,1,-3.102475706,0.7035187478,5,5,-0.5270240799,0,0.7035187478,0.689164641,1.070483206,0.3473137775,0.9690505336,0.1396249682,0.8019498491,0.08895688397,0.6941642014,0.05013596056,0.8071416687,0.05115093664,0.9391883196,-0.6418947374
2387,2015-01-17T13:05:00,2387,2388,2393,1,-4.415869259,0.5786833554,5,5,-0.3070706195,0,0.5786833554,0.5526221068,0.945878001,0.3524440154,0.9719739244,0.202024448,0.7984163949,0.09980395444,0.6997939835,0.06735999149,0.8047849489,0.05822551097,0.9403492033,-1.91794037
2388,2015-01-17T14:00:00,2388,2389,2394,1,-5.358014045,0.09194513859,5,5,-0.1196136636,0,0.09194513859,0.7192103639,0.886882696,0.5142436544,0.8442129224,0.2280470978,0.7929126597,0.09399499205,0.6980642133,0.05040735405,0.7883971306,0.06033797638,0.9402710167,-3.746005925
2389,2015-01-17T14:01:00,2389,2390,2395,1,-4.842486564,-1.312523231,5,5,0.04837097952,0,-1.312523231,0.3464176855,1.034546815,0.3273023919,0.924096641,0.1363400637,0.8374019998,0.07061882104,0.7258094557,0.03278293953,0.801863669,0.04788716378,0.9477292959,-2.460580968
2390,2015-01-17T14:02:00,2390,2391,2396,1,-2.598265271,-0.697362277,5,5,-0.4784436086,0,-0.697362277,-0.1271476533,0.780678979,0.2904054281,0.9443526058,0.120242657,0.847650298,0.0477067048,0.7333190672,0.03764975725,0.7964311648,0.0286644862,0.93843476,-2.497928889
2391,2015-01-17T14:03:00,2391,2392,2397,1,-2.136858824,-1.736120417,5,5,-0.597328451,0,-1.736120417,-0.6150754863,1.055127842,0.03704457733,1.062833255,0.04932281356,0.9296070784,-0.008285177865,0.7789547604,0.01092015157,0.8185086945,0.008912510383,0.9499613413,-1.61200812
2392,2015-01-17T14:04:00,2392,2393,2398,1,-1.91885322,-0.02709827413,5,5,-0.525612003,0,-0.02709827413,-0.7362318122,1.02296957,-0.0918048527,0.9851781397,0.03525677235,0.9278871595,-0.01043513345,0.778910872,-0.009542190476,0.7984791017,0.01508825603,0.9473727174,-2.381905596
2393,2015-01-17T14:05:00,2393,2394,2399,1,0.05891230415,-0.7347101976,5,5,-1.142728349,0,-0.7347101976,-0.9015628794,1.073655333,-0.09117625776,0.9847072384,0.03637209245,0.9269901984,-0.03211454193,0.7872473826,-0.03808458283,0.7837960171,0.006009253822,0.9491915207,-0.1003363825
2394,2015-01-17T15:00:00,2394,2395,2400,1,3.199108822,-0.8501996482,5,5,-1.427941474,0,-0.8501996482,-0.8090981628,0.9760943685,-0.2313402387,1.005745328,-0.04097826194,0.9333679711,-0.02747865658,0.7816750782,-0.03809185829,0.7838039062,0.004912295474,0.9500975803,-0.5248507043
2395,2015-01-17T15:01:00,2395,2396,2401,1,2.980298589,-0.7969957503,5,5,-1.692799119,0,-0.7969957503,-0.8290248575,0.9912304638,-0.4780862554,0.8921876205,-0.1281983165,0.9263136817,-0.06034358328,0.7875266379,-0.03641224926,0.7819498667,-0.003871759845,0.9525901355,0.4630523763
2396,2015-01-17T15:02:00,2396,2397,2402,1,1.135001326,1.546859016,5,5,-0.6859212115,0,1.546859016,-0.1724289708,0.926428397,-0.3937522286,0.9928656349,-0.02321922552,0.9810303527,-0.02046164279,0.8245962144,-0.0253858719,0.7973905045,-0.006304752138,0.9482566319,0.1592486866
2397,2015-01-17T15:03:00,2397,2398,2403,1,3.105431299,-1.27471397,5,5,-0.03972001964,0,-1.27471397,-0.42195211,1.087704855,-0.5790919611,1.055833461,-0.1133239729,1.01477032,-0.04533481606,0.8477171048,-0.03272761621,0.8063725987,-0.0289770505,0.9462071957,3.723959527
2398,2015-01-17T15:04:00,2398,2399,2404,1,2.741510552,0.1909073304,5,5,0.1930447015,0,0.1909073304,-0.2368286044,1.040399519,-0.5691957419,1.057158203,-0.02747604378,0.956629219,-0.03875506266,0.8481773458,-0.002007891973,0.765813223,-0.01980349626,0.9427153139,2.517246213
2399,2015-01-17T15:05:00,2399,2400,2405,1,-0.1501871152,1.243055326,5,5,-0.05778494252,0,1.243055326,0.1818223905,1.116647026,-0.3136378862,1.048727991,0.006832252887,0.988378723,0.01040475581,0.8631072055,0.01902375281,0.7767692592,-0.000554537554,0.9445128453,0.9757526391
2400,2015-01-17T16:00:00,2400,2401,2406,1,-2.188889418,2.28999687,5,5,0.556587731,0,2.28999687,0.7992209145,1.472642953,-0.01490197148,1.25523207,0.1377517283,1.110722601,0.04772180049,0.9274499481,0.04634417873,0.8177930104,0.01852456365,0.9673702635,-0.6185282273
2401,2015-01-17T16:01:00,2401,2402,2407,1,-1.359100351,-1.015805984,5,5,0.4816962384,0,-1.015805984,0.2866879146,1.377132914,0.05712947187,1.173619325,0.0470870246,1.119597438,0.04030412865,0.9343620085,0.01995829603,0.8165133793,-0.01685636578,0.9259958565,0.224264339
2402,2015-01-17T16:02:00,2402,2403,2408,1,-0.1397643487,-0.2984382472,5,5,0.4475934459,0,-0.2984382472,0.4819430592,1.260685924,0.02999547457,1.177376502,-0.03090468907,1.085539357,0.0108512658,0.9251557919,0.02668810925,0.8118214091,-0.01179582589,0.9226996918,-1.125939754
2403,2015-01-17T16:03:00,2403,2404,2409,1,0.1759334521,0.6957160034,5,5,0.05321324075,0,0.6957160034,0.5829047938,1.295702138,0.1730380947,1.175005359,0.04093091845,1.084040115,0.03850648753,0.9294090318,0.0458319607,0.8101681332,-0.01851897904,0.9146561191,-1.570361191
2404,2015-01-17T16:04:00,2404,2405,2410,1,-0.4539686313,-0.1730134173,5,5,0.016287952,0,-0.1730134173,0.299691045,1.172942219,0.2407567178,1.145140609,0.004708239544,1.077699095,0.0346454119,0.9298068982,0.03813726414,0.8088870794,-0.01729540227,0.9143264018,-1.58336469
2405,2015-01-17T16:05:00,2405,2406,2411,1,1.702042518,-1.64864234,5,5,0.05636900427,0,-1.64864234,-0.488036797,0.9330491038,0.1555920587,1.23273231,-0.1612470983,1.076017588,0.003391760989,0.9635981655,0.006831678489,0.8240865001,-0.02612509428,0.9250681931,0.9861754056
2406,2015-01-17T17:00:00,2406,2407,2412,1,3.231410543,0.2512945672,5,5,-0.4752823949,0,0.2512945672,-0.2346166869,0.8227016851,0.02603561386,1.134313256,-0.1838583074,1.065938256,-0.02211666957,0.9432252983,0.007764261204,0.8243286291,-0.01785121265,0.9228730524,1.746294643
2407,2015-01-17T17:01:00,2407,2408,2413,1,3.840702741,-0.1860169167,5,5,-0.5669746023,0,-0.1860169167,-0.2121324208,0.8160548045,0.1349053192,1.061902642,-0.222093321,1.0588724,-0.01003443648,0.9377311713,0.01782927333,0.8171100331,-0.04090931916,0.8924527514,1.129396059
2408,2015-01-17T17:02:00,2408,2409,2414,1,2.09461805,0.9208977551,5,5,0.2177620458,0,0.9208977551,-0.1670960704,0.859506735,0.2079043617,1.099453468,-0.1806456901,1.078513189,0.02370070381,0.9465466665,0.02693335858,0.8232896939,-0.02018362618,0.8849281778,0.7158671128
2409,2015-01-17T17:03:00,2409,2410,2415,1,2.575340812,1.011413804,5,5,0.3406256006,0,1.011413804,0.06978937387,0.9681718213,0.1847402095,1.075441799,-0.06444883836,1.06216888,0.03594561266,0.956411219,0.02909178477,0.8257114144,0.005633354375,0.8691025272,1.485115901
2410,2015-01-17T17:04:00,2410,2411,2416,1,3.351130326,-0.8029155007,5,5,0.3945648086,0,-0.8029155007,0.2389347418,0.7229709694,-0.1245510276,0.8346459287,-0.06972649954,1.065889623,0.02525807871,0.9629724077,0.0177236344,0.830491349,0.005140009725,0.8695413873,2.711306683
2411,2015-01-17T17:05:00,2411,2412,2417,1,2.915459648,0.5073688093,5,5,-0.6524408237,0,0.5073688093,0.2901495903,0.7493609627,0.02776645169,0.7868862418,0.04244796178,0.9991427017,0.04588538767,0.9650014141,0.03057893383,0.8303854159,0.01589065675,0.8678376235,1.378750937
2412,2015-01-17T18:00:00,2412,2413,2418,1,0.717782281,1.780662592,5,5,-0.2870712286,0,1.780662592,0.683485492,1.090308785,0.2356765356,0.9629949873,0.1328360051,1.075540509,0.08404638872,1.004430676,0.04316247936,0.8495212693,0.04517741846,0.8686288583,1.090224912
2413,2015-01-17T18:01:00,2413,2414,2419,1,-1.137589148,0.4232752814,5,5,-0.4449085538,0,0.4232752814,0.5839609973,1.027129546,0.2084324634,0.9470340364,0.190735279,1.06712489,0.1135536857,0.9995164727,0.04032346344,0.8477253185,0.04642803882,0.8691300942,0.6398236433
2414,2015-01-17T18:02:00,2414,2415,2420,1,-2.560641557,-0.8251869362,5,5,-1.040458791,0,-0.8251869362,0.2166408492,0.9932724823,0.1432151115,0.980802452,0.1919859146,1.066142689,0.07550382635,1.001957085,0.0481305957,0.8371842231,0.03433273426,0.8705132556,1.536708711
2415,2015-01-17T18:03:00,2415,2416,2421,1,-5.642360523,1.492136566,5,5,-1.556599497,0,1.492136566,0.6756512626,1.141468296,0.4572930022,0.9554153267,0.3064425305,1.102825325,0.089122107,1.018400887,0.07014013059,0.8531156527,0.06003326535,0.8690389271,-0.3724426306
2416,2015-01-17T18:04:00,2416,2417,2422,1,-9.467184509,-0.02712598686,5,5,-0.5771694473,0,-0.02712598686,0.5687523034,1.118754849,0.4294509468,0.9521434411,0.2277432803,1.047197139,0.1022620274,1.014653241,0.06846551847,0.8530374094,0.05473437575,0.8672639416,-1.777412791
2417,2015-01-17T18:05:00,2417,2418,2423,1,-10.62332698,0.07169813162,5,5,-0.5447967664,0,0.07169813162,0.2269594113,0.7864405149,0.4552224516,0.9505950585,0.2950638854,1.00778673,0.09086995627,1.011284554,0.06074836053,0.8495892232,0.06200147025,0.8642057273,-4.097350268
2418,2015-01-17T19:00:00,2418,2419,2424,1,-9.396160716,-0.4170147754,5,5,-0.2285171483,0,-0.4170147754,0.05890139992,0.7857713124,0.3214311986,0.9144483747,0.2646677801,1.011190822,0.1185958682,0.9842881545,0.06092842401,0.849499309,0.04439644749,0.8510829743,-5.269917893
2419,2015-01-17T19:01:00,2419,2420,2425,1,-7.085472313,-1.432096148,5,5,-0.03145618149,0,-1.432096148,-0.06248044238,0.944155567,0.0770802034,0.9690252728,0.1309102064,1.02361737,0.06887122966,1.00615233,0.04200524446,0.8644083313,0.02973337023,0.8605459906,-7.689771718
2420,2015-01-17T19:02:00,2420,2421,2426,1,-3.184763791,-2.248239345,5,5,0.2666920473,0,-2.248239345,-0.8105556246,1.207083866,-0.06745218101,1.174734295,-0.0960016043,1.01897853,0.02087506201,1.065838154,0.0196822313,0.8987276355,0.01392029403,0.8841018926,-6.525976708
2421,2015-01-17T19:03:00,2421,2422,2427,1,-0.2307386162,-1.5895824,5,5,0.07522205434,0,-1.5895824,-1.123046907,1.400806459,-0.277147302,1.267649626,-0.1246904251,1.055017898,-0.03880170027,1.087787017,-0.009363923112,0.9124470108,-0.00722955302,0.8917382364,-4.126242823
2422,2015-01-17T19:04:00,2422,2423,2428,1,4.743556359,-3.851949973,5,5,0.3430602158,0,-3.851949973,-1.907776528,2.220075298,-0.8404085585,1.665416316,-0.3023660114,1.360325485,-0.1666353502,1.230626085,-0.05171454663,1.007640059,-0.0462154508,0.9555901375,0.6042994044
2423,2015-01-17T19:05:00,2423,2424,2429,1,7.370866375,-1.084444335,5,5,-0.2484306537,0,-1.084444335,-2.04126244,2.26476444,-0.9911805201,1.695080311,-0.3913740283,1.372984109,-0.1752215549,1.236977836,-0.0655806501,1.014904438,-0.05766979904,0.9603392452,3.341212918
2424,2015-01-17T20:00:00,2424,2425,2430,1,5.816449675,0.8101514845,5,5,-1.019036266,0,0.8101514845,-1.592812914,2.202327673,-0.827646678,1.694354879,-0.3422157833,1.384343149,-0.1687537719,1.240532404,-0.05774827872,1.018731637,-0.04317257789,0.9594378697,3.895504207
2425,2015-01-17T20:01:00,2425,2426,2431,1,5.145190489,0.878592255,5,5,-0.2129704027,0,0.878592255,-0.9674465937,1.998428387,-0.8890011092,1.650873629,-0.2158540535,1.348740558,-0.1885505759,1.220023553,-0.03285159559,1.01586152,-0.03400425098,0.9625718059,4.139256955
2426,2015-01-17T20:02:00,2426,2427,2432,1,2.476685887,1.652469178,5,5,-0.4855845637,0,1.652469178,-0.3190362781,2.008604604,-0.7210415927,1.731581819,-0.1457953229,1.397310404,-0.1648268151,1.24271894,-0.03793496559,1.006532241,-0.02151829801,0.974218612,4.029653458
2427,2015-01-17T20:03:00,2427,2428,2433,1,-0.8591756249,1.364442774,5,5,-0.8370933034,0,1.364442774,0.7242422713,1.199720614,-0.5917671284,1.784385592,-0.06827233839,1.429626333,-0.1451828297,1.257982952,-0.02268943762,1.017898012,-0.003487615568,0.9794349961,1.920945468
2428,2015-01-17T20:04:00,2428,2429,2434,1,-1.771118693,1.122345003,5,5,-1.044669542,0,1.122345003,1.165600139,1.206671998,-0.4378311506,1.814554391,-0.05819997602,1.436806088,-0.1194228331,1.27035476,-0.01271392051,1.024962161,-0.006202708324,0.9758656478,1.005933534
2429,2015-01-17T20:05:00,2429,2430,2435,1,-2.326264106,1.542865681,5,5,-0.6151673363,0,1.542865681,1.312142978,1.341966887,-0.1403349678,1.823612117,-0.03162738218,1.460234764,-0.04803811027,1.276810146,0.01129035538,1.038519021,0.005842589597,0.9859369208,-1.552967571
2430,2015-01-17T21:00:00,2430,2431,2436,1,-0.1254569032,-0.7442652157,5,5,-0.1014643122,0,-0.7442652157,0.987571484,1.325623023,0.01006244514,1.695728813,-0.02869486794,1.458680375,-0.04921068374,1.277471942,-0.0007519894667,1.041559268,0.008696276921,0.9832835744,-2.780121093
2431,2015-01-17T21:01:00,2431,2432,2437,1,-3.420885204,0.2073330686,5,5,-1.026500033,0,0.2073330686,0.6985442621,1.104419722,0.189753992,1.620838576,-0.04369665497,1.455000561,-0.0006243465943,1.24806105,-0.004454762229,1.040294887,0.007071985514,0.9827799602,-2.777052227
2432,2015-01-17T21:02:00,2432,2433,2438,1,-0.6333946953,-1.016035424,5,5,-1.573785436,0,-1.016035424,0.2224486225,1.026580587,0.4733454469,1.116511812,-0.1835315558,1.417781742,-0.02534777534,1.258350598,-0.01789145439,1.046457924,-0.01481071876,0.9761461602,-0.7732965347
2433,2015-01-17T21:03:00,2433,2434,2439,1,0.9206710357,-1.971418738,5,5,-1.540613865,0,-1.971418738,-0.3963041255,1.256675936,0.3846480067,1.231927701,-0.3032662567,1.481712375,-0.05626548883,1.291167513,-0.04419001538,1.069315666,-0.04414488483,0.9824774702,2.654664189
2434,2015-01-17T21:04:00,2434,2435,2440,1,0.9903533863,0.210401934,5,5,-1.332027035,0,0.210401934,-0.6627968749,1.054514723,0.3246730516,1.20682982,-0.2514868132,1.470931112,-0.02975044928,1.284581365,-0.02861455293,1.063288581,-0.03531138862,0.9795996479,-0.6438329768
2435,2015-01-17T21:05:00,2435,2436,2441,1,-0.7538088225,0.9877202688,5,5,-0.8646661981,0,0.9877202688,-0.316399778,1.09377028,0.335585853,1.215238623,-0.2767076281,1.449515204,0.0148674512,1.287889363,-0.02273806604,1.067440213,-0.01931901578,0.9800595559,0.1399018394
2436,2015-01-17T22:00:00,2436,2437,2442,1,-2.098178966,1.456541987,5,5,0.04182952309,0,1.456541987,-0.06655799436,1.269660953,0.3159931339,1.189912152,-0.2025242294,1.485642374,0.01260952546,1.285253887,-0.003926058662,1.079776938,-0.01272073945,0.987174552,-1.733993154
2437,2015-01-17T22:01:00,2437,2438,2443,1,0.4098792219,-3.088095232,5,5,-0.2847680992,0,-3.088095232,-0.480969956,1.820120813,-0.1292606668,1.477617588,-0.3605138976,1.638198046,-0.03272500609,1.360023333,-0.03902991107,1.133200723,-0.03272674617,1.02471736,1.634186363
2438,2015-01-17T22:02:00,2438,2439,2444,1,-0.9538623044,1.771455085,5,5,0.4651539129,0,1.771455085,0.2676048084,1.77852524,-0.06434965852,1.539867922,-0.2510904046,1.682825133,0.006788687777,1.388237607,-0.01598318744,1.150349613,0.0009243012768,1.016553563,-0.8937106619
2439,2015-01-17T22:03:00,2439,2440,2445,1,1.046389489,-0.4173530066,5,5,0.2541277782,0,-0.4173530066,0.1420538203,1.785814923,-0.2603715273,1.466481545,-0.2003532475,1.654709835,-0.03472152055,1.37583741,-0.01215838237,1.148451703,0.00110866169,1.016475863,-0.3641858121
2440,2015-01-17T22:04:00,2440,2441,2446,1,-0.7432414128,0.2800842846,5,5,0.9103164481,0,0.2800842846,0.000526623491,1.734850459,-0.1579365772,1.45017922,-0.07393706605,1.577738251,-0.08496933518,1.328076661,-0.01862376734,1.145414995,0.002573007425,1.016752745,-1.224307141
2441,2015-01-17T22:05:00,2441,2442,2447,1,-0.5220109941,-0.75644194,5,5,0.5193932248,0,-0.75644194,-0.4420701618,1.643120229,-0.2543140781,1.468312471,-0.03228004304,1.546457112,-0.07848523409,1.323743247,-0.01909055272,1.145715616,-0.01285621401,1.014180191,-0.06015164245
2442,2015-01-17T23:00:00,2442,2443,2448,1,-0.918351806,0.1121718432,5,5,-0.4783706082,0,0.1121718432,0.1979832533,0.8916805244,-0.1414933514,1.433166761,0.1659260478,1.284633331,-0.06821998183,1.323020828,-0.02868435801,1.141555375,-0.004947921106,1.01135093,1.410575301
2443,2015-01-17T23:01:00,2443,2444,2449,1,-2.454199166,-0.5800370443,5,5,0.1934799569,0,-0.5800370443,-0.2723151726,0.4845328972,-0.002355182078,1.303442396,0.1911464123,1.268189248,-0.100113808,1.321625766,-0.03080366024,1.142474467,-0.002816628872,1.009857989,0.4810657283
2444,2015-01-17T23:02:00,2444,2445,2450,1,-4.160401886,0.4077135586,5,5,0.004764261221,1,0.4077135586,-0.1073018596,0.4828886945,0.01737598038,1.308112463,0.171024516,1.258490451,-0.08559563362,1.322914239,-0.02547511086,1.143381597,-0.003107035116,1.009735724,-0.4618593516
2445,2015-01-17T23:03:00,2445,2446,2451,1,-5.35256317,1.582898787,5,5,0.1406015297,1,1.582898787,0.1532610409,0.8477061777,0.07689383217,1.365340961,0.2062398426,1.292470667,-0.004807105442,1.32090528,-0.0007076722268,1.15613844,0.002952083845,1.017026365,-2.328927107
2446,2015-01-17T23:04:00,2446,2447,2452,1,-5.784442952,-1.509546617,5,5,0.2719178981,1,-1.509546617,0.002640105435,1.02951983,-0.2197150282,1.371086278,0.04813905284,1.283699441,-0.04882813505,1.341707982,-0.03547240231,1.159709936,-0.01109987088,1.026192914,-2.935264894
2447,2015-01-17T23:05:00,2447,2448,2453,1,-7.216677125,-0.5352115212,5,5,0.8550938175,1,-0.5352115212,-0.1268365675,1.055786366,0.0355733429,0.9771844778,-0.04684366193,1.252645848,-0.05755800016,1.344052282,-0.03379621832,1.158839136,-0.007299817835,1.023362782,-3.698542534
2448,2015-01-18T00:00:00,2448,2449,2454,1,-8.411591884,-0.2841689687,5,5,0.538819427,1,-0.2841689687,-0.06766295233,1.031283984,-0.1699890625,0.8057042833,-0.1171693605,1.228892308,-0.08768466826,1.336897161,-0.03199198222,1.158284208,-0.01127265037,1.023540564,-3.023636063
2449,2015-01-18T00:01:00,2449,2450,2455,1,-4.39180949,-2.115884404,5,5,1.264832584,1,-2.115884404,-0.572382545,1.387693752,-0.3398422023,1.038959922,-0.3001068648,1.270827652,-0.1658671235,1.368811252,-0.0649607554,1.180755407,-0.03589451798,1.038788224,-2.849178058
2450,2015-01-18T00:02:00,2450,2451,2456,1,-2.670829726,-1.298489161,6,6,1.181149843,0,-1.298489161,-1.148660135,1.327326281,-0.4976995468,1.113642856,-0.327818062,1.292907611,-0.178256465,1.378288527,-0.07649919314,1.188906035,-0.0476030654,1.045484102,-3.518134591
2451,2015-01-18T00:03:00,2451,2452,2457,1,-4.810702118,0.3907375022,6,6,0.3918204516,0,0.3907375022,-0.7686033107,1.156107269,-0.3829816026,1.094644942,-0.3186478404,1.295026845,-0.1811722477,1.377338223,-0.06764343,1.189177932,-0.04000479334,1.04501044,-5.387955821
2452,2015-01-18T00:04:00,2452,2453,2458,1,-1.546201648,-1.941426399,6,6,-0.06279434831,0,-1.941426399,-1.049846286,1.425875533,-0.5883414268,1.254552885,-0.3649173891,1.346824025,-0.2742244724,1.382758117,-0.09508904186,1.208491,-0.06263317124,1.057574707,-1.542631433
2453,2015-01-18T00:05:00,2453,2454,2459,1,-0.6054115007,-1.967445694,6,6,0.1622842623,0,-1.967445694,-1.386501631,1.670670269,-0.7270822918,1.388287759,-0.3647187369,1.346533509,-0.3339924968,1.415737273,-0.1102194055,1.225427518,-0.08444852332,1.071072431,0.8473048648
2454,2015-01-18T01:00:00,2454,2455,2460,1,-0.923975058,-1.479083728,6,6,1.010149152,0,-1.479083728,-1.259141496,1.527508926,-0.9157620204,1.459276785,-0.44919302,1.385757365,-0.3503399166,1.428978973,-0.1374180451,1.234078382,-0.0846929084,1.071406514,0.5772537024
2455,2015-01-18T01:01:00,2455,2456,2461,1,-2.325850347,1.903897989,6,6,0.678080167,0,1.903897989,-0.6186640658,1.649555761,-0.8836621002,1.497135476,-0.403384134,1.43275444,-0.340045881,1.441159188,-0.125461887,1.247814123,-0.06658853996,1.085134775,-0.003570215522
2456,2015-01-18T01:02:00,2456,2457,2462,1,-1.621721327,0.4224906033,6,6,-0.06634323015,0,0.4224906033,-0.6123134456,1.651120441,-0.6904583781,1.425268874,-0.4550867032,1.398440014,-0.3288054663,1.4427002,-0.1132717194,1.247177828,-0.06395814311,1.085776145,-1.452716365
2457,2015-01-18T01:03:00,2457,2458,2463,1,0.1593127681,-1.74913489,6,6,-0.1707871869,0,-1.74913489,-0.5738551439,1.607565237,-0.811850715,1.519438552,-0.3881386861,1.27741595,-0.3743262918,1.468925517,-0.1417281678,1.261038981,-0.08427652359,1.095649864,-1.50122876
2458,2015-01-18T01:04:00,2458,2459,2464,1,-0.2060992706,1.323074071,6,6,0.7021611771,0,1.323074071,0.08424880918,1.469762729,-0.651126411,1.573426456,-0.4105577368,1.249966041,-0.3308240707,1.482281271,-0.1061141012,1.258169491,-0.06965574088,1.101583091,-2.322280131
2459,2015-01-18T01:05:00,2459,2460,2465,1,2.303136306,-1.026655547,6,6,1.25111036,0,-1.026655547,0.1747344454,1.390492383,-0.5422035253,1.460608193,-0.4410228638,1.267441125,-0.3206880556,1.473850678,-0.125908413,1.261859408,-0.07889252224,1.105537478,-0.1690049612
2460,2015-01-18T02:00:00,2460,2461,2466,1,5.433194806,-1.797647285,6,6,1.256999544,0,-1.797647285,-0.5655746094,1.361914354,-0.5921193376,1.512588,-0.5449094422,1.328179745,-0.3094232541,1.458307139,-0.1442740961,1.277237387,-0.09001959718,1.116853085,1.660541528
2461,2015-01-18T02:01:00,2461,2462,2467,1,5.343222305,0.5020227004,6,6,1.072793986,0,0.5020227004,-0.54966819,1.367302602,-0.5809908178,1.515868582,-0.4819862102,1.322139385,-0.2571331266,1.438676849,-0.1479674134,1.27535714,-0.09195365762,1.115782262,2.116180861
2462,2015-01-18T02:02:00,2462,2463,2468,1,4.786502063,1.126619623,6,6,0.7014027957,0,1.126619623,0.02548271269,1.229421078,-0.2741862156,1.431038466,-0.4312638212,1.345692021,-0.1326688867,1.315516973,-0.1496521185,1.273778919,-0.07869932666,1.119711553,2.472141267
2463,2015-01-18T02:03:00,2463,2464,2469,1,4.838468236,0.03189920461,6,6,0.5567566058,0,0.03189920461,-0.2327522606,1.07776375,-0.07425172573,1.288754666,-0.4006670088,1.339446059,-0.1047602982,1.304304358,-0.1399909266,1.271086941,-0.07864053281,1.119713042,3.772653278
2464,2015-01-18T02:04:00,2464,2465,2470,1,4.674280055,0.9576620326,6,6,0.1249346231,0,0.9576620326,0.1641112552,1.064985301,0.1694228503,1.238479463,-0.3731695851,1.353388361,-0.1010725345,1.306801108,-0.1349131532,1.274097677,-0.07218969732,1.122995612,3.227041445
2465,2015-01-18T02:05:00,2465,2466,2471,1,5.882879542,1.48258003,6,6,-0.2093365638,0,1.48258003,0.8201567182,0.9630655472,0.1272910544,1.179471483,-0.3781855229,1.347695739,-0.08597284015,1.320371961,-0.137261708,1.271188339,-0.05055867711,1.126548027,2.314360796
2466,2015-01-18T03:00:00,2466,2467,2472,1,3.144699183,1.332411215,6,6,0.4082307776,0,1.332411215,0.9862344211,1.110024243,0.2182831155,1.245325304,-0.2360876313,1.338324788,-0.09397428923,1.31129659,-0.1294005522,1.277468025,-0.05661474014,1.117394745,1.065814958
2467,2015-01-18T03:01:00,2467,2468,2473,1,3.658910889,0.4120501997,6,6,-0.4914407512,0,0.4120501997,0.8433205364,1.006109605,0.4344016245,1.123328252,-0.1887245453,1.336143682,-0.1177841036,1.295067867,-0.1314834666,1.276660073,-0.05438765961,1.117949537,1.44723861
2468,2015-01-18T03:02:00,2468,2469,2474,1,3.167639041,0.5698993814,6,6,0.01727581722,0,0.5698993814,0.9509205717,1.037790965,0.3590841555,1.057966159,-0.1460211277,1.340701907,-0.1315952441,1.286012813,-0.1255090386,1.278207763,-0.05234102838,1.118767747,3.568518746
2469,2015-01-18T03:03:00,2469,2470,2475,1,1.461522017,0.08386537693,6,6,-0.08778644844,0,0.08386537693,0.7761612406,0.9460409362,0.4701362479,1.007270357,-0.03603363868,1.254585562,-0.1680702517,1.262732722,-0.108054181,1.269790942,-0.04849651365,1.118263153,2.078884225
2470,2015-01-18T03:04:00,2470,2471,2476,1,1.251031401,0.7934738518,6,6,-0.1476718245,0,0.7934738518,0.6383400049,0.7624335344,0.7292483616,0.8685620711,0.06856451197,1.233353666,-0.129626775,1.26348157,-0.08941872938,1.270496013,-0.04371025132,1.120428057,2.211672279
2471,2015-01-18T03:05:00,2471,2472,2477,1,-2.289195879,2.691179517,6,6,0.009229401664,0,2.691179517,0.9100936655,1.294113753,0.9481640433,1.20558787,0.1835866127,1.369543659,-0.06753061381,1.332806131,-0.0340774802,1.291129073,-0.02548004609,1.14612377,-0.4008797049
2472,2015-01-18T04:00:00,2472,2473,2478,1,-4.051752514,-1.405769144,6,6,0.3842674915,0,-1.405769144,0.5465297967,1.426888471,0.6949251665,1.234558068,0.2103694755,1.336413991,-0.07727395682,1.341629105,-0.05131086608,1.300656542,-0.03768562187,1.153273172,-0.6173622086
2473,2015-01-18T04:01:00,2473,2474,2479,1,-2.826811106,0.9262619053,6,6,0.503490735,0,0.9262619053,0.6178023015,1.463777945,0.7843614366,1.268789966,0.3550548554,1.278811278,-0.004831940751,1.313109054,-0.03054871479,1.302184498,-0.03107065717,1.156305521,-0.9606408779
2474,2015-01-18T04:02:00,2474,2475,2480,1,-2.294217328,0.078627534,6,6,0.3442756218,0,0.078627534,0.6167547329,1.463719798,0.6964579867,1.232369486,0.4329404185,1.235428252,-0.008126300752,1.312746442,-0.01893837501,1.298740256,-0.02178513554,1.152456569,-1.888316174
2475,2015-01-18T04:03:00,2475,2476,2481,1,0.2225313531,-1.622251648,6,6,0.08905073839,0,-1.622251648,0.1336096329,1.59464591,0.3859748189,1.249840085,0.2566329367,1.215165259,-0.07337559867,1.328422353,-0.02925407373,1.308312837,-0.03961724358,1.160971312,-3.434390306
2476,2015-01-18T04:04:00,2476,2477,2482,1,2.855871411,0.582983236,6,6,0.6513185422,0,0.582983236,-0.2880296233,1.078137297,0.3110320211,1.191031157,0.2646575683,1.218480679,-0.09521456743,1.31155054,-0.04130252098,1.298468786,-0.03435556159,1.162182041,-1.866170228
2477,2015-01-18T04:05:00,2477,2478,2483,1,2.483525399,-0.8490477623,6,6,1.092578864,0,-0.8490477623,-0.176685347,0.9546303339,0.1849222249,1.213946,0.3096619247,1.169515125,-0.03923838069,1.224654469,-0.03598169339,1.294110126,-0.03909940094,1.164483623,-0.4059011542
2478,2015-01-18T05:00:00,2478,2479,2484,1,6.831448249,-3.168325779,6,6,1.122805971,0,-3.168325779,-0.9956028839,1.657523605,-0.1889002912,1.563654433,0.08509193216,1.334973329,-0.1627329023,1.293168375,-0.07797210726,1.341545396,-0.06489975906,1.199846228,3.656921659
2479,2015-01-18T05:01:00,2479,2480,2485,1,3.987654858,2.151203314,6,6,1.426896693,0,2.151203314,-0.581087728,1.916163662,0.01783350245,1.705015957,0.2439848752,1.400298716,-0.09851899429,1.335523025,-0.06662025742,1.355830065,-0.04094525301,1.214015977,4.722041639
2480,2015-01-18T05:02:00,2480,2481,2486,1,3.719448952,0.6112213116,6,6,1.48116299,0,0.6112213116,-0.1343931361,1.794452952,-0.0003917515682,1.697491823,0.364428305,1.348309786,-0.09024056862,1.338282615,-0.0876049519,1.333189404,-0.04249603443,1.213116013,2.889426553
2481,2015-01-18T05:03:00,2481,2482,2487,1,2.654167021,0.8944970335,6,6,1.097053307,0,0.8944970335,-0.07209037658,1.819921014,-0.18006,1.495742713,0.3840520217,1.358434462,-0.04896709428,1.340409777,-0.06372616418,1.332102577,-0.02904939991,1.214087712,3.17452659
2482,2015-01-18T05:04:00,2482,2483,2488,1,-0.6011477632,3.216323294,6,6,1.630809779,0,3.216323294,0.7409838346,2.288423733,0.2821492438,1.753311475,0.4885372052,1.516284068,0.02863669198,1.433527885,-0.01979164492,1.379381439,-0.009577341347,1.246501711,-0.7343867808
2483,2015-01-18T05:05:00,2483,2484,2489,1,-0.21417837,-1.221393774,6,6,2.067797639,0,-1.221393774,1.130370236,1.878186914,0.0673836759,1.771294806,0.4258725562,1.540667594,0.01260277374,1.443567175,-0.04375551714,1.383940182,-0.01633484892,1.250917264,0.8300223984
2484,2015-01-18T06:00:00,2484,2485,2490,1,-2.527517671,1.17959707,6,6,1.815391786,0,1.17959707,0.9360489871,1.697156679,0.1774806295,1.809975687,0.4369693081,1.548345333,0.03189986154,1.454137773,-0.02684788604,1.390075312,-0.00635012006,1.255542328,-0.5203595695
2485,2015-01-18T06:01:00,2485,2486,2491,1,-3.857686479,-0.6925900772,6,6,1.463428609,0,-0.6925900772,0.6752867093,1.703396224,0.2704467866,1.74951709,0.3282108028,1.520347047,-0.02498736006,1.436617372,-0.01489723275,1.37997468,-0.008800901505,1.256606761,0.1332390176
2486,2015-01-18T06:02:00,2486,2487,2492,1,-4.433416315,0.3430154052,6,6,2.288736057,0,0.3430154052,0.5649903836,1.662848647,0.2464500035,1.743154915,0.2787410123,1.492840292,0.0213266905,1.417689207,-0.01375072228,1.38022154,-0.01653937137,1.251625205,-1.044200768
2487,2015-01-18T06:03:00,2487,2488,2493,1,-5.32107524,-0.1707848974,6,6,1.334889175,0,-0.1707848974,-0.1124312546,0.8378257652,0.31427629,1.723199813,0.2495992574,1.490483561,0.03043735609,1.415418875,-0.01356032204,1.380196929,-0.01238502685,1.250230229,-2.007158101
2488,2015-01-18T06:04:00,2488,2489,2494,1,-5.723548902,-0.03899149011,6,6,0.3789903099,0,-0.03899149011,0.1240492022,0.6355277569,0.6272097189,1.402048789,0.2191547139,1.485051513,0.03656679305,1.414718982,-0.0255589376,1.376358205,-0.00913905713,1.249623198,-3.990925497
2489,2015-01-18T06:05:00,2489,2490,2495,1,-5.721807092,-0.8344243809,6,6,-0.3284536497,0,-0.8344243809,-0.2787550881,0.5146440417,0.3286469495,1.254033349,0.173240226,1.496609344,0.06860329365,1.380909928,-0.04863191491,1.374873899,-0.02043940572,1.251036756,-3.389215547
2490,2015-01-18T07:00:00,2490,2491,2496,1,-5.081945163,-1.13374223,6,6,-0.2634321839,0,-1.13374223,-0.3669855187,0.6526841315,0.1541505953,1.289875047,0.07687942187,1.507523818,0.07272196692,1.377277991,-0.05276724903,1.377783351,-0.02675880645,1.254842591,-3.313917139
2491,2015-01-18T07:01:00,2491,2492,2497,1,-2.794194355,-2.022758886,6,6,0.2244713701,0,-2.022758886,-0.8401403769,1.104887037,-0.1375749966,1.41170836,-0.1588174983,1.454332623,0.01238455722,1.412574461,-0.08439384522,1.395067595,-0.04096743426,1.268024042,-1.732623405
2492,2015-01-18T07:02:00,2492,2493,2498,1,-2.779404106,-0.232714431,6,6,0.663171742,0,-0.232714431,-0.8525262836,1.107146363,-0.4824787691,0.9817650131,-0.1001647626,1.420908806,0.05510235642,1.379308557,-0.109561058,1.381034414,-0.04502524243,1.267989628,-2.332591545
2493,2015-01-18T07:03:00,2493,2494,2499,1,-2.990172459,-1.058443822,6,6,0.5836475383,0,-1.058443822,-1.05641675,1.203964147,-0.4661837739,0.9626591288,-0.199400049,1.42551708,0.07782740321,1.35415236,-0.1280825468,1.385287089,-0.04753713596,1.269786572,-1.768028024
2494,2015-01-18T07:04:00,2494,2495,2500,1,-2.022809595,-0.441465152,6,6,0.4974750511,0,-0.441465152,-0.9778249042,1.161574429,-0.6282899962,0.8983634128,-0.2254046833,1.428822734,0.1037678676,1.335630445,-0.1232860245,1.383092475,-0.05702274088,1.26883248,-1.06157095
2495,2015-01-18T07:05:00,2495,2496,2501,1,-0.6991757027,-0.8326825709,6,6,0.380890481,0,-0.8326825709,-0.9176129724,1.109438109,-0.6422992455,0.9101784145,-0.1859262295,1.394495392,0.0353533536,1.30790749,-0.1523462637,1.376147123,-0.07185680681,1.268161685,-0.4468125607
2496,2015-01-18T08:00:00,2496,2497,2502,1,0.1229108938,-0.4938803014,6,6,0.1591532051,0,-0.4938803014,-0.6118372555,0.6792096624,-0.7259888162,0.9170880899,-0.2397694063,1.392774142,0.01244408099,1.308532571,-0.1581806926,1.377251131,-0.07136645263,1.267959326,-1.222144435
2497,2015-01-18T08:01:00,2497,2498,2503,1,-0.5149878824,0.2649919222,6,6,-0.09462971064,0,0.2649919222,-0.5122959849,0.6815707652,-0.6824111342,0.9193236038,-0.1840674221,1.381045525,0.0627972513,1.27965862,-0.1557645203,1.377546435,-0.07355302809,1.267275925,-0.9612386444
2498,2015-01-18T08:02:00,2498,2499,2504,1,-1.03274095,-0.2179241815,6,6,-0.114140367,0,-0.2179241815,-0.3441920567,0.4999762323,-0.7003044034,0.9218204542,-0.03654734222,1.186485094,0.02427229497,1.262913431,-0.1532758878,1.376972785,-0.06265196917,1.259752789,-0.252363142
2499,2015-01-18T08:03:00,2499,2500,2505,1,0.6450263222,-1.269212176,6,6,0.4278600377,0,-1.269212176,-0.5097414615,0.7301902808,-0.7437831828,0.9701631304,-0.2075681167,1.121119115,0.01820837925,1.268413293,-0.1512398382,1.3749742,-0.07786948224,1.264047812,1.345055329
2500,2015-01-18T08:04:00,2500,2501,2506,1,-0.1049721947,0.5258977128,6,6,-0.1253707087,0,0.5258977128,-0.2380254047,0.6706858238,-0.5778191885,0.9166985304,-0.2118342966,1.118953491,0.07629700419,1.238950402,-0.116563125,1.353081263,-0.07075039598,1.264603862,0.446250762
2501,2015-01-18T08:05:00,2501,2502,2507,1,-0.2151361842,0.4909513209,6,6,0.2847110042,0,0.4909513209,-0.04105908027,0.6702555958,-0.3264481679,0.6747474821,-0.2320115823,1.10639158,0.0760202197,1.23883948,-0.09055645346,1.34248172,-0.07330486906,1.263301881,-0.7803778077
2502,2015-01-18T09:00:00,2502,2503,2508,1,0.7727295495,0.3282062952,6,6,0.4116353821,0,0.3282062952,-0.02841620568,0.6758271187,-0.2703560953,0.6787050178,-0.3764174322,0.8439499517,0.0560598865,1.227063343,-0.03830450011,1.272059227,-0.08108145016,1.258399766,-0.7000290065
2503,2015-01-18T09:01:00,2503,2504,2509,1,1.392556734,-0.372906854,6,6,1.041622822,0,-0.372906854,-0.05941274017,0.6892430695,-0.2018023984,0.6020931164,-0.3339930862,0.8028787951,0.04593973503,1.228468761,-0.0294102816,1.266954094,-0.07801403938,1.257041437,-0.5512229567
2504,2015-01-18T09:02:00,2504,2505,2510,1,1.332995847,-0.7356772489,6,6,0.5786564803,0,-0.7356772489,0.04729424518,0.5109993174,-0.2312236081,0.630197647,-0.4297568021,0.7759529289,0.003606252996,1.22463795,-0.04873314076,1.266386048,-0.08874001779,1.257827213,0.5652416235
2505,2015-01-18T09:03:00,2505,2506,2511,1,-0.1650644346,0.4085550963,6,6,1.252457231,0,0.4085550963,0.0238257219,0.4890706237,-0.1070998414,0.5869452909,-0.3746995435,0.7658098722,-0.02324437035,1.203727524,-0.05460860525,1.263396626,-0.0992559288,1.249106286,1.472758556
2506,2015-01-18T09:04:00,2506,2507,2512,1,-0.4331362495,-0.2241008042,6,6,1.096329588,0,-0.2241008042,-0.1191847031,0.4483610923,-0.08012189169,0.5702062051,-0.4030553539,0.7636051601,-0.06215717082,1.185678072,-0.07806573003,1.250066246,-0.1069860917,1.247621952,1.94377969
2507,2015-01-18T09:05:00,2507,2508,2513,1,-1.913341187,0.3807873313,6,6,0.3662391438,0,0.3807873313,-0.1086684959,0.4566000362,-0.06854235078,0.576726056,-0.3754767425,0.7673880479,-0.06293874253,1.185416733,-0.09036142306,1.241453505,-0.1086352253,1.246987666,0.7677542237
2508,2015-01-18T10:00:00,2508,2509,2514,1,-3.810630023,1.316072029,6,6,0.3129180395,0,1.316072029,0.2291272807,0.7260033097,0.08485727026,0.7078618561,-0.3077235666,0.8218337292,-0.04428442635,1.200164296,-0.08793983523,1.243829428,-0.09843416785,1.252733612,-1.637822991
2509,2015-01-18T10:01:00,2509,2510,2515,1,-4.60149096,0.2469203302,6,6,0.1466194317,0,0.2469203302,0.4256467965,0.656529156,0.2364705208,0.5882817502,-0.253656331,0.802275488,-0.04020805251,1.200725923,-0.1041391521,1.232119448,-0.08543880483,1.247194294,-2.37691594
2510,2015-01-18T10:02:00,2510,2511,2516,1,-3.567556975,-0.7952381354,6,6,-0.1496624484,0,-0.7952381354,0.1848881502,0.7239667242,0.104356936,0.6177855181,-0.2367311263,0.7816633361,-0.07992585219,1.200755103,-0.1047763136,1.232517443,-0.08625443699,1.247682259,-2.681095411
2511,2015-01-18T10:03:00,2511,2512,2517,1,-1.607620601,-1.089505185,6,6,0.08747070172,0,-1.089505185,0.01180727393,0.8668840138,-0.05368871459,0.6901143248,-0.1900684412,0.6824741555,-0.1744429698,1.135969707,-0.1209867918,1.238305164,-0.08086597672,1.241565644,-2.172807033
2512,2015-01-18T10:04:00,2512,2513,2518,1,-1.030740215,-0.4921726191,6,6,-0.05762372364,0,-0.4921726191,-0.1627847162,0.8780289702,-0.135726606,0.6997922783,-0.2030413506,0.6893292878,-0.1516030566,1.116726623,-0.1144385067,1.234310943,-0.08474159626,1.242375847,-2.224575021
2513,2015-01-18T10:05:00,2513,2514,2519,1,-0.1394480392,-1.099417607,6,6,0.8203921541,0,-1.099417607,-0.6458826433,0.8162533738,-0.2083776813,0.7724475309,-0.2050900399,0.6925284503,-0.2022450444,1.12064593,-0.1035384926,1.220676592,-0.08778082467,1.244617241,-0.8864615638
2514,2015-01-18T11:00:00,2514,2515,2520,1,1.329034426,-0.5812168069,6,6,0.9394772484,0,-0.5812168069,-0.8115100707,0.8494929286,-0.1929316371,0.7591669014,-0.2120776226,0.6976687819,-0.218741153,1.124338947,-0.1134337269,1.222178646,-0.085539301,1.243327601,0.5651864322
2515,2015-01-18T11:01:00,2515,2516,2521,1,1.737164463,-0.5439406069,6,6,0.3762558955,0,-0.5439406069,-0.761250565,0.8089077661,-0.2881812074,0.7676130509,-0.1976405244,0.683276873,-0.1917833769,1.098062995,-0.1325794878,1.218697725,-0.08343050814,1.242189908,1.193834805
2516,2015-01-18T11:02:00,2516,2517,2522,1,1.756271251,0.23869585,6,6,0.2330590655,0,0.23869585,-0.4956103579,0.6544636018,-0.241901542,0.7680528951,-0.1610117168,0.6764023825,-0.2003905616,1.094837886,-0.1478025645,1.208063495,-0.09433186785,1.234330098,0.7470135246
2517,2015-01-18T11:03:00,2517,2518,2523,1,0.714080645,0.8704311891,6,6,1.687408217,0,0.8704311891,-0.2230895963,0.728975939,-0.1929371562,0.8069512972,-0.1307397535,0.7013498912,-0.1574035878,1.095257598,-0.09832098424,1.161758963,-0.07645565819,1.231399101,0.7638479942
2518,2015-01-18T11:04:00,2518,2519,2524,1,1.325720539,0.08470776613,6,6,1.803573941,0,0.08470776613,0.01373547828,0.5395342306,-0.3160735825,0.6918694805,-0.1156081561,0.6999113463,-0.07607774917,0.9740694972,-0.1194053257,1.144791647,-0.07734065456,1.231300056,0.5433296582
2519,2015-01-18T11:05:00,2519,2520,2525,1,2.339085026,-0.2081254306,6,6,1.943671518,0,-0.2081254306,0.08835375354,0.4818691001,-0.3615781586,0.6905925229,-0.06255381887,0.641480105,-0.1350609678,0.9133468113,-0.116789981,1.144076953,-0.08943382754,1.226207259,1.009257726
2520,2015-01-18T12:00:00,2520,2521,2526,1,1.181619563,0.8872656587,6,6,2.341668579,0,0.8872656587,0.3745950067,0.5748666129,-0.1933277792,0.7017134019,-0.04448542157,0.6610826895,-0.1281598591,0.9189905436,-0.1092002139,1.147942502,-0.1011232543,1.210968152,-0.04976734928
2521,2015-01-18T12:01:00,2521,2522,2527,1,1.927068583,-0.1358105699,6,6,2.305316902,0,-0.1358105699,0.2996937227,0.5681244433,-0.09795831762,0.6128164444,-0.07582351611,0.6526108242,-0.1539175492,0.9082959916,-0.1014423217,1.144923574,-0.09378995918,1.207476178,0.7823908808
2522,2015-01-18T12:02:00,2522,2523,2528,1,1.929372252,0.2578026374,6,6,1.948528819,0,0.2578026374,0.1771680124,0.4295669122,-0.02296079197,0.5983032892,-0.07934369899,0.6510284397,-0.2278805656,0.7536874519,-0.0996219368,1.145217659,-0.08915461848,1.207398178,1.3298273
2523,2015-01-18T12:03:00,2523,2524,2529,1,1.693278887,-0.1717594168,6,6,1.804955464,0,-0.1717594168,0.1258745758,0.4347331485,0.06980502702,0.4899439235,-0.06928632713,0.6468076361,-0.2016397067,0.7290317132,-0.09451846646,1.143541304,-0.09638358031,1.205828636,1.231386912
2524,2015-01-18T12:04:00,2524,2525,2530,1,1.490134713,0.6963476602,6,6,1.735138259,0,0.6963476602,0.3067691939,0.5266020169,0.1975614737,0.504731371,0.002314918318,0.6446270787,-0.2137209419,0.7133186589,-0.09091054019,1.145281662,-0.08913890467,1.207399721,1.144677703
2525,2015-01-18T12:05:00,2525,2526,2531,1,0.7137369573,0.8052390569,6,6,1.066777824,0,0.8052390569,0.2903638736,0.4995433936,0.3324794401,0.5385235486,0.02214911635,0.6630374832,-0.1762752136,0.7162693155,-0.1006312868,1.135101583,-0.06868989302,1.200236361,0.5995449515
2526,2015-01-18T13:00:00,2526,2527,2532,1,0.7398740097,-0.270199805,6,6,0.9769806344,0,-0.270199805,0.2634860265,0.5103491813,0.2815898746,0.5400100323,0.01984416631,0.6638961081,-0.1916055938,0.7154896515,-0.08513945166,1.122890941,-0.07303567946,1.200270586,0.4618919748
2527,2015-01-18T13:01:00,2527,2528,2533,1,0.2519998141,0.6096384508,6,6,1.170713091,0,0.6096384508,0.3338531892,0.5670058686,0.2555106008,0.5030026775,0.03128672228,0.6723771596,-0.1720950101,0.721448356,-0.07082882701,1.123365106,-0.06640521806,1.201440088,0.34545701
2528,2015-01-18T13:02:00,2528,2529,2534,1,0.1481125471,0.2601063057,6,6,0.8805440228,0,0.2601063057,0.4202263337,0.5736954363,0.2730504547,0.5089790585,-0.02151156388,0.6073479481,-0.1646175652,0.7225933187,-0.06402538608,1.123292238,-0.07191181347,1.198730568,0.1141920058
2529,2015-01-18T13:03:00,2529,2530,2535,1,0.4749621002,-0.4078527817,6,6,0.2655404256,0,-0.4078527817,0.1993862453,0.5151846457,0.2530777196,0.5209246123,-0.05425021948,0.6116700435,-0.1539532752,0.7133674372,-0.0426749908,1.099046253,-0.08373903502,1.195749357,0.2779820349
2530,2015-01-18T13:04:00,2530,2531,2536,1,0.4223676074,0.4932034861,6,6,0.4854378415,0,0.4932034861,0.1369791312,0.429398611,0.2136715024,0.4657932853,0.0101718616,0.5955522996,-0.1132796323,0.6948669342,-0.02027883271,1.090810414,-0.07293804346,1.194349751,-0.09345719597
2531,2015-01-18T13:05:00,2531,2532,2537,1,0.5878657645,0.02884130143,6,6,0.07314735323,0,0.02884130143,0.1967873525,0.412247431,0.2301366895,0.4638988204,0.06608918594,0.5434823411,-0.06198962765,0.6169051905,-0.02480253521,1.089940049,-0.0769257727,1.193454258,0.03392054128
2532,2015-01-18T14:00:00,2532,2533,2538,1,-0.01787335403,-0.2440627526,6,6,-0.9267941238,0,-0.2440627526,0.02604711177,0.3279168518,0.1799501505,0.4631550047,0.07849467926,0.5350137308,-0.06227333569,0.6170148131,-0.003585489638,1.068456685,-0.0937984839,1.182542372,0.1969800654
2533,2015-01-18T14:01:00,2533,2534,2539,1,-0.6240500844,0.1217642552,6,6,-0.6008406181,0,0.1217642552,-0.00162129832,0.3113899651,0.2093025177,0.4615680687,0.1395537724,0.4759675042,-0.03276813376,0.5941972398,0.02252963473,1.045657443,-0.09631107579,1.181963197,0.5158248034
2534,2015-01-18T14:02:00,2534,2535,2540,1,-1.154515567,0.1562190387,6,6,-0.3368531353,0,0.1562190387,0.1111930658,0.2618698335,0.1552896555,0.4086508466,0.1764255646,0.4592108837,-0.01782602899,0.5905998497,0.04297091931,1.032646325,-0.08813269266,1.179646525,0.5539452232
2535,2015-01-18T14:03:00,2535,2536,2541,1,-1.331056791,-0.08100322854,6,6,-0.9012121417,0,-0.08100322854,-0.003648277166,0.1457332445,0.066665427,0.3206410343,0.1995724336,0.443180711,0.0009659545707,0.5758803816,0.01815965409,1.010509826,-0.101242191,1.171779277,-0.2148534194
2536,2015-01-18T14:04:00,2536,2537,2542,1,-1.891046351,0.4406089932,6,6,-1.444936216,0,0.4406089932,0.07870526119,0.244742868,0.1377463068,0.3390036989,0.2096680907,0.4508516069,0.02432818694,0.5747988146,0.01838613396,1.010606542,-0.09734439945,1.172466778,-1.139874888
2537,2015-01-18T14:05:00,2537,2538,2543,1,-2.184490075,0.1943394585,6,6,-1.235528508,0,0.1943394585,0.1663857034,0.235667798,0.09621640759,0.2855422672,0.1758635042,0.4089902688,0.02256187534,0.5740926362,0.04267956332,0.9917430463,-0.0963223884,1.172582721,-1.70846079
2538,2015-01-18T15:00:00,2538,2539,2544,1,-0.4192632343,-0.8498018712,6,6,-0.8802117775,0,-0.8498018712,-0.02792752185,0.4438543097,-0.01477441009,0.3833864621,0.1291380223,0.4505801046,0.006764933103,0.5885993219,0.01551861404,0.9852409592,-0.09992894753,1.174529304,-1.116203372
2539,2015-01-18T15:01:00,2539,2540,2545,1,-0.2059182318,-0.4844124752,6,6,-0.5617929457,0,-0.4844124752,-0.1560538246,0.4889344127,-0.02243037943,0.3921942564,0.1153236701,0.4610741732,0.02638492561,0.5586081446,0.02229665243,0.9800294233,-0.09203158359,1.168068372,-0.7511714628
2540,2015-01-18T15:02:00,2540,2541,2546,1,0.1136099318,-0.3742464435,6,6,-0.1716040254,0,-0.3742464435,-0.2147024676,0.5155158925,-0.1091753724,0.3788105159,0.05224806498,0.4245355059,0.003881321708,0.5555451008,0.04008916295,0.9601115709,-0.07641497608,1.150404012,-0.4760292856
2541,2015-01-18T15:03:00,2541,2542,2547,1,0.1617629248,-0.2575444528,6,6,-1.267688877,0,-0.2575444528,-0.3543331568,0.4900971408,-0.1378139478,0.3873591866,0.04616137084,0.4273460278,-0.01483107263,0.5516001792,0.03059457354,0.9589019804,-0.06531465985,1.141457707,0.6969401372
2542,2015-01-18T15:04:00,2542,2543,2548,1,-0.2018855075,-0.1193805665,6,6,-1.295315137,0,-0.1193805665,-0.4170771618,0.4852751656,-0.1253457292,0.3814651343,0.02730221064,0.4242806895,-0.02602074418,0.5494779945,0.01501957116,0.9506867293,-0.0342099148,1.086001139,0.545253231
2543,2015-01-18T15:05:00,2543,2544,2549,1,0.7951502662,-0.09910426627,6,6,-0.6677188509,0,-0.09910426627,-0.2669376409,0.3049978252,-0.1474325814,0.3808085619,0.03093496817,0.423119512,-0.01917567948,0.5465300721,0.01338202778,0.9507446074,-0.02599874756,1.081517526,0.5896392174
2544,2015-01-18T16:00:00,2544,2545,2550,1,0.2108175396,0.91542497,6,6,-1.216986732,0,0.91542497,0.01302984818,0.4622695743,-0.07151198822,0.4757888288,0.04188883366,0.4434921217,0.02210187599,0.5532763019,0.01285406449,0.9502243879,-0.02512146851,1.082217155,-0.5351772124
2545,2015-01-18T16:01:00,2545,2546,2551,1,0.9331198892,-0.2710674727,6,6,-0.41890785,0,-0.2710674727,0.03366564234,0.4476344426,-0.09051841264,0.4827697327,-0.01192649282,0.4098031769,0.005111311764,0.5511612051,-0.009066529293,0.936145989,-0.03470196624,1.079524701,-0.7471387386
2546,2015-01-18T16:02:00,2546,2547,2552,1,0.9163429702,-0.05471827994,6,6,-0.3745649747,0,-0.05471827994,0.07423087692,0.4332546401,-0.14005114,0.4625498841,-0.001152416564,0.4055094963,0.009345874871,0.5500890809,-0.02640564798,0.9242376552,-0.04892852839,1.068944843,0.2055110489
2547,2015-01-18T16:03:00,2547,2548,2553,1,0.6961399402,-0.2093914598,6,6,-0.1376932857,0,-0.2093914598,0.05622869827,0.4400320397,-0.1804242318,0.4632063159,-0.04210391209,0.384769072,-0.005408594907,0.5477856714,-0.03417366872,0.9233856106,-0.06204381368,1.061835322,0.745994752
2548,2015-01-18T16:04:00,2548,2549,2554,1,1.743053335,-0.4830289989,6,6,-0.3758573137,0,-0.4830289989,-0.02055624825,0.488187738,-0.1437469446,0.4070325177,-0.07926067732,0.3953862983,-0.0503861206,0.512446024,-0.04733527347,0.9227662934,-0.07542193036,1.057800268,1.680258628
2549,2015-01-18T16:05:00,2549,2550,2555,1,0.4413107801,0.8979315075,6,6,-0.343416844,0,0.8979315075,-0.02405494075,0.4816460224,-0.005512546288,0.4720572265,-0.01397146286,0.4339667959,-0.03411084117,0.5303147283,-0.03715944684,0.928163901,-0.0807963818,1.051581409,0.7108319213
2550,2015-01-18T17:00:00,2550,2551,2556,1,0.6088778319,0.3310922434,6,6,0.05679386543,0,0.3310922434,0.09637700246,0.4890928241,0.0650213224,0.468822133,-0.022077025,0.4261992488,-0.0059525817,0.5178457015,-0.04293921695,0.9246558785,-0.07183506964,1.049819455,-0.04985481173
2551,2015-01-18T17:01:00,2551,2552,2557,1,0.7020313618,0.4512348769,6,6,0.4140881343,0,0.4512348769,0.1975676338,0.5285220482,0.1358992554,0.4832417297,-0.0009573462222,0.4379324769,0.03256591986,0.4935371868,-0.07093852495,0.8757871118,-0.06980255457,1.050456776,0.06279470718
2552,2015-01-18T17:02:00,2552,2553,2558,1,1.047019607,-0.07149519897,6,6,0.6369187274,0,-0.07149519897,0.225146886,0.5211419302,0.1406877921,0.4822950898,0.007671031461,0.4348127197,0.04308285536,0.4874945093,-0.05426010064,0.8616058401,-0.06193138603,1.04637436,-0.2695211412
2553,2015-01-18T17:03:00,2553,2554,2559,1,1.876091997,-0.4295944897,6,6,0.4620414694,0,-0.4295944897,0.2358337878,0.5116989289,0.1076387698,0.500081524,-0.01989690578,0.4444641108,0.05982843329,0.4604852934,-0.07120830558,0.8567070692,-0.04908285063,1.031527895,0.6587326436
2554,2015-01-18T17:04:00,2554,2555,2560,1,1.069623767,0.5638843958,6,6,0.2835879024,0,0.5638843958,0.1690243655,0.4051823265,0.07248471237,0.4450593267,0.0004863620733,0.460680374,0.08845596336,0.4599462157,-0.0651425948,0.8589786342,-0.04613716345,1.03263285,0.6392366546
2555,2015-01-18T17:05:00,2555,2556,2561,1,1.09841789,-0.4038110474,6,6,1.107584857,0,-0.4038110474,0.02204370735,0.4181638141,0.0592103549,0.4550125086,-0.01565402887,0.4690964708,0.09195920234,0.456322606,-0.0499120873,0.840824792,-0.05773325775,1.029349084,1.316540748
2556,2015-01-18T18:00:00,2556,2557,2562,1,1.291727103,0.4986592952,6,6,0.8822833339,0,0.4986592952,0.031528591,0.4288013656,0.1145481124,0.48125158,-0.01275151377,0.4719933678,0.09845828847,0.4615435574,-0.05096613656,0.8401465506,-0.06571561352,1.0217399,1.217359353
2557,2015-01-18T18:01:00,2557,2558,2563,1,1.748760728,0.5443884068,6,6,0.40431416,0,0.5443884068,0.1547053121,0.4920569539,0.1899260991,0.5068081281,0.004750933642,0.4854969463,0.09030721892,0.4488765559,-0.03354818444,0.8369824875,-0.03544491652,0.9833375033,0.4303871119
2558,2015-01-18T18:02:00,2558,2559,2564,1,0.8247442149,0.2734930465,6,6,0.3611950383,0,0.2734930465,0.2953228194,0.4692221756,0.2655783036,0.4909201788,0.06091567953,0.4509313099,0.09502685092,0.4507557414,0.009474550879,0.758944044,-0.04792793351,0.9702708504,-0.2181228583
2559,2015-01-18T18:03:00,2559,2560,2565,1,-0.8541036155,0.3994779002,6,6,0.3473072186,0,0.3994779002,0.2624415203,0.4341576284,0.2157329429,0.4199199709,0.1051101983,0.4467498221,0.1102169342,0.4539684993,-0.01242201679,0.7212107168,-0.04112100929,0.9702081471,0.0743677498
2560,2015-01-18T18:04:00,2560,2561,2566,1,-0.2853036595,-0.2425838348,6,6,0.454969287,0,-0.2425838348,0.2946869628,0.4094503111,0.1583653351,0.4138299969,0.1116933287,0.4421817832,0.08197069686,0.4334484544,-0.02309458112,0.7184779683,-0.04547657695,0.9701239678,1.318373616
2561,2015-01-18T18:05:00,2561,2562,2567,1,0.4527654696,-0.3750169237,6,6,0.4581165555,0,-0.3750169237,0.119951719,0.3821581836,0.075740155,0.4061499036,0.1058197052,0.4463632565,0.07599053801,0.4369581126,-0.03896350558,0.712718037,-0.04229803515,0.9682686217,1.042867073
2562,2015-01-18T19:00:00,2562,2563,2568,1,-0.5078008739,0.6919685083,6,6,-0.01515320057,0,0.6919685083,0.1494677393,0.4272437397,0.1520865257,0.460791308,0.1463871589,0.4716657626,0.08684468478,0.4485993174,-0.0705179404,0.6201959862,-0.03746639627,0.9702728686,-0.9284713653
2563,2015-01-18T19:01:00,2563,2564,2569,1,-0.6642392461,1.001422032,6,6,-0.2265065617,0,1.001422032,0.2950535363,0.6067509711,0.2951881778,0.5423634349,0.2014134738,0.5216510453,0.116174221,0.474947331,-0.04273274283,0.6152488139,-0.02428757064,0.973130412,-1.603677276
2564,2015-01-18T19:02:00,2564,2565,2570,1,-0.5116815248,-0.6505234666,6,6,-0.6326154995,0,-0.6505234666,0.08505326295,0.648742151,0.1737473916,0.5519779093,0.123116052,0.5013768127,0.08250244282,0.4733201719,-0.06560924954,0.6053327574,-0.03310621252,0.9742299792,-0.5901016037
2565,2015-01-18T19:03:00,2565,2566,2571,1,0.181594459,-1.27936993,6,6,-0.514524632,0,-1.27936993,-0.1223039562,0.85816926,0.08619150331,0.6723481375,0.07270092911,0.574059405,0.03038721814,0.4987398342,-0.07294399771,0.6171641412,-0.05695845183,0.9705071919,0.4206704914
2566,2015-01-18T19:04:00,2566,2567,2572,1,-0.8949787023,0.3262161212,6,6,-0.9792977821,0,0.3262161212,0.01794265284,0.854172308,0.06894718592,0.6616854272,0.09174764916,0.5785458875,0.0452976163,0.4995764684,-0.07315398876,0.6170502772,-0.04166042901,0.9611355745,0.9394380296
2567,2015-01-18T19:05:00,2567,2568,2573,1,-1.174780276,0.3630522054,6,6,-0.5199739256,0,0.3630522054,-0.04784060774,0.8125316174,0.05081356578,0.6491320522,0.1203698324,0.5823344829,0.03913296016,0.4935385946,-0.06648102497,0.6180890206,-0.03417489795,0.9604649336,0.07842007885
2568,2015-01-18T20:00:00,2568,2569,2574,1,-0.6840799044,-0.2685978352,6,6,0.1936210881,0,-0.2685978352,-0.3018445811,0.6885255054,-0.003395522388,0.6489276202,0.1310913906,0.5753736517,0.02591535664,0.4936522886,-0.06935110429,0.6188027498,-0.03404513851,0.9604275933,-0.2390760324
2569,2015-01-18T20:01:00,2569,2570,2575,1,-0.6303951748,0.8449836593,6,6,0.5908041721,0,0.8449836593,-0.002743155901,0.7295414261,0.04115505352,0.6903249491,0.1284439982,0.5713498567,0.05723626767,0.5073301877,-0.04835850378,0.6189818332,-0.009371237974,0.9439613781,-1.834416732
2570,2015-01-18T20:02:00,2570,2571,2576,1,-0.1567316375,-0.4979657453,6,6,1.172376867,0,-0.4979657453,0.1535376811,0.5044474059,0.01561686247,0.7038897869,0.08699109877,0.5773716734,0.03245703688,0.5074464745,-0.04041129772,0.60841679,-0.002700209509,0.9375920656,-1.253200355
2571,2015-01-18T20:03:00,2571,2572,2577,1,0.3867159249,-0.5860939464,6,6,1.318187085,0,-0.5860939464,-0.02892433244,0.5494406397,-0.005490839801,0.7181557451,0.0351246576,0.5833975567,0.01708365569,0.5158185551,-0.02245298598,0.5686126959,-0.01084047158,0.9384397339,-0.445003872
2572,2015-01-18T20:04:00,2572,2573,2578,1,2.308905011,-0.7503570401,6,6,0.9322633014,0,-0.7503570401,-0.2516061815,0.6230014232,-0.1497233946,0.7239953047,0.00118156554,0.6068351633,0.004426298501,0.5278783082,-0.0289235186,0.5741788867,-0.0009148935915,0.9240950318,1.204021557
2573,2015-01-18T20:05:00,2573,2574,2579,1,2.903103516,0.083250632,6,6,1.583241286,0,0.083250632,-0.1812364881,0.6124442403,-0.2415405346,0.6515962396,0.02682382162,0.5994729998,0.00346345792,0.5276913034,-0.01465233792,0.5619290308,0.01617424246,0.9065055774,1.096468717
2574,2015-01-18T21:00:00,2574,2575,2580,1,2.946399779,0.2221025361,6,6,1.264779659,0,0.2221025361,-0.3058127128,0.4920918389,-0.1542779343,0.6222479692,0.009734728639,0.5881633053,0.005110545356,0.5282814026,-0.006357741817,0.5603076935,0.03035079466,0.8966229433,0.8317197969
2575,2015-01-18T21:01:00,2575,2576,2581,1,2.134390285,0.898668389,6,6,1.432231256,0,0.898668389,-0.02648588589,0.5950473728,0.0635258976,0.5516106241,0.07485870046,0.6149497128,0.02960233579,0.5469070525,0.01528414518,0.5615805989,0.02197388132,0.8834341214,1.104883454
2576,2015-01-18T21:02:00,2576,2577,2582,1,1.815743503,-0.02430220808,6,6,1.495488184,0,-0.02430220808,0.08587246179,0.5343203838,0.02847406467,0.5419332473,0.04871062529,0.6047806417,0.01797955576,0.5424653739,0.02115387135,0.5588659764,0.01825060789,0.8825946309,1.806634799
2577,2015-01-18T21:03:00,2577,2578,2583,1,1.55202419,-0.04264638406,6,6,1.447040283,0,-0.04264638406,0.227414593,0.4162389672,-0.01209579427,0.5298045164,0.01935888575,0.5924800616,0.0120549097,0.5416363671,0.01730839252,0.5581004878,0.03247134545,0.8680396485,2.114679982
2578,2015-01-18T21:04:00,2578,2579,2584,1,0.7654474206,1.171832046,6,6,1.252484723,0,1.171832046,0.4451308758,0.6682116529,0.1319471938,0.6409347707,0.06427583572,0.6449435776,0.06259575762,0.5564581136,0.03468034536,0.5727542204,0.03121099523,0.8662265153,1.029506832
2579,2015-01-18T21:05:00,2579,2580,2585,1,1.150966048,0.6774491368,6,6,1.495460195,0,0.6774491368,0.5362001959,0.7269307892,0.1151937416,0.6207184346,0.07817439755,0.656444937,0.09164229792,0.5614736676,0.05901361177,0.5600427388,0.0454118676,0.8633593343,0.00910870456
2580,2015-01-18T22:00:00,2580,2581,2586,1,0.9520887598,0.2653987993,6,6,0.8362071988,0,0.2653987993,0.409546278,0.617247683,0.191530196,0.6062491559,0.1035735293,0.6568861664,0.107633429,0.5599214967,0.05575737535,0.5577375913,0.0626039183,0.8479663003,-0.5626557925
2581,2015-01-18T22:01:00,2581,2582,2587,1,0.5006503419,0.08665889545,6,6,0.4649884094,0,0.08665889545,0.4317384987,0.6183676379,0.2588054802,0.5778740382,0.1266573202,0.6517998459,0.1162385127,0.5586068366,0.05070372003,0.5551145628,0.05914255326,0.8467639604,-0.2640594109
2582,2015-01-18T22:02:00,2582,2583,2588,1,1.43835893,-0.3429489902,6,6,-0.542390453,0,-0.3429489902,0.3716779775,0.6368183373,0.2995462852,0.5379556081,0.07491144529,0.6377952013,0.1106493021,0.560915016,0.04231427897,0.5552259547,0.04689614814,0.8410779135,1.141857343
2583,2015-01-18T22:03:00,2583,2584,2589,1,1.818271963,-0.3063656978,6,6,-0.6374929048,0,-0.3063656978,0.07603842872,0.3868740287,0.2605846523,0.545975424,0.009522058826,0.6011101493,0.1054677663,0.5627846945,0.04314604342,0.5547169242,0.04407727396,0.8415377253,1.514744552
2584,2015-01-18T22:04:00,2584,2585,2590,1,1.079445018,0.385255277,6,6,-0.2067082319,0,0.385255277,0.01759965677,0.2959195384,0.2768999263,0.554976011,0.06131099601,0.5895722635,0.092213524,0.5472541285,0.05715769999,0.5502734536,0.03930721766,0.8377230759,0.7647097528
2585,2015-01-18T22:05:00,2585,2586,2591,1,-0.232591678,1.062967764,6,6,-0.3489058917,0,1.062967764,0.1771134497,0.5472304471,0.2933298639,0.583290607,0.1784278807,0.5676716537,0.1255644049,0.5708744638,0.06533785834,0.5611044143,0.03581044878,0.8323933923,0.2965015867
2586,2015-01-18T23:00:00,2586,2587,2592,1,-0.6480814029,0.06652151107,6,6,-1.24414367,0,0.06652151107,0.1730859729,0.546666472,0.3024122358,0.5836192111,0.1654431502,0.5631620673,0.1285953997,0.5709057969,0.06897063728,0.5605940715,0.02526136791,0.8234812112,0.303527411
2587,2015-01-18T23:01:00,2587,2588,2593,1,0.2387697534,-0.3647795225,6,6,-1.427585438,0,-0.3647795225,0.1687198664,0.5494854408,0.2701989219,0.5947570279,0.1290515638,0.5632178743,0.1247106981,0.572855926,0.05965105161,0.5604609949,0.0187877869,0.8232953872,0.3147352656
2588,2015-01-18T23:02:00,2588,2589,2594,1,-0.3601262428,0.5947595981,6,6,-0.8015974554,0,0.5947595981,0.3489449256,0.5949034018,0.2124916772,0.5017875903,0.1722194355,0.5755815173,0.1516554131,0.5754775939,0.05063464623,0.5448740169,0.01899495537,0.8234419076,-0.5290932647
2589,2015-01-18T23:03:00,2589,2590,2595,1,0.1889563462,0.07354733534,6,6,-0.892406199,0,0.07354733534,0.2866033372,0.5703574089,0.152101497,0.454354458,0.1336476193,0.5439344394,0.1310458087,0.5578106009,0.04846748379,0.5442363354,0.01890897169,0.8234336891,-0.9516088139
2590,2015-01-18T23:04:00,2590,2591,2596,1,0.9787577562,-0.3535716678,6,6,-0.151800723,0,-0.3535716678,0.003295450847,0.3526046868,0.0902044503,0.4603212071,0.1408673232,0.5382534964,0.113929211,0.5581553886,0.05398831463,0.5383779381,0.009350259025,0.8208764473,-0.07596551225
2591,2015-01-18T23:05:00,2591,2592,2597,1,0.9518753813,-0.2490689322,6,6,-0.2893204499,0,-0.2490689322,-0.05982263782,0.3685812115,0.05663166753,0.466206146,0.1577185739,0.5250174162,0.09642161574,0.5549756736,0.0644937678,0.5251556688,-0.01515181139,0.7835823991,0.1689670219
2592,2015-01-19T00:00:00,2592,2593,2598,1,1.108244583,-0.3489682139,6,6,-0.009144054996,0,-0.3489682139,-0.05666037609,0.3655065695,0.05602974516,0.4666526021,0.1777880152,0.503567715,0.08948479037,0.5575972377,0.06628382286,0.5237201429,-0.00634513697,0.7736588238,1.14056516
2593,2015-01-19T00:01:00,2593,2594,2599,1,-0.003360482318,0.5220716339,6,6,-0.2640714727,0,0.5220716339,-0.07119796894,0.3425770199,0.1388734783,0.4854220185,0.1997290653,0.5165867302,0.1132764435,0.5595666749,0.08655243837,0.5124263699,-0.009713389232,0.770499593,1.054723268
2594,2015-01-19T00:02:00,2594,2595,2600,1,-0.03055227145,-0.004136398136,6,6,-1.67325795,0,-0.004136398136,-0.08673471564,0.3409994053,0.09993431081,0.4698873101,0.1884171186,0.5141947379,0.09907592361,0.5524184565,0.09376594348,0.5082896184,-0.01040308867,0.7704662526,0.7829083595
2595,2015-01-19T00:03:00,2595,2596,2601,1,-1.329653361,0.6226299244,6,6,-1.953029089,0,0.6226299244,0.1085056028,0.4108669056,0.05590052683,0.3828457126,0.1746151953,0.493355233,0.1247369479,0.5574775938,0.1083480751,0.5094171122,0.008304257769,0.7582334578,-0.03232057709
2596,2015-01-19T00:04:00,2596,2597,2602,1,-2.234264152,0.4362297421,6,6,-1.424032624,0,0.4362297421,0.2455653377,0.4409805269,0.09287134993,0.406396318,0.1976417929,0.5028764018,0.1231762091,0.5561673759,0.1108172488,0.5110501958,0.007081311987,0.7574110735,-1.058083751
2597,2015-01-19T00:05:00,2597,2598,2603,1,-2.490090811,-0.275951307,6,6,-1.995155202,0,-0.275951307,0.260168719,0.4305088699,0.1017541715,0.3993325302,0.1859765467,0.5065581861,0.1026677162,0.5511958905,0.09648746757,0.5026465319,0.01185711578,0.7538559275,-0.8134606309
2598,2015-01-19T01:00:00,2598,2599,2604,1,-2.686440354,-0.1925990122,6,6,-2.281955911,0,-0.1925990122,0.1172345898,0.3718131315,0.02301831045,0.3574940694,0.1177549938,0.4356562839,0.09101541476,0.5503401748,0.09302113284,0.5030184124,0.03665483884,0.6963874477,-1.297332783
2599,2015-01-19T01:01:00,2599,2600,2605,1,-2.355335694,-0.5895334315,6,6,-1.739116554,0,-0.5895334315,0.0001551831637,0.4557976702,-0.04328976624,0.4025121803,0.05440586539,0.4292167453,0.06629013147,0.5545930804,0.08825353283,0.5067844133,0.01381536596,0.6702893109,-1.176180401
2600,2015-01-19T01:02:00,2600,2601,2606,1,-1.260922959,-0.03132818727,6,6,-1.531359913,0,-0.03132818727,-0.1306364392,0.3611290665,-0.01106541818,0.3867982787,0.03956951606,0.4251520446,0.07157152266,0.5532873108,0.07677110976,0.4969931644,0.008460786807,0.6679690687,-1.67663018
2601,2015-01-19T01:03:00,2601,2602,2607,1,-1.255542688,-0.6764711647,6,6,-1.948476346,0,-0.6764711647,-0.3531766205,0.4288094827,-0.05380564143,0.4349375803,0.001413013051,0.4508430266,0.06403516663,0.5604027453,0.07001285232,0.5024856361,-0.004630614845,0.6658291166,-1.38910757
2602,2015-01-19T01:04:00,2602,2603,2608,1,-1.613113441,-0.4683810492,6,6,-1.778100454,0,-0.4683810492,-0.391662569,0.4610031552,-0.06574692496,0.4460167016,-0.004858589898,0.4564512839,0.0350264277,0.5545856531,0.06093555624,0.504384077,-0.03533648437,0.599124742,-1.179155293
2603,2015-01-19T01:05:00,2603,2604,2609,1,-2.272778708,-0.531777966,6,6,-1.617788254,0,-0.531777966,-0.4594983597,0.5115296611,-0.1711318849,0.4471619388,-0.01612920331,0.466684227,-0.003303572241,0.5381113172,0.05643532438,0.5075129343,-0.02958968597,0.5906566955,0.4157072207
2604,2015-01-19T02:00:00,2604,2605,2610,1,-3.823665657,-0.3889485553,6,6,-0.6978484828,0,-0.3889485553,-0.4193813845,0.4716024349,-0.2096131007,0.4637673839,-0.05483939492,0.4668373756,0.003235800543,0.5317577405,0.04286912168,0.5033876636,-0.04266089952,0.5818424154,0.1335648819
2605,2015-01-19T02:01:00,2605,2606,2611,1,-3.270248139,-0.2584287716,6,6,-0.6992322206,0,-0.2584287716,-0.4648015013,0.4853551808,-0.2977189703,0.4277755569,-0.1209092217,0.4059327326,0.02875932951,0.4934736517,0.02957327383,0.4961137304,-0.03904288864,0.5788780526,-0.4339581483
2606,2015-01-19T02:02:00,2606,2607,2612,1,-3.670446842,1.063084548,6,6,0.1090206395,0,1.063084548,-0.1168903589,0.6083393422,-0.2350334897,0.5262861995,-0.07108106989,0.4701782274,0.04718104017,0.5187576889,0.04623932823,0.5092573944,-0.03304231245,0.5861204737,-2.688485929
2607,2015-01-19T02:03:00,2607,2608,2613,1,-4.080423141,-0.671090894,6,6,0.06646648379,0,-0.671090894,-0.1574323279,0.6451923677,-0.2745474484,0.560712538,-0.08639663847,0.4867571365,0.02132746268,0.5263776609,0.03023021142,0.5102223958,-0.03721152909,0.5891070974,-3.957230539
2608,2015-01-19T02:04:00,2608,2609,2614,1,-3.214251178,-0.8259518018,6,6,-0.4047013628,0,-0.8259518018,-0.216267095,0.7043826419,-0.3378827274,0.6155556435,-0.1574322085,0.5033441963,0.007393613516,0.5406706312,0.01665448508,0.5176955251,-0.04376953168,0.5939019048,-2.836289991
2609,2015-01-19T02:05:00,2609,2610,2615,1,-1.869384388,-1.191443233,6,6,0.06128000151,0,-1.191443233,-0.3767660306,0.8659134518,-0.3980737076,0.6972140857,-0.2206817369,0.5692642342,-0.0435170588,0.5567434071,0.006859604435,0.5326101485,-0.04674468879,0.598954712,-0.9819609131
2610,2015-01-19T03:00:00,2610,2611,2616,1,0.8937057906,-1.939835504,6,6,-0.3180870653,0,-1.939835504,-0.7130473772,1.220262831,-0.5889244392,0.9286040675,-0.2999949287,0.7113080987,-0.07956380277,0.63074402,-0.02355338294,0.5724246427,-0.05346213274,0.615949132,-0.1231926012
2611,2015-01-19T03:01:00,2611,2612,2617,1,0.9253245123,0.2949887464,6,6,-0.5075189187,0,0.2949887464,-0.8666665374,1.131554372,-0.4917784481,0.9084305293,-0.2727920448,0.7121856237,-0.05753673545,0.625640332,-0.02022653988,0.5733648955,-0.03414756914,0.5882365229,-0.377961187
2612,2015-01-19T03:02:00,2612,2613,2618,1,-0.1917107935,0.6628858447,6,6,0.003978246025,0,0.6628858447,-0.5998711896,1.130586675,-0.3786517588,0.9204616831,-0.2221993419,0.7232498213,-0.02220566333,0.6231656071,-0.008889682415,0.5774906415,-0.02668423351,0.590959153,-0.8874234754
2613,2015-01-19T03:03:00,2613,2614,2619,1,1.490395648,-1.081067192,6,6,-0.5652218321,0,-1.081067192,-0.6508942677,1.172829147,-0.4335806814,0.9673890412,-0.3023562832,0.7535898608,-0.05131360894,0.6460493511,-0.02392507551,0.5898465375,-0.02687276159,0.5913003285,1.016898392
2614,2015-01-19T03:04:00,2614,2615,2620,1,-0.2181401849,0.04022016059,6,6,-0.8266054346,0,0.04022016059,-0.404561589,1.044961408,-0.3906638098,0.9596224389,-0.3001384552,0.7536429565,-0.05586066833,0.6451255437,-0.02537506149,0.5896050405,-0.02285871732,0.5899368299,1.303285699
2615,2015-01-19T03:05:00,2615,2616,2621,1,0.3578239634,0.1534235563,6,6,-1.326673636,0,0.1534235563,0.01409022314,0.5865660622,-0.349478577,0.9573664717,-0.3235987736,0.7414656055,-0.07449178914,0.6297502005,-0.02244472667,0.5897849774,-0.01464116626,0.5851868229,0.6957126819
2616,2015-01-19T04:00:00,2616,2617,2622,1,0.6073310774,0.8232546749,6,6,-0.8958011172,0,0.8232546749,0.1197434088,0.6798571359,-0.3734615643,0.9334401489,-0.304247527,0.7577227974,-0.05330286707,0.6430507418,-0.01766165565,0.5948877787,-0.003665041457,0.5882676873,0.4734972564
2617,2015-01-19T04:01:00,2617,2618,2623,1,2.109967897,0.3266074682,6,6,-1.503589657,0,0.3266074682,0.05248773353,0.6290124675,-0.2736917281,0.9148450451,-0.2741195882,0.7587292029,-0.04407152076,0.6450857305,-0.01600830553,0.5956112632,-0.003151578574,0.5885258161,-1.521425884
2618,2015-01-19T04:02:00,2618,2619,2624,1,1.787510972,-0.4541494611,6,6,-1.443722456,0,-0.4541494611,0.1778712798,0.4507391441,-0.236511494,0.8884520201,-0.2871971107,0.7642825859,-0.08472105844,0.6220628058,-0.01106265041,0.5901727572,-0.005120122571,0.5896487452,-0.3378887185
2619,2015-01-19T04:03:00,2619,2620,2625,1,0.1725592196,0.6010392493,6,6,-1.046346008,0,0.6010392493,0.2900350975,0.5244920205,-0.05726324572,0.8267515419,-0.2276684766,0.7647305386,-0.08663130563,0.6200966905,0.002505496149,0.5915118701,0.01046530597,0.5807511355,0.133833821
2620,2015-01-19T04:04:00,2620,2621,2626,1,2.793843787,-1.668315673,6,6,-0.9740551252,0,-1.668315673,-0.07431274825,0.9094171533,-0.03011126256,0.7652121614,-0.3095178509,0.8508393403,-0.1349741674,0.6725629503,-0.01367036921,0.6188105544,-0.007819805573,0.5984656391,3.631393782
2621,2015-01-19T04:05:00,2621,2622,2627,1,2.748212327,0.7293877046,6,6,-0.8664202727,0,0.7293877046,-0.0930861423,0.8932475533,0.01332863327,0.7937559186,-0.2392249074,0.8530224161,-0.1189059472,0.6822414078,-0.001333717246,0.6234961654,-0.005832835708,0.6004880499,2.12539969
2622,2015-01-19T05:00:00,2622,2623,2628,1,1.931492297,1.072761789,6,6,-0.7236385092,0,1.072761789,0.05614472185,1.003354511,0.05431622769,0.8373699777,-0.1621677655,0.879897207,-0.08351317771,0.7009161396,0.0135680622,0.6347870075,0.0003717934064,0.6076828,0.03872539852
2623,2015-01-19T05:01:00,2623,2624,2629,1,1.279873715,1.829244288,6,6,-0.4787471435,0,1.829244288,0.5128234717,1.278552643,0.3453473757,0.9586090542,-0.04411665282,0.9630090539,-0.03012292807,0.756696969,0.03767241913,0.6668271572,0.01872305292,0.6292884963,-0.8375499948
2624,2015-01-19T05:02:00,2624,2625,2630,1,2.03079077,-0.776606387,6,6,-0.8116421297,0,-0.776606387,0.2372943445,1.297332156,0.263664721,0.9894853716,-0.06349954441,0.9746682836,-0.05916946967,0.7641712499,0.01652202717,0.6646219904,0.01838197677,0.629698194,0.6228126369
2625,2015-01-19T05:03:00,2625,2626,2631,1,3.158616985,-1.013912503,6,6,-1.096021782,0,-1.013912503,0.3681749784,1.154131274,0.1469311151,1.039003984,-0.101273731,0.9990194791,-0.1110914763,0.7625028862,0.007236464291,0.6735385308,0.006528080115,0.6353704901,1.892766898
2626,2015-01-19T05:04:00,2626,2627,2632,1,3.017492715,0.9529688949,6,6,-1.193409838,0,0.9529688949,0.4128912165,1.186274697,0.1599025371,1.050033058,-0.1067795136,0.9934485229,-0.08893029174,0.7771767924,0.01983255398,0.6818860592,0.01633699427,0.6409719683,2.11742371
2627,2015-01-19T05:05:00,2627,2628,2633,1,3.857703016,0.6837562447,6,6,-1.436951548,0,0.6837562447,0.3350901076,1.127203888,0.1956174147,1.067077523,-0.03903715666,0.9938802485,-0.06271689756,0.7825376854,0.03099690028,0.6857583908,0.01886173522,0.6430651296,1.407978133
2628,2015-01-19T06:00:00,2628,2629,2634,1,3.152940021,0.2560417584,6,6,-1.634403385,0,0.2560417584,0.02044960166,0.7838833768,0.2666365367,1.060464523,0.01506252135,0.9782463895,-0.07118484356,0.7779207474,0.04023528475,0.6842277217,0.01002814963,0.6321751017,1.265850087
2629,2015-01-19T06:01:00,2629,2630,2635,1,2.720334639,1.177625707,6,6,-1.618250757,0,1.177625707,0.4112960205,0.8781856942,0.3242951825,1.107763701,0.1335159684,0.9774094663,-0.04358288426,0.7998096752,0.04373146224,0.6895100373,0.01778402777,0.64085409,0.9000690049
2630,2015-01-19T06:02:00,2630,2631,2636,1,1.486746132,-0.02568933231,6,6,-1.931702528,0,-0.02568933231,0.6089406546,0.7521558278,0.4885578165,0.9741040466,0.229223277,0.875907628,-0.03538582588,0.7978638305,0.03927169255,0.6885216517,0.02419693446,0.6367334085,2.449724883
2631,2015-01-19T06:03:00,2631,2632,2637,1,1.277729357,0.1139137125,6,6,-1.147281165,0,0.1139137125,0.4411296181,0.621855058,0.4270104173,0.9470880025,0.2201695253,0.8737917781,-0.02631125976,0.7970948608,0.03505517799,0.6867889833,0.03422542528,0.6290037546,1.887089933
2632,2015-01-19T06:04:00,2632,2633,2638,1,-0.20536009,0.8118446247,6,6,-0.7469115935,0,0.8118446247,0.4667472941,0.6519336865,0.4009187008,0.9207622215,0.2276174643,0.8800544154,0.002709061207,0.8054769016,0.04609692579,0.692714847,0.04509223565,0.6317590826,1.820265635
2633,2015-01-19T06:05:00,2633,2634,2639,1,-1.788134336,1.523966546,6,6,-0.9377744907,0,1.523966546,0.7203322516,0.9361628394,0.3703909266,0.8633869383,0.3578691512,0.912241285,0.02775643401,0.8366844806,0.07051643873,0.7117428552,0.06695377025,0.6390624615,-0.9629787518
2634,2015-01-19T07:00:00,2634,2635,2640,1,-2.38845019,-0.4487212373,6,6,-1.144683912,0,-0.4487212373,0.3950628627,0.799568978,0.4031794416,0.8397977924,0.3334220813,0.9176986523,0.01664181303,0.8396870019,0.05785886832,0.7107180919,0.0680579,0.638172112,-0.6093605766
2635,2015-01-19T07:01:00,2635,2636,2641,1,-3.103244998,0.7450203258,6,6,-1.389860079,0,0.7450203258,0.5492047944,0.8661348737,0.5790727245,0.8111498039,0.3630019198,0.9320657924,0.01970157307,0.8421751259,0.07221926048,0.7141569191,0.0787992411,0.6398621026,-2.025625725
2636,2015-01-19T07:02:00,2636,2637,2642,1,-1.62528392,-1.25927784,6,6,-1.495496506,0,-1.25927784,0.2745664838,1.031867476,0.3578480509,0.8518961796,0.258875294,0.9561110094,-0.02268611649,0.8626390033,0.05024504629,0.7257644935,0.06631612702,0.6497411421,-0.8251555841
2637,2015-01-19T07:03:00,2637,2638,2643,1,-1.7225562,-0.09510306222,6,6,-2.04908841,0,-0.09510306222,0.09317694642,0.9668200804,0.2799621202,0.8245479366,0.2377897675,0.9535548594,-0.01816491037,0.8616660819,0.04225140293,0.7232860245,0.05827000826,0.6449226074,-1.779089614
2638,2015-01-19T07:04:00,2638,2639,2644,1,-0.8982825759,-0.6712448221,6,6,-2.503540684,0,-0.6712448221,-0.3458653272,0.7485720964,0.1872334622,0.8475733141,0.2269349994,0.9599389376,-0.03013105562,0.8676435429,0.03044217957,0.7265258514,0.05197040336,0.6477809208,-1.077619273
2639,2015-01-19T07:05:00,2639,2640,2645,1,-1.894822431,-0.05880769981,6,6,-2.882912606,0,-0.05880769981,-0.2678826197,0.7216520649,0.06359012151,0.7616075936,0.193942652,0.9505752323,-0.01686291233,0.8626720318,0.02471360957,0.7251815356,0.05321471778,0.6475244957,-0.8001283364
2640,2015-01-19T08:00:00,2640,2641,2646,1,0.8578797114,-1.049037092,6,6,-2.881940232,0,-1.049037092,-0.6266941032,0.7936412348,-0.03874465444,0.8306792489,0.224906581,0.9052366287,-0.04230563494,0.8784591445,0.01463294386,0.7341039834,0.03707886152,0.6495369837,0.05653341415
2641,2015-01-19T08:01:00,2641,2642,2647,1,0.9624716663,0.03022551842,6,6,-3.180123078,0,0.03022551842,-0.3687934315,0.5593683851,-0.04711347385,0.8299528537,0.1899484717,0.8904486015,-0.02463821786,0.8719363378,0.01969847439,0.7329134376,0.03846249559,0.6494245161,0.1793366973
2642,2015-01-19T08:02:00,2642,2643,2648,1,0.6989421089,0.218683237,6,6,-3.282939177,0,0.218683237,-0.3060361717,0.5662583716,-0.1064296126,0.7922719266,0.1472445441,0.8589231264,-0.007461610708,0.869473413,0.01378240849,0.7292287922,0.03813650059,0.649304913,-1.094694095
2643,2015-01-19T08:03:00,2643,2644,2649,1,1.731133965,-0.1923753413,6,6,-2.579476599,0,-0.1923753413,-0.2102622755,0.4877871211,-0.2780638014,0.6317817895,0.04616356264,0.7565002428,0.001023454908,0.8659327501,-0.001140058666,0.7209033629,0.03796470122,0.6493530844,0.8013462972
2644,2015-01-19T08:04:00,2644,2645,2650,1,0.2806278502,0.1530288015,6,6,-2.367584495,0,0.1530288015,-0.1678949752,0.4918619412,-0.2178887975,0.6175394206,0.09264532207,0.7370940469,0.01457288883,0.8640850355,0.008904344685,0.7174291753,0.03343704406,0.646385135,0.783134969
2645,2015-01-19T08:05:00,2645,2646,2651,1,2.120230575,-1.055347555,6,6,-1.801825486,0,-1.055347555,-0.1691570678,0.4945544434,-0.3979255855,0.6612301064,0.09057356946,0.7399963709,-0.005350080752,0.8791002641,0.01170462438,0.7128581623,0.01793215563,0.6493778924,1.793636203
2646,2015-01-19T09:00:00,2646,2647,2652,1,0.2008694951,1.70366505,6,6,-2.133311955,0,1.70366505,0.1655308386,0.9082380205,-0.1016312965,0.7542510498,0.1281083772,0.8045563209,0.01066443182,0.9039498993,0.028922736,0.7369650468,0.03438102943,0.6672859477,0.9297876675
2647,2015-01-19T09:01:00,2647,2648,2653,1,1.219162681,0.1348174733,6,6,-1.469632108,0,0.1348174733,0.1487576859,0.9049679445,-0.0786392429,0.75485612,0.1006614387,0.7904704491,0.03081214101,0.89795364,0.02606980184,0.736000741,0.03042418795,0.6650750649,-0.5025071188
2648,2015-01-19T09:02:00,2648,2649,2654,1,1.022088512,-0.04484632031,6,6,-1.015669408,0,-0.04484632031,0.1782634901,0.9010924285,-0.01599939272,0.7245356583,0.08561703474,0.7884581291,0.05033977804,0.8884346402,0.02886669578,0.7354049366,0.02788291607,0.6646636802,0.3265943719
2649,2015-01-19T09:03:00,2649,2650,2655,1,-1.019902091,0.8398165145,6,6,-0.8859181567,0,0.8398165145,0.3156210326,0.9738287105,0.07386302871,0.7714501042,0.06872657511,0.7665446465,0.1011212717,0.8783279455,0.02880210647,0.7353309463,0.0382801602,0.6680337119,-0.7289181725
2650,2015-01-19T09:04:00,2650,2651,2656,1,-0.5280881916,-1.297477313,6,6,-0.7516240598,0,-1.297477313,0.267195081,1.030669753,0.04901900659,0.8083514824,0.005137176071,0.8195914024,0.1171802265,0.848217024,0.01880821187,0.7474323175,0.02335782021,0.6769569319,1.7216698
2651,2015-01-19T09:05:00,2651,2652,2657,1,0.5453305259,0.7842551705,6,6,-0.216904393,0,0.7842551705,0.08331310499,0.7776866042,0.1244219718,0.8454858829,0.03865424897,0.8377553693,0.1294118871,0.8559632382,0.03593757583,0.7496995699,0.02965293579,0.6807269819,0.6954941397
2652,2015-01-19T10:00:00,2652,2653,2658,1,1.246217965,-0.2156960299,6,6,0.1283659896,0,-0.2156960299,0.01321040435,0.7813234027,0.0809840451,0.8454091436,-0.01272278376,0.8192714525,0.1074473403,0.8502062946,0.04262083846,0.7453811499,0.02988932514,0.6806471493,-0.2909839184
2653,2015-01-19T10:01:00,2653,2654,2659,1,-0.5925867444,1.15311066,6,6,-0.9928714155,0,1.15311066,0.2528018003,0.935947039,0.2155326452,0.9186850452,-0.03126557808,0.7883940771,0.1633017866,0.8525694643,0.05599408881,0.7563909226,0.03848387851,0.688649056,-2.249757992
2654,2015-01-19T10:02:00,2654,2655,2660,1,-2.318906874,-0.24192049,6,6,-1.771319764,0,-0.24192049,0.03645439941,0.8640854176,0.176037716,0.9205938209,-0.02092554072,0.7838520011,0.1562482703,0.8534034146,0.05019380098,0.7564669045,0.03516604911,0.6888554748,-0.1501636137
2655,2015-01-19T10:03:00,2655,2656,2661,1,0.1937727098,-1.202174088,6,6,-2.086286077,0,-1.202174088,0.05551504443,0.8360613858,0.1613550627,0.9384238865,-0.1182852614,0.8117464642,0.1223583292,0.8739791083,0.02393327002,0.7617167442,0.02582295861,0.6975031949,1.537201883
2656,2015-01-19T10:04:00,2656,2657,2662,1,-0.4699943759,-0.8056634138,6,6,-2.19918712,0,-0.8056634138,-0.2624686724,0.8401226777,-0.08957778372,0.8095068153,-0.09560454009,0.7823668993,0.08163537696,0.8735691808,0.01416625495,0.7670193512,0.01543735522,0.7002156935,1.657171247
2657,2015-01-19T10:05:00,2657,2658,2663,1,-2.339285003,1.857673888,6,6,-2.005278941,0,1.857673888,0.1522053112,1.177578708,0.08270785775,0.9992892155,0.002034307426,0.8855469209,0.1199120375,0.9201793899,0.03792025835,0.7946274942,0.02929847546,0.720239697,-2.16874326
2658,2015-01-19T11:00:00,2658,2659,2664,1,-3.838695152,0.4851914088,6,6,-2.411260149,0,0.4851914088,0.01862146102,1.080666884,0.1357116307,1.010900038,0.05985611897,0.8794517632,0.1433955592,0.9205754091,0.02933725038,0.7856275257,0.04042341946,0.7174182533,-1.343429173
2659,2015-01-19T11:01:00,2659,2660,2665,1,-5.000874462,-0.6856940495,6,6,-0.8271637983,0,-0.6856940495,-0.07013325087,1.118110494,-0.01683942573,0.9992033539,0.02851180149,0.8926204697,0.1112272267,0.9220532997,0.01229796056,0.7857169316,0.03874607301,0.7187848247,-2.127165623
2660,2015-01-19T11:02:00,2660,2661,2666,1,-2.292535327,-1.968240619,6,6,-0.2988288053,0,-1.968240619,-0.2233465572,1.31754347,-0.08391575636,1.103385571,-0.01744837489,0.9671845319,0.1037291031,0.9367228173,-0.01562253218,0.8154111106,0.02546278821,0.7401131987,-0.1705417434
2661,2015-01-19T11:03:00,2661,2662,2667,1,-2.802268507,1.310505496,6,6,0.4468911073,0,1.310505496,0.1998872247,1.396276126,-0.03129072385,1.152257162,0.04656562397,1.01057977,0.1182570478,0.9524101491,-0.0003244496757,0.828413674,0.03852987112,0.7493508365,-2.495265978
2662,2015-01-19T11:04:00,2662,2663,2668,1,-1.799581262,-1.4694305,6,6,0.4339996075,0,-1.4694305,-0.4655336528,1.300477514,-0.1566641708,1.240550961,-0.03784006286,1.061527981,0.05470224063,0.965554398,-0.01440546854,0.843676102,0.02727945501,0.7611842496,-2.873708839
2663,2015-01-19T11:05:00,2663,2664,2669,1,-1.634828971,-0.0116167395,6,6,0.6769199857,0,-0.0116167395,-0.5648952825,1.282258403,-0.2731369107,1.185754512,-0.02880213277,1.060659223,0.008680714936,0.921219465,-0.01072110656,0.8429814961,0.02800851773,0.7611312234,-2.121993584
2664,2015-01-19T12:00:00,2664,2665,2670,1,1.605363004,-1.014218739,6,6,0.8159890269,0,-1.014218739,-0.6306002204,1.32509595,-0.3503667356,1.225979272,-0.08716450981,1.084093667,0.00274040613,0.926975381,-0.02821453177,0.849482506,0.01192815349,0.7621741133,-0.3070025286
2665,2015-01-19T12:01:00,2665,2666,2671,1,2.869289097,-1.84787336,6,6,0.5282038299,0,-1.84787336,-0.6065267685,1.289965984,-0.4149366628,1.303827641,-0.1267908001,1.13591503,-0.0181086153,0.9586181678,-0.06460004582,0.8661291599,-0.001211895572,0.7802258427,1.074127576
2666,2015-01-19T12:02:00,2666,2667,2672,1,2.736215356,0.7400985151,6,6,1.057789622,0,0.7400985151,-0.7206081646,1.195858048,-0.2603604699,1.299935285,-0.1749691268,1.082851105,-0.02343037479,0.9539070679,-0.05618033327,0.870040936,0.00541157772,0.7831295954,0.4871646129
2667,2015-01-19T12:03:00,2667,2668,2673,1,4.597184539,0.8007723161,6,6,1.351839807,0,0.8007723161,-0.2665676015,1.06135693,-0.3660506271,1.186954148,-0.1416713847,1.097141532,-0.02050497301,0.9561807029,-0.04161093529,0.8736838003,0.01382960919,0.7863016125,1.912365533
2668,2015-01-19T12:04:00,2668,2669,2674,1,4.627015045,-0.4667432552,6,6,1.458369692,0,-0.4667432552,-0.3575929046,1.081675273,-0.4612440935,1.186214148,-0.1627662314,1.102048749,-0.03857459835,0.9581695224,-0.05487972095,0.8727111558,0.01396532372,0.7862196436,1.795161521
2669,2015-01-19T12:05:00,2669,2670,2675,1,4.576102578,0.153135552,6,6,2.331678349,0,0.153135552,-0.1241220463,0.9843696289,-0.3773611334,1.167232377,-0.1971002796,1.086471068,-0.06418685222,0.9402154213,-0.05388486824,0.8728403505,0.007758690754,0.7820599341,2.249050743
2670,2015-01-19T13:00:00,2670,2671,2676,1,2.361192313,2.225973236,6,6,2.483429079,0,2.225973236,0.6906472728,1.130065372,0.04206025214,1.212654111,-0.02092775211,1.159307921,-0.007895288021,1.003923533,-0.02164055695,0.9067659988,0.02354936569,0.8074624018,2.684819006
2671,2015-01-19T13:01:00,2671,2672,2677,1,1.981611368,-0.5839472664,6,6,2.077930734,0,-0.5839472664,0.4258381165,1.111619298,-0.1473850241,1.15450724,-0.08933787396,1.15338275,-0.02534181249,1.007999461,-0.02582653613,0.9086867255,0.01492284783,0.8081710067,2.831853523
2672,2015-01-19T13:02:00,2672,2673,2678,1,2.580764799,0.607024774,6,6,1.916497461,0,0.607024774,0.387088608,1.086805419,0.06026050328,1.074156542,-0.04820183377,1.160340244,-0.03046230876,1.004389166,-0.01387662378,0.9103819629,0.02057718094,0.810042245,2.327051835
2673,2015-01-19T13:03:00,2673,2674,2679,1,1.18430006,2.661741499,6,6,2.331091575,0,2.661741499,1.012785559,1.598295882,0.3275963271,1.36465584,0.02722970819,1.278338634,-0.002017934946,1.062006329,0.01286924953,0.9560068938,0.04633831417,0.8447905511,-0.3236266928
2674,2015-01-19T13:04:00,2674,2675,2680,1,1.704535029,-0.4369127495,6,6,1.475608251,0,-0.4369127495,0.8947758985,1.60873807,0.3853269261,1.333608215,0.01748009522,1.280924675,-0.00172272275,1.061883229,0.007459545141,0.9572539509,0.03799833796,0.8441635711,-0.8502421548
2675,2015-01-19T13:05:00,2675,2676,2681,1,1.80431954,0.1022230854,6,6,1.740877475,0,0.1022230854,0.4700258684,1.264569777,0.5803365706,1.199204833,0.08269995389,1.252609027,-0.01779265376,1.055452912,0.0009544596536,0.95478788,0.04221528907,0.8434099555,0.253712964
2676,2015-01-19T14:00:00,2676,2677,2682,1,-0.1458324382,0.01106297127,6,6,0.8326071176,0,0.01106297127,0.589027916,1.23732062,0.5074330162,1.176150454,0.1235362731,1.239588971,0.01396586653,1.036503445,-0.004360124982,0.9535421966,0.03815198637,0.842181214,1.507926753
2677,2015-01-19T14:01:00,2677,2678,2683,1,2.279546212,-0.9635282115,6,6,1.293206651,0,-0.9635282115,0.2749173189,1.281773702,0.3310029635,1.188294964,-0.01752383184,1.187624745,-0.007744762205,1.047531833,-0.01295483629,0.9591119274,0.02558601455,0.8453023696,2.554777184
2678,2015-01-19T14:02:00,2678,2679,2684,1,2.355584908,1.206178204,6,6,2.069726251,0,1.206178204,-0.01619534003,0.7189877848,0.4982951094,1.239252428,0.01852550793,1.213023204,0.03919081345,1.059448134,0.004529878917,0.9683066833,0.03335839087,0.8520778473,1.550606576
2679,2015-01-19T14:03:00,2679,2680,2685,1,2.839080571,1.26527676,6,6,1.959934194,0,1.26527676,0.324242562,0.8938399973,0.6095092302,1.301343175,0.1160740484,1.2361079,0.07229292496,1.078131264,0.02771500632,0.976363164,0.04057338137,0.8590971115,-1.653759191
2680,2015-01-19T14:04:00,2680,2681,2686,1,2.760184331,0.08332221932,6,6,1.642491674,0,0.08332221932,0.3204623887,0.8934475627,0.3952441286,1.094848224,0.2186521904,1.155253787,0.1006019077,1.065377218,0.0291481364,0.9764013223,0.04328926515,0.8588453359,-0.2752309721
2681,2015-01-19T14:05:00,2681,2682,2687,1,2.963795129,0.2020075967,6,6,0.9171965859,0,0.2020075967,0.3586513138,0.89798969,0.4738396149,1.081052219,0.1632272954,1.118382955,0.1048964597,1.065845183,0.04012912092,0.9737296674,0.04809780282,0.8583608734,0.8049783316
2682,2015-01-19T15:00:00,2682,2683,2688,1,4.21928492,-1.939089007,6,6,1.564575358,0,-1.939089007,0.1635391547,1.171631937,0.2192282368,1.227938358,0.13974437,1.153612779,0.05095215358,1.108526972,0.02174527144,0.9961967839,0.02617232352,0.8741436402,4.492839762
2683,2015-01-19T15:01:00,2683,2684,2689,1,2.016884348,1.461850439,6,6,2.065858358,0,1.461850439,0.2146736015,1.228474487,0.09923913075,1.006502111,0.2134177289,1.199027119,0.09230779808,1.131959367,0.04666562649,1.007762754,0.03000922692,0.8795330819,3.035415303
2684,2015-01-19T15:02:00,2684,2685,2690,1,1.871759625,1.2822169,6,6,1.868015804,0,1.2822169,0.2180616295,1.231982364,0.2711520957,1.076273777,0.3282395109,1.21179126,0.1205375006,1.149716734,0.06755519469,1.01697874,0.04611539664,0.8852980311,2.158816797
2685,2015-01-19T15:03:00,2685,2686,2691,1,0.2624813773,1.748772423,6,6,1.193839375,0,1.748772423,0.5511516703,1.458777921,0.4358070295,1.209603566,0.5080718001,1.204415422,0.1906405,1.170666362,0.09264520963,1.035199741,0.07134991626,0.8919628638,-0.2735548427
2686,2015-01-19T15:04:00,2686,2687,2692,1,1.520429186,0.004425979476,6,6,0.330832715,0,0.004425979476,0.5116353469,1.455979233,0.4351433304,1.209599316,0.4712881733,1.19299212,0.1481595232,1.139253421,0.07941197753,1.02835397,0.06866833174,0.8914657063,-1.018530955
2687,2015-01-19T15:05:00,2687,2688,2693,1,1.673669978,0.4056183944,6,6,0.5625673234,0,0.4056183944,0.9805768272,1.183540261,0.5720579909,1.177601152,0.4515304772,1.182960142,0.1549295463,1.140858063,0.09287084363,1.026615278,0.06902304998,0.891618622,-0.2870571723
2688,2015-01-19T16:00:00,2688,2689,2694,1,1.927850836,-0.6835992166,6,6,0.2419639238,0,-0.6835992166,0.5514868962,1.032873557,0.3830802489,1.134895887,0.4406876791,1.188220362,0.1389607239,1.145944823,0.09465025095,1.02530621,0.06556470514,0.8934633696,0.53603622
2689,2015-01-19T16:01:00,2689,2690,2695,1,1.969696208,-0.7405501329,6,6,0.4086219588,0,-0.7405501329,0.1469334896,0.9207033451,0.1824975595,1.0875374,0.3960033949,1.199214671,0.09945155767,1.144232321,0.1002864147,1.019982251,0.05235192354,0.8926908398,2.538960141
2690,2015-01-19T16:02:00,2690,2691,2696,1,0.9375375902,1.137092177,6,6,1.022975415,0,1.137092177,0.02459744032,0.703313142,0.2878745553,1.14513807,0.341559342,1.120275375,0.1603157949,1.139958721,0.1387480107,1.004733299,0.06597740622,0.8975552025,1.96072715
2691,2015-01-19T16:03:00,2691,2692,2697,1,0.7418729456,0.1394941757,6,6,1.017612102,0,0.1394941757,0.05161107956,0.7060716556,0.2816232132,1.144205556,0.3777314141,1.113076874,0.1441967701,1.133408994,0.1368043286,1.004312952,0.07202397391,0.8960496336,1.391814616
2692,2015-01-19T16:04:00,2692,2693,2698,1,-0.8249380089,1.262373788,6,6,1.660567336,0,1.262373788,0.2229621584,0.8856350506,0.6017694928,1.04525523,0.4104988648,1.140261177,0.1811485155,1.150344521,0.1442979279,1.011470034,0.08879673081,0.900828995,-0.569263933
2693,2015-01-19T16:05:00,2693,2694,2699,1,0.04804366075,0.558859186,6,6,2.427239431,0,0.558859186,0.4714538389,0.8679588602,0.5114703675,0.9539864697,0.3053547491,0.9805959117,0.1662922287,1.139236149,0.1647970076,1.006164423,0.09276013543,0.9022404443,-1.02318956
2694,2015-01-19T17:00:00,2694,2695,2700,1,1.639447591,-0.4294183584,6,6,1.977845766,0,-0.4294183584,0.5336801938,0.8249543675,0.3403068417,0.8741408234,0.3057294687,0.9804303702,0.161604782,1.140616442,0.1589265261,1.007299175,0.08733079464,0.9028640028,-0.6499416703
2695,2015-01-19T17:01:00,2695,2696,2701,1,2.968050633,-0.6987047606,6,6,1.526472299,0,-0.6987047606,0.1665208062,0.7208270618,0.09555912326,0.712123946,0.2656830764,0.9925374804,0.1741915151,1.130079649,0.1482749222,1.010178077,0.07401935173,0.9013887081,-0.2556740759
2696,2015-01-19T17:02:00,2696,2697,2702,1,3.490422158,0.1049335592,6,6,0.774602428,0,0.1049335592,0.1596086829,0.7196541797,0.1056098812,0.7128952663,0.2703766058,0.9928117058,0.1969564395,1.122999533,0.1392959082,1.006044498,0.07509631645,0.9014368754,1.07123322
2697,2015-01-19T17:03:00,2697,2698,2703,1,4.01012387,-0.05617046893,6,6,1.030081282,0,-0.05617046893,-0.1041001685,0.4470074344,0.05943099491,0.7014859547,0.3157444929,0.9692334644,0.1491103305,1.083943274,0.134511184,1.005401196,0.07498361575,0.9014430525,2.289389262
2698,2015-01-19T17:04:00,2698,2699,2704,1,6.070626225,-0.3044371662,6,6,0.6435426623,0,-0.3044371662,-0.276759439,0.3948256908,0.09734719995,0.6742551109,0.2402137244,0.9334368296,0.1293696162,1.08229608,0.1363825877,1.004694951,0.06268137231,0.8955047035,3.223724709
2699,2015-01-19T17:05:00,2699,2700,2705,1,4.089772385,1.431840856,6,6,0.3312481973,0,1.431840856,0.09549240383,0.727352011,0.3145862988,0.7776858802,0.2485419292,0.9453922269,0.1823079888,1.100392931,0.1467676078,1.015147006,0.06896796997,0.9028781377,2.419188937
2700,2015-01-19T18:00:00,2700,2701,2706,1,2.095006865,1.161985572,6,6,0.1944809802,0,1.161985572,0.4676304704,0.837523357,0.3170756383,0.7813568412,0.3024750968,0.9802702977,0.2605636436,1.071340555,0.1821463733,1.006285303,0.07643952641,0.908764939,1.720734608
2701,2015-01-19T18:01:00,2701,2702,2707,1,1.007105558,0.6298982808,6,6,0.6565180169,0,0.6298982808,0.5726234147,0.8823817382,0.3661160488,0.8051396371,0.323869631,0.9893068762,0.2435484632,1.055819239,0.1809027555,1.005445015,0.08096652129,0.9105479477,2.846901516
2702,2015-01-19T18:02:00,2702,2703,2708,1,0.1859628692,0.627305084,6,6,1.181220555,0,0.627305084,0.7093185253,0.9255640666,0.3026091784,0.7268027545,0.4521893356,0.9002224002,0.2959668528,1.034703536,0.1753345467,1.000726412,0.08905197191,0.9118095811,1.670583447
2703,2015-01-19T18:03:00,2703,2704,2709,1,-1.310759448,0.4635312433,6,6,1.38166174,0,0.4635312433,0.8629122072,0.9386717671,0.2930763841,0.7200666679,0.4022733758,0.8451586214,0.3078455524,1.037294347,0.1582631337,0.9809752458,0.09546777975,0.9123623492,0.3742722567
2704,2015-01-19T18:04:00,2704,2705,2710,1,-2.263475283,1.756065189,6,6,1.641178305,0,1.756065189,0.9277570738,1.042988029,0.5116247388,0.8991287385,0.4259657903,0.8867228054,0.3771026506,1.061771018,0.1899215284,0.9966546675,0.1068911957,0.9256707031,-1.839795958
2705,2015-01-19T18:05:00,2705,2706,2711,1,-0.8057500841,-0.5490129846,6,6,0.7954153718,0,-0.5490129846,0.5855573625,0.9370512185,0.5265939164,0.8886817089,0.3110765198,0.8052563859,0.40957416,1.024464337,0.1957327723,0.9920876901,0.09345802277,0.9219339494,-1.484620578
2706,2015-01-19T19:00:00,2706,2707,2712,1,-1.336922222,-0.8327799474,6,6,0.627070984,0,-0.8327799474,0.2930217168,0.9682019962,0.4328225658,0.9262863049,0.2692162235,0.8265064971,0.3702521984,1.026241489,0.1734109118,0.9907346486,0.08596384395,0.9250430719,-1.685031705
2707,2015-01-19T19:01:00,2707,2708,2713,1,-2.935203927,-0.4580030257,6,6,0.2970732217,0,-0.4580030257,0.07596009486,0.9490343124,0.3926393101,0.9373726493,0.2260351525,0.8278737912,0.3387828148,1.020972505,0.1591389209,0.9891072723,0.08518698143,0.9253884988,-0.4236793249
2708,2015-01-19T19:02:00,2708,2709,2714,1,-3.095132152,-0.1938376051,6,6,0.4912046996,0,-0.1938376051,-0.05551367483,0.9301658383,0.4036992662,0.9344284813,0.2505232331,0.8147933913,0.3456054561,1.018762951,0.1535154289,0.9889304281,0.07861533807,0.9239638291,0.6788704942
2709,2015-01-19T19:03:00,2709,2710,2715,1,-2.456619117,-1.033191074,6,6,0.8528206192,0,-1.033191074,-0.6133649273,0.679670697,0.1571960733,0.88027731,0.235891186,0.8305671167,0.3159472905,1.031493472,0.1258802191,0.9869102848,0.06939251799,0.9287409644,0.3481094831
2710,2015-01-19T19:04:00,2710,2711,2716,1,-3.450169366,0.8033493539,6,6,0.04414676624,0,0.8033493539,-0.3428924596,0.7285212706,0.1213324514,0.8392878612,0.2192040449,0.8108398816,0.2803816934,0.9778747953,0.1362432027,0.9909847568,0.07903352651,0.9310725479,-2.511524603
2711,2015-01-19T19:05:00,2711,2712,2717,1,-4.059009665,0.908712214,6,6,-0.07583272599,0,0.908712214,0.005405972671,0.7464518278,0.1492138447,0.8644667248,0.2576649468,0.8353300406,0.3176981804,0.9840519306,0.146178184,0.9960976647,0.08868170272,0.9344840523,-3.774002646
2712,2015-01-19T20:00:00,2712,2713,2718,1,-3.120100941,-1.363952085,6,6,-0.5425852384,0,-1.363952085,-0.1757838392,0.9419713556,-0.04991187215,0.9455094291,0.1263486531,0.8432764447,0.268423759,1.002823692,0.1189807251,1.003606735,0.0802235038,0.9422041524,-2.8047286
2713,2015-01-19T20:01:00,2713,2714,2719,1,-1.866930684,-2.056284732,6,6,-0.6523687677,0,-2.056284732,-0.5482732645,1.313566447,-0.3018934696,1.138126816,-0.004408542763,0.9523204963,0.1504731032,0.9665616043,0.07422758412,1.015406021,0.05873720075,0.9595380307,-0.9386447633
2714,2015-01-19T20:02:00,2714,2715,2720,1,-1.494990476,-0.3537658293,6,6,-0.6132253296,0,-0.3537658293,-0.4123882156,1.23975405,-0.5128765715,0.9997355552,-0.0006259163083,0.9507638163,0.1525517762,0.9657110192,0.07541452672,1.014936886,0.05582362216,0.960081251,-0.2850070195
2715,2015-01-19T20:03:00,2715,2716,2721,1,-2.044345092,-0.3946780388,6,6,-0.4510169633,0,-0.3946780388,-0.6519936941,1.199612528,-0.4974430769,0.9924246722,0.01457541978,0.94198246,0.1401292481,0.9675902038,0.06116829717,1.012475099,0.0473460558,0.9590743096,-0.315372341
2716,2015-01-19T20:04:00,2716,2717,2722,1,-2.359645367,-0.1902008953,6,6,-0.6236155381,0,-0.1902008953,-0.871776316,1.131880699,-0.4331851717,0.9587346474,-0.0001813029414,0.9426501055,0.1350976514,0.9680558622,0.07453175898,1.002863785,0.04212580049,0.9584045064,-0.9282859205
2717,2015-01-19T20:05:00,2717,2718,2723,1,-2.041764644,0.2998719145,6,6,-0.6219129659,0,0.2998719145,-0.5390115161,0.9628424024,-0.3573976776,0.9524640483,0.01762081623,0.9449484767,0.1666826546,0.9571679926,0.07946894619,1.003367706,0.04692432733,0.9584643872,-1.209983457
2718,2015-01-19T21:00:00,2718,2719,2724,1,-2.462941172,-0.4250433603,6,6,-0.5230649597,0,-0.4250433603,-0.2127632418,0.3428359433,-0.3805182531,0.9599461691,0.01159050653,0.9472732536,0.1259021155,0.94038049,0.08254646446,1.001685034,0.0449872911,0.9590883052,-1.728972751
2719,2015-01-19T21:01:00,2719,2720,2725,1,-0.8058368772,-0.8031144748,6,6,-0.3232501013,0,-0.8031144748,-0.3026329709,0.4706431807,-0.3575105932,0.9376820111,-0.10015726,0.9094327068,0.07419233459,0.9275867374,0.07324262977,1.005679914,0.04320744907,0.9603796492,-1.431359446
2720,2015-01-19T21:02:00,2720,2721,2726,1,-0.6191230023,0.01817437808,6,6,-0.4394225815,0,0.01817437808,-0.2200624875,0.4363678658,-0.4360280908,0.9026314676,-0.1573478197,0.871535335,0.07256363856,0.9274976271,0.08658277315,0.9988194192,0.04361997045,0.9603768241,-0.8317811872
2721,2015-01-19T21:03:00,2721,2722,2727,1,0.872604056,-0.9440326543,6,6,-0.2251205344,0,-0.9440326543,-0.3708288394,0.6011831407,-0.6213025777,0.9062491615,-0.2360443665,0.8856043872,0.04391263228,0.9388884987,0.07440454599,1.004374822,0.04139029137,0.9622561238,-0.7339684213
2722,2015-01-19T21:04:00,2722,2723,2728,1,1.264471576,-0.5055011699,6,6,0.05507097817,0,-0.5055011699,-0.5319034562,0.6281264381,-0.5354574862,0.8128986143,-0.2926846792,0.8817006968,0.07975232822,0.8910096769,0.0653522409,1.005666519,0.04108095703,0.9624126469,0.6255225689
2723,2015-01-19T21:05:00,2723,2724,2729,1,1.404409113,0.617752637,6,6,0.2270720024,0,0.617752637,-0.3233442568,0.6593437,-0.2680537493,0.5254857746,-0.2849736095,0.8864163661,0.05864988318,0.866033218,0.07547884063,1.00780592,0.05066037872,0.9628404284,0.2126581849
2724,2015-01-19T22:00:00,2724,2725,2730,1,2.228429855,-0.8462198884,6,6,0.1895953609,0,-0.8462198884,-0.3319653395,0.6700396725,-0.3172991552,0.578989709,-0.4150878633,0.8169150089,0.005438963459,0.8525337135,0.06298823201,1.012092462,0.04684978428,0.9652815219,1.606572477
2725,2015-01-19T22:01:00,2725,2726,2731,1,1.298710451,0.8539898204,6,6,0.6948339541,0,0.8539898204,-0.1648022511,0.7711983038,-0.1924323693,0.6265635395,-0.3449377231,0.8299061992,-0.01693060162,0.8176741853,0.08685494919,1.009715506,0.05611993921,0.9681370563,0.6389490066
2726,2015-01-19T22:02:00,2726,2727,2732,1,1.665084248,0.204888253,6,6,1.444433676,0,0.204888253,0.0649819304,0.6518459423,-0.1529234545,0.6270264353,-0.2930543131,0.8100414417,-0.01191904478,0.8183153814,0.06812023923,0.9918514052,0.04896830342,0.9634424114,1.191750929
2727,2015-01-19T22:03:00,2727,2728,2733,1,1.358413224,0.547694404,6,6,0.8311459349,0,0.547694404,0.2756210452,0.6586278752,-0.1281412055,0.643557884,-0.2427694416,0.8128205563,-0.008367144542,0.8203817011,0.07328120086,0.9936254966,0.05912484757,0.962791773,0.6218573774
2728,2015-01-19T22:04:00,2728,2729,2734,1,2.34031058,-0.1136336503,6,6,0.8383565189,0,-0.1136336503,0.1293437877,0.6000412779,-0.09700023454,0.6303902164,-0.2387592438,0.8120617194,0.005881994614,0.8134287021,0.07242135923,0.9936940652,0.06506083217,0.9598909487,0.659761444
2729,2015-01-19T22:05:00,2729,2730,2735,1,1.566900278,0.7576901749,6,6,0.5931000691,0,0.7576901749,0.4501258004,0.5758913052,0.05908023043,0.6247415298,-0.1492151814,0.7967275359,0.04333800231,0.8138232308,0.07139477999,0.9928685351,0.08130361057,0.9562140339,0.4733333193
2730,2015-01-19T23:00:00,2730,2731,2736,1,1.315416879,-0.0221991472,6,6,0.3916879375,0,-0.0221991472,0.2748880069,0.4311492007,0.0550428779,0.6247545346,-0.1904926065,0.7762286373,0.0143557192,0.79372294,0.08733575706,0.9822173873,0.09728391355,0.9396762051,0.7365558465
2731,2015-01-19T23:01:00,2731,2732,2737,1,0.624926587,-0.07572958372,6,6,0.1977362484,0,-0.07572958372,0.2187644395,0.4226591865,0.141873185,0.5493377469,-0.2397146964,0.7493528885,0.008975125215,0.7935067827,0.07658594763,0.9783325001,0.09419459413,0.9393157131,1.680549136
2732,2015-01-19T23:02:00,2732,2733,2738,1,0.3258975804,0.5712620502,6,6,-0.004277698768,0,0.5712620502,0.2234779688,0.4288531473,0.249549507,0.5557453103,-0.1429539896,0.6962962757,-0.008302668238,0.7732863848,0.08642292364,0.9801184496,0.09343106251,0.9388139847,1.093566958
2733,2015-01-19T23:03:00,2733,2734,2739,1,1.64056114,0.24102338,6,6,0.244279705,0,0.24102338,0.2944093748,0.4392618292,0.2118765813,0.5258329058,-0.02808858401,0.5256593689,-0.01624856339,0.7691658143,0.07502183264,0.9719760934,0.1044484839,0.9338718227,0.5788610325
2734,2015-01-19T23:04:00,2734,2735,2740,1,1.30072209,0.8682637054,6,6,0.4517602809,0,0.8682637054,0.3165240809,0.478443776,0.3833249407,0.5294144134,0.03301289272,0.5547561195,0.01619348821,0.7783656552,0.08889913508,0.9764371359,0.1113488468,0.9372221986,-1.055622549
2735,2015-01-19T23:05:00,2735,2736,2741,1,2.190216714,-0.01572012701,6,6,0.3423952584,0,-0.01572012701,0.317819885,0.4783924235,0.2963539459,0.4553838733,0.05196078831,0.5477026296,0.03326810405,0.77048982,0.1037298096,0.9671438816,0.1099393161,0.9371186437,-0.767669378
2736,2015-01-20T00:00:00,2736,2737,2742,1,2.338622032,-0.2736825459,6,6,0.739583707,0,-0.2736825459,0.2782292925,0.4926385531,0.248496866,0.4589844943,0.04778670578,0.5494674315,0.02380270142,0.7715256573,0.1103795704,0.9634261234,0.1007981726,0.9344343929,1.061700108
2737,2015-01-20T00:01:00,2737,2738,2743,1,3.568949576,-0.7662198757,6,6,0.7377767874,0,-0.7662198757,0.01073290736,0.5429947123,0.1171054381,0.4892638754,-0.00551788373,0.5716405732,0.00605146625,0.780929116,0.0775808984,0.9446648363,0.09169127808,0.93657415,2.356344639
2738,2015-01-20T00:02:00,2738,2739,2744,1,2.764375451,0.2722330436,6,6,0.3062699679,0,0.2722330436,0.01697484008,0.5459367817,0.1556921075,0.4954785183,0.02934593646,0.566961545,0.02046822149,0.7806317988,0.07491891883,0.9435970563,0.09774446562,0.9359860919,2.957886092
2739,2015-01-20T00:03:00,2739,2740,2745,1,-0.2157493786,1.55568694,6,6,0.6306242408,0,1.55568694,0.1544594869,0.7945457621,0.2354917839,0.6558244486,0.1472860072,0.6404715788,0.02356437359,0.7865340716,0.1029361812,0.9564257544,0.105699863,0.9451071782,1.276921925
2740,2015-01-20T00:04:00,2740,2741,2746,1,-0.4540198016,0.5284246554,6,6,0.6193390675,0,0.5284246554,0.2632884434,0.8289149938,0.2905541642,0.6767419662,0.172798521,0.6512671945,0.00772535067,0.7693252884,0.1341444971,0.9326392615,0.1240060324,0.9340024305,1.212604938
2741,2015-01-20T00:05:00,2741,2742,2747,1,-1.721430662,0.8737744974,6,6,0.7584551873,0,0.8737744974,0.4927798521,0.9081938197,0.3855045723,0.7305849568,0.2636888786,0.6463460139,0.01382225609,0.7752606982,0.1286853597,0.9262244368,0.1252092557,0.9350344926,-0.1935106415
2742,2015-01-20T01:00:00,2742,2743,2748,1,-1.817759251,-0.1252772282,6,6,0.3699512521,0,-0.1252772282,0.6209683816,0.8429331595,0.3158506445,0.7090061949,0.2827000757,0.6370018188,-0.004992301719,0.7691447965,0.1454872755,0.9116455245,0.1152255972,0.9299624401,-1.492671303
2743,2015-01-20T01:01:00,2743,2744,2749,1,-2.972264694,0.4641076684,6,6,0.9749994863,0,0.4641076684,0.6593433065,0.8595308784,0.3381590733,0.7200139931,0.2750178273,0.6304444445,-0.004977891093,0.7691534865,0.1514338306,0.9131201041,0.1038494587,0.9158278498,-1.666624739
2744,2015-01-20T01:02:00,2744,2745,2750,1,-2.135824402,-0.5323410817,6,6,1.323089476,0,-0.5323410817,0.2417377023,0.5580666318,0.1980985946,0.6865643938,0.2907117676,0.6130457927,-0.06218804785,0.7222102449,0.1574573014,0.9080047724,0.105885003,0.9143720414,-1.527920021
2745,2015-01-20T01:03:00,2745,2746,2751,1,-0.9942835299,-1.42443789,6,6,0.541742315,0,-1.42443789,-0.1488348068,0.8132628743,0.05722681831,0.8211262295,0.1767903821,0.6639362759,-0.08407367049,0.7515170251,0.1627502447,0.8984166676,0.1024639581,0.9189221601,-0.3250879483
2746,2015-01-20T01:04:00,2746,2747,2752,1,-0.6837269494,0.2901542323,6,6,0.4776745727,0,0.2901542323,-0.2655588598,0.724940014,0.1136104961,0.8216915595,0.1810536811,0.6655237731,-0.05600031599,0.7413126971,0.1571259412,0.8951860446,0.09694050254,0.9151784531,-1.305639954
2747,2015-01-20T01:05:00,2747,2748,2753,1,0.8896796609,-0.3936363633,6,6,-0.02169654458,0,-0.3936363633,-0.3192306868,0.7439012464,0.1508688474,0.794960809,0.1339871427,0.6600537204,-0.05439114943,0.7403877938,0.1421958327,0.8917844305,0.0879622308,0.913754248,-0.6079043807
2748,2015-01-20T02:00:00,2748,2749,2754,1,-0.01657497365,-0.2216058173,6,6,-1.120344883,0,-0.2216058173,-0.456373384,0.7212015714,0.1014849613,0.7933867397,0.1285885344,0.6614232687,-0.05508535473,0.7405825331,0.1452600507,0.8906010436,0.08398183434,0.9136792419,-0.6691955816
2749,2015-01-20T02:01:00,2749,2750,2755,1,1.539433819,-0.6903977738,6,6,-1.231514943,0,-0.6903977738,-0.4879847224,0.7475186408,-0.1231235101,0.6596296248,0.05618413693,0.6577297885,-0.04651552224,0.7305420047,0.1347158841,0.8937758115,0.068414972,0.9095191845,0.621913005
2750,2015-01-20T02:02:00,2750,2751,2756,1,-0.2349791085,0.3040992103,6,6,-1.217083574,0,0.3040992103,-0.1422773023,0.4140950662,-0.1455560546,0.6453182263,0.07249905481,0.6612167958,-0.05899677583,0.7210196074,0.1106924588,0.8591008059,0.07116320985,0.9099397142,1.497584042
2751,2015-01-20T02:03:00,2751,2752,2757,1,2.122856282,-0.2828970181,6,6,-1.613077711,0,-0.2828970181,-0.2568875524,0.4130895456,-0.2612232061,0.5899919477,0.06214068309,0.6640199084,-0.08878700663,0.7079732305,0.1144555869,0.85720018,0.06785645377,0.9102467084,0.6526206079
2752,2015-01-20T02:04:00,2752,2753,2758,1,2.498106965,0.6007108128,6,6,-0.81255462,0,0.6007108128,-0.05801811723,0.4602431439,-0.188624402,0.6185518636,0.06361312122,0.6653180414,-0.03967043419,0.680983333,0.1143766624,0.8571445786,0.06609700533,0.9088804936,0.9175208143
2753,2015-01-20T02:05:00,2753,2754,2759,1,2.573404303,1.179770247,6,6,-0.9286326029,0,1.179770247,0.2222570956,0.6930898145,-0.1170581442,0.7072853729,0.1105504646,0.7136780608,0.04123094028,0.6267591829,0.09585202173,0.8145760886,0.06322870284,0.9046041215,-1.73256315
2754,2015-01-20T03:00:00,2754,2755,2760,1,2.699974174,-1.127860452,6,6,-0.4619514221,0,-1.127860452,0.13476456,0.7996608741,-0.1766100812,0.7740289503,0.01074425671,0.731604908,0.02187857471,0.6492303495,0.08721517546,0.8228298182,0.05756920939,0.9095225508,1.470235674
2755,2015-01-20T03:01:00,2755,2756,2761,1,0.3129813599,0.8656110191,6,6,-0.4861681963,0,0.8656110191,0.2470669218,0.8779628323,0.05239480972,0.6864012889,0.05481081401,0.7567678026,0.05338580116,0.6605587323,0.09675752463,0.828422791,0.05857413183,0.9104119013,1.580586151
2756,2015-01-20T03:02:00,2756,2757,2762,1,-0.1785526232,-1.470313717,6,6,-0.6722106371,0,-1.470313717,0.009583581933,1.089576558,-0.1236519852,0.8239599652,-0.00502074456,0.8228265441,0.02138298061,0.699627751,0.07824031602,0.8445741952,0.05681549952,0.9130444556,4.305967453
2757,2015-01-20T03:03:00,2757,2758,2763,1,-2.366588133,2.074938372,6,6,-0.860128661,0,2.074938372,0.3044290938,1.405731208,0.1232054883,1.045921599,0.1370371678,0.9289549715,0.06575964204,0.7712750106,0.1162211483,0.8692053003,0.07489917814,0.9324445739,1.2297385
2758,2015-01-20T03:04:00,2758,2759,2764,1,-2.861656419,0.9759614961,6,6,-0.6254080051,0,0.9759614961,0.2636673436,1.374121112,0.2429622196,1.088251423,0.1722235904,0.9523008136,0.1007847635,0.783684322,0.1133434395,0.8655855193,0.08862589746,0.934684783,-1.267604791
2759,2015-01-20T03:05:00,2759,2760,2765,1,-4.729476176,1.255067585,6,6,-0.8002848962,0,1.255067585,0.7402529509,1.396006418,0.4375087555,1.137605255,0.1571926227,0.9298540096,0.1522393149,0.7983834675,0.1132158248,0.8653997101,0.09957485816,0.9416652516,-4.484520076
2760,2015-01-20T04:00:00,2760,2761,2766,1,-4.122000853,-1.001290581,6,6,-0.6767923294,0,-1.001290581,0.366872631,1.414034652,0.3069697764,1.176926661,0.08070686091,0.9491027287,0.126752691,0.8139241206,0.09965816477,0.872560692,0.09997274576,0.9412319832,-3.596326634
2761,2015-01-20T04:01:00,2761,2762,2767,1,-3.896854387,-1.521381795,6,6,-0.7211764186,0,-1.521381795,0.3566590155,1.42479824,0.1831212987,1.268311299,-0.03905095371,0.98911679,0.1123189625,0.8354984123,0.07811579737,0.8886982643,0.08704268481,0.9514191441,-1.594051628
2762,2015-01-20T04:02:00,2762,2763,2768,1,-1.075208778,-1.961847701,6,6,0.4270379213,0,-1.961847701,-0.450698199,1.3923884,-0.07313455263,1.39907571,-0.1308794773,1.081669832,0.07591029919,0.8876319458,0.07783131371,0.889322415,0.06887159367,0.9679223048,-0.2449560997
2763,2015-01-20T04:03:00,2763,2764,2769,1,-0.1778913464,-0.1130971382,6,6,0.3038687061,0,-0.1130971382,-0.6685099259,1.323179307,-0.2024212912,1.348890713,-0.1597397177,1.076976962,0.05763905482,0.8824226806,0.058144469,0.8742663559,0.06953224536,0.9678180496,-0.525674219
2764,2015-01-20T04:04:00,2764,2765,2770,1,-0.7725329975,0.4808932103,6,6,-0.1099304968,0,0.4808932103,-0.8233448008,1.21738088,-0.04154592494,1.309742365,-0.1090780031,1.07576621,0.09081688228,0.8755278646,0.04812792287,0.8641072776,0.07226444876,0.9687124346,-2.302802759
2765,2015-01-20T04:05:00,2765,2766,2771,1,-0.3504521262,-0.6127521718,6,6,0.1374098049,0,-0.6127521718,-0.745637119,1.164728589,-0.189382244,1.295393123,-0.06849371715,1.036626758,0.05414833248,0.8704614908,0.01860886543,0.8444803966,0.07595274362,0.9655316346,-0.8302526784
2766,2015-01-20T05:00:00,2766,2767,2772,1,-1.023624981,-0.3938152575,6,6,-0.2279485382,0,-0.3938152575,-0.5201238115,0.9616081659,-0.08173239804,1.215471162,-0.1026921916,1.038335247,0.03918074472,0.8720842783,0.01363084997,0.8456272973,0.05847374106,0.9536018401,0.3477828726
2767,2015-01-20T05:01:00,2767,2768,2773,1,1.078161965,-1.29623533,6,6,-0.1415299719,0,-1.29623533,-0.3870013374,0.7006897963,-0.4188497682,1.102204982,-0.14782214,1.0744319,-0.006917498622,0.8916487034,-0.007642321582,0.8567565423,0.04654830103,0.9608365566,1.530269761
2768,2015-01-20T05:02:00,2768,2769,2774,1,0.3998379607,0.8597979088,6,6,-0.5982278688,0,0.8597979088,-0.192422328,0.7976581266,-0.4304661269,1.092488436,-0.09375195366,1.090371988,0.01741829036,0.9017737556,0.01165014249,0.858738074,0.05408700294,0.9640283012,0.4798005521
2769,2015-01-20T05:03:00,2769,2770,2775,1,-0.5034830686,0.7842202935,6,6,-1.450026434,0,0.7842202935,-0.1317569113,0.8443974921,-0.4775508561,1.04762191,-0.0200210503,1.093539524,0.01808154332,0.9023406136,0.03070977281,0.8592225654,0.0536237011,0.9636379747,-1.371407854
2770,2015-01-20T05:04:00,2770,2771,2776,1,-0.1843044173,-0.1137484409,6,6,-1.782199746,0,-0.1137484409,-0.03195616516,0.800313577,-0.3887966421,0.999273363,-0.04091343286,1.091719657,0.01579281098,0.9025130085,0.01507426509,0.8498605286,0.06348810837,0.9563875996,-0.4521077966
2771,2015-01-20T05:05:00,2771,2772,2777,1,0.3029125047,-0.1906713005,6,6,-1.857341322,0,-0.1906713005,0.008672626252,0.7853374046,-0.2557255926,0.8779080543,-0.03630214697,1.090719052,0.01291926806,0.9029370105,0.01094719664,0.8499847819,0.05536372111,0.9538630591,-0.07996259137
2772,2015-01-20T06:00:00,2772,2773,2778,1,0.9008326162,-1.066988112,6,6,-1.855402528,0,-1.066988112,0.05452206976,0.7130233933,-0.1662396338,0.7068834946,-0.1196870932,1.108399097,-0.028036986,0.9141106757,-0.01816982712,0.8466316083,0.04826962042,0.9586210022,0.8679247849
2773,2015-01-20T06:01:00,2773,2774,2779,1,0.2351813569,0.805551616,6,6,-1.791938596,0,0.805551616,0.04367281119,0.7002389248,-0.07437475839,0.750530825,-0.1383980248,1.091513324,-0.0139237801,0.9221544642,-0.01508617174,0.8491127445,0.04537329506,0.9556575238,0.2678033793
2774,2015-01-20T06:02:00,2774,2775,2780,1,-0.371960627,0.1814739048,6,6,-1.751198135,0,0.1814739048,-0.07687646655,0.6114906489,-0.1043166889,0.7372000876,-0.07293130694,1.062753272,-0.03109352512,0.9123295067,-0.007450018455,0.8479971173,0.04890158168,0.9555459329,0.382875096
2775,2015-01-20T06:03:00,2775,2776,2781,1,0.1962589041,-0.1191007359,6,6,-0.9926998402,0,-0.1191007359,-0.07794692554,0.6116944246,-0.05495154535,0.7122751893,-0.1221668947,1.045317963,-0.03367804034,0.912520452,-0.0002049681455,0.8444963404,0.05792719295,0.9492853717,0.03290783135
2776,2015-01-20T06:04:00,2776,2777,2782,1,0.06914005242,0.2054302104,6,6,-0.339108237,0,0.2054302104,0.001273376622,0.6126493895,0.004973001437,0.7043060817,-0.0383796983,0.9933320697,-0.02170022143,0.9120723991,0.001051239993,0.8447271456,0.06635297315,0.946617813,-0.03262202232
2777,2015-01-20T06:05:00,2777,2778,2783,1,-0.2851504194,0.2965456216,6,6,-0.6967531502,0,0.2965456216,0.2739801234,0.4064903557,0.1642510966,0.5803605641,-0.1272993358,0.8808161577,0.004868915999,0.9052056238,0.005460191124,0.8453542174,0.05334357093,0.9316974701,-0.754835723
2778,2015-01-20T07:00:00,2778,2779,2784,1,0.7451998451,-0.4690680006,6,6,-0.2773080383,0,-0.4690680006,0.01905620005,0.2818806235,0.03136450562,0.5337561417,-0.1995508106,0.8597751457,-0.0136636101,0.9072183146,0.003402305695,0.8462951836,0.04539140919,0.9316286598,0.1633510728
2779,2015-01-20T07:01:00,2779,2780,2785,1,-0.08656496314,0.1399003567,6,6,-0.8593343004,0,0.1399003567,0.01074149043,0.2771002567,-0.03306748806,0.4747132639,-0.2553091721,0.8132848052,-0.04905827468,0.8735160713,-0.01274695054,0.831163694,0.05227136257,0.9296111685,0.1017620747
2780,2015-01-20T07:02:00,2780,2781,2786,1,0.4799712307,-0.4256680792,6,6,-0.6937970601,0,-0.4256680792,-0.05057197823,0.3319430944,-0.06425945188,0.4921159858,-0.226528047,0.7876310677,-0.07291059304,0.8721120021,-0.03259262119,0.8223261955,0.06512613374,0.9129095115,0.4696853036
2781,2015-01-20T07:03:00,2781,2782,2787,1,-1.829900087,0.4491187953,6,6,-0.3054619038,0,0.4491187953,-0.001834261243,0.3769448794,-0.0002804423104,0.5086387306,-0.1280030175,0.7174384678,-0.08352698559,0.8640225632,-0.03485236475,0.820842293,0.05794791124,0.9059651216,0.5818487723
2782,2015-01-20T07:04:00,2782,2783,2788,1,-1.406370862,0.07831135864,6,6,-0.2184734748,0,0.07831135864,-0.04548111383,0.354578785,0.1142495048,0.3814187489,-0.02599506452,0.5679632633,-0.07843727092,0.8638842207,-0.04171478632,0.8178874204,0.07084576005,0.8960080117,-0.1883270379
2783,2015-01-20T07:05:00,2783,2784,2789,1,-0.8107353257,-0.05774485028,6,6,-0.05091087973,0,-0.05774485028,0.03678351623,0.287033187,0.02791985814,0.2844685715,-0.02322745012,0.5675468648,-0.09148358389,0.8608103219,-0.04823073749,0.816269409,0.07046135913,0.8960228902,0.01028592712
2784,2015-01-20T08:00:00,2784,2785,2790,1,-1.450158249,0.5612822639,6,6,-0.04885832934,0,0.5612822639,0.1210598977,0.3761398469,0.06590069405,0.3303526424,-0.01920799744,0.571225366,-0.06414300025,0.8612698062,-0.06316552405,0.7947871781,0.08359053416,0.8926983463,-2.411748859
2785,2015-01-20T08:01:00,2785,2786,2791,1,-1.771289922,-0.6918644515,6,6,-0.2172529765,0,-0.6918644515,0.06782062321,0.4483054824,0.00862432249,0.3944388568,-0.02316361143,0.575724742,-0.04582866429,0.8384670578,-0.06495116739,0.7961798936,0.09322394173,0.8788879383,-1.218043824
2786,2015-01-20T08:02:00,2786,2787,2792,1,-2.803701166,0.1408681147,6,6,-0.5270199881,0,0.1408681147,0.006170487095,0.4057154573,0.002168112926,0.3915944805,0.003570557182,0.5698215922,-0.04956081723,0.8375072333,-0.05278056661,0.790873846,0.08823035506,0.8763816662,-0.8210212528
2787,2015-01-20T08:03:00,2787,2788,2793,1,-0.4367326073,-1.860752522,6,6,-0.4973693682,0,-1.860752522,-0.3816422891,0.9251262013,-0.2135617014,0.7005657011,-0.02465530244,0.6432770343,-0.0862387212,0.8854968237,-0.07031493532,0.8161736059,0.0660509814,0.8896934988,0.9615906096
2788,2015-01-20T08:04:00,2788,2789,2794,1,-0.1197377968,0.5018405837,6,6,-0.4956420863,0,0.5018405837,-0.2697252023,0.9516093679,-0.116470843,0.7028329956,-0.0425531687,0.6240472092,-0.06815256118,0.8883540936,-0.06161895796,0.8178127793,0.0741225134,0.8898526907,-0.5532460984
2789,2015-01-20T08:05:00,2789,2790,2795,1,-0.7683620747,0.5378906857,6,6,-0.9348289983,0,0.5378906857,-0.2744035179,0.9489036363,-0.07667181012,0.721768417,-0.05486964909,0.6108610033,-0.03744534969,0.8857143604,-0.04198043596,0.8118440579,0.07732880618,0.8910967644,-1.982679913
2790,2015-01-20T09:00:00,2790,2791,2796,1,-0.9397538213,-0.0781406598,6,6,-0.6021838105,0,-0.0781406598,-0.1516587596,0.8977215714,-0.04191906818,0.7095357022,-0.05308926003,0.6105813034,-0.04700134645,0.884494584,-0.05299906114,0.8069076599,0.05812785705,0.8676479813,-1.398323217
2791,2015-01-20T09:01:00,2791,2792,2797,1,-0.06432147956,-1.012996124,6,6,-0.4650932628,0,-1.012996124,-0.3824316074,1.003577343,-0.1881305601,0.7654320729,-0.09420550123,0.6498459881,-0.0652538241,0.8977660774,-0.07702041537,0.8084584172,0.0545524499,0.8709321112,0.4335083015
2792,2015-01-20T09:02:00,2792,2793,2798,1,0.4245445444,-0.8915431287,6,6,-0.8636515654,0,-0.8915431287,-0.1885897287,0.688227669,-0.2851160089,0.8153268709,-0.08543325206,0.6364896576,-0.1025601726,0.9037885933,-0.07111530341,0.8001787679,0.04206438404,0.8729695449,1.214317838
2793,2015-01-20T09:03:00,2793,2794,2799,1,-0.2283223321,0.5062160362,6,6,-0.9375211554,0,0.5062160362,-0.1877146382,0.6888682495,-0.2287199202,0.8306924383,-0.100400031,0.6208753076,-0.1193990279,0.8879435469,-0.03908404382,0.7685280788,0.02410167185,0.8397444354,0.4585693956
2794,2015-01-20T09:04:00,2794,2795,2800,1,0.01791174264,0.8188353941,6,6,-1.092611286,0,0.8188353941,-0.1315256965,0.7421404636,-0.2029646072,0.8518188125,-0.06853195658,0.6460372117,-0.07073163176,0.879434078,-0.02442652852,0.7729503038,0.03456623972,0.8421207587,-0.4978297811
2795,2015-01-20T09:05:00,2795,2796,2801,1,-0.3385006994,-0.1107335921,6,6,-1.33344016,0,-0.1107335921,-0.138044283,0.7429694885,-0.1448515213,0.8239865535,-0.06811359939,0.64596279,-0.09514024704,0.8688951518,-0.02087722294,0.7717890332,0.03279160074,0.842129726,-0.7897732938
2796,2015-01-20T10:00:00,2796,2797,2802,1,0.1589425893,-0.2495324064,6,6,-1.746624388,0,-0.2495324064,0.0146484606,0.5993535815,-0.1838915734,0.8265567736,-0.09086173023,0.646738872,-0.06462071427,0.8381466964,-0.02161886683,0.7720002832,0.03061997259,0.8424371444,-0.6868917277
2797,2015-01-20T10:01:00,2797,2798,2803,1,0.3858917381,-0.1375637826,6,6,-2.17549897,0,-0.1375637826,0.1654443298,0.4517074767,-0.01157269943,0.5821069356,-0.1125672004,0.6440655192,-0.1199332681,0.7715754975,-0.02708681304,0.7714252687,0.0375030095,0.8379268974,0.5157415237
2798,2015-01-20T10:02:00,2798,2799,2804,1,0.3593132243,-0.4026771048,6,6,-2.298152881,0,-0.4026771048,-0.01633429836,0.4303701658,-0.1020244683,0.574350914,-0.1092476557,0.6418150793,-0.1543992331,0.7586632643,-0.02680723485,0.7712752638,0.02409588192,0.8314738984,0.4512725944
2799,2015-01-20T10:03:00,2799,2800,2805,1,0.4301184155,-0.1466508403,6,6,-1.223530179,0,-0.1466508403,-0.2094315452,0.2354176987,-0.1704786209,0.5505424419,-0.1235752155,0.6418904221,-0.1894421938,0.7326170515,-0.01860143942,0.7662062077,0.01232981858,0.823521111,0.845834317
2800,2015-01-20T10:04:00,2800,2801,2806,1,-2.125033302,1.065069469,6,6,0.1480329505,0,1.065069469,0.02572906696,0.5290025537,-0.05615760801,0.6449214537,-0.0490383381,0.6779987441,-0.1377831925,0.7348622305,-0.005515250784,0.7754014999,0.02051104566,0.8292058089,-0.1298497856
2801,2015-01-20T10:05:00,2801,2802,2807,1,-1.289090455,-0.4671460342,6,6,-0.3215717544,0,-0.4671460342,-0.0177936586,0.5577055683,-0.001572598997,0.5789042307,-0.09485157957,0.6786075326,-0.1114272985,0.698292968,0.0004458319688,0.7699580073,0.01493476541,0.8300968375,-0.09195937007
2802,2015-01-20T11:00:00,2802,2803,2808,1,-1.264602045,0.2479108823,6,6,-0.3642278534,0,0.2479108823,0.05930127437,0.5652810834,0.1123728021,0.5116553272,-0.08637160339,0.6806427404,-0.05618333395,0.6268400149,0.009863482621,0.7683810498,0.03315976449,0.8113193206,-0.4157159015
2803,2015-01-20T11:01:00,2803,2804,2809,1,-2.076975859,0.08938536626,6,6,-0.4514527126,0,0.08938536626,0.1577137686,0.5373182314,0.07068973511,0.4867901814,-0.07901509256,0.6808137072,-0.05112127134,0.6267442651,0.003258891736,0.7653359266,0.02172255555,0.8003107096,-1.995183517
2804,2015-01-20T11:02:00,2804,2805,2810,1,-2.085674863,-0.4292556186,6,6,-0.009066551267,0,-0.4292556186,0.1011928129,0.566799493,-0.05411936616,0.4339833857,-0.1285419867,0.675994404,-0.07387499206,0.6258062212,0.008470945109,0.7609804427,0.007460284559,0.7926739979,-1.197131085
2805,2015-01-20T11:03:00,2805,2806,2811,1,-0.702386995,-0.07584564912,6,6,-0.5653271367,0,-0.07584564912,-0.1269902107,0.3090915447,-0.05063057186,0.4332327809,-0.09774104657,0.6582721636,-0.060452329,0.6183774009,-0.003151998259,0.7550145088,-0.007744866046,0.7764631114,-0.8488861432
2806,2015-01-20T11:04:00,2806,2807,2812,1,0.1948785149,-1.490082249,6,6,-0.5779612711,0,-1.490082249,-0.3315774536,0.7042453559,-0.1746855561,0.6352153266,-0.1792885647,0.7371209572,-0.08785900378,0.6588034428,-0.02433912953,0.7728366466,-0.02019910128,0.788287813,-0.08179234244
2807,2015-01-20T11:05:00,2807,2808,2813,1,0.3410574657,0.3687968129,6,6,-0.8992753251,0,0.3687968129,-0.3074002675,0.7147529489,-0.1240494966,0.6443657661,-0.06781109799,0.6140259461,-0.04623320022,0.6288215985,-0.02657534942,0.7715095634,-0.02050594779,0.7881370753,-0.8885437776
2808,2015-01-20T12:00:00,2808,2809,2814,1,0.5193265227,0.2723992928,6,6,-0.7970668615,0,0.2723992928,-0.2707974822,0.723957253,-0.0565418568,0.6375048964,-0.07928316254,0.6067501402,-0.06091816562,0.615459443,-0.02174993763,0.7720059042,-0.01253929355,0.7860560806,0.1464991481
2809,2015-01-20T12:01:00,2809,2810,2815,1,1.660897254,-0.7229884481,6,6,-0.8288602636,0,-0.7229884481,-0.3295440481,0.7692882985,-0.1141756176,0.6756723138,-0.1423271192,0.6162913499,-0.09859838416,0.6135821841,-0.04025842042,0.7715898132,-0.01239294618,0.7859198285,0.2766708573
2810,2015-01-20T12:02:00,2810,2811,2816,1,2.870653353,-0.4379546223,6,6,-0.4587299146,0,-0.4379546223,-0.4019658427,0.7931045479,-0.2644780267,0.6018938473,-0.1603178174,0.6237787608,-0.1067035387,0.617215307,-0.04545536386,0.7731379132,-0.02551833617,0.7800599488,1.229601243
2811,2015-01-20T12:03:00,2811,2812,2817,1,1.85363315,1.307442219,6,6,-0.6343223244,0,1.307442219,0.1575390508,0.7258283772,-0.08701920142,0.715118296,-0.04429590021,0.6505859995,-0.06925070072,0.6502160991,-0.02816571633,0.7867897497,-0.01578543581,0.7890351142,0.3728273746
2812,2015-01-20T12:04:00,2812,2813,2818,1,2.557850506,-0.5928167389,6,6,-0.3659663245,0,-0.5928167389,-0.0347836596,0.7549244681,-0.1710919635,0.7351131649,-0.02935958072,0.6333176688,-0.05739641639,0.6349056441,-0.04271670119,0.786989042,-0.03124535688,0.7824481532,1.384226397
2813,2015-01-20T12:05:00,2813,2814,2819,1,2.450675829,0.5149757637,6,6,-0.7694971808,0,0.5149757637,0.01373163457,0.7798145197,-0.1285329238,0.752404409,-0.02892159435,0.6336706855,-0.0646608127,0.6273056214,-0.0392922964,0.7886321064,-0.03161105206,0.7821971721,1.64105211
2814,2015-01-20T13:00:00,2814,2815,2820,1,1.871989046,0.4506683498,6,6,-1.709348514,0,0.4506683498,0.2484629942,0.7376914112,-0.04054052696,0.7536554599,-0.04732994656,0.6149545232,-0.05793095157,0.6306873807,-0.04451223834,0.7842549652,-0.02427699616,0.7822967881,1.480805776
2815,2015-01-20T13:01:00,2815,2816,2821,1,0.4087563607,0.4185822832,6,6,-1.765443708,0,0.4185822832,0.4197703753,0.7354386402,0.008902266272,0.7648152775,-0.02086415279,0.6215436634,-0.04448887609,0.6338708274,-0.03908345822,0.7856480768,-0.01496627079,0.78062803,1.173624109
2816,2015-01-20T13:02:00,2816,2817,2822,1,-1.348339666,0.7718014767,6,6,-1.788056578,0,0.7718014767,0.3126422269,0.5640252356,0.2350906388,0.6499812688,0.03020254136,0.6426407087,-0.03032959444,0.6446930467,-0.02601490793,0.7897800915,-0.00940903815,0.7837425227,0.8096237191
2817,2015-01-20T13:03:00,2817,2818,2823,1,-2.495587757,0.2904220157,6,6,-2.091236658,0,0.2904220157,0.4892899778,0.5144969569,0.2272531591,0.6459946096,0.05160183127,0.6451807019,-0.03048268458,0.6446233517,-0.01280688429,0.7857914758,-0.006520767444,0.7841740392,0.3911832706
2818,2015-01-20T13:04:00,2818,2819,2824,1,-1.139144153,0.1114006166,6,6,-2.039102916,0,0.1114006166,0.4085749484,0.4627624992,0.2111532915,0.6411941265,0.07730571735,0.6393521725,-0.01597096915,0.6405848096,-0.01481728963,0.7853005694,-0.003055452588,0.7837474027,-0.7648677483
2819,2015-01-20T13:05:00,2819,2820,2825,1,-0.826700279,0.4078010867,6,6,-1.830348897,0,0.4078010867,0.4000014958,0.4547406773,0.324232245,0.6127714508,0.1050283137,0.6449891187,-0.0092734509,0.6434416358,-0.02916586279,0.7671530048,-0.01158911733,0.7736673082,-2.157963385
2820,2015-01-20T14:00:00,2820,2821,2826,1,-1.441695423,-0.1280184328,6,6,-1.881254062,0,-0.1280184328,0.2906813526,0.4183594171,0.3552258639,0.5982869693,0.04537391862,0.6000931183,-0.001832209741,0.6402320078,-0.03737140139,0.7650086169,-0.0223391507,0.7664502087,-2.886771027
2821,2015-01-20T14:01:00,2821,2822,2827,1,-1.131678027,-1.044650402,6,6,-2.002661361,0,-1.044650402,-0.07260902319,0.5235914348,0.1200166018,0.5441840024,0.01649870021,0.6354252142,-0.03917643968,0.6573710467,-0.06135171264,0.7676821226,-0.03629372306,0.7702166,-0.3742764045
2822,2015-01-20T14:02:00,2822,2823,2828,1,0.3808668397,-0.9852945505,6,6,-2.406836289,0,-0.9852945505,-0.3277523364,0.6718929017,0.08076882069,0.5983925091,-0.04516157142,0.6702480736,-0.06576658741,0.6754654026,-0.07210192917,0.7754190664,-0.04973205335,0.7733332992,1.331263107
2823,2015-01-20T14:03:00,2823,2824,2829,1,0.008097455566,-0.8568260745,6,6,-1.988035251,0,-0.8568260745,-0.5213976747,0.7718731996,-0.05641136313,0.636371498,-0.09247214347,0.6968073902,-0.08574361801,0.6888569674,-0.08861360095,0.7795891007,-0.060735031,0.7761261533,1.445075604
2824,2015-01-20T14:04:00,2824,2825,2830,1,-2.341017027,1.467844221,6,6,-2.37426534,0,1.467844221,-0.3093890479,0.9967152162,0.04530622394,0.7746709966,0.002382848491,0.7642354693,-0.0630795691,0.7214652752,-0.06361128467,0.7944488097,-0.0631368724,0.7711215772,-0.7574016224
2825,2015-01-20T14:05:00,2825,2826,2831,1,-2.224819924,0.7202449605,6,6,-1.740195507,0,0.7202449605,-0.1397363692,1.045903456,0.07547249168,0.796535825,0.04218737897,0.780836644,-0.0277768338,0.7221592989,-0.03680274904,0.7824771754,-0.05255972286,0.7722950427,-0.9503962669
2826,2015-01-20T15:00:00,2826,2827,2832,1,-0.9863267354,-0.743013577,6,6,-1.9298781,0,-0.743013577,-0.0794090042,0.9930100612,-0.07600901369,0.7937937302,0.07954081257,0.725459901,-0.04987387609,0.7313136719,-0.04971734666,0.7862054606,-0.05181166977,0.7715315002,-1.436978148
2827,2015-01-20T15:01:00,2827,2828,2833,1,-0.1563779637,-0.7346330059,6,6,-0.9409618006,0,-0.7346330059,-0.02927669529,0.9486016245,-0.1785145159,0.8219747908,0.02436932163,0.7392400125,-0.02172088818,0.6795232368,-0.05397980469,0.7892580231,-0.05411691961,0.7733111792,-1.583615405
2828,2015-01-20T15:02:00,2828,2829,2834,1,-1.413141437,0.5272503161,6,6,-0.6657838017,0,0.5272503161,0.2475385828,0.8992293571,-0.1369295459,0.8379742457,0.03711187279,0.7461001087,-0.02108564487,0.6800040827,-0.04461910303,0.7910684383,-0.0481078536,0.7746054988,-1.274423657
2829,2015-01-20T15:03:00,2829,2830,2835,1,-0.4926832977,-1.229595459,6,6,-1.006886733,0,-1.229595459,-0.291949353,0.8246703002,-0.3006692004,0.9147465021,0.01178152226,0.7785403053,-0.06527279848,0.7021182361,-0.05135907409,0.7992058389,-0.0497445568,0.7769923994,0.4506514131
2830,2015-01-20T15:04:00,2830,2831,2836,1,-0.5165236452,-0.8812702622,6,6,-1.421598353,0,-0.8812702622,-0.6122523975,0.8553700944,-0.3759943834,0.955398356,-0.01038425973,0.7970989011,-0.08535103854,0.7157047578,-0.06617619249,0.8045383674,-0.0637830536,0.7776960082,1.427237441
2831,2015-01-20T15:05:00,2831,2832,2837,1,-0.6701998898,0.8364420641,6,6,-0.8846320358,0,0.8364420641,-0.2963612693,0.8724512757,-0.1878851368,0.9346764708,-0.03393426745,0.764773278,-0.03911508383,0.7099789819,-0.05218445397,0.8093374094,-0.06438530485,0.7770199868,-0.1387177803
2832,2015-01-20T16:00:00,2832,2833,2838,1,-3.065822932,0.4954796112,6,6,-1.434014791,0,0.4954796112,-0.05033874589,0.8380537613,-0.03980772059,0.8950360744,0.02048055005,0.7613025579,-0.004439515334,0.7002402639,-0.05349984399,0.8084461171,-0.04889004072,0.7683116877,-0.9433347107
2833,2015-01-20T16:01:00,2833,2834,2839,1,-3.67989908,0.09531576575,6,6,-0.2528004869,0,0.09531576575,-0.136725656,0.8053276021,0.05540646344,0.8535707304,-0.0005024498432,0.7528451618,-0.01471202209,0.6958140467,-0.067055525,0.7976844395,-0.03096003657,0.7450789675,-1.943761086
2834,2015-01-20T16:02:00,2834,2835,2840,1,-3.026835652,-0.7295131572,6,6,-0.5482128034,0,-0.7295131572,-0.03670919567,0.6727625418,-0.1643292743,0.7525591477,-0.05951152519,0.763695104,-0.05342073588,0.6933250599,-0.06207618382,0.7918661302,-0.03409126431,0.7473517652,-0.5314821096
2835,2015-01-20T16:03:00,2835,2836,2841,1,-3.493943387,-0.3091373193,6,6,-0.3509686233,0,-0.3091373193,0.0777173929,0.5624901413,-0.2672675023,0.7238968012,-0.09589750532,0.7610834051,-0.05838082906,0.6948253288,-0.07676053805,0.7866895901,-0.03337842498,0.7470160331,-2.122488221
2836,2015-01-20T16:04:00,2836,2837,2842,1,-2.413316206,-0.9051106097,6,6,-0.0610887319,0,-0.9051106097,-0.2705931419,0.5833636404,-0.2834772056,0.7421200595,-0.1797431096,0.768391394,-0.07477028414,0.7083122245,-0.0696954992,0.7759497703,-0.03933600593,0.7513709874,-1.736137994
2837,2015-01-20T16:05:00,2837,2838,2843,1,-1.671946396,0.6827658194,6,6,-0.614801358,0,0.6827658194,-0.2331359002,0.6200378704,-0.141737323,0.737150279,-0.1601259195,0.7807154061,-0.05426204409,0.7161615332,-0.08709765611,0.7443843396,-0.03614522339,0.7534545401,-2.495353542
2838,2015-01-20T17:00:00,2838,2839,2844,1,-0.3705435975,-1.900143431,6,6,-0.5593298784,0,-1.900143431,-0.6322277395,1.051065627,-0.3844766977,0.9362936238,-0.2607031218,0.8884949596,-0.09169870224,0.7740137252,-0.1230489677,0.7663769293,-0.04843772398,0.7721891634,-1.371455166
2839,2015-01-20T17:01:00,2839,2840,2845,1,0.2409535312,-0.5187603824,6,6,-0.5023212358,0,-0.5187603824,-0.5900771845,1.02573073,-0.3133931901,0.867390618,-0.3070311953,0.8913830959,-0.1010014408,0.7780021809,-0.1452218173,0.7556504277,-0.04606810654,0.7701582735,-0.6771782126
2840,2015-01-20T17:02:00,2840,2841,2846,1,0.2725165354,-0.07644972879,6,6,-0.6069566011,0,-0.07644972879,-0.5435396664,1.016946049,-0.2329111368,0.8217586098,-0.3044527601,0.8910873222,-0.1295394207,0.7596539891,-0.1336613066,0.7473609172,-0.04685664077,0.7701881059,0.8234071462
2841,2015-01-20T17:03:00,2841,2842,2847,1,0.3861902404,-0.7762450551,6,6,-0.9345198058,0,-0.7762450551,-0.5177665555,0.9954122264,-0.3941798487,0.8158304473,-0.2910324927,0.8772683238,-0.1372668963,0.7659519942,-0.1243470974,0.7329036521,-0.04545841077,0.7686249895,1.000911569
2842,2015-01-20T17:04:00,2842,2843,2848,1,-0.4942670172,0.1755165713,6,6,-0.8772721921,0,0.1755165713,-0.6192164051,0.9506697013,-0.4261761527,0.8025645899,-0.2329919366,0.8500586731,-0.139076754,0.7654515751,-0.09763004399,0.6995872062,-0.03978326293,0.7674058008,0.9181317438
2843,2015-01-20T17:05:00,2843,2844,2849,1,-1.06462768,1.42413563,6,6,-1.267909289,0,1.42413563,0.04563940699,0.7663526134,-0.2932941662,0.9197921725,-0.1189438514,0.8872994513,-0.1057079974,0.7977596302,-0.07841463439,0.7173662947,-0.03306340465,0.7762943146,-0.5508906108
2844,2015-01-20T18:00:00,2844,2845,2850,1,0.1080573681,-0.5987406324,6,6,-1.254967719,1,-0.5987406324,0.029643357,0.7779279724,-0.2802169138,0.9103009011,-0.2222730941,0.8351625594,-0.1099451228,0.8004849634,-0.09191005742,0.7184739394,-0.03100107752,0.7743725729,-0.6147213285
2845,2015-01-20T18:01:00,2845,2846,2851,1,0.1222051716,0.09273674618,6,6,-0.9700163893,1,0.09273674618,0.06348065199,0.7782821075,-0.2400295072,0.905511542,-0.2536485048,0.81974927,-0.1057305629,0.800529428,-0.08309144595,0.7152754627,-0.03734485314,0.7704849516,-1.412398761
2846,2015-01-20T18:02:00,2846,2847,2852,1,0.8942661893,-0.04488672457,6,6,-0.773930581,1,-0.04488672457,0.2097523181,0.6968606212,-0.1540071187,0.8592031849,-0.2187421621,0.8027989461,-0.06960067479,0.7651072525,-0.07872983929,0.7139366513,-0.03942631128,0.7702688,-0.513737069
2847,2015-01-20T18:03:00,2847,2848,2853,1,0.04560583172,-0.6625713502,6,6,-1.101678608,1,-0.6625713502,0.04213473381,0.7531624465,-0.2885408357,0.8576207063,-0.2151390794,0.7996573672,-0.09538487887,0.7700414602,-0.07080903954,0.7029866475,-0.04951185924,0.7710205063,0.7227786966
2848,2015-01-20T18:04:00,2848,2849,2854,1,0.3105081821,-0.7049406862,6,6,-1.473399955,1,-0.7049406862,-0.3836805294,0.5108908753,-0.1690205612,0.651270226,-0.2767486295,0.8064733899,-0.1198183783,0.7768734456,-0.09036827198,0.7008290364,-0.05443941787,0.7736318208,1.534603933
2849,2015-01-20T18:05:00,2849,2850,2855,1,-0.6038805775,0.8537749674,6,6,-1.207592265,1,0.8537749674,-0.09317740947,0.5788762877,-0.03176702624,0.6856637976,-0.1725801082,0.7818252131,-0.08039929295,0.780184488,-0.08949883856,0.7018443318,-0.05363871126,0.7744653026,1.408003258
2850,2015-01-20T19:00:00,2850,2851,2856,1,-1.000821543,0.5739444154,7,7,-1.417492337,0,0.5739444154,0.003064124373,0.6318703775,0.03327238818,0.7088664235,-0.09981937429,0.7673913015,-0.05510181701,0.7823861156,-0.08090267785,0.7046569269,-0.04867084824,0.7762328902,-0.6771728649
2851,2015-01-20T19:01:00,2851,2852,2857,1,-1.745426499,0.1068845497,7,7,-1.529695603,0,0.1068845497,0.03341837924,0.6333577755,0.1215853487,0.6658666522,-0.13629725,0.744633372,-0.08511575873,0.7547705033,-0.07718322972,0.7044357629,-0.0471490638,0.7762634289,-1.22409575
2852,2015-01-20T19:02:00,2852,2853,2858,1,-3.024622305,0.7271742931,7,7,-1.378785251,0,0.7271742931,0.3113675079,0.6473780993,0.1767511208,0.7022649337,-0.1247125159,0.7540841989,-0.05211598293,0.7577019743,-0.05475619966,0.6990055289,-0.04584979511,0.7773492965,-2.011883836
2853,2015-01-20T19:03:00,2853,2854,2859,1,-1.617819755,-1.511231708,7,7,-1.006196271,0,-1.511231708,0.1501093036,0.8811778391,-0.1167856129,0.7202374159,-0.2050398896,0.8260628233,-0.1027711697,0.7903023553,-0.08371599121,0.7134739503,-0.06045192084,0.7891892488,-0.323648678
2854,2015-01-20T19:04:00,2854,2855,2860,1,-1.770518025,-0.4400383358,7,7,-0.7981240985,0,-0.4400383358,-0.1086533571,0.8181777268,-0.1009153833,0.7087004124,-0.1905661485,0.815752415,-0.1250388369,0.7901525847,-0.09148489421,0.7148802975,-0.07135443785,0.7862257539,-0.5213307488
2855,2015-01-20T19:05:00,2855,2856,2861,1,-0.2269864349,-0.06061379215,7,7,-0.8121969906,0,-0.06061379215,-0.2355649986,0.7773462295,-0.1162504371,0.7083527845,-0.1781399722,0.8129313686,-0.1370187387,0.7874342384,-0.09075380742,0.7147883972,-0.07172855172,0.7862439148,-1.012738469
2856,2015-01-20T20:00:00,2856,2857,2862,1,-1.268000268,0.17700345,7,7,-0.07628092933,0,0.17700345,-0.2215412185,0.7799027782,-0.09406141964,0.7104190366,-0.1240342692,0.7883290305,-0.1518886894,0.7784240472,-0.09110914192,0.7146933335,-0.06797283509,0.7860129734,-1.294171077
2857,2015-01-20T20:01:00,2857,2858,2863,1,-0.7496852812,-0.6377204066,7,7,-0.2244327412,0,-0.6377204066,-0.4945201585,0.7640872439,-0.09157632529,0.7081411299,-0.1900585805,0.7864404414,-0.17509225,0.7835831523,-0.1027874673,0.7174753731,-0.06690200618,0.7850560582,-1.249187276
2858,2015-01-20T20:02:00,2858,2859,2864,1,0.7497287346,-0.5520215122,7,7,-0.7864335099,0,-0.5520215122,-0.3026781194,0.4336019043,-0.07628440789,0.6944368206,-0.1226524846,0.6731996008,-0.1916778032,0.7882325151,-0.1038243862,0.7182128501,-0.07377079415,0.7862790994,0.7857520339
2859,2015-01-20T20:03:00,2859,2860,2865,1,0.8330583969,-0.1044291583,7,7,-0.7194619914,0,-0.1044291583,-0.2355562838,0.3891849866,-0.1721048205,0.6406558149,-0.1019359233,0.6635415272,-0.2044835593,0.7857643355,-0.1068785051,0.7181374275,-0.08760509496,0.773406546,0.02617080917
2860,2015-01-20T20:04:00,2860,2861,2866,1,0.8913476954,-0.5927366056,7,7,-0.5552964065,0,-0.5927366056,-0.3419808465,0.4701036952,-0.2887729226,0.6423646335,-0.1277502672,0.6764332668,-0.2161015136,0.791074769,-0.1089668617,0.7196166736,-0.09694810547,0.7737949035,0.4995019949
2861,2015-01-20T20:05:00,2861,2862,2867,1,0.1283776599,1.482917798,7,7,-0.2903821423,0,1.482917798,-0.08079797698,0.8090367599,-0.1511695978,0.7946033043,-0.01479212454,0.7330664396,-0.1529123086,0.8083891751,-0.09604437416,0.7367597137,-0.0918719113,0.7814867756,-0.03602329927
2862,2015-01-20T21:00:00,2862,2863,2868,1,1.766889,-0.864010383,7,7,-0.7842992209,0,-0.864010383,-0.1260559723,0.8500034141,-0.3102880654,0.8081878248,-0.06676847226,0.7570811044,-0.1498802044,0.804913519,-0.1078233959,0.7430138906,-0.09802802093,0.785373633,0.8068875877
2863,2015-01-20T21:01:00,2863,2864,2869,1,2.653059545,-0.1194054199,7,7,-0.5288041645,0,-0.1194054199,-0.03953275381,0.8151145839,-0.1711054366,0.6528485262,-0.1439455248,0.6873693088,-0.1314446881,0.7936551149,-0.108594153,0.7431057673,-0.10289063,0.784305802,0.3918457005
2864,2015-01-20T21:02:00,2864,2865,2870,1,1.877684858,0.9473925036,7,7,0.3041298813,0,0.9473925036,0.1708315786,0.9174645531,-0.03236235263,0.7047007024,-0.06663886795,0.706703387,-0.144455981,0.7736039613,-0.103767775,0.7479890482,-0.09055951678,0.7875618307,0.1644009592
2865,2015-01-20T21:03:00,2865,2866,2871,1,0.06722324352,-0.021099496,7,7,0.7772259266,0,-0.021099496,0.2851590005,0.8783865363,-0.02841092302,0.704471572,-0.07233068006,0.7064148438,-0.1629895924,0.7651832451,-0.09538321311,0.7439823424,-0.07886503017,0.7767553151,0.9600014126
2866,2015-01-20T21:04:00,2866,2867,2872,1,0.3429121043,-0.5344473071,7,7,1.08580012,0,-0.5344473071,-0.1183140205,0.623602961,-0.09955599873,0.7222953454,-0.09680870919,0.7163818024,-0.1577754357,0.7608183208,-0.1038246559,0.7462118345,-0.08573670966,0.7778351517,2.261213845
2867,2015-01-20T21:05:00,2867,2868,2873,1,-1.071899556,0.7199477623,7,7,1.255382474,0,0.7199477623,0.1984776086,0.5858692864,0.03621081816,0.7299824055,-0.02768275356,0.7191446907,-0.1214109165,0.7604672876,-0.07156590232,0.721131862,-0.07645684195,0.7797792315,1.713283899
2868,2015-01-20T22:00:00,2868,2869,2874,1,-1.506603191,0.7745009574,7,7,0.8400662224,0,0.7745009574,0.3772588841,0.6784995479,0.1688630651,0.74992447,0.04628932862,0.7227133624,-0.1152296504,0.7657394899,-0.06815764765,0.7241417399,-0.06815595216,0.7827165333,-0.8927781691
2869,2015-01-20T22:01:00,2869,2870,2875,1,-1.589951558,0.766765125,7,7,0.6523477787,0,0.766765125,0.3411334083,0.6312185649,0.2559824935,0.7874573267,0.0419388365,0.7178192372,-0.06532063584,0.7505048704,-0.06529671716,0.7267143793,-0.056012928,0.7833086889,-1.91830174
2870,2015-01-20T22:02:00,2870,2871,2876,1,-2.922855348,0.1720178169,7,7,0.3257444118,0,0.1720178169,0.3797568709,0.6358190503,0.3324579357,0.7667557538,0.02184250657,0.7073000454,-0.03898843386,0.7379575746,-0.0621697362,0.7269163233,-0.05711360628,0.7829741058,-2.785183455
2871,2015-01-20T22:03:00,2871,2872,2877,1,-0.05394812599,-1.831561111,7,7,0.4505851887,0,-1.831561111,0.1203341101,1.008990734,0.001010044825,0.838732065,-0.07507977646,0.8169656933,-0.1056885132,0.7816366811,-0.07240179853,0.7466679503,-0.07001914039,0.800210386,-0.6138250215
2872,2015-01-20T22:04:00,2872,2873,2878,1,0.6427388614,-0.2587584463,7,7,0.2409851664,0,-0.2587584463,-0.0754071316,0.9632178005,0.06153523849,0.7971923707,-0.1243764134,0.8027089249,-0.1245444647,0.7787761543,-0.06449199,0.7405500407,-0.07718138422,0.798678606,0.3283501829
2873,2015-01-20T22:05:00,2873,2874,2879,1,0.9613202906,-0.6948638976,7,7,0.1591189718,0,-0.6948638976,-0.3692801026,0.9509917727,0.003989390728,0.8260590137,-0.08355802293,0.7445081236,-0.1442989563,0.7863434791,-0.07950548918,0.742459849,-0.09280333542,0.7939221198,-0.1376718931
2874,2015-01-20T23:00:00,2874,2875,2880,1,-1.13627995,0.3397973224,7,7,0.06753616886,0,0.3397973224,-0.4546736631,0.8999400227,-0.0567701274,0.7772801686,-0.04456624001,0.7418785415,-0.1175661943,0.7796908916,-0.08549346507,0.7377728394,-0.08057285397,0.7878286241,0.5598768955
2875,2015-01-20T23:01:00,2875,2876,2881,1,-0.06834829142,0.6834167581,7,7,0.4270969395,0,0.6834167581,-0.3523938749,0.9473044451,0.01368149801,0.8067377444,-0.007364712505,0.7573328145,-0.09275234233,0.7856240837,-0.07556658569,0.7416156142,-0.08209113948,0.7863345817,0.3143886785
2876,2015-01-20T23:02:00,2876,2877,2882,1,1.75154638,-1.160885974,7,7,0.6127443255,0,-1.160885974,-0.2182588474,0.70426823,-0.04896236863,0.8700735717,-0.07425918368,0.799605711,-0.09914672643,0.7939873907,-0.08695850528,0.7523703158,-0.07951257494,0.7820085398,1.098992184
2877,2015-01-20T23:03:00,2877,2878,2883,1,-1.672898471,1.037346111,7,7,0.2090038572,0,1.037346111,0.04096206407,0.8353561778,-0.01722253377,0.9015565637,0.009494142199,0.8202678068,-0.09028221914,0.8035321533,-0.07227213161,0.7611015908,-0.08815917712,0.7646088349,-1.696156846
2878,2015-01-20T23:04:00,2878,2879,2884,1,-1.380662693,0.4379285411,7,7,-0.07269719428,0,0.4379285411,0.2675205518,0.7997556239,-0.0508797754,0.8786337149,0.05899164486,0.8168181914,-0.03183041985,0.7484616424,-0.06176456104,0.761344888,-0.09264278508,0.7604520641,-0.38273697
2879,2015-01-20T23:05:00,2879,2880,2885,1,-1.59629986,-0.3762824684,7,7,0.02813402801,0,-0.3762824684,0.1243045936,0.8030157615,-0.1651845347,0.8528558957,0.04539897936,0.8208082054,-0.02826847199,0.7463288378,-0.06463495639,0.7623300229,-0.1062373689,0.7525560603,0.6525541967
2880,2015-01-21T00:00:00,2880,2881,2886,1,0.680090511,-1.757802918,7,7,-0.4049673557,0,-1.757802918,-0.3639393416,1.081386536,-0.3581666083,1.016558545,-0.01285433628,0.9003626108,-0.07030230173,0.7963086071,-0.09992086123,0.7781971411,-0.1125416383,0.7640253222,0.02325837433
2881,2015-01-21T00:01:00,2881,2882,2887,1,-1.09262275,1.751348417,7,7,-0.8103471921,0,1.751348417,0.2185075364,1.230166593,0.0001243445145,1.002323198,0.0005671946698,0.9241545515,-0.007112464936,0.8341007253,-0.0721896806,0.800751671,-0.08526888657,0.768118816,-0.9979257231
2882,2015-01-21T00:02:00,2882,2883,2888,1,-0.7597855166,0.6590086983,7,7,-1.224807584,0,0.6590086983,0.1428400539,1.17683939,0.09190105898,1.020482948,0.07671814874,0.9156694606,0.004974838239,0.8401256929,-0.06705095789,0.8036564234,-0.06342841658,0.7493676663,-2.248854057
2883,2015-01-21T00:03:00,2883,2884,2889,1,0.2650374785,-2.387098741,7,7,-1.39032938,0,-2.387098741,-0.4221654025,1.576782403,-0.07732242534,1.250170349,-0.03666651731,1.05955165,-0.09030602103,0.8930639017,-0.09800700923,0.8467536714,-0.08237842994,0.7803400827,0.6568321367
2884,2015-01-21T00:04:00,2884,2885,2890,1,-0.312010943,0.7301643193,7,7,-1.023299652,0,0.7301643193,-0.200876045,1.601422191,-0.03828572565,1.266765043,-0.04752792652,1.050918202,-0.05708339724,0.8955050934,-0.08351426001,0.8493248933,-0.08030117069,0.7819503342,-0.09469702687
2885,2015-01-21T00:05:00,2885,2886,2891,1,2.134809537,-0.5919196356,7,7,-1.068182327,0,-0.5919196356,0.0323006116,1.420088936,-0.165819365,1.262150828,-0.0760689335,1.059209729,-0.07419980678,0.9002630677,-0.08996518484,0.8518570761,-0.08012756623,0.7818165953,1.489068541
2886,2015-01-21T01:00:00,2886,2887,2892,1,0.7515995629,0.518587453,7,7,-0.4801349029,0,0.518587453,-0.2142515812,1.207060446,0.002127977632,1.218668283,-0.0234171955,1.058815471,-0.06011295234,0.9039615834,-0.06485681357,0.8374173548,-0.07252421031,0.78242308,-0.3917946582
2887,2015-01-21T01:01:00,2887,2888,2893,1,0.2511100661,-0.02136484425,7,7,0.0790748657,0,-0.02136484425,-0.3503262897,1.170567263,-0.1037431179,1.173707516,-0.06048282583,1.0465165,-0.0440827897,0.8978769046,-0.06973383428,0.8364050413,-0.06190028959,0.7734260122,-0.2173139162
2888,2015-01-21T01:02:00,2888,2889,2894,1,0.2109151545,0.9918459318,7,7,-0.009821560981,0,0.9918459318,0.3254626448,0.6537058273,-0.04835137882,1.206974328,-0.04961557711,1.055647724,-0.001663124245,0.9046288522,-0.06074075129,0.8431742734,-0.0607998894,0.7747421155,0.6457409967
2889,2015-01-21T01:03:00,2889,2890,2895,1,0.478756449,-1.362275746,7,7,0.1182916756,0,-1.362275746,-0.09302536816,0.831782642,-0.1469507066,1.276012421,-0.1560676206,1.085258236,-0.05706439207,0.9200679041,-0.06873184251,0.8529984711,-0.0786873564,0.7813867758,1.143394221
2890,2015-01-21T01:04:00,2890,2891,2896,1,0.9361229984,0.1531158978,7,7,0.2320887743,0,0.1531158978,0.05598173851,0.791503309,0.04414117506,1.149593422,-0.1570127166,1.085116656,-0.06758510501,0.9159016079,-0.06134346101,0.85176399,-0.07646348691,0.7814427948,0.4684239823
2891,2015-01-21T01:05:00,2891,2892,2897,1,0.1505373095,1.854900845,7,7,-0.1510321173,0,1.854900845,0.3232444168,1.12286345,0.05449641785,1.165722361,0.02731038118,1.087097148,-0.02388469764,0.96156465,-0.05450022819,0.8643740767,-0.05941705236,0.7993885297,-0.4348258422
2892,2015-01-21T02:00:00,2892,2893,2898,1,0.7460168582,-0.8646225214,7,7,-0.2084306878,0,-0.8646225214,0.1545928814,1.18753756,-0.09786670412,1.179082943,-0.002982822571,1.102638208,-0.063679618,0.9644046441,-0.05789780047,0.8672337053,-0.05773067244,0.7973484759,-0.664637772
2893,2015-01-21T02:01:00,2893,2894,2899,1,2.466109986,-0.521854341,7,7,-0.00947098641,0,-0.521854341,-0.1481471731,1.126037378,0.08865773586,0.9206767853,0.005667655258,1.097855101,-0.03894518383,0.9379707269,-0.07085817677,0.8672851023,-0.06879238875,0.7953781574,0.4676990161
2894,2015-01-21T02:02:00,2894,2895,2900,1,-0.7271032482,0.9516510202,7,7,-0.136952027,0,0.9516510202,0.31463818,1.038233629,0.1108064059,0.9406889582,0.03626034015,1.115703677,-0.004152949934,0.9474118601,-0.0645958934,0.872333176,-0.06237424612,0.7999368542,0.5853631517
2895,2015-01-21T02:03:00,2895,2896,2901,1,-1.517647251,-1.094434451,7,7,-0.4376938761,0,-1.094434451,0.06512811025,1.145773768,0.06055492438,0.9847017353,-0.05263222032,1.13195897,-0.02999846641,0.9630379281,-0.08350860258,0.8796291067,-0.07050202708,0.8060783578,1.41065463
2896,2015-01-21T02:04:00,2896,2897,2902,1,-1.586044779,0.6104824471,7,7,-0.1184993871,0,0.6104824471,-0.1837555692,0.8361841075,0.0697444238,0.9899561074,0.03593620072,1.110217429,-0.01916149148,0.9674585345,-0.08552509044,0.8780432829,-0.06712659178,0.8077848595,1.99841097
2897,2015-01-21T02:05:00,2897,2898,2903,1,-3.868884789,1.069315156,7,7,-0.2295103853,0,1.069315156,0.2030319662,0.8822564373,0.1788124238,1.046093179,0.03753465296,1.111732943,0.02351439758,0.9769312696,-0.07578892619,0.8855499032,-0.06068684566,0.8132110279,-1.3124664
2898,2015-01-21T03:00:00,2898,2899,2904,1,-3.865311352,-0.2691429727,7,7,-0.2442749665,0,-0.2691429727,0.2535742398,0.8593006566,0.05271353335,1.001588188,0.002181077264,1.10904597,0.03058636106,0.9739545474,-0.08054572106,0.8859734641,-0.05902080376,0.8124544821,-2.928301881
2899,2015-01-21T03:01:00,2899,2900,2905,1,-3.910479392,1.198238787,7,7,0.1393237693,0,1.198238787,0.3028917932,0.9189259621,0.3087649866,0.9803963465,0.08090714003,1.137845485,0.06315305969,0.9920731973,-0.07066524981,0.8948840204,-0.05020131684,0.819685297,-3.584455749
2900,2015-01-21T03:02:00,2900,2901,2906,1,-2.474515642,-2.241562214,7,7,0.06365419877,0,-2.241562214,0.0734662406,1.268774134,0.06929717543,1.208839387,0.05671917524,1.179588424,0.02193241948,1.049304932,-0.09708454707,0.9292039956,-0.06533376796,0.8439465138,-2.556418389
2901,2015-01-21T03:03:00,2901,2902,2907,1,-1.314285299,-1.884978454,7,7,0.04109790153,0,-1.884978454,-0.4256259397,1.498625635,-0.3046907545,1.213483138,-0.1250971683,1.189842416,-0.06226498682,1.065313712,-0.1075886477,0.9456178836,-0.08478457838,0.8603338609,-0.9370094702
2902,2015-01-21T03:04:00,2902,2903,2908,1,-3.275165349,0.5420849191,7,7,0.5321442991,0,0.5420849191,-0.531071987,1.440820261,-0.1640200104,1.19464209,-0.1309433573,1.186888013,-0.02711260427,1.059989084,-0.08849640436,0.9411329957,-0.08091979871,0.861726202,-0.3260236426
2903,2015-01-21T03:05:00,2903,2904,2909,1,-3.502146994,-1.213524854,7,7,0.1418975743,0,-1.213524854,-0.7199483632,1.534927995,-0.2331870617,1.24386526,-0.07226466292,1.094268369,-0.05446559011,1.077049897,-0.0929551391,0.9460245564,-0.09055129873,0.8688016352,0.0819027472
2904,2015-01-21T04:00:00,2904,2905,2910,1,-4.797037856,-0.2655695356,7,7,-0.6392142312,0,-0.2655695356,-1.012710028,1.443244313,-0.3549091173,1.209830375,-0.1220513557,1.083647833,-0.08478964109,1.067408472,-0.114622811,0.9321544764,-0.0974417304,0.8676281997,-0.3772758283
2905,2015-01-21T04:01:00,2905,2906,2911,1,-7.395815699,1.153070747,7,7,0.2848507469,0,1.153070747,-0.3337834355,1.159287861,-0.1301585975,1.215264611,-0.03480183654,1.106007591,-0.05543538502,1.082861496,-0.1092124887,0.9375751754,-0.08206727041,0.8717049333,-2.949141706
2906,2015-01-21T04:02:00,2906,2907,2912,1,-6.606717172,-0.8055984639,7,7,0.6612418517,0,-0.8055984639,-0.1179074375,0.8735658923,-0.2717666886,1.22657983,-0.1010111324,1.114565201,-0.06221416394,1.087047789,-0.1099947998,0.9382210326,-0.0899544919,0.8747070174,-3.584049741
2907,2015-01-21T04:03:00,2907,2908,2913,1,-4.801035466,-0.7247481111,7,7,0.812296209,0,-0.7247481111,-0.3712740435,0.8996655607,-0.4511730153,1.201116386,-0.1361802957,1.126275169,-0.09833156078,1.087127532,-0.1098712386,0.9381249294,-0.08048778848,0.8606022301,-4.419762028
2908,2015-01-21T04:04:00,2908,2909,2914,1,-3.698661343,-1.418795131,7,7,-0.1254383863,0,-1.418795131,-0.412328099,0.9578442106,-0.5661382311,1.279349343,-0.2567123489,1.148893737,-0.153163963,1.103256302,-0.1341968067,0.9496134567,-0.0964930861,0.8690870664,-4.446673993
2909,2015-01-21T04:05:00,2909,2910,2915,1,-4.450930835,-1.440506499,7,7,-0.40785152,0,-1.440506499,-0.6473154917,1.148203767,-0.8300127597,1.304094713,-0.2606238865,1.153655065,-0.2083457536,1.119978894,-0.1368331947,0.9533127199,-0.1129797293,0.877606651,-3.022667431
2910,2015-01-21T05:00:00,2910,2911,2916,1,-5.3935814,-1.560460398,7,7,-0.9744672269,0,-1.560460398,-1.190021721,1.240751704,-0.7619025781,1.20071086,-0.3463027013,1.204781979,-0.251657709,1.146511616,-0.1453230714,0.9641240243,-0.1253323938,0.8890638464,-0.3812734383
2911,2015-01-21T05:01:00,2911,2912,2917,1,-6.473299838,-1.445707096,7,7,-1.074194149,0,-1.445707096,-1.318043447,1.351917459,-0.7179754423,1.138156005,-0.5113330984,1.176422632,-0.2420113586,1.132640812,-0.1738499359,0.9730958613,-0.1289383186,0.8940360293,0.7480126502
2912,2015-01-21T05:02:00,2912,2913,2918,1,-5.998033732,-0.0164999371,7,7,-1.527960221,0,-0.0164999371,-1.176393812,1.312510305,-0.7738339279,1.125184745,-0.4689269692,1.160433202,-0.2359548959,1.131904641,-0.1802496803,0.9715195354,-0.121646292,0.890325192,-1.428263403
2913,2015-01-21T05:03:00,2913,2914,2919,1,-6.730724249,1.080933595,7,7,-1.500203031,0,1.080933595,-0.676448067,1.246503455,-0.544388083,1.111583644,-0.3887875723,1.179580218,-0.1915599585,1.139450594,-0.1679294574,0.9789493664,-0.116856979,0.8945838719,-5.012307961
2914,2015-01-21T05:04:00,2914,2915,2920,1,-5.162109589,-0.316421008,7,7,-1.263045567,0,-0.316421008,-0.4516309688,1.076468077,-0.5494732302,1.11291406,-0.4521911738,1.162382734,-0.2079654168,1.139282299,-0.1627658055,0.9761869811,-0.126317449,0.8919233306,-7.221312488
2915,2015-01-21T05:05:00,2915,2916,2921,1,-4.636826628,-2.192775991,7,7,-1.259576812,0,-2.192775991,-0.5780940874,1.278056923,-0.884057904,1.259542435,-0.5071082507,1.237601555,-0.2798702355,1.185957149,-0.1863112889,1.005907441,-0.1436678023,0.9140535722,-4.569770329
2916,2015-01-21T06:00:00,2916,2917,2922,1,-2.600382019,-2.503110963,7,7,-1.007059153,0,-2.503110963,-0.7895748607,1.571155179,-1.053809154,1.465641398,-0.6627879212,1.35140719,-0.3134258603,1.236706136,-0.2062862933,1.039196334,-0.1624476236,0.9419066214,-1.718416287
2917,2015-01-21T06:01:00,2917,2918,2923,1,-0.24818605,-2.525425534,7,7,-1.712887317,0,-2.525425534,-1.29135998,1.934949346,-1.233876896,1.653286465,-0.8425249557,1.444997701,-0.4024951514,1.289179679,-0.2463886853,1.074162038,-0.1823464715,0.9696280229,2.059202899
2918,2015-01-21T06:02:00,2918,2919,2924,1,1.641753367,0.4587661684,7,7,-0.4801331559,0,0.4587661684,-1.415793465,1.884791438,-1.046120766,1.597843801,-0.8061294987,1.44738377,-0.4019742107,1.289360838,-0.2169023153,1.054193104,-0.1751677776,0.9698356299,-0.06705629881
2919,2015-01-21T06:03:00,2919,2920,2925,1,3.966788223,0.3482430786,7,7,0.2258705502,0,0.3482430786,-1.282860648,1.885913296,-0.8672458085,1.535488926,-0.8486292841,1.424498027,-0.383861072,1.289163872,-0.206064772,1.053316245,-0.1710436616,0.9702641593,-0.8819657315
2920,2015-01-21T06:04:00,2920,2921,2926,1,2.971290386,1.252193652,7,7,0.02070864421,0,1.252193652,-0.5938667196,1.705465755,-0.5859804035,1.506990866,-0.6739414908,1.362484502,-0.3086111578,1.274321951,-0.1894567298,1.062545018,-0.1694842934,0.9721244803,-2.307388949
2921,2015-01-21T06:05:00,2921,2922,2927,1,7.306985612,-1.66749303,7,7,-0.2580020091,0,-1.66749303,-0.426743133,1.487147317,-0.6081589968,1.529728038,-0.6630672195,1.348233467,-0.3940821939,1.271506676,-0.2005973294,1.075279789,-0.179487185,0.9830455577,1.708809666
2922,2015-01-21T07:00:00,2922,2923,2928,1,7.288506124,-0.4666663541,7,7,-0.3978842392,0,-0.4666663541,-0.0149912969,0.9897513901,-0.6531756385,1.536820872,-0.7135047832,1.346822019,-0.4222240702,1.269376364,-0.208624616,1.076366,-0.1854419953,0.9837078915,4.848753954
2923,2015-01-21T07:01:00,2923,2924,2929,1,7.022101592,-0.1732295655,7,7,-0.5475599961,0,-0.1732295655,-0.1413904437,0.9713476366,-0.7785919546,1.499325681,-0.6614900188,1.319771892,-0.3668773409,1.212274951,-0.2285916809,1.064700354,-0.1876304531,0.9838011513,5.278679336
2924,2015-01-21T07:02:00,2924,2925,2930,1,5.926028625,2.348705585,7,7,0.1290920241,0,2.348705585,0.2587020576,1.422162145,-0.5120792953,1.670211683,-0.5307762627,1.419187227,-0.3264138092,1.262613363,-0.1917486032,1.094559701,-0.1644807764,1.006130882,5.598175946
2925,2015-01-21T07:03:00,2925,2926,2931,1,3.629860207,2.673277934,7,7,0.774941926,0,2.673277934,0.5429189141,1.771505112,-0.02547390278,1.738798983,-0.4547659034,1.518201081,-0.24478387,1.328191875,-0.1594918384,1.134585221,-0.1415714132,1.035280093,2.43975217
2926,2015-01-21T07:04:00,2926,2927,2932,1,3.076971485,0.256695816,7,7,0.5548306626,0,0.256695816,0.9277566832,1.610994199,0.2505067751,1.550307946,-0.4016511894,1.508568764,-0.2513311609,1.326279628,-0.1557220566,1.134937046,-0.1270149293,1.026572502,1.743422257
2927,2015-01-21T07:05:00,2927,2928,2933,1,1.090157895,2.668202196,7,7,0.5625885846,0,2.668202196,1.554730393,1.993892526,0.7698695481,1.574041807,-0.232003674,1.614150511,-0.1840919849,1.391757455,-0.1140873873,1.171147247,-0.1078532178,1.054535538,0.3278526785
2928,2015-01-21T08:00:00,2928,2929,2934,1,0.9022064414,-0.4851458416,7,7,0.4941693783,0,-0.4851458416,1.492347138,2.004165414,0.6754783471,1.574832568,-0.1853212096,1.586379909,-0.2210167792,1.385019501,-0.1113399517,1.169750482,-0.1141660939,1.055172139,1.190108037
2929,2015-01-21T08:01:00,2929,2930,2935,1,0.7175344014,-0.4396340977,7,7,0.6358955739,0,-0.4396340977,0.9346792014,1.718153383,0.5966906295,1.577117024,-0.1352775895,1.556442153,-0.197950738,1.369932878,-0.127507565,1.166884964,-0.1118048077,1.053870466,1.333549229
2930,2015-01-21T08:02:00,2930,2931,2936,1,-1.069869054,1.252632618,7,7,0.4201998578,0,1.252632618,0.6505501381,1.355206907,0.5967345261,1.577151883,0.00537706129,1.542470345,-0.17046282,1.383964303,-0.1190239625,1.17350606,-0.09771658068,1.059301811,0.7623052163
2931,2015-01-21T08:03:00,2931,2932,2937,1,-0.9848741485,0.3771095168,7,7,1.073765371,0,0.3771095168,0.6746328782,1.360826782,0.8011947807,1.49116596,0.09651789196,1.510570056,-0.2074076032,1.353844914,-0.1156461504,1.174202416,-0.1054693532,1.053119357,-0.2879015956
2932,2015-01-21T08:04:00,2932,2933,2938,1,-1.098674916,-0.2961929057,7,7,0.2596059126,0,-0.2961929057,0.08175385793,0.6674840714,0.8182421256,1.486798976,0.08253324353,1.512016797,-0.1931968628,1.347738849,-0.1284382404,1.171852449,-0.1029974879,1.052075505,-0.6160148275
2933,2015-01-21T08:05:00,2933,2934,2939,1,-2.266200469,0.6813886052,7,7,0.632301844,0,0.6813886052,0.3150607473,0.700942062,0.9037039426,1.501332538,0.06255599402,1.500329445,-0.1631157892,1.34951805,-0.1010304865,1.162107579,-0.1016107142,1.052863692,-1.83217427
2934,2015-01-21T09:00:00,2934,2935,2940,1,-1.594543214,-0.673097295,7,7,0.506615821,0,-0.673097295,0.2683681078,0.737072683,0.6015236546,1.321992282,0.04472217967,1.506198967,-0.203734497,1.34531947,-0.1039437235,1.163501978,-0.1109754279,1.053852427,-0.6969725529
2935,2015-01-21T09:01:00,2935,2936,2941,1,-1.559024524,-0.6243061377,7,7,0.4097610138,0,-0.6243061377,-0.1070196433,0.5544457374,0.2717652474,1.035373323,0.1231456723,1.430982149,-0.1919812892,1.337790626,-0.1109898778,1.165574067,-0.1196661648,1.054700351,-0.4826600881
2936,2015-01-21T09:02:00,2936,2937,2942,1,-0.6100506986,-0.5347708375,7,7,0.306498942,0,-0.5347708375,-0.2893957141,0.5797962813,0.1926185821,1.045947718,0.2215626786,1.32239581,-0.2206126213,1.336980193,-0.1198870564,1.166938741,-0.1305542674,1.053476158,-0.4340261991
2937,2015-01-21T09:03:00,2937,2938,2943,1,-2.189390463,0.4621044222,7,7,0.6090848701,0,0.4621044222,-0.1377362486,0.6011038012,-0.02799119531,0.635161698,0.3709391764,1.200216229,-0.2357928897,1.328257759,-0.106139246,1.165903808,-0.1291235807,1.053987024,-0.8975706615
2938,2015-01-21T09:04:00,2938,2939,2944,1,-1.468571107,-0.4099936728,7,7,0.2647380923,0,-0.4099936728,-0.3560127042,0.5496241042,-0.02047597844,0.6298438021,0.3275011844,1.199333322,-0.2393141572,1.329157665,-0.104363898,1.165171137,-0.1334685331,1.054602303,-1.076364436
2939,2015-01-21T09:05:00,2939,2940,2945,1,-0.445790308,-0.4861369485,7,7,0.3519222783,0,-0.4861369485,-0.3186206348,0.5086653996,-0.02512626352,0.6332521728,0.285782183,1.201729259,-0.2814235505,1.317829246,-0.1091352454,1.166379687,-0.1409180167,1.054878941,-0.1760244995
2940,2015-01-21T10:00:00,2940,2941,2946,1,-1.672649996,-0.001440040223,7,7,-0.01598310851,0,-0.001440040223,-0.1940474154,0.4251932181,-0.1505335293,0.4940644434,0.2231004984,1.168654726,-0.2254204962,1.269274968,-0.1017440384,1.164495553,-0.1398631968,1.054814213,-1.291819801
2941,2015-01-21T10:01:00,2941,2942,2947,1,-0.02317138727,-0.5887874474,7,7,-0.4462391346,0,-0.5887874474,-0.2048507373,0.4392350563,-0.2471232257,0.5143399472,0.2770357775,1.115374713,-0.193015721,1.237294272,-0.1276403539,1.15451081,-0.1360643388,1.051868731,-0.392206671
2942,2015-01-21T10:02:00,2942,2943,2948,1,-0.8924056715,0.4142029882,7,7,-0.346039249,0,0.4142029882,-0.2144310242,0.4295720642,-0.1760836364,0.5224260417,0.3210792446,1.114338406,-0.1962127693,1.236058177,-0.1116626868,1.151394084,-0.1244018593,1.048697994,-0.2697658086
2943,2015-01-21T10:03:00,2943,2944,2949,1,0.9336761884,-1.117235342,7,7,-0.5535382973,0,-1.117235342,-0.355879358,0.6328950608,-0.3559460311,0.5927237189,0.2738789558,1.141341491,-0.1938055315,1.233786498,-0.1241355608,1.158072883,-0.1265719366,1.050738478,-0.3808301945
2944,2015-01-21T10:04:00,2944,2945,2950,1,-0.1951733954,0.3108256829,7,7,-0.2670915802,0,0.3108256829,-0.1964868317,0.6104202261,-0.2575537333,0.5618511107,0.1719849607,1.015711638,-0.179395651,1.234050752,-0.1320926461,1.153742195,-0.1362137577,1.042545793,0.3690352837
2945,2015-01-21T10:05:00,2945,2946,2951,1,-0.2681701725,0.5366438506,7,7,-0.4063869056,0,0.5366438506,-0.08887005356,0.6559037751,-0.1414587345,0.5527201077,0.06515325647,0.8299088611,-0.1948063235,1.223454789,-0.1251208542,1.155298801,-0.137743767,1.041623099,-0.6226398629
2946,2015-01-21T11:00:00,2946,2947,2952,1,1.95648325,-1.228299728,7,7,-0.8436754886,0,-1.228299728,-0.2167725097,0.8140145422,-0.2108116235,0.6540440006,-0.009096520732,0.872290142,-0.2053738551,1.23220733,-0.1337940095,1.161896682,-0.1417878182,1.045442859,1.314506383
2947,2015-01-21T11:01:00,2947,2948,2953,1,0.8329075184,1.060691161,7,7,-0.4648800962,0,1.060691161,-0.08747487509,0.9237532136,-0.1509529496,0.72036524,-0.08947207247,0.6791010461,-0.1607378732,1.23827705,-0.129534717,1.165155853,-0.1268267835,1.047773324,-0.5642086791
2948,2015-01-21T11:02:00,2948,2949,2954,1,2.085891329,-0.4550312961,7,7,-0.8172752274,0,-0.4550312961,0.04496593412,0.8031735391,-0.1554567119,0.7230642751,-0.08796634519,0.6780579477,-0.1366437774,1.219910611,-0.1449038702,1.163046939,-0.1350124636,1.047491183,0.3544696904
2949,2015-01-21T11:03:00,2949,2950,2955,1,2.142872464,0.7088465178,7,7,-0.8786939931,0,0.7088465178,0.1245701011,0.8522076566,-0.03595836532,0.7412390783,-0.03054231442,0.6893633605,-0.08290995195,1.203688917,-0.1456278528,1.162587573,-0.1188587805,1.043468142,0.641976867
2950,2015-01-21T11:04:00,2950,2951,2956,1,2.483296222,-0.8180239008,7,7,-0.1810084006,0,-0.8180239008,-0.1463634492,0.8958198401,-0.1176167514,0.7850805526,-0.1340751403,0.6559158285,-0.06434903953,1.185208914,-0.1580033742,1.166020809,-0.1183317274,1.0430389,1.397116197
2951,2015-01-21T11:05:00,2951,2952,2957,1,1.191669557,0.4636470734,7,7,0.09643612826,0,0.4636470734,0.1920259111,0.7373892211,-0.01237329929,0.7766474548,-0.1297482625,0.6586830992,-0.01661518528,1.16526506,-0.1293132719,1.149068725,-0.1214383524,1.041100983,1.731421638
2952,2015-01-21T12:00:00,2952,2953,2958,1,1.446639445,0.9963536944,7,7,0.6433661925,0,0.9963536944,0.1791584178,0.7192175278,0.04584177134,0.827826628,-0.06512093251,0.692179852,0.008706155508,1.175863032,-0.1136243702,1.154093148,-0.1172644017,1.044087207,1.500895597
2953,2015-01-21T12:01:00,2953,2954,2959,1,1.072240686,-0.06288457041,7,7,0.6768955719,0,-0.06288457041,0.2575877629,0.6904013688,0.1512768485,0.7489131405,-0.1023345913,0.6753489094,-0.01988929864,1.163418367,-0.1057246286,1.151496842,-0.1185827378,1.044066732,1.086180024
2954,2015-01-21T12:02:00,2954,2955,2960,1,1.176234589,0.7979525141,7,7,0.2566038143,0,0.7979525141,0.2754089622,0.7095822827,0.1999895316,0.7841444082,-0.02878210083,0.6821140387,0.007970039418,1.169169554,-0.09999768869,1.154322659,-0.1058538572,1.044483842,-0.5397520815
2955,2015-01-21T12:03:00,2955,2956,2961,1,-0.5963631613,0.765827653,7,7,0.1352524916,0,0.765827653,0.5921792729,0.6978343602,0.2229079119,0.8029526699,0.0407245887,0.6892867718,0.08193513051,1.123126476,-0.09896755251,1.154969143,-0.09689581578,1.046440418,-0.05425615196
2956,2015-01-21T12:04:00,2956,2957,2962,1,-0.09254207261,-0.4776001428,7,7,0.06457783562,0,-0.4776001428,0.4039298297,0.6997138356,0.2979778704,0.7187984123,0.04358312343,0.6871843684,0.132572901,1.053791496,-0.09042647962,1.148894813,-0.09333322856,1.044084058,-0.01393933789
2957,2015-01-21T12:05:00,2957,2958,2963,1,2.259898892,-0.8279795917,7,7,-0.3756770257,0,-0.8279795917,0.03906317243,0.654343454,0.1091107951,0.6875460741,-0.02092107726,0.7041468892,0.1750090496,0.9839567667,-0.1137430509,1.146768321,-0.1059227737,1.044959184,1.715986671
2958,2015-01-21T13:00:00,2958,2959,2964,1,2.44231597,1.251323583,7,7,-0.6536170855,0,1.251323583,0.301904803,0.8605443647,0.279746283,0.7801251995,0.06214478551,0.7521360491,0.1948229849,1.001026736,-0.1035756129,1.154232623,-0.07966054854,1.036773959,-0.5421070093
2959,2015-01-21T13:01:00,2959,2960,2965,1,2.512559024,-0.4372833287,7,7,-0.6035109172,0,-0.4372833287,0.05485763446,0.8071148013,0.1651332983,0.7599149026,0.06458746649,0.7506350746,0.1751848247,1.001899752,-0.1043381236,1.154501321,-0.07898157309,1.036460859,-0.07860273472
2960,2015-01-21T13:02:00,2960,2961,2966,1,2.300432505,0.9019464172,7,7,-1.118595776,0,0.9019464172,0.0820813873,0.8347678549,0.3371303301,0.7693536787,0.1097567894,0.7772568935,0.1664286439,0.9924419747,-0.07109125695,1.142111533,-0.07082827188,1.039702667,0.543912221
2961,2015-01-21T13:03:00,2961,2962,2967,1,3.004491354,-1.006770098,7,7,-0.7839765226,0,-1.006770098,-0.02375260369,0.9240856012,0.190088613,0.8196138268,0.08885765685,0.7984197186,0.1829467172,0.9699316465,-0.1055677384,1.130817542,-0.0727493139,1.041348588,2.984422979
2962,2015-01-21T13:04:00,2962,2963,2968,1,1.672829314,0.02622094586,7,7,-0.7624447132,0,0.02622094586,0.1470875038,0.8467358886,0.09307533813,0.7566792652,0.06945855473,0.7930512078,0.1952688997,0.9671298517,-0.1134775853,1.128418474,-0.07399344411,1.04122807,2.591161759
2963,2015-01-21T13:05:00,2963,2964,2969,1,2.192819788,1.524461373,7,7,-0.2946029856,0,1.524461373,0.2017150619,0.9319849885,0.2518099325,0.8969762044,0.2015433905,0.8262678752,0.2377111731,0.996338045,-0.06458308386,1.109572002,-0.07315739625,1.042411177,1.756520284
2964,2015-01-21T14:00:00,2964,2965,2970,1,0.07758430406,1.43374066,7,7,-1.569830799,0,1.43374066,0.5759198597,1.11421503,0.3153887471,0.9728590432,0.2576891393,0.8835545175,0.21483705,0.9519292825,-0.0557883796,1.118114901,-0.05622005215,1.049172886,0.02006837509
2965,2015-01-21T14:01:00,2965,2966,2971,1,0.7785466342,-0.3670402742,7,7,-1.596565984,0,-0.3670402742,0.3221225214,1.051530969,0.2021019544,0.9493562949,0.2125049331,0.8792071328,0.1388290948,0.8549134167,-0.05297738758,1.116908816,-0.06005152732,1.049673632,-0.9183324452
2966,2015-01-21T14:02:00,2966,2967,2972,1,-0.5750111176,0.6898198981,7,7,-1.274167593,0,0.6898198981,0.6614405206,0.9990848163,0.3188439584,0.9623161301,0.3084109144,0.8493301749,0.1496571968,0.860886705,-0.05083698202,1.118066092,-0.05392897213,1.051552838,0.4362995034
2967,2015-01-21T14:03:00,2967,2968,2973,1,-1.499306647,-0.3027112488,7,7,-1.554688594,0,-0.3027112488,0.5956540817,1.008146707,0.3713707927,0.9309461444,0.2402407939,0.8183459928,0.07538436073,0.7519535873,-0.05435381208,1.118575659,-0.05093013795,1.050175533,0.05751592896
2968,2015-01-21T14:04:00,2968,2969,2974,1,-0.0388226028,-1.305441095,7,7,-1.366732927,0,-1.305441095,0.02967358817,0.9446685014,0.115694325,0.9383481753,0.197720304,0.8628709709,0.0548769794,0.7759861123,-0.08306989991,1.122593752,-0.05593430802,1.054954474,1.696879079
2969,2015-01-21T14:05:00,2969,2970,2975,1,-1.144538962,2.044451847,7,7,-1.303884097,0,2.044451847,0.1518158255,1.147707625,0.3638678426,1.131085303,0.2645005704,0.963541546,0.116979128,0.8377452338,-0.040485805,1.135458755,-0.04601200069,1.068497093,-1.011310621
2970,2015-01-21T15:00:00,2970,2971,2976,1,-1.345518729,-0.6814948233,7,7,-1.07862962,0,-0.6814948233,0.08892491566,1.176085081,0.2055237185,1.115547735,0.2713270243,0.9582149631,0.06862594199,0.821097281,-0.05091843901,1.137883548,-0.05647399435,1.069023494,-1.556822576
2971,2015-01-21T15:01:00,2971,2972,2977,1,-2.11245302,0.3339220559,7,7,-0.2243666656,0,0.3339220559,0.01774534721,1.144686249,0.3395929339,1.074354941,0.2648407734,0.9555117383,0.06754625546,0.820629669,-0.06993067387,1.119448325,-0.05458201513,1.069413497,-1.735701682
2972,2015-01-21T15:02:00,2972,2973,2978,1,-1.339189883,-0.6637378537,7,7,-0.2977989175,0,-0.6637378537,-0.05445997376,1.174772053,0.2705970539,1.09463445,0.181836196,0.9409537952,0.05835763176,0.8259863777,-0.06741961553,1.117732862,-0.06617294969,1.069069661,-0.1332283408
2973,2015-01-21T15:03:00,2973,2974,2979,1,0.3259997695,-1.227006779,7,7,-0.2334561327,0,-1.227006779,-0.03877311059,1.157740563,-0.004549761212,1.056589274,0.1236300856,0.9800375518,0.01064774717,0.8415966232,-0.076234021,1.124607452,-0.06380440861,1.06603204,0.2113038472
2974,2015-01-21T15:04:00,2974,2975,2980,1,-0.8045070995,0.1550429501,7,7,-0.4942518558,0,0.1550429501,-0.4166548899,0.713592464,-0.1324195322,0.95562728,0.09148460743,0.9642816539,0.0313512533,0.8352001766,-0.08619162187,1.119697238,-0.05884539789,1.065368957,-0.3767513373
2975,2015-01-21T15:05:00,2975,2976,2981,1,-0.5365995831,0.9387354877,7,7,-1.016246042,0,0.9387354877,-0.09260882771,0.7697870024,-0.001841956027,0.9939185448,0.1001299992,0.9718928563,0.07042729393,0.8425235836,-0.06077699764,1.117928832,-0.05051748723,1.068795553,-1.205961542
2976,2015-01-21T16:00:00,2976,2977,2982,1,1.818349685,-0.8824745907,7,7,-1.001022027,0,-0.8824745907,-0.335888157,0.852070139,-0.1590714049,1.009041657,0.07988627677,0.985955729,0.0617347001,0.8498032289,-0.07943896061,1.12019676,-0.0593464709,1.071705429,0.1146959223
2977,2015-01-21T16:01:00,2977,2978,2983,1,2.21643983,-0.4330122344,7,7,-0.8567953805,0,-0.4330122344,-0.2897430332,0.8218356607,-0.1721015035,1.013780851,0.09963464464,0.9732451742,0.03935678369,0.8494200994,-0.09821805299,1.114850479,-0.05764056946,1.070852913,-0.4277557622
2978,2015-01-21T16:02:00,2978,2979,2984,1,1.020267255,0.1095252826,7,7,-0.9819371122,0,0.1095252826,-0.02243662092,0.6137620741,-0.03060486576,0.9265708542,0.04254472964,0.9324781086,0.05234475757,0.8471198438,-0.09348469979,1.114511581,-0.05212767951,1.069713293,0.6693619594
2979,2015-01-21T16:03:00,2979,2980,2985,1,0.0978875594,0.4381828741,7,7,-1.307114107,0,0.4381828741,0.03419136387,0.6405443518,-0.191231763,0.6780528266,0.08631803978,0.932499222,0.07545275314,0.8464655381,-0.1029853987,1.107514747,-0.04760591257,1.070418463,1.703653763
2980,2015-01-21T16:04:00,2980,2981,2986,1,2.268099548,-0.9754639189,7,7,-0.6161220884,0,-0.9754639189,-0.3486485175,0.6514277971,-0.2206286726,0.7130673895,-0.007552477025,0.9361922479,0.05110215617,0.8604022906,-0.08715917001,1.08428572,-0.05079530685,1.072752206,2.644195592
2981,2015-01-21T16:05:00,2981,2982,2987,1,1.187551932,1.206643004,7,7,-1.096464263,0,1.206643004,0.06917500152,0.7482000816,-0.1333565778,0.8018188336,0.1031181781,0.947932482,0.09598791746,0.8763703662,-0.04851390178,1.072129221,-0.0530975968,1.069862209,0.3509052954
2982,2015-01-21T17:00:00,2982,2983,2988,1,-1.791869811,1.472474677,7,7,-1.432599398,0,1.472474677,0.4502723839,0.9777217284,0.08026467536,0.90314828,0.1754308647,1.003469331,0.1224447097,0.9044006069,-0.0368840298,1.083000525,-0.03362688796,1.075384758,-1.605766203
2983,2015-01-21T17:01:00,2983,2984,2989,1,-2.087035513,-0.03492208962,7,7,-1.782651814,0,-0.03492208962,0.4213829095,0.9766189283,0.1994731443,0.8156250409,0.09746169153,0.9438286662,0.149502541,0.8869980701,-0.02215149525,1.074475383,-0.03292286021,1.07533424,-0.3760960437
2984,2015-01-21T17:02:00,2984,2985,2990,1,0.1011226651,-1.086647292,7,7,-2.307925944,0,-1.086647292,0.1164168761,1.073100253,0.07530412,0.8836971255,-0.02855770611,0.9203651742,0.1145657166,0.9021476152,-0.03241496721,1.08091433,-0.04987319184,1.076431206,0.8366466365
2985,2015-01-21T17:03:00,2985,2986,2991,1,0.3886717305,-0.4841968213,7,7,-1.812507879,0,-0.4841968213,0.2146702957,1.004055523,-0.0669891109,0.8463113104,-0.03441553346,0.923070124,0.08904469982,0.9014054682,-0.05288081181,1.074563502,-0.05373233622,1.077336602,-0.1861036078
2986,2015-01-21T17:04:00,2986,2987,2992,1,-0.423993052,1.19474807,7,7,-2.083199029,0,1.19474807,0.2122913088,1.00120658,0.1407331552,0.883803705,-0.009169124867,0.9484919751,0.1496208948,0.9002773941,-0.02787648014,1.079081621,-0.03932237474,1.081743529,-1.710939469
2987,2015-01-21T17:05:00,2987,2988,2993,1,1.055062913,0.1260953877,7,7,-1.82252706,0,0.1260953877,-0.05698454911,0.7562792408,0.1966439174,0.8740417805,0.01227120696,0.9464937,0.1262560004,0.8847430384,-0.0172409364,1.076127385,-0.04427114453,1.079806552,-0.7355239714
2988,2015-01-21T18:00:00,2988,2989,2994,1,2.208420437,-1.506947066,7,7,-1.961624514,0,-1.506947066,-0.3513895443,1.012863402,0.03499668257,0.9949062273,0.002195908407,0.9613459183,0.0999581062,0.9134364474,-0.01834283559,1.077624248,-0.06328321139,1.086235473,0.5747753383
2989,2015-01-21T18:01:00,2989,2990,2995,1,2.591434389,-0.3300877912,7,7,-2.471271237,0,-0.3300877912,-0.2000776441,0.9008459322,-0.04183038396,0.9907238632,-0.1165310735,0.8489079481,0.07398474848,0.9080355211,-0.004462601738,1.066160287,-0.07242365236,1.084396643,1.286946417
2990,2015-01-21T18:02:00,2990,2991,2996,1,1.76548612,1.101510885,7,7,-2.287569629,0,1.101510885,0.1170638973,1.003643028,0.1658670965,1.003849297,-0.02738078806,0.8706832123,0.1219731181,0.9154958142,0.0288120393,1.05897421,-0.06467787678,1.088935511,1.790586884
2991,2015-01-21T18:03:00,2991,2992,2997,1,2.735230665,-0.1966477559,7,7,-1.85386275,0,-0.1966477559,-0.1612152679,0.8541362919,0.02553802046,0.9305813831,-0.05390927865,0.8685894175,0.1054657474,0.9130854993,0.04442528106,1.046796969,-0.05105359883,1.076172693,1.633645099
2992,2015-01-21T18:04:00,2992,2993,2998,1,1.92434177,0.3820832876,7,7,-1.544132048,0,0.3820832876,-0.1100176879,0.8692331813,-0.08350111853,0.8147160897,-0.001618221584,0.8600695095,0.09010898723,0.9014193269,0.04940757137,1.047666615,-0.04571325104,1.076478641,1.304487972
2993,2015-01-21T18:05:00,2993,2994,2999,1,1.643154696,1.605151353,7,7,-1.61948213,0,1.605151353,0.5124019957,0.9037093586,0.08050622572,0.9598392772,0.139989685,0.8906558386,0.1318098853,0.9364137509,0.05596029334,1.056033382,-0.02654645729,1.084552237,-0.02510076483
2994,2015-01-21T19:00:00,2994,2995,3000,1,0.8453005337,-0.3535895417,7,7,-2.136496731,0,-0.3535895417,0.5077016456,0.9054855757,0.1538120008,0.9031687332,0.1145580604,0.8934859737,0.1030213339,0.9295580383,0.05549568667,1.056180759,-0.03232468116,1.084588977,1.101585567
2995,2015-01-21T19:01:00,2995,2996,3001,1,-0.2666148387,0.05292616067,7,7,-1.752695453,0,0.05292616067,0.2979847007,0.7601309869,0.207524299,0.8902523363,0.07026759404,0.8685597436,0.0851987966,0.9216755808,0.08356696356,1.027350709,-0.03757876947,1.082803971,0.6198537984
2996,2015-01-21T19:02:00,2996,2997,3002,1,-0.8274941939,0.2755626162,7,7,-1.177945036,0,0.2755626162,0.3924267751,0.7650176471,0.1156057536,0.8108023204,0.1281694544,0.848088849,0.1040278656,0.9196095354,0.1183003833,0.9889788204,-0.02560836455,1.077899235,1.668255461
2997,2015-01-21T19:03:00,2997,2998,3003,1,-1.769753887,0.7730967898,7,7,-1.202543711,0,0.7730967898,0.4706294756,0.8219429433,0.1803058938,0.8459185911,0.1884749056,0.8600951392,0.1440547751,0.9184143448,0.1595319123,0.9517499219,-0.02781044223,1.076048337,-0.256285033
2998,2015-01-21T19:04:00,2998,2999,3004,1,-2.716851324,-0.4288056076,7,7,-0.3436931012,0,-0.4288056076,0.06383808349,0.4439176486,0.2881200396,0.7119527666,0.1615583611,0.8650766275,0.1020515454,0.8994089711,0.1484372651,0.9515752792,-0.0350332268,1.076017719,-0.8864686371
2999,2015-01-21T19:05:00,2999,3000,3005,1,-3.925396753,1.323964278,7,7,-0.8526149294,0,1.323964278,0.3993488475,0.7229343317,0.4535252466,0.8193101292,0.2058474313,0.909066241,0.1460827355,0.9208572717,0.1606337801,0.9622320999,-0.02086450391,1.082239147,-2.495749655
3000,2015-01-21T20:00:00,3000,3001,3006,1,-3.041192966,-1.151443704,7,7,-0.6072544855,0,-1.151443704,0.1584748746,0.8872645225,0.2282297876,0.826146915,0.1970484421,0.9193019459,0.09474798252,0.9277855336,0.1305883132,0.9606578656,-0.01581151046,1.07542604,-1.513468854
3001,2015-01-21T20:01:00,3001,3002,3007,1,-1.158819132,-1.058989212,7,7,-0.3557640263,0,-1.058989212,-0.108435491,0.9981698312,0.1419956421,0.8892679608,0.08376683126,0.9101591116,0.09344250467,0.9292377518,0.1381946109,0.9498026632,-0.0392309907,1.0678607,-1.830382687
3002,2015-01-21T20:02:00,3002,3003,3008,1,-0.8027019317,-0.285316739,7,7,-0.9082687601,0,-0.285316739,-0.3201181967,0.9450335502,0.07525563941,0.8856293279,-0.004122739558,0.8509117502,0.08565406255,0.9303229289,0.1404614811,0.9489048693,-0.04710036934,1.066482889,-1.429647099
3003,2015-01-21T20:03:00,3003,3004,3009,1,0.3276646615,-0.1691629029,7,7,-0.9818276865,0,-0.1691629029,-0.2681896558,0.9284593576,-0.1021757862,0.7277017443,-0.01083478022,0.8517162869,0.04331345565,0.8989530534,0.1405123144,0.9488956982,-0.02861757069,1.044097162,-1.527724112
3004,2015-01-21T20:04:00,3004,3005,3010,1,2.877537274,-1.375903045,7,7,-0.9943055975,0,-1.375903045,-0.8081631204,0.9434417493,-0.2044071365,0.8404511831,-0.02529756783,0.8723737593,-0.02692763697,0.8966905904,0.09395470651,0.9247224918,-0.04616813206,1.049510343,0.671563555
3005,2015-01-21T20:05:00,3005,3006,3011,1,2.282784891,0.1154188487,7,7,-1.163430116,0,0.1154188487,-0.5547906099,0.7922008052,-0.1981578677,0.8410768243,0.004683215665,0.866013697,-0.0148661589,0.8949966976,0.06198146794,0.875184563,-0.04027364469,1.048171375,0.6269451673
3006,2015-01-21T21:00:00,3006,3007,3012,1,2.33329693,-0.2672399163,7,7,-0.9819172908,0,-0.2672399163,-0.3964407508,0.6461995978,-0.2524381209,0.840808222,-0.06841618366,0.8259415442,-0.03879265426,0.8893302146,0.05543227129,0.875224014,-0.0468222061,1.047385921,1.855388774
3007,2015-01-21T21:01:00,3007,3008,3013,1,1.528892998,0.8233846227,7,7,-1.477919442,0,0.8233846227,-0.1747004785,0.7327245317,-0.2474093376,0.8455689358,-0.03355172191,0.8457437815,-0.01064025747,0.8975335281,0.03237205163,0.8279494645,-0.03978262721,1.050077687,2.205973719
3008,2015-01-21T21:02:00,3008,3009,3014,1,0.9305826792,0.07080046093,7,7,-1.506907694,0,0.07080046093,-0.1267078058,0.729496102,-0.1974487308,0.834925548,0.04533565442,0.7758793117,0.02376578141,0.8735487052,0.03932138041,0.8262087469,-0.04745800613,1.046186855,1.655839724
3009,2015-01-21T21:03:00,3009,3010,3015,1,-0.1554759613,0.9612036903,7,7,-1.365137086,0,0.9612036903,0.3407135413,0.5816573149,-0.2337247896,0.7837115433,0.1099002285,0.8017084479,-0.003315422499,0.8256455474,0.05683185276,0.8317173939,-0.0280956775,1.042468823,0.4779081564
3010,2015-01-21T21:04:00,3010,3011,3016,1,-1.833797405,1.173969568,7,7,-2.197276861,0,1.173969568,0.5524236851,0.7818579405,-0.001183462417,0.7870463629,0.1135231626,0.8068335338,0.04307118728,0.8393657151,0.05584856463,0.8302817439,-0.01958856358,1.047869702,-0.6770807211
3011,2015-01-21T21:05:00,3011,3012,3017,1,-1.287581087,-0.479333534,7,7,-2.619513152,0,-0.479333534,0.5100049615,0.8018544331,0.05678210535,0.7281979306,0.09938887371,0.8127329611,0.02273979753,0.8411249736,0.0451430265,0.8309405137,-0.03904051674,1.035023402,-0.7252570449
3012,2015-01-21T22:00:00,3012,3013,3018,1,-1.477802248,-0.2167278774,7,7,-1.928197724,0,-0.2167278774,0.3019824615,0.7188687496,0.06364099151,0.725829704,0.06944831546,0.8096814391,0.03391504694,0.835255528,0.04613633935,0.8306338824,-0.0336413947,1.032199157,-0.6333841177
3013,2015-01-21T22:01:00,3013,3014,3019,1,-0.6919135208,0.01898069035,7,7,-1.074857876,0,0.01898069035,0.2916185074,0.7182212691,0.08245535083,0.7238806373,-0.009860217664,0.7257937055,0.06506473366,0.8124174806,0.03785624042,0.8271357322,-0.02913443611,1.031100707,-1.156716684
3014,2015-01-21T22:02:00,3014,3015,3020,1,1.408157753,-0.5275098579,7,7,-1.114640085,0,-0.5275098579,-0.006124202227,0.6218622151,0.1672946695,0.6020954436,-0.01855623347,0.7310530468,0.04800091346,0.8163197114,0.03967608338,0.8258139034,-0.04146077676,1.028562376,-0.5623240422
3015,2015-01-21T22:03:00,3015,3016,3021,1,0.1706649357,-0.1248549502,7,7,-0.8826756313,0,-0.1248549502,-0.2658891058,0.3379193055,0.1432672896,0.602283694,-0.02744528902,0.7314902161,0.02141115251,0.8029551558,0.04591922322,0.8229772084,-0.03338094759,1.023762136,-0.8444181299
3016,2015-01-21T22:04:00,3016,3017,3022,1,0.506256082,-0.5043518762,7,7,-1.183975141,0,-0.5043518762,-0.2708927743,0.3451253289,0.1195560936,0.6172851952,-0.06644101364,0.7375633798,0.03086422038,0.794749783,0.04629946024,0.8227371225,-0.04267123361,1.023280473,0.4648031636
3017,2015-01-21T22:05:00,3017,3018,3023,1,0.7088455596,0.06688278424,7,7,-0.932930491,0,0.06688278424,-0.2141706419,0.3325837631,0.04390590979,0.5600822433,-0.1017517139,0.7171746455,0.04336159584,0.7918658727,0.04135918976,0.821147388,-0.05102483671,1.018632211,1.970481795
3018,2015-01-21T23:00:00,3018,3019,3024,1,0.2505253186,-0.4069490379,7,7,-0.07063387259,0,-0.4069490379,-0.2993565876,0.3790269252,-0.003869040085,0.5742400201,-0.1006588854,0.7165376025,0.03044973783,0.7942870096,0.0413972477,0.8211284562,-0.05217322059,1.019013245,1.015083066
3019,2015-01-21T23:01:00,3019,3020,3025,1,-0.6308719696,0.8048694172,7,7,-1.158773208,0,0.8048694172,-0.03288073257,0.4664451047,-0.0195024674,0.54967429,-0.1266136285,0.6768846313,0.03961690141,0.8014281735,0.05753482727,0.8242545191,-0.05545129867,1.015786222,0.04145291848
3020,2015-01-21T23:02:00,3020,3021,3026,1,-2.203558114,1.572561415,7,7,-0.3298719691,0,1.572561415,0.3066025405,0.8420470088,0.02035671736,0.6415733092,0.009586627471,0.7180035823,0.1033175348,0.8248167106,0.07720984547,0.8427973386,-0.02366693509,1.005265081,-1.261636235
3021,2015-01-21T23:03:00,3021,3022,3027,1,-1.945512969,-1.362347767,7,7,-0.04496962513,0,-1.362347767,0.1350033624,1.014577395,-0.06794470594,0.7577858478,-0.005581300298,0.7431391583,0.03909276548,0.8308566113,0.06754034147,0.8539167779,-0.01931167936,0.9982058644,-0.7645577469
3022,2015-01-21T23:04:00,3022,3023,3028,1,-0.6781025386,-0.1687607299,7,7,-0.544806392,0,-0.1687607299,0.08787465956,1.016940837,-0.06314799119,0.7565648104,0.0002465001567,0.741356551,-0.001938119701,0.7980163978,0.060253295,0.852868873,-0.0252353931,0.9970975288,-0.6723248881
3023,2015-01-21T23:05:00,3023,3024,3029,1,-0.4684703418,0.2694722618,7,7,-0.1508031159,0,0.2694722618,0.2231589195,1.00775504,-0.03809883405,0.7613250394,0.02217825839,0.7428388091,0.005671739085,0.7991339468,0.07758714004,0.8442098795,-0.01287708381,0.9912298362,-0.9419218785
3024,2015-01-22T00:00:00,3024,3025,3030,1,0.9935975069,-0.8652692788,7,7,-0.4253679982,0,-0.8652692788,-0.1108688197,1.0177158,-0.07187477614,0.7916174853,0.04770994669,0.703269922,0.01120618943,0.7923460605,0.06288595302,0.8490237332,-0.01787458167,0.994076432,-1.180955222
3025,2015-01-22T00:01:00,3025,3026,3031,1,0.7650846622,-0.07652787107,7,7,-0.421177042,0,-0.07652787107,-0.440686677,0.7364284571,-0.06704206823,0.7910025403,0.0381126107,0.7030045045,0.02139791318,0.7887315946,0.0552213065,0.8469443153,-0.02812123682,0.9885125133,-0.005777650447
3026,2015-01-22T00:02:00,3026,3027,3032,1,0.7715993059,-0.00012472862,7,7,-1.231222218,0,-0.00012472862,-0.1682420693,0.4136769124,-0.01661935347,0.7747566965,0.05146837008,0.7004601884,-0.008473906786,0.7657753946,0.07057349399,0.8357366037,-0.02140895569,0.9857731729,0.4734515367
3027,2015-01-22T00:03:00,3027,3028,3033,1,2.136950715,-1.104302622,7,7,-0.5543809299,0,-1.104302622,-0.3553504477,0.6397885645,-0.1337378941,0.8495581417,-0.04491599215,0.7195280243,-0.03923385703,0.7851761336,0.0435110717,0.8364424083,-0.02457190995,0.9887031669,2.174552729
3028,2015-01-22T00:04:00,3028,3029,3034,1,0.8103907916,1.0986497,7,7,-0.8401314212,0,1.0986497,-0.1895149601,0.79762935,0.01682197971,0.9087856736,0.006476469812,0.7601457101,0.02590606212,0.7680527999,0.06293208416,0.8438812852,-0.003593203019,0.9853008247,0.7708623127
3029,2015-01-22T00:05:00,3029,3030,3035,1,0.7039077685,0.4791044585,7,7,-1.368626755,0,0.4791044585,0.07935978741,0.7296455382,-0.01575451615,0.8854739019,-0.01762849178,0.7369551737,0.04613586836,0.7700127803,0.06006030842,0.8418575264,0.01240355496,0.9774652932,0.2981477691
3030,2015-01-22T01:00:00,3030,3031,3036,1,-0.0932260483,0.5967985699,7,7,-1.327464206,0,0.5967985699,0.2140250756,0.7761733151,-0.1133308007,0.7565619233,-0.04648704167,0.7014279203,0.03351806047,0.7559700651,0.0777455893,0.8395306204,0.03038071302,0.9685631101,-0.03760201387
3031,2015-01-22T01:01:00,3031,3032,3037,1,0.5067020649,-0.3050407158,7,7,-0.8543777217,0,-0.3050407158,0.1530418782,0.7880704154,-0.00760009558,0.6293582316,-0.03777240076,0.6965382886,0.03080823647,0.7568686985,0.06813699194,0.8386224883,0.0398862662,0.959933681,0.03952847896
3032,2015-01-22T01:02:00,3032,3033,3038,1,-0.08870339069,0.006389915018,7,7,-1.204022241,0,0.006389915018,0.3751803856,0.6141386567,0.009914968911,0.6270947683,-0.02661651114,0.6948518406,0.02141590216,0.7544544762,0.05576244469,0.8311914219,0.04007701496,0.9599326765,0.4057599994
3033,2015-01-22T01:03:00,3033,3034,3039,1,-0.3439163956,0.2610487869,7,7,-1.45383614,0,0.2610487869,0.2076602029,0.3865091858,0.009072621424,0.6267383548,-0.01451310631,0.697286448,-0.01218666199,0.7116828273,0.05981161166,0.8316739624,0.03324464156,0.9551449203,-0.05562403443
3034,2015-01-22T01:04:00,3034,3035,3040,1,0.05169662591,-0.227910223,7,7,-1.276685207,0,-0.227910223,0.06625726661,0.337445919,0.07280852701,0.5684418878,0.0004668754332,0.6891242352,-0.00904467902,0.7103980464,0.04698832745,0.8272676504,0.03398223144,0.9549347232,0.467173586
3035,2015-01-22T01:05:00,3035,3036,3041,1,-0.4067295259,0.3726214354,7,7,-1.278159054,0,0.3726214354,0.02142183972,0.2653401373,0.1177234577,0.5800217253,0.02534069472,0.6935813653,-0.001052297151,0.7127878529,0.04207324973,0.823878753,0.05536054332,0.9343385327,-0.4944633901
3036,2015-01-22T02:00:00,3036,3037,3042,1,1.069948622,-0.2003352469,7,7,-1.373731291,0,-0.2003352469,0.0423629335,0.2445859011,0.09770240583,0.5834711829,0.04054152618,0.6858157771,-0.01294974373,0.7121597501,0.04553906093,0.8224515813,0.07455034095,0.9061511508,-0.2882923611
3037,2015-01-22T02:01:00,3037,3038,3043,1,0.5158794786,0.2948873974,7,7,-1.407955688,0,0.2948873974,0.10006243,0.277859339,0.2376214078,0.4766403791,0.05194175684,0.6888160448,-0.02490497854,0.7031383277,0.05957489829,0.8178900955,0.09805294872,0.8767476519,-0.4154769601
3038,2015-01-22T02:02:00,3038,3039,3044,1,1.697233317,-0.5890155406,7,7,-0.7457285217,0,-0.5890155406,-0.06995043552,0.3646428113,0.0688548837,0.3757350999,0.0428384317,0.6953661862,-0.02891022686,0.7060312559,0.03657065925,0.8085223038,0.08932143448,0.8773959878,0.08773386421
3039,2015-01-22T02:03:00,3039,3040,3045,1,1.639507948,0.005835782046,7,7,0.02124809114,0,0.005835782046,-0.02320123452,0.3501179475,0.02152801605,0.3438403157,0.002886749947,0.6716733558,-0.06186343927,0.6742840281,0.04210964813,0.8070430798,0.08646804034,0.8768200459,1.358240983
3040,2015-01-22T02:04:00,3040,3041,3046,1,-0.3195149166,0.1677027985,7,7,-0.2473417268,0,0.1677027985,-0.06418496191,0.3169196682,-0.02138156109,0.2922699647,-0.0673561809,0.5735013845,-0.02888477671,0.6497818796,0.0329316029,0.8009377278,0.07743061656,0.8694717861,0.9313564387
3041,2015-01-22T02:05:00,3041,3042,3047,1,0.6131740451,-0.08580471633,7,7,-0.7584453413,0,-0.08580471633,-0.04127885579,0.3064045099,0.0005420388535,0.2772237244,-0.003529028363,0.4862842672,-0.00455516433,0.6279841547,0.04444367017,0.79304694,0.0906113525,0.856079104,1.609499453
3042,2015-01-22T03:00:00,3042,3043,3048,1,0.6418636359,1.276342901,7,7,-0.3860454246,0,1.276342901,0.1550122449,0.6342730078,0.1275373374,0.4896468425,0.06872615318,0.5625841621,0.03448632667,0.6580693258,0.06007019461,0.8057778818,0.1051364296,0.8629206491,0.2812669646
3043,2015-01-22T03:01:00,3043,3044,3049,1,2.572263,-0.259181746,7,7,-0.8350540728,0,-0.259181746,0.2209790038,0.5885145899,0.07551428416,0.4895476496,0.04229345279,0.562342363,0.03223585559,0.658801347,0.03777465562,0.7880786151,0.1044201615,0.8631000921,-1.250871355
3044,2015-01-22T03:02:00,3044,3045,3050,1,1.550201823,0.5923382982,7,7,-0.7794003275,0,0.5923382982,0.3382795071,0.645380154,0.1575391363,0.5191811439,0.1151738316,0.5443690109,0.08144188916,0.6288585704,0.0272571261,0.7744408036,0.0897837674,0.8377920337,-0.9963254081
3045,2015-01-22T03:03:00,3045,3046,3051,1,0.7967883558,-0.0518895876,7,7,-1.174174419,0,-0.0518895876,0.2943610298,0.6414274731,0.115088034,0.5058988433,0.1164057458,0.5442236863,0.07725917826,0.6286472596,0.03119650968,0.7733745747,0.06707403805,0.8014764325,0.3605966713
3046,2015-01-22T03:04:00,3046,3047,3052,1,0.9018280407,-1.791320066,7,7,-1.418832279,0,-1.791320066,-0.04674204006,1.025535094,-0.04401044792,0.7568374835,0.02684597895,0.6757372262,0.03915717452,0.6882097334,0.0001822601287,0.795154346,0.05000723903,0.8176524907,3.823134355
3047,2015-01-22T03:05:00,3047,3048,3053,1,0.6087657946,0.8468842454,7,7,-1.628168582,0,0.8468842454,-0.1326337712,0.9323918564,0.01118923687,0.7973884945,0.1244053223,0.6568921,0.03974466509,0.6889222775,0.01455220381,0.8000563538,0.03482958945,0.7843499508,2.546527231
3048,2015-01-22T04:00:00,3048,3049,3054,1,-0.3508346389,1.305032492,7,7,-1.569467862,0,1.305032492,0.1802090764,1.093865394,0.2005940401,0.8783196804,0.1347244619,0.6755080777,0.07060046586,0.7190732451,0.04718312363,0.8000480212,0.04974774222,0.7921086034,0.4361916845
3049,2015-01-22T04:01:00,3049,3050,3055,1,-1.100927771,1.671217618,7,7,-2.114483362,0,1.671217618,0.3959849403,1.298060951,0.3671322237,1.025055554,0.1943301199,0.7645145684,0.08835081405,0.7508613232,0.04251769577,0.7891398154,0.06733817319,0.8056675024,-2.921306314
3050,2015-01-22T04:02:00,3050,3051,3056,1,1.161736415,-0.4297228791,7,7,-2.071020464,0,-0.4297228791,0.320418282,1.312004603,0.3073896559,1.032662888,0.1430040474,0.7588854896,0.04825850287,0.7307216685,0.04566484508,0.7869208857,0.05331854405,0.7984755695,-1.937761436
3051,2015-01-22T04:03:00,3051,3052,3057,1,2.105582162,-0.8053030543,7,7,-1.97719231,0,-0.8053030543,0.5176216843,1.099678664,0.2354398221,1.063253355,0.1179909305,0.7769686898,0.04010926487,0.7378502329,0.0314245312,0.7911745027,0.04346510595,0.801113234,-0.7870263234
3052,2015-01-22T04:04:00,3052,3053,3058,1,4.7885979,-1.686280381,7,7,-1.61783703,0,-1.686280381,0.01098875907,1.278498683,-0.06082250605,1.118908722,0.0333574157,0.863629191,0.003370452279,0.7837966764,0.01864274961,0.8099348822,0.03188104366,0.8153204938,1.820378544
3053,2015-01-22T04:05:00,3053,3054,3059,1,6.314542429,0.5538219992,7,7,-1.122501984,0,0.5538219992,-0.1392533394,1.16416523,0.02047786847,1.129562345,0.04799607631,0.8705078956,0.016741485,0.7886673528,0.04090310933,0.8006304879,0.03081798861,0.8145148316,3.099497851
3054,2015-01-22T05:00:00,3054,3055,3060,1,7.472633293,0.3454320583,7,7,-1.055330629,0,0.3454320583,-0.4044104514,0.9058430768,-0.00421275552,1.119266258,0.07666319038,0.8724408336,0.0385650329,0.7861441406,0.04328297318,0.8013739704,0.03930573322,0.8128058021,2.892608486
3055,2015-01-22T05:01:00,3055,3056,3061,1,5.006189985,0.9211244861,7,7,-0.454223483,0,0.9211244861,-0.1342409783,0.9763776897,0.09308865185,1.156431898,0.1040883429,0.8925436614,0.06471451881,0.7992775793,0.04306283566,0.8011184778,0.05218432175,0.8151538955,2.968219357
3056,2015-01-22T05:02:00,3056,3057,3062,1,1.376866308,1.832941307,7,7,0.1034305273,0,1.832941307,0.3934078938,1.222925001,0.4555147891,1.162935665,0.2057521706,0.9811274986,0.1231468484,0.8464497766,0.07700553438,0.8210068337,0.07191525629,0.8307165521,3.215044578
3057,2015-01-22T05:03:00,3057,3058,3063,1,1.705797535,0.1385426929,7,7,0.2536528628,0,0.1385426929,0.7583725086,0.9647155377,0.3846806338,1.132527031,0.1979349354,0.9793992769,0.1249383461,0.8466671386,0.08414997097,0.8197245891,0.06921890854,0.8297411864,4.580024807
3058,2015-01-22T05:04:00,3058,3059,3064,1,0.1135479948,0.9967353573,7,7,0.09004449527,0,0.9967353573,0.8469551802,1.033454683,0.3538509204,1.100751849,0.2772224803,0.9957660603,0.160030456,0.8588027072,0.0952400969,0.8271740879,0.08094165046,0.8338756848,2.037970629
3059,2015-01-22T05:05:00,3059,3060,3065,1,-2.162099371,2.079766528,7,7,0.6654928813,0,2.079766528,1.193822074,1.381756014,0.3947058114,1.168289639,0.3809190176,1.099008546,0.1919028838,0.9107592661,0.1157598926,0.8578372684,0.1023241794,0.8540635154,-1.838178271
3060,2015-01-22T06:00:00,3060,3061,3066,1,-2.779157675,1.503522922,7,7,0.1207986304,0,1.503522922,1.310301761,1.480429618,0.5880303915,1.253990679,0.4477100237,1.14866994,0.1901769214,0.907839873,0.1467472281,0.8673222703,0.1148655374,0.8650217613,-2.874227272
3061,2015-01-22T06:01:00,3061,3062,3067,1,-1.202103578,-1.545318821,7,7,0.9671223033,0,-1.545318821,0.6346497358,1.413272493,0.5140288148,1.321530306,0.3747343185,1.199364424,0.1856026451,0.9151358946,0.1123477053,0.8740127041,0.1068944427,0.8747992975,-1.924422634
3062,2015-01-22T06:02:00,3062,3063,3068,1,1.512607665,-1.796382371,7,7,0.809580237,0,-1.796382371,0.247664723,1.624468605,0.5030186158,1.335959265,0.2210980549,1.23222236,0.144912104,0.9578290252,0.07148699216,0.881551647,0.08847289801,0.8892332035,-0.3239211005
3063,2015-01-22T06:03:00,3063,3064,3069,1,2.013392663,0.4674739201,7,7,1.144061577,0,0.4674739201,0.1418124356,1.576041988,0.4943838079,1.332654668,0.2574308382,1.23528935,0.1498621455,0.9597313977,0.07776694229,0.8830909977,0.1016788085,0.884395273,0.09506959679
3064,2015-01-22T06:04:00,3064,3065,3070,1,2.898199586,-0.595514183,7,7,0.4045758331,0,-0.595514183,-0.3932437067,1.299903848,0.4002891838,1.341454378,0.1980382141,1.235365696,0.1566060229,0.954585256,0.08390610615,0.8772243985,0.09412597631,0.8856100741,0.7223190555
3065,2015-01-22T06:05:00,3065,3066,3071,1,1.592808034,-0.1958808376,7,7,-0.1179424927,0,-0.1958808376,-0.7331244585,1.115933528,0.2885886514,1.3109118,0.1908386516,1.236087473,0.1536221987,0.9550109061,0.08751005595,0.8758262839,0.08802160391,0.8844348812,1.836528766
3066,2015-01-22T07:00:00,3066,3067,3072,1,0.2445577252,0.8864646174,7,7,0.969265683,0,0.8864646174,-0.2467677708,0.9617013519,0.1939409825,1.20876148,0.3247278858,1.186069913,0.1757869324,0.9652415855,0.08365651279,0.8712356952,0.1056446401,0.8810226368,1.918323066
3067,2015-01-22T07:01:00,3067,3068,3073,1,-0.9840835248,0.03173527571,7,7,0.8720921156,0,0.03173527571,0.1188557585,0.5288411777,0.1832602408,1.208008949,0.2839704373,1.170876402,0.2041878798,0.9493310221,0.08247701139,0.8711288511,0.09707000774,0.8756904313,2.175880531
3068,2015-01-22T07:02:00,3068,3069,3074,1,-2.09277388,0.9183288725,7,7,1.108779185,0,0.9183288725,0.209026749,0.6361070678,0.1754195923,1.201777964,0.2646352563,1.152372532,0.1996798591,0.9445299404,0.1127929606,0.8608257407,0.1085146758,0.8787127053,-0.2437207316
3069,2015-01-22T07:03:00,3069,3070,3075,1,-3.171072607,0.9682589177,7,7,0.5020452527,0,0.9682589177,0.5217813691,0.7219486405,0.06426883123,1.051418055,0.2294873213,1.111391157,0.2119087206,0.9538534555,0.1290222945,0.8668206551,0.1106764458,0.8807732595,-1.673765341
3070,2015-01-22T07:04:00,3070,3071,3076,1,-3.762563392,0.2892927407,7,7,0.6080578178,0,0.2892927407,0.6188160848,0.728199174,-0.05715418686,0.9422265321,0.2654381023,1.109117546,0.2042210749,0.9502759907,0.1188695677,0.8586370589,0.1199040845,0.8779991996,-3.159964056
3071,2015-01-22T07:05:00,3071,3072,3077,1,-3.652496853,-1.50127239,7,7,0.8116175587,0,-1.50127239,0.1412686833,0.9076749921,-0.05274954375,0.935078441,0.2306396355,1.144730108,0.174315283,0.9782860943,0.1025617597,0.8746124596,0.1035297556,0.8876221114,-1.849053149
3072,2015-01-22T08:00:00,3072,3073,3078,1,-4.23922977,-0.4617856914,7,7,0.9043766067,0,-0.4617856914,0.0425644899,0.9307640252,0.08071012421,0.7569658717,0.29186437,1.085768044,0.1626108929,0.9810065301,0.09201339751,0.8750929576,0.09137859408,0.8839555365,-1.497307267
3073,2015-01-22T08:01:00,3073,3074,3079,1,-3.45975859,-1.196905974,7,7,0.6209263512,0,-1.196905974,-0.3804824795,0.9920548721,-0.08572786523,0.8333081876,0.2043279713,1.111388996,0.1261620238,0.9982408267,0.05698768092,0.8668844199,0.08192841571,0.8906641544,-0.6025993361
3074,2015-01-22T08:02:00,3074,3075,3080,1,-3.352971212,-0.190361483,7,7,0.5789613186,0,-0.190361483,-0.6122065596,0.8966132398,-0.04521259523,0.8139794658,0.1775382943,1.109518458,0.1271007423,0.9980441417,0.05902803165,0.8662440456,0.07369246574,0.8878505204,-1.803443704
3075,2015-01-22T08:03:00,3075,3076,3081,1,-3.384170559,-0.1100398094,7,7,0.4286572981,0,-0.1100398094,-0.6920730696,0.8885938306,-0.03662849241,0.8123647681,0.1259800795,1.090510491,0.1150342112,0.9964555481,0.05699095702,0.8663111977,0.06639357022,0.8851508457,-2.741922503
3076,2015-01-22T08:04:00,3076,3077,3082,1,-3.229831218,-0.3021980437,7,7,0.008155522773,0,-0.3021980437,-0.4522582004,0.5975784212,-0.1554947585,0.7684314741,0.01922311198,1.01281569,0.1124876413,0.9970974855,0.04976894878,0.8664222138,0.06785525438,0.8845067557,-2.857159254
3077,2015-01-22T08:05:00,3077,3078,3083,1,-0.4559994727,-1.391205851,7,7,0.1756240085,0,-1.391205851,-0.6381422323,0.8375807475,-0.2977888712,0.8853991132,-0.05726431522,1.059060246,0.07033531007,1.020007732,0.02271516576,0.8760192013,0.06316170222,0.8903752375,-1.549527508
3078,2015-01-22T09:00:00,3078,3079,3084,1,-0.8521954132,-1.048518608,7,7,0.2820764486,0,-1.048518608,-0.6084647591,0.7968079948,-0.4944736193,0.899743255,-0.1595270135,1.061557393,0.05884773338,1.029187579,0.01496875326,0.8825268289,0.04399635063,0.8881898642,-0.642248056
3079,2015-01-22T09:01:00,3079,3080,3085,1,-0.3777057384,-0.4174347949,7,7,0.5977015039,0,-0.4174347949,-0.6538794214,0.8139446194,-0.6330429905,0.8562771588,-0.2843870796,0.9588249316,0.04826596896,1.031301371,-0.006798735158,0.871275349,0.04416175508,0.8881102751,-0.3726719641
3080,2015-01-22T09:02:00,3080,3081,3086,1,-0.4810461613,-0.08357410501,7,7,0.5720918246,0,-0.08357410501,-0.6485862806,0.813314833,-0.6703296751,0.8517863621,-0.363741931,0.8981455462,0.04198404637,1.031045114,0.006549634828,0.8617628787,0.03594908406,0.8843182901,1.093528035
3081,2015-01-22T09:03:00,3081,3082,3087,1,-1.575485885,-0.1412391561,7,7,-0.1842063038,0,-0.1412391561,-0.616394503,0.8044911348,-0.5343263517,0.708627531,-0.2935379477,0.8296157751,0.04059818538,1.031197691,0.01802151052,0.8537367208,0.0431618419,0.8796240819,-0.2099473572
3082,2015-01-22T09:04:00,3082,3083,3088,1,-3.091803019,-0.147858703,7,7,-0.3029895425,0,-0.147858703,-0.3677250734,0.5142836583,-0.5029336529,0.6949925143,-0.2111117643,0.7266401881,0.004993145276,1.011528029,0.01973973597,0.8533007063,0.04171117816,0.8797243778,-0.005033774267
3083,2015-01-22T09:05:00,3083,3084,3089,1,-5.933345766,1.382625894,7,7,-0.8953083431,0,1.382625894,0.1185038271,0.6534066878,-0.244980466,0.728643699,-0.1653541656,0.7827273394,0.04603833628,1.034070081,0.03913709594,0.8669833181,0.04052921584,0.8777692825,-1.574574197
3084,2015-01-22T10:00:00,3084,3085,3090,1,-4.134676722,-1.444714549,7,7,-0.7617989946,0,-1.444714549,-0.08695212366,0.8997388306,-0.3704157725,0.8579148579,-0.2078141839,0.8362357545,-0.004887984883,1.054850378,0.03827695214,0.8683813739,0.0165420891,0.8779192135,-1.365538528
3085,2015-01-22T10:01:00,3085,3086,3091,1,-4.61944653,0.0570548799,7,7,-0.9601993978,0,0.0570548799,-0.05882632668,0.8993242402,-0.3537063036,0.8573987132,-0.195167398,0.8351853297,-0.002164373196,1.054857046,0.03754740253,0.8683089211,0.02007621539,0.8772950575,-3.086769245
3086,2015-01-22T10:02:00,3086,3087,3092,1,-5.045631254,-0.1869145279,7,7,-0.8713669529,0,-0.1869145279,-0.06796140104,0.9009893436,-0.342177952,0.8541041457,-0.2488363553,0.8123979388,0.03794576525,1.016551093,0.03855146989,0.8680463011,0.01277009517,0.8751984522,-4.35877157
3087,2015-01-22T10:03:00,3087,3088,3093,1,-4.433515946,-1.23567888,7,7,-0.7448668744,0,-1.23567888,-0.2855254365,1.054888533,-0.3266252549,0.829842605,-0.3122070631,0.8580706086,-0.01411831289,1.026459136,0.0128131761,0.8741373642,0.004995364909,0.8820050448,-2.769138193
3088,2015-01-22T10:04:00,3088,3089,3094,1,-3.243548062,-1.664175837,7,7,-0.959781703,0,-1.664175837,-0.8948857827,1.133293955,-0.3881909778,0.9250122937,-0.4413322985,0.912465251,-0.0883485211,1.039364057,-0.00887402762,0.8936845013,0.002005908724,0.8870233586,-1.532677286
3089,2015-01-22T10:05:00,3089,3090,3095,1,-2.478692512,-1.458916853,7,7,-0.8938442314,0,-1.458916853,-0.8977262435,1.136926928,-0.4923391836,1.025215295,-0.5626910871,0.944530829,-0.1666018829,1.031341066,-0.03912553441,0.9020690445,-0.02718883044,0.8773345413,-0.6868596845
3090,2015-01-22T11:00:00,3090,3091,3096,1,-4.020864253,0.3539544961,7,7,-0.3255939153,0,0.3539544961,-0.8383463203,1.147609927,-0.4485863235,1.03096863,-0.5594579993,0.9456310917,-0.1470099485,1.030621146,-0.04937572281,0.8933459864,-0.01856008611,0.8757223507,-1.664377752
3091,2015-01-22T11:01:00,3091,3092,3097,1,-5.299685006,-0.427714929,7,7,-0.07881328799,0,-0.427714929,-0.8865064005,1.160434896,-0.4772339008,1.038843334,-0.5057801262,0.8891986421,-0.1375702454,1.024958839,-0.04873049024,0.8930183617,-0.02490706099,0.8760621762,-1.710870777
3092,2015-01-22T11:02:00,3092,3093,3098,1,-4.553116191,-0.6130992516,7,7,-0.3620460675,0,-0.6130992516,-0.7619904748,1.056601546,-0.5237579556,1.055745387,-0.5133458042,0.893759732,-0.1107407171,0.9944090465,-0.05368513242,0.8953174246,-0.02448507263,0.8757546039,-1.791832827
3093,2015-01-22T11:03:00,3093,3094,3099,1,-2.99789385,-0.6235635715,7,7,-0.1898660593,0,-0.6235635715,-0.5538680218,0.8001730375,-0.7243769022,0.9809770837,-0.4846786841,0.8640710847,-0.1401753564,0.9954406912,-0.06171693569,0.8980251564,-0.01945637924,0.8704252842,-2.356486501
3094,2015-01-22T11:04:00,3094,3095,3100,1,-2.798351935,-0.4742079535,7,7,-0.1738381551,0,-0.4742079535,-0.3569262419,0.5094740914,-0.6273262427,0.8809559264,-0.4988710076,0.8695117158,-0.1606663567,0.9967652264,-0.06105066189,0.8976534761,-0.02470013677,0.8713861367,-3.588814229
3095,2015-01-22T11:05:00,3095,3096,3101,1,-1.681915392,-0.6940613022,7,7,0.01726760664,0,-0.6940613022,-0.5665294015,0.5751967585,-0.7024378609,0.9077058596,-0.5280720823,0.8829106639,-0.2010460014,0.9921553235,-0.06816574129,0.9008931221,-0.03830677669,0.8694737521,-2.761283364
3096,2015-01-22T12:00:00,3096,3097,3102,1,-0.5873600949,-1.188217245,7,7,0.337226962,0,-1.188217245,-0.7186298648,0.7593650922,-0.8025681326,0.9806233964,-0.5723730423,0.9195423147,-0.2765749652,0.9673039055,-0.0767140584,0.9088878011,-0.04085463214,0.8725023949,-0.6414073493
3097,2015-01-22T12:01:00,3097,3098,3103,1,0.619624965,-1.706535682,7,7,-0.2656682476,0,-1.706535682,-0.9373171508,1.04110999,-0.8496538128,1.048884369,-0.5881395339,0.9457264849,-0.3227019246,1.003993822,-0.09888178923,0.9286680887,-0.05146732754,0.8854189966,0.7904622938
3098,2015-01-22T12:02:00,3098,3099,3104,1,0.856725497,0.1334695629,7,7,-0.1047021681,0,0.1334695629,-0.785910524,1.004841545,-0.6698892729,0.9082905429,-0.5290401253,0.9166895477,-0.3442835694,0.9917721075,-0.09212655672,0.9276728958,-0.05126779187,0.8854463765,1.079367972
3099,2015-01-22T12:03:00,3099,3100,3105,1,-0.1035546228,0.9316587698,7,7,-0.7373271174,0,0.9316587698,-0.5047371793,1.066925258,-0.4308317106,0.8360303094,-0.4615854471,0.9354178423,-0.3729862634,0.9471936943,-0.09054168981,0.9291550827,-0.04715549274,0.8886216766,0.05404725435
3100,2015-01-22T12:04:00,3100,3101,3106,1,0.3302314379,-0.2746660388,7,7,-1.018797806,0,-0.2746660388,-0.4208581266,1.028140834,-0.4936937641,0.8330440823,-0.4711400438,0.9372456347,-0.4174409874,0.9179038081,-0.113632033,0.9128857092,-0.0413155104,0.8845042382,-0.1708373288
3101,2015-01-22T12:05:00,3101,3102,3107,1,0.7963089745,0.4223752411,7,7,-0.7409698782,0,0.4223752411,-0.0987396294,0.9002120304,-0.4086847471,0.8327715902,-0.4429593239,0.9414626902,-0.3682486358,0.887303311,-0.09132299539,0.9013270414,-0.0478510751,0.8784652487,-0.222642475
3102,2015-01-22T13:00:00,3102,3103,3108,1,0.6161298758,-0.09366194791,7,7,-0.3384928898,0,-0.09366194791,0.2238351174,0.4792529656,-0.3567410167,0.8104299527,-0.4402494862,0.9411150383,-0.3256806253,0.8407447526,-0.09038426061,0.9011903741,-0.06090221364,0.8681624947,-0.1576018771
3103,2015-01-22T13:01:00,3103,3104,3109,1,0.3733353044,-0.499550622,7,7,-0.4164816813,0,-0.499550622,0.09723108043,0.5253862817,-0.3443397218,0.8017908941,-0.534358312,0.8958751801,-0.3498562388,0.841205809,-0.09999704666,0.9024166357,-0.06477411808,0.869353521,0.5010687667
3104,2015-01-22T13:02:00,3104,3105,3110,1,0.2844674723,0.3705700949,7,7,-1.34309084,0,0.3705700949,-0.01498665455,0.3604130566,-0.2598619169,0.7963124632,-0.4435940798,0.8397014003,-0.3257041319,0.837970369,-0.08454905449,0.8981724084,-0.05263063985,0.8643378255,1.01895145
3105,2015-01-22T13:03:00,3105,3106,3111,1,1.59664821,-0.02862135002,7,7,-1.486304978,0,-0.02862135002,0.03422228321,0.3390768661,-0.1933179217,0.7655216183,-0.4478778913,0.8396288691,-0.3215226447,0.8374100467,-0.08395022297,0.8981373551,-0.04883417759,0.8632108559,0.773731753
3106,2015-01-22T13:04:00,3106,3107,3112,1,1.432905841,0.1591200218,7,7,-1.195981484,0,0.1591200218,-0.01842876064,0.2904424014,-0.05858419502,0.6688566693,-0.4305761638,0.8393424479,-0.3397062596,0.8259800711,-0.08195966359,0.89831353,-0.05746441132,0.8564162444,-0.1277334623
3107,2015-01-22T13:05:00,3107,3108,3113,1,1.348753695,0.8884527777,7,7,-0.772031066,0,0.8884527777,0.1779941845,0.4903793879,0.2009146509,0.4848480943,-0.3243695809,0.8170789723,-0.318288322,0.8378255237,-0.0570502211,0.8953158654,-0.05111143307,0.8601710215,-0.7344839773
3108,2015-01-22T14:00:00,3108,3109,3114,1,1.086509864,-0.2738410466,7,7,-0.4422518763,0,-0.2738410466,0.2231360996,0.4533867698,0.16018359,0.4907088281,-0.2548528414,0.7299955015,-0.34809257,0.8262827199,-0.07420635543,0.8873781442,-0.04083554958,0.8494674891,0.822916457
3109,2015-01-22T14:01:00,3109,3110,3115,1,3.520965545,-0.7423451934,7,7,-0.1049928639,0,-0.7423451934,0.0005530419006,0.536945436,-0.007216806326,0.4572788934,-0.2190242585,0.6738140191,-0.3908576728,0.8204156932,-0.08947447608,0.8896399058,-0.04427102793,0.8516333338,1.560639303
3110,2015-01-22T14:02:00,3110,3111,3116,1,3.201532487,0.2817022628,7,7,-0.04091600134,0,0.2817022628,0.06261776446,0.5513780898,0.04842002383,0.4577067396,-0.2226368701,0.672107842,-0.3910474347,0.820349655,-0.09341317992,0.8876930818,-0.05110276646,0.8460671278,2.083237672
3111,2015-01-22T14:03:00,3111,3112,3117,1,1.391087263,1.283559388,7,7,-0.64125969,0,1.283559388,0.2875056376,0.7927539984,0.1345384385,0.5969990329,-0.1370731543,0.7245399805,-0.3214266403,0.8110586935,-0.07355567863,0.8985710563,-0.03876770693,0.8539535728,0.2635934068
3112,2015-01-22T14:04:00,3112,3113,3118,1,2.534317272,-0.004622347103,7,7,0.1059942623,0,-0.004622347103,0.1088906127,0.6859981833,0.1434423986,0.5962656504,-0.1066493091,0.7114525403,-0.3099975567,0.8077658001,-0.0736933319,0.8985709209,-0.04199025388,0.8532410672,1.960326242
3113,2015-01-22T14:05:00,3113,3114,3119,1,0.902636193,0.8043006318,7,7,0.4552875979,0,0.8043006318,0.3245189483,0.7648369925,0.273827524,0.6287031049,-0.0352560989,0.72046382,-0.2599673915,0.7955145993,-0.06690268384,0.9025874544,-0.04866400989,0.8437655031,1.118294815
3114,2015-01-22T15:00:00,3114,3115,3120,1,0.9941245303,-0.5360848779,7,7,0.6090001795,0,-0.5360848779,0.3657710115,0.7295462611,0.1831620267,0.640526404,-0.03834994513,0.7226297853,-0.2686104764,0.7994511963,-0.07075486703,0.9042163248,-0.05018480436,0.8445668926,1.127493856
3115,2015-01-22T15:01:00,3115,3116,3121,1,-1.10962823,1.692110488,7,7,0.6280390637,0,1.692110488,0.6478526564,1.043558381,0.3552352105,0.8345753089,0.08095864437,0.8007931363,-0.223556719,0.8428525635,-0.05426125388,0.9228553796,-0.03652493497,0.8585628741,0.5739910308
3116,2015-01-22T15:02:00,3116,3117,3122,1,-1.691463696,-0.0377307948,7,7,-0.2411767176,0,-0.0377307948,0.3835946199,0.871661561,0.3355501288,0.8331424785,0.1384829669,0.7554785349,-0.2169450377,0.8415182367,-0.05222869822,0.9225931764,-0.03913571339,0.8582011901,-0.215658622
3117,2015-01-22T15:03:00,3117,3118,3123,1,1.400464486,-0.5268858371,7,7,0.0580228045,0,-0.5268858371,0.279141922,0.9029459235,0.1940162673,0.8018431419,0.1974654591,0.6625821076,-0.1953370374,0.8165211674,-0.06250086366,0.9238838106,-0.04996890195,0.8566458037,-0.1333693256
3118,2015-01-22T15:04:00,3118,3119,3124,1,1.195919671,1.138607663,7,7,0.8179297654,0,1.138607663,0.3460033281,0.9722226707,0.3352611382,0.8746978182,0.2477223641,0.7091866564,-0.1406588806,0.819532013,-0.04090557361,0.9302848471,-0.0369071247,0.8620402017,-1.683619261
3119,2015-01-22T15:05:00,3119,3120,3125,1,2.382271445,-0.8273804476,7,7,0.7755014789,0,-0.8273804476,0.2877442142,1.012250563,0.3267576128,0.8822950046,0.1597704032,0.7026907077,-0.1509075219,0.8272789041,-0.05132077648,0.9348724251,-0.05483499741,0.8568609091,-1.475805074
3120,2015-01-22T16:00:00,3120,3121,3126,1,4.093006165,-0.4445965407,7,7,1.020333207,0,-0.4445965407,-0.1395971915,0.701096883,0.2541277325,0.8889743905,0.1512738782,0.7070257868,-0.1599330828,0.8301550587,-0.05897451822,0.9360051946,-0.04894460439,0.8513573358,1.533833811
3121,2015-01-22T16:01:00,3121,3122,3127,1,5.01995222,-0.4116422729,7,7,1.110776957,0,-0.4116422729,-0.2143794871,0.7246668124,0.08460756642,0.8015409739,0.1095730025,0.706709197,-0.1666931607,0.8324031133,-0.06304748768,0.9370868747,-0.04355004656,0.8466852465,2.879538932
3122,2015-01-22T16:02:00,3122,3123,3128,1,7.553229933,-0.6195662606,7,7,1.584915081,0,-0.6195662606,-0.2329155718,0.7391838216,0.02311317507,0.8251375833,0.08327778682,0.719855804,-0.1784858497,0.8378215484,-0.0867463522,0.9287448251,-0.04633545924,0.8481723759,3.858076519
3123,2015-01-22T16:03:00,3123,3124,3129,1,5.785339809,2.565042345,7,7,0.9410550356,0,2.565042345,0.05237136457,1.266094659,0.1991873464,1.128763174,0.2365074352,0.9136120341,-0.1489254384,0.9047870709,-0.05144355107,0.9715813338,-0.02355041552,0.8797650806,2.559172354
3124,2015-01-22T16:04:00,3124,3125,3130,1,3.691855868,0.9340628481,7,7,0.6442284788,0,0.9340628481,0.4046600237,1.280850766,0.346202119,1.154389425,0.2646820728,0.9335119225,-0.0894560035,0.8878465383,-0.04717199419,0.9749309707,-0.004300699741,0.8749178812,2.140413288
3125,2015-01-22T16:05:00,3125,3126,3131,1,4.357161187,0.3589713259,7,7,0.1716424954,0,0.3589713259,0.565373597,1.275467582,0.2128882028,1.029163347,0.2840617066,0.9369346674,-0.08190809235,0.8896131768,-0.04203623277,0.9757394612,-0.002271095764,0.8754679452,3.695153414
3126,2015-01-22T17:00:00,3126,3127,3132,1,3.510319363,1.26613818,7,7,-0.2499234166,0,1.26613818,0.9009296877,1.383310832,0.3432751003,1.104239749,0.3394126145,0.978128778,-0.04558177465,0.9113812735,-0.003818004699,0.9653993863,0.01050705504,0.8827277019,3.226167455
3127,2015-01-22T17:01:00,3127,3128,3133,1,2.85276814,0.5153037817,7,7,0.1333543179,0,0.5153037817,1.127903696,1.374730514,0.4474940622,1.103693052,0.3207551647,0.9646478056,-0.001807208104,0.8939137083,-0.007962760494,0.9624707987,0.007939714699,0.8807788184,1.55144258
3128,2015-01-22T17:02:00,3128,3129,3134,1,1.47093654,1.913711452,7,7,0.00126465381,0,1.913711452,0.9976375176,1.143002119,0.5250044411,1.206119714,0.4301327897,1.053522909,0.08763997411,0.9063122947,-0.0003542734918,0.9751101526,0.02329730629,0.8979134983,0.6620077729
3129,2015-01-22T17:03:00,3129,3130,3135,1,0.6979595997,0.7971522211,7,7,-0.1375829928,0,0.7971522211,0.9702553922,1.122073748,0.687457708,1.204082261,0.5071076604,1.055523227,0.144041701,0.8854813988,-0.01128009095,0.9611820075,0.02193021071,0.8965739288,0.2841519086
3130,2015-01-22T17:04:00,3130,3131,3136,1,1.277669718,-1.159421093,7,7,-0.3698685472,0,-1.159421093,0.6665769083,1.22561367,0.6159752527,1.250789035,0.4350514926,1.085068817,0.1062073112,0.9025251491,-0.02040131863,0.9686928282,0.002485288539,0.8964161511,1.301325561
3131,2015-01-22T17:05:00,3131,3132,3137,1,1.540375436,1.024276645,7,7,-0.2760629138,0,1.024276645,0.6182046013,1.179549159,0.7595671445,1.285473663,0.4220873555,1.07119337,0.1425071006,0.9144433877,0.002468427612,0.9712742486,0.01501537336,0.9002166958,0.808928767
3132,2015-01-22T18:00:00,3132,3133,3138,1,1.151663274,0.4192963569,7,7,-0.5760441732,0,0.4192963569,0.5990031163,1.171917449,0.8634534062,1.277355568,0.4432832907,1.075288165,0.1683169908,0.9117042711,0.02878813683,0.9539533609,0.02031557532,0.9008128292,0.4138076911
3133,2015-01-22T18:01:00,3133,3134,3139,1,1.782843344,-0.1422474413,7,7,-0.5247969384,0,-0.1422474413,0.1878113377,0.8031058897,0.5927244276,0.9877836082,0.395955887,1.060618395,0.180349894,0.9066365027,0.02008726883,0.9520745553,0.01897200755,0.900904751,-0.02365584282
3134,2015-01-22T18:02:00,3134,3135,3140,1,0.8300312808,0.5318798514,7,7,0.1370887464,0,0.5318798514,0.1347568637,0.7579366547,0.552506128,0.9574751871,0.4493541235,1.060512536,0.2055020892,0.9074361261,0.02241786624,0.9531477429,0.02780025513,0.9009261622,0.7314466686
3135,2015-01-22T18:03:00,3135,3136,3141,1,-0.5583998299,0.02417528101,7,7,0.3122745576,0,0.02417528101,0.3714761386,0.5529316477,0.5190265235,0.9507529317,0.3659573631,0.9907341552,0.2234580037,0.9007840511,0.01120600118,0.9475716576,0.02904217372,0.9008567665,0.7378555829
3136,2015-01-22T18:04:00,3136,3137,3142,1,-0.2016540747,-0.5797109752,7,7,0.1084568184,0,-0.5797109752,0.05067861456,0.4038784978,0.3344416079,0.8816048034,0.3388583541,0.9991427458,0.2386706605,0.8857296549,-0.01895215234,0.9274141112,0.02841418123,0.9012345406,1.806499186
3137,2015-01-22T18:05:00,3137,3138,3143,1,-1.467536525,1.286982363,7,7,0.3007786653,0,1.286982363,0.2242158157,0.6776582283,0.411609466,0.9572385235,0.4295517641,1.03306436,0.3135086116,0.8678240091,-0.00459665647,0.9383821464,0.03858167772,0.9088394337,0.09858461224
3138,2015-01-22T19:00:00,3138,3139,3144,1,-0.2038060034,0.03058419532,7,7,0.5347271691,0,0.03058419532,0.2587821431,0.6748043317,0.2232967404,0.741734439,0.3741505907,1.001222938,0.3109364774,0.8675808565,-0.01667354599,0.9317479423,0.042227788,0.9080841638,-1.296255413
3139,2015-01-22T19:01:00,3139,3140,3145,1,-1.146991881,0.4889326283,7,7,0.3899049895,0,0.4889326283,0.2501926984,0.6682758965,0.1924747811,0.7145140469,0.4399662445,0.9900364675,0.2998683239,0.8584714432,-0.03655896974,0.9039217647,0.03959498142,0.9062066641,-2.008153261
3140,2015-01-22T19:02:00,3140,3141,3146,1,-0.271328553,-0.4209322114,7,7,0.2825304648,0,-0.4209322114,0.1611712,0.6941992295,0.2663236693,0.627553176,0.441149461,0.9895191252,0.2962116696,0.8599516156,-0.06061465891,0.8893998488,0.02298253453,0.8955887109,-1.566121137
3141,2015-01-22T19:03:00,3141,3142,3147,1,0.3817468005,-1.36425583,7,7,-0.2591305458,0,-1.36425583,0.004262229057,0.8870954859,0.02747042181,0.6892228384,0.3935187831,1.031375455,0.2515458928,0.8840738709,-0.05835137151,0.8856900629,0.02296663401,0.895612915,1.092449409
3142,2015-01-22T19:04:00,3142,3143,3148,1,-0.9224942284,-0.2229652199,7,7,0.6401290098,0,-0.2229652199,-0.2977272875,0.6823608859,-0.03675573588,0.6800136223,0.4133488352,1.023243806,0.248313311,0.884652549,-0.03868365713,0.8629779463,0.02251492993,0.8957116934,0.8611613803
3143,2015-01-22T19:05:00,3143,3144,3149,1,-1.423317186,0.02109991247,7,7,0.9202836965,0,0.02109991247,-0.2996241441,0.6822890452,-0.0204210005,0.6785570084,0.2861517136,0.847394852,0.2613295744,0.8811256959,-0.04426333222,0.8613970354,0.02044516035,0.89537591,1.294792584
3144,2015-01-22T20:00:00,3144,3145,3150,1,-3.789282487,1.294314717,7,7,0.08243849592,0,1.294314717,-0.1385477263,0.8676159493,0.05582248605,0.7743868895,0.304164307,0.8707565069,0.2844231899,0.9026797338,-0.02064047097,0.8709262429,0.03844169365,0.8996773593,-0.7107026089
3145,2015-01-22T20:01:00,3145,3146,3151,1,-2.822338641,-0.4542532491,7,7,-0.7055947143,0,-0.4542532491,-0.1452119339,0.8709706384,0.007979633042,0.7875602908,0.2635030783,0.8729783356,0.2737823924,0.9055213264,-0.02387012612,0.8721308557,0.03529398216,0.9006054056,-1.783655609
3146,2015-01-22T20:02:00,3146,3147,3152,1,-4.047546271,0.4547311164,7,7,0.4119103031,0,0.4547311164,0.2185854554,0.6539932239,0.1114238422,0.7793091614,0.2229327251,0.8320305879,0.2811726698,0.9080227986,-0.02926679488,0.8679713361,0.03908444754,0.901561571,-2.71810977
3147,2015-01-22T20:03:00,3147,3148,3153,1,-4.220367725,-0.7111804763,7,7,0.7233586892,0,-0.7111804763,0.1209424041,0.7203610019,-0.0883924417,0.701618255,0.1616085122,0.8392180189,0.2411818385,0.904110688,-0.03855324178,0.8715984581,0.04236046542,0.8982570408,-3.078579878
3148,2015-01-22T20:04:00,3148,3149,3154,1,-2.41339239,-1.527206249,7,7,0.3738943367,0,-1.527206249,-0.1887188282,0.992624157,-0.2441714861,0.8517103552,-0.01043737287,0.7986177143,0.2098477084,0.9347996504,-0.06912243079,0.8822112897,0.02047833251,0.903461921,-1.038683032
3149,2015-01-22T20:05:00,3149,3150,3155,1,-3.519091416,-0.4797230447,7,7,0.7489314927,0,-0.4797230447,-0.5435263805,0.8344336041,-0.3410370534,0.8511864881,-0.07428113616,0.785827195,0.2164132621,0.9304981632,-0.08722220532,0.8771854824,0.01248810332,0.9034646563,-1.329436501
3150,2015-01-22T21:00:00,3150,3151,3156,1,-1.773881745,-1.071650585,7,7,0.4927297479,0,-1.071650585,-0.6670058476,0.9405834529,-0.4061088907,0.9064455541,-0.06989261073,0.779572489,0.1825794409,0.9447506559,-0.1042339969,0.8847393284,-0.001415639637,0.9071111319,-1.141787847
3151,2015-01-22T21:01:00,3151,3152,3157,1,-4.37696095,0.5126905974,7,7,1.024121009,0,0.5126905974,-0.6554139514,0.9465260081,-0.218414248,0.8135166319,-0.09547191311,0.7539354851,0.1633077212,0.9262488735,-0.07905945955,0.8705610776,0.005398787973,0.9078907537,-1.374709358
3152,2015-01-22T21:02:00,3152,3153,3158,1,-3.201357285,-0.7704765141,7,7,1.511047575,0,-0.7704765141,-0.667273159,0.9557629213,-0.2731653774,0.8462868115,-0.1549605567,0.7676652571,0.144161367,0.9342255043,-0.08291809483,0.8732877191,-0.001075098937,0.9106109108,-2.189654915
3153,2015-01-22T21:03:00,3153,3154,3159,1,-1.832706817,-0.8840019302,7,7,0.9208741519,0,-0.8840019302,-0.5386322952,0.7767257296,-0.3636755617,0.8912366622,-0.1920482811,0.7920676744,0.1019538029,0.9360241934,-0.07900679428,0.8686152106,-0.01061718825,0.9138689761,-0.6320938977
3154,2015-01-22T21:04:00,3154,3155,3160,1,-4.177904948,0.2797690863,7,7,-0.06097428623,0,0.2797690863,-0.386733869,0.7569215068,-0.4651301248,0.7966208656,-0.2046538194,0.7855825412,0.1223501521,0.9332274022,-0.07313016216,0.8689176024,-0.006386527335,0.9139890058,-3.002251592
3155,2015-01-22T21:05:00,3155,3156,3161,1,-4.087492412,-1.585422071,7,7,-0.2878723767,0,-1.585422071,-0.4894881663,0.9197585558,-0.578247007,0.9302292817,-0.285133687,0.8618519966,0.04041183808,0.9285319139,-0.09157244043,0.8867276806,-0.02270355656,0.9247514294,-1.01170237
3156,2015-01-22T22:00:00,3156,3157,3162,1,-5.180464218,0.6735590871,7,7,0.07287305649,0,0.6735590871,-0.4573144684,0.9402775335,-0.5563642099,0.943406944,-0.2224701838,0.8652570228,0.05819408513,0.9346004339,-0.0793754763,0.8892780537,-0.01542110377,0.9266128838,-1.20061292
3157,2015-01-22T22:01:00,3157,3158,3163,1,-5.177850985,-2.090388608,7,7,0.5951285448,0,-2.090388608,-0.7212968871,1.280367109,-0.694285023,1.129783762,-0.3913387324,0.9403934081,0.01910651586,0.9878162112,-0.08811526076,0.9062250504,-0.03529840382,0.945674972,-1.175653356
3158,2015-01-22T22:02:00,3158,3159,3164,1,-4.280007929,0.4051271508,7,7,1.182641812,0,0.4051271508,-0.4634710709,1.231208209,-0.5010516831,1.029363034,-0.3726115846,0.94472186,0.0007695030671,0.9733824439,-0.06994468877,0.8997516608,-0.02701388139,0.9448691577,-3.075790042
3159,2015-01-22T22:03:00,3159,3160,3165,1,-3.842408938,0.4846485373,7,7,1.457532203,0,0.4846485373,-0.4224951807,1.243863476,-0.4046145249,1.029593734,-0.3728257891,0.9446114795,0.03357022769,0.9675905782,-0.05866864712,0.9001727368,-0.02302377509,0.9459042286,-3.979851298
3160,2015-01-22T22:04:00,3160,3161,3166,1,-2.124907584,-2.065429045,7,7,1.333423849,0,-2.065429045,-0.5184965754,1.377564207,-0.5039923709,1.171246974,-0.4550506308,1.047249496,-0.006950584909,1.018793308,-0.08344183386,0.9292731635,-0.04163320712,0.9643912159,-4.002197629
3161,2015-01-22T22:05:00,3161,3162,3167,1,-1.081777522,-1.495009535,7,7,0.8738816196,0,-1.495009535,-0.9522102998,1.50131858,-0.7047623841,1.252613132,-0.4615883161,1.056136584,-0.03403476646,1.043829444,-0.1003639636,0.9440537194,-0.05337658061,0.9739684335,-1.204217886
3162,2015-01-22T23:00:00,3162,3163,3168,1,0.03192627518,-0.4194127186,7,7,0.954584757,0,-0.4194127186,-0.618015122,1.189619258,-0.6696560046,1.235826426,-0.471410691,1.059119522,-0.02903092791,1.041336172,-0.1037583888,0.9450730054,-0.06750787744,0.9677318713,0.1374423604
3163,2015-01-22T23:01:00,3163,3164,3169,1,1.529807235,-2.087775375,7,7,0.7245301027,0,-2.087775375,-1.116595627,1.501375896,-0.7900333491,1.372953611,-0.5768544554,1.157433455,-0.1453513709,1.014329887,-0.1471384047,0.9611203781,-0.08274615768,0.986036797,1.877290045
3164,2015-01-22T23:02:00,3164,3165,3170,1,-0.1684860805,1.302970207,7,7,0.7503685842,0,1.302970207,-0.9529312932,1.595838028,-0.687713237,1.430715792,-0.5764216809,1.157918927,-0.1361286869,1.024449397,-0.1127923452,0.9585843842,-0.07682422511,0.9917118807,0.122440364
3165,2015-01-22T23:03:00,3165,3166,3171,1,-1.190887815,0.9222475284,7,7,0.7927702021,0,0.9222475284,-0.3553959786,1.36514017,-0.436946277,1.371366258,-0.507596642,1.171744838,-0.1220467819,1.033217581,-0.1019774371,0.9640928831,-0.06870641581,0.9952677298,-0.1055160853
3166,2015-01-22T23:04:00,3166,3167,3172,1,0.3220346449,-0.3479276912,7,7,0.3668633749,0,-0.3479276912,-0.1259796099,1.200336502,-0.5390949548,1.359184534,-0.5477295824,1.169914369,-0.1623984287,1.015129186,-0.1039901017,0.9646509965,-0.05667814602,0.9822557737,-0.3474828099
3167,2015-01-22T23:05:00,3167,3168,3173,1,1.508547711,-0.4518794732,7,7,-0.0646774864,0,-0.4518794732,-0.1324729608,1.202690868,-0.3752440414,1.196172918,-0.5347645322,1.163451976,-0.18657801,1.014373546,-0.09419260906,0.9560427316,-0.067501177,0.9800771684,-0.2909264445
3168,2015-01-23T00:00:00,3168,3169,3174,1,0.4787414889,0.6942910791,7,7,-0.3950461977,0,0.6942910791,0.4239403301,0.8192143436,-0.3463276486,1.209388631,-0.4236896658,1.122989118,-0.2170635193,0.9743959185,-0.06471177262,0.9409700796,-0.07259068878,0.9748721327,-1.085371729
3169,2015-01-23T00:01:00,3169,3170,3175,1,-0.05021236986,-0.5898944158,7,7,-1.094994402,0,-0.5898944158,0.04536740546,0.6333726809,-0.4537819439,1.214055181,-0.4291982344,1.125609444,-0.2517396853,0.9707010353,-0.05384899215,0.9290688369,-0.09143328906,0.9643654568,0.6695174548
3170,2015-01-23T00:02:00,3170,3171,3176,1,-1.113931348,-0.3953231078,7,7,-0.925321351,0,-0.3953231078,-0.2181467218,0.5121610334,-0.2867713502,1.030998693,-0.3953818605,1.103353474,-0.2326372356,0.9552806274,-0.0632149622,0.9292773326,-0.0911466243,0.9642428235,1.799474156
3171,2015-01-23T00:03:00,3171,3172,3177,1,-1.854797229,-0.1001542059,7,7,-1.184404593,0,-0.1001542059,-0.1685920247,0.4900044504,-0.1472858173,0.9167638953,-0.4260241007,1.097610063,-0.2607480069,0.9415855153,-0.05912045316,0.9281136762,-0.08527038389,0.9614798688,1.564113218
3172,2015-01-23T00:04:00,3172,3173,3178,1,-3.828223098,1.164994768,7,7,-0.2569672742,0,1.164994768,0.1547828236,0.6860815636,0.01115493142,0.9790743679,-0.3292505366,1.114866264,-0.2421055466,0.9571407248,-0.03689427791,0.9346986265,-0.06150975765,0.9550169975,-0.7197298247
3173,2015-01-23T00:05:00,3173,3174,3179,1,-5.43501686,0.7346335931,7,7,0.08795559139,0,0.7346335931,0.1628513264,0.6944330022,0.2933958283,0.7593909847,-0.2483187604,1.10943145,-0.2201835208,0.9639007581,-0.01991681335,0.9357067969,-0.06000299437,0.9560328776,-2.913405503
3174,2015-01-23T01:00:00,3174,3175,3180,1,-4.382018769,-0.3355151431,7,7,-0.5927666195,0,-0.3355151431,0.2137271809,0.6596636965,0.1295472932,0.6466518172,-0.2790829719,1.110204092,-0.2418683956,0.9616894132,-0.01818315323,0.9349563761,-0.06567755438,0.9560034461,-3.418910448
3175,2015-01-23T01:01:00,3175,3176,3181,1,-2.640954329,-1.118848275,7,7,-1.547489106,0,-1.118848275,0.06902214758,0.8088661279,-0.07456228709,0.6769687352,-0.2557542821,1.081418532,-0.2704439845,0.9778176992,-0.02349299038,0.9400902509,-0.08267732738,0.9577598073,-3.108493273
3176,2015-01-23T01:02:00,3176,3177,3182,1,-1.146803614,-1.459042086,7,7,-2.09055616,0,-1.459042086,-0.2027554284,1.038276939,-0.1856737265,0.8118261399,-0.3623843407,1.119474046,-0.2924272623,1.000472852,-0.02687830089,0.9448446828,-0.1101105223,0.9523899402,-2.521611357
3177,2015-01-23T01:03:00,3177,3178,3183,1,-1.188204448,-0.8410200876,7,7,-2.441699288,0,-0.8410200876,-0.6039583996,0.9736731468,-0.224587788,0.8422432276,-0.2999159147,1.034457178,-0.3456273235,0.9885447422,-0.01605935596,0.9301449398,-0.1182735455,0.9553956968,-0.9631083214
3178,2015-01-23T01:04:00,3178,3179,3184,1,0.6007417561,-0.8084310999,7,7,-2.092546847,0,-0.8084310999,-0.9125713382,0.9852990725,-0.3748600059,0.852364786,-0.3605938272,1.046218569,-0.3666027059,0.9967629325,-0.02783311424,0.9344070007,-0.1333165993,0.9539120853,0.467538944
3179,2015-01-23T01:05:00,3179,3180,3185,1,1.140482292,-0.8721601693,7,7,-2.013752272,0,-0.8721601693,-1.019900343,1.049015182,-0.4030865812,0.8762388501,-0.4284342626,1.058707822,-0.4006300258,1.003282886,-0.05038085098,0.9336888584,-0.1579159884,0.9382120697,1.374807743
3180,2015-01-23T02:00:00,3180,3181,3186,1,1.358343667,0.7174829478,7,7,-1.428060291,0,0.7174829478,-0.6526340989,0.9762299504,-0.2918059757,0.8964623051,-0.2892886629,0.9660752995,-0.3721696469,1.007480271,-0.03797898865,0.9366251324,-0.1644663216,0.930426547,-0.2250961269
3181,2015-01-23T02:01:00,3181,3182,3187,1,0.6782145115,0.6222161655,7,7,-1.568871609,0,0.6222161655,-0.2363824487,0.7776212097,-0.2195689385,0.9172550755,-0.1834273779,0.9170095183,-0.322507847,0.9890224824,-0.03548097709,0.9380170787,-0.14640353,0.9214226764,0.1332028121
3182,2015-01-23T02:02:00,3182,3183,3188,1,0.08861759899,0.03510862959,7,7,-1.108535496,0,0.03510862959,-0.06115670525,0.6807924143,-0.3325575524,0.8400945507,-0.1607013105,0.9122350223,-0.3160560007,0.9884095552,-0.03387134487,0.9379668388,-0.131141105,0.9067185011,-0.2343254509
3183,2015-01-23T02:03:00,3183,3184,3189,1,1.761379263,-0.882420922,7,7,-1.126213933,0,-0.882420922,-0.07595466968,0.6989273778,-0.4942630039,0.8541995498,-0.1004335878,0.8081867168,-0.3386440216,0.9982028781,-0.03865722362,0.9414859207,-0.1423902287,0.9092888597,1.583439793
3184,2015-01-23T02:04:00,3184,3185,3190,1,0.4862197782,0.9805151045,7,7,-1.415490571,0,0.9805151045,0.2945803851,0.7270823759,-0.3626599792,0.9025191504,-0.116556343,0.7850794194,-0.3464890119,0.9892234166,-0.031032911,0.9469407769,-0.1292566513,0.9120650578,0.5450116994
3185,2015-01-23T02:05:00,3185,3186,3191,1,1.445591708,-0.3324196334,7,7,-0.9399534339,0,-0.3324196334,0.08459986885,0.6691733615,-0.284017115,0.8369043863,-0.1792897011,0.7611490066,-0.3434431715,0.9880115829,-0.03483038955,0.9476644344,-0.1303944746,0.9123945321,0.3229430499
3186,2015-01-23T03:00:00,3186,3187,3192,1,0.1426130366,0.9353443223,7,7,-0.8100521679,0,0.9353443223,0.1472255002,0.738468819,-0.04457847425,0.7582977458,-0.1151261004,0.7855180306,-0.3314278414,0.9964281726,-0.02512758579,0.9532508867,-0.1299871437,0.9128011072,0.1779394696
3187,2015-01-23T03:01:00,3187,3188,3193,1,1.317678641,-0.05791298946,7,7,-0.06467488206,0,-0.05791298946,0.1286211764,0.7387560195,0.03373223556,0.7103656692,-0.0954277762,0.7790998133,-0.3150961542,0.9901053021,-0.03695715788,0.9480834999,-0.1307342126,0.9128118195,-0.05879192122
3188,2015-01-23T03:02:00,3188,3189,3194,1,-0.209417488,-0.5544882829,7,7,-0.4688281966,0,-0.5544882829,0.1942077042,0.6719513158,0.05912651726,0.6855720423,-0.1578667443,0.7734774572,-0.2907782051,0.9642022441,-0.04046524833,0.9496147518,-0.1430076889,0.9103624712,1.122648658
3189,2015-01-23T03:03:00,3189,3190,3195,1,-1.18482696,0.790340742,7,7,-0.02657118438,0,0.790340742,0.1561728317,0.6198098858,0.2253766084,0.6755786689,-0.08885498642,0.7823685386,-0.2590266104,0.9693031387,-0.02130667414,0.950098786,-0.1444903403,0.9089292814,-0.03532643299
3190,2015-01-23T03:04:00,3190,3191,3196,1,0.2407044112,-0.2946443803,7,7,-0.03902983624,0,-0.2946443803,0.1637278823,0.6159762935,0.1241638756,0.6431250974,-0.08382105004,0.7801456772,-0.2396014553,0.9555145646,-0.02851100718,0.950147853,-0.149356483,0.9089436069,1.376470563
3191,2015-01-23T03:05:00,3191,3192,3197,1,-0.2831011945,0.6269522968,7,7,0.4992541491,0,0.6269522968,0.1020494772,0.5320402526,0.1246374887,0.6435848922,-0.04746572491,0.7923251817,-0.2367449128,0.9572165489,-0.03671859582,0.9418599941,-0.1316212773,0.9003733858,-1.332066146
3192,2015-01-23T04:00:00,3192,3193,3198,1,0.170173405,-0.3676343495,7,7,0.526466901,0,-0.3676343495,0.04010520521,0.5562616745,0.0843631908,0.6539065326,-0.1240971808,0.7527790538,-0.2266738587,0.9512105684,-0.04125624585,0.9427562883,-0.1308366828,0.9000119307,-1.149500527
3193,2015-01-23T04:01:00,3193,3194,3199,1,-1.366191974,1.117152615,7,7,0.4550160414,0,1.117152615,0.3744333848,0.7053662825,0.2843205445,0.6888614386,-0.1049712297,0.7759468257,-0.1766449951,0.9573222076,-0.03734559605,0.9467330933,-0.1115528612,0.8991571196,-1.135766151
3194,2015-01-23T04:02:00,3194,3195,3200,0,0.715392438,-2.081584412,7,7,-0.1331949799,0,-2.081584412,-0.199951646,1.113199276,-0.02188940715,0.9009375456,-0.1922746932,0.9017286948,-0.2356788325,1.011352502,-0.05666434023,0.9730743205,-0.1273130523,0.9188524513,1.048964952
3195,2015-01-23T04:03:00,3195,3196,3201,0,0.9004611685,-0.1850687304,7,7,0.2695421732,0,-0.1850687304,-0.178036516,1.108467254,-0.007154316858,0.8966957251,-0.1455857159,0.8673154487,-0.200669999,0.980230108,-0.08012908046,0.9547310039,-0.1279382933,0.9189528504,1.319673932
3196,2015-01-23T04:04:00,3196,3197,3202,0,-0.2304258229,1.130886991,7,7,-0.3154519391,0,1.130886991,-0.07724957712,1.18569258,0.01239995005,0.9189487809,-0.0160892621,0.842461374,-0.1892368014,0.9906975589,-0.06552135813,0.9630575331,-0.115995918,0.9243218355,-0.2304258229
3197,2015-01-23T04:05:00,3197,3198,3203,0,-0.333572514,0.1031466911,7,7,-0.02339739501,0,0.1031466911,0.016906631,1.175144135,0.02850591811,0.91934509,0.03111907684,0.8215274732,-0.1343984189,0.9340795046,-0.05764595153,0.9613234076,-0.1035429801,0.9156040274,-0.333572514
3198,2015-01-23T05:00:00,3198,3199,3204,0,-0.419212764,0.08564024999,7,7,0.1472866644,0,0.08564024999,-0.189395842,1.06434233,0.0925187714,0.9028749051,0.07582264433,0.8016208952,-0.1423855914,0.9319789037,-0.07080804419,0.9529055722,-0.09409165633,0.9106208101,-0.419212764
3199,2015-01-23T05:01:00,3199,3200,3205,0,0,-0.419212764,7,7,-0.335961849,0,-0.419212764,0.1430784876,0.5489751644,-0.02843657919,0.8776634774,0.0984700146,0.7831665587,-0.164982124,0.931185296,-0.06570594814,0.9495624209,-0.09410647274,0.9106276165,0
