regime,time,lower_bound,source_upper,tolerance,alarm,latent_tail_rate,seed,run_id,hit_rate,provenance
benign_covariate,1,-1.1832762558812695,0.15,0.02,False,0.0,31,t5-r01-20260922T102410Z,0.0,seed=31|run_id=t5-r01-20260922T102410Z|producer=exec/figures.py
benign_covariate,7,-0.5485237576174806,0.15,0.02,False,0.14285714285714285,31,t5-r01-20260922T102410Z,0.14285714285714285,seed=31|run_id=t5-r01-20260922T102410Z|producer=exec/figures.py
benign_covariate,13,-0.39842830796496775,0.15,0.02,False,0.15384615384615385,31,t5-r01-20260922T102410Z,0.15384615384615385,seed=31|run_id=t5-r01-20260922T102410Z|producer=exec/figures.py
benign_covariate,19,-0.32029162172638354,0.15,0.02,False,0.15789473684210525,31,t5-r01-20260922T102410Z,0.15789473684210525,seed=31|run_id=t5-r01-20260922T102410Z|producer=exec/figures.py
benign_covariate,25,-0.3098380403175408,0.15,0.02,False,0.12,31,t5-r01-20260922T102410Z,0.12,seed=31|run_id=t5-r01-20260922T102410Z|producer=exec/figures.py
benign_covariate,31,-0.29811778442164205,0.15,0.02,False,0.0967741935483871,31,t5-r01-20260922T102410Z,0.0967741935483871,seed=31|run_id=t5-r01-20260922T102410Z|producer=exec/figures.py
benign_covariate,37,-0.2599055744510047,0.15,0.02,False,0.08108108108108109,31,t5-r01-20260922T102410Z,0.10810810810810811,seed=31|run_id=t5-r01-20260922T102410Z|producer=exec/figures.py
benign_covariate,43,-0.23017616286616743,0.15,0.02,False,0.11627906976744186,31,t5-r01-20260922T102410Z,0.11627906976744186,seed=31|run_id=t5-r01-20260922T102410Z|producer=exec/figures.py
benign_covariate,49,-0.1857752426637046,0.15,0.02,False,0.14285714285714285,31,t5-r01-20260922T102410Z,0.14285714285714285,seed=31|run_id=t5-r01-20260922T102410Z|producer=exec/figures.py
benign_covariate,55,-0.1499202394301863,0.15,0.02,False,0.2,31,t5-r01-20260922T102410Z,0.16363636363636364,seed=31|run_id=t5-r01-20260922T102410Z|producer=exec/figures.py
benign_covariate,61,-0.15303269089227978,0.15,0.02,False,0.18032786885245902,31,t5-r01-20260922T102410Z,0.14754098360655737,seed=31|run_id=t5-r01-20260922T102410Z|producer=exec/figures.py
benign_covariate,67,-0.1399767277451876,0.15,0.02,False,0.1791044776119403,31,t5-r01-20260922T102410Z,0.14925373134328357,seed=31|run_id=t5-r01-20260922T102410Z|producer=exec/figures.py
benign_covariate,73,-0.12851652614921494,0.15,0.02,False,0.1643835616438356,31,t5-r01-20260922T102410Z,0.1506849315068493,seed=31|run_id=t5-r01-20260922T102410Z|producer=exec/figures.py
benign_covariate,79,-0.11834706463319397,0.15,0.02,False,0.17721518987341772,31,t5-r01-20260922T102410Z,0.1518987341772152,seed=31|run_id=t5-r01-20260922T102410Z|producer=exec/figures.py
benign_covariate,85,-0.0974748804856396,0.15,0.02,False,0.2,31,t5-r01-20260922T102410Z,0.16470588235294117,seed=31|run_id=t5-r01-20260922T102410Z|producer=exec/figures.py
benign_covariate,91,-0.09002963889136609,0.15,0.02,False,0.2087912087912088,31,t5-r01-20260922T102410Z,0.16483516483516483,seed=31|run_id=t5-r01-20260922T102410Z|producer=exec/figures.py
benign_covariate,97,-0.09354710488666931,0.15,0.02,False,0.1958762886597938,31,t5-r01-20260922T102410Z,0.15463917525773196,seed=31|run_id=t5-r01-20260922T102410Z|producer=exec/figures.py
benign_covariate,103,-0.09642468438186402,0.15,0.02,False,0.18446601941747573,31,t5-r01-20260922T102410Z,0.14563106796116504,seed=31|run_id=t5-r01-20260922T102410Z|producer=exec/figures.py
benign_covariate,109,-0.08043727820838473,0.15,0.02,False,0.2018348623853211,31,t5-r01-20260922T102410Z,0.1559633027522936,seed=31|run_id=t5-r01-20260922T102410Z|producer=exec/figures.py
benign_covariate,115,-0.08333496787408098,0.15,0.02,False,0.19130434782608696,31,t5-r01-20260922T102410Z,0.14782608695652175,seed=31|run_id=t5-r01-20260922T102410Z|producer=exec/figures.py
benign_covariate,121,-0.0857916923451334,0.15,0.02,False,0.18181818181818182,31,t5-r01-20260922T102410Z,0.14049586776859505,seed=31|run_id=t5-r01-20260922T102410Z|producer=exec/figures.py
benign_covariate,127,-0.08000619099717807,0.15,0.02,False,0.18110236220472442,31,t5-r01-20260922T102410Z,0.14173228346456693,seed=31|run_id=t5-r01-20260922T102410Z|producer=exec/figures.py
benign_covariate,133,-0.07462143315026906,0.15,0.02,False,0.17293233082706766,31,t5-r01-20260922T102410Z,0.14285714285714285,seed=31|run_id=t5-r01-20260922T102410Z|producer=exec/figures.py
benign_covariate,139,-0.07678717693307707,0.15,0.02,False,0.16546762589928057,31,t5-r01-20260922T102410Z,0.1366906474820144,seed=31|run_id=t5-r01-20260922T102410Z|producer=exec/figures.py
benign_covariate,145,-0.07177938063282766,0.15,0.02,False,0.15862068965517243,31,t5-r01-20260922T102410Z,0.13793103448275862,seed=31|run_id=t5-r01-20260922T102410Z|producer=exec/figures.py
benign_covariate,151,-0.0670811893478577,0.15,0.02,False,0.152317880794702,31,t5-r01-20260922T102410Z,0.1390728476821192,seed=31|run_id=t5-r01-20260922T102410Z|producer=exec/figures.py
benign_covariate,157,-0.06903132208086032,0.15,0.02,False,0.1464968152866242,31,t5-r01-20260922T102410Z,0.1337579617834395,seed=31|run_id=t5-r01-20260922T102410Z|producer=exec/figures.py
benign_covariate,163,-0.06462985754377276,0.15,0.02,False,0.1411042944785276,31,t5-r01-20260922T102410Z,0.13496932515337423,seed=31|run_id=t5-r01-20260922T102410Z|producer=exec/figures.py
benign_covariate,169,-0.06639129834829169,0.15,0.02,False,0.14201183431952663,31,t5-r01-20260922T102410Z,0.1301775147928994,seed=31|run_id=t5-r01-20260922T102410Z|producer=exec/figures.py
benign_covariate,175,-0.056542140014248565,0.15,0.02,False,0.14857142857142858,31,t5-r01-20260922T102410Z,0.13714285714285715,seed=31|run_id=t5-r01-20260922T102410Z|producer=exec/figures.py
benign_covariate,181,-0.052814497536270044,0.15,0.02,False,0.14917127071823205,31,t5-r01-20260922T102410Z,0.13812154696132597,seed=31|run_id=t5-r01-20260922T102410Z|producer=exec/figures.py
benign_covariate,187,-0.05462170276231487,0.15,0.02,False,0.1443850267379679,31,t5-r01-20260922T102410Z,0.13368983957219252,seed=31|run_id=t5-r01-20260922T102410Z|producer=exec/figures.py
benign_covariate,193,-0.051087154354504616,0.15,0.02,False,0.14507772020725387,31,t5-r01-20260922T102410Z,0.13471502590673576,seed=31|run_id=t5-r01-20260922T102410Z|producer=exec/figures.py
benign_covariate,199,-0.04772121187214226,0.15,0.02,False,0.1407035175879397,31,t5-r01-20260922T102410Z,0.135678391959799,seed=31|run_id=t5-r01-20260922T102410Z|producer=exec/figures.py
benign_covariate,205,-0.044510925429302156,0.15,0.02,False,0.14146341463414633,31,t5-r01-20260922T102410Z,0.13658536585365855,seed=31|run_id=t5-r01-20260922T102410Z|producer=exec/figures.py
benign_covariate,211,-0.0367053544241453,0.15,0.02,False,0.14218009478672985,31,t5-r01-20260922T102410Z,0.14218009478672985,seed=31|run_id=t5-r01-20260922T102410Z|producer=exec/figures.py
benign_covariate,217,-0.033903780990335614,0.15,0.02,False,0.14746543778801843,31,t5-r01-20260922T102410Z,0.14285714285714285,seed=31|run_id=t5-r01-20260922T102410Z|producer=exec/figures.py
benign_covariate,223,-0.026735062461881204,0.15,0.02,False,0.15695067264573992,31,t5-r01-20260922T102410Z,0.14798206278026907,seed=31|run_id=t5-r01-20260922T102410Z|producer=exec/figures.py
benign_covariate,229,-0.01991053423669245,0.15,0.02,False,0.1615720524017467,31,t5-r01-20260922T102410Z,0.15283842794759825,seed=31|run_id=t5-r01-20260922T102410Z|producer=exec/figures.py
benign_covariate,235,-0.021915615895825774,0.15,0.02,False,0.16595744680851063,31,t5-r01-20260922T102410Z,0.14893617021276595,seed=31|run_id=t5-r01-20260922T102410Z|producer=exec/figures.py
benign_covariate,241,-0.019643749189109466,0.15,0.02,False,0.17012448132780084,31,t5-r01-20260922T102410Z,0.14937759336099585,seed=31|run_id=t5-r01-20260922T102410Z|producer=exec/figures.py
benign_covariate,247,-0.021504741119754284,0.15,0.02,False,0.1659919028340081,31,t5-r01-20260922T102410Z,0.145748987854251,seed=31|run_id=t5-r01-20260922T102410Z|producer=exec/figures.py
benign_covariate,253,-0.015347729552924655,0.15,0.02,False,0.16600790513833993,31,t5-r01-20260922T102410Z,0.15019762845849802,seed=31|run_id=t5-r01-20260922T102410Z|producer=exec/figures.py
benign_covariate,259,-0.01717477858083516,0.15,0.02,False,0.16216216216216217,31,t5-r01-20260922T102410Z,0.14671814671814673,seed=31|run_id=t5-r01-20260922T102410Z|producer=exec/figures.py
benign_covariate,265,-0.015123569933497866,0.15,0.02,False,0.16226415094339622,31,t5-r01-20260922T102410Z,0.1471698113207547,seed=31|run_id=t5-r01-20260922T102410Z|producer=exec/figures.py
benign_covariate,271,-0.005762356413361813,0.15,0.02,False,0.16605166051660517,31,t5-r01-20260922T102410Z,0.15498154981549817,seed=31|run_id=t5-r01-20260922T102410Z|producer=exec/figures.py
benign_covariate,277,-0.004007231530860911,0.15,0.02,False,0.1624548736462094,31,t5-r01-20260922T102410Z,0.1552346570397112,seed=31|run_id=t5-r01-20260922T102410Z|producer=exec/figures.py
benign_covariate,283,-0.0023078733971663434,0.15,0.02,False,0.15901060070671377,31,t5-r01-20260922T102410Z,0.15547703180212014,seed=31|run_id=t5-r01-20260922T102410Z|producer=exec/figures.py
benign_covariate,289,-0.004121569414498066,0.15,0.02,False,0.15570934256055363,31,t5-r01-20260922T102410Z,0.1522491349480969,seed=31|run_id=t5-r01-20260922T102410Z|producer=exec/figures.py
benign_covariate,295,-0.005844647914087925,0.15,0.02,False,0.15932203389830507,31,t5-r01-20260922T102410Z,0.14915254237288136,seed=31|run_id=t5-r01-20260922T102410Z|producer=exec/figures.py
benign_covariate,301,-0.0041607483529648714,0.15,0.02,False,0.15614617940199335,31,t5-r01-20260922T102410Z,0.14950166112956811,seed=31|run_id=t5-r01-20260922T102410Z|producer=exec/figures.py
benign_covariate,307,-0.00578473393415932,0.15,0.02,False,0.15309446254071662,31,t5-r01-20260922T102410Z,0.1465798045602606,seed=31|run_id=t5-r01-20260922T102410Z|producer=exec/figures.py
benign_covariate,313,-0.007331904871988731,0.15,0.02,False,0.15335463258785942,31,t5-r01-20260922T102410Z,0.14376996805111822,seed=31|run_id=t5-r01-20260922T102410Z|producer=exec/figures.py
benign_covariate,319,-0.005672190601601956,0.15,0.02,False,0.15047021943573669,31,t5-r01-20260922T102410Z,0.14420062695924765,seed=31|run_id=t5-r01-20260922T102410Z|producer=exec/figures.py
benign_covariate,325,-0.0040604928968645815,0.15,0.02,False,0.15384615384615385,31,t5-r01-20260922T102410Z,0.14461538461538462,seed=31|run_id=t5-r01-20260922T102410Z|producer=exec/figures.py
benign_covariate,331,-0.002494544444515634,0.15,0.02,False,0.1510574018126888,31,t5-r01-20260922T102410Z,0.14501510574018128,seed=31|run_id=t5-r01-20260922T102410Z|producer=exec/figures.py
benign_covariate,337,-0.00393958362813826,0.15,0.02,False,0.1513353115727003,31,t5-r01-20260922T102410Z,0.142433234421365,seed=31|run_id=t5-r01-20260922T102410Z|producer=exec/figures.py
benign_covariate,343,-0.005322451125272132,0.15,0.02,False,0.14868804664723032,31,t5-r01-20260922T102410Z,0.13994169096209913,seed=31|run_id=t5-r01-20260922T102410Z|producer=exec/figures.py
benign_covariate,349,-0.006646639223951867,0.15,0.02,False,0.14613180515759314,31,t5-r01-20260922T102410Z,0.13753581661891118,seed=31|run_id=t5-r01-20260922T102410Z|producer=exec/figures.py
benign_covariate,355,-0.005098491007855782,0.15,0.02,False,0.14366197183098592,31,t5-r01-20260922T102410Z,0.13802816901408452,seed=31|run_id=t5-r01-20260922T102410Z|producer=exec/figures.py
benign_covariate,361,-0.0008214793476253313,0.15,0.02,False,0.14681440443213298,31,t5-r01-20260922T102410Z,0.14127423822714683,seed=31|run_id=t5-r01-20260922T102410Z|producer=exec/figures.py
benign_covariate,367,0.0006007240840018024,0.15,0.02,False,0.14713896457765668,31,t5-r01-20260922T102410Z,0.14168937329700274,seed=31|run_id=t5-r01-20260922T102410Z|producer=exec/figures.py
benign_covariate,373,-0.0006943416491497212,0.15,0.02,False,0.14745308310991956,31,t5-r01-20260922T102410Z,0.13941018766756033,seed=31|run_id=t5-r01-20260922T102410Z|producer=exec/figures.py
benign_covariate,379,0.003337728890211583,0.15,0.02,False,0.1503957783641161,31,t5-r01-20260922T102410Z,0.1424802110817942,seed=31|run_id=t5-r01-20260922T102410Z|producer=exec/figures.py
benign_covariate,385,0.004655464215842731,0.15,0.02,False,0.15584415584415584,31,t5-r01-20260922T102410Z,0.14285714285714285,seed=31|run_id=t5-r01-20260922T102410Z|producer=exec/figures.py
benign_covariate,391,0.003383628812627243,0.15,0.02,False,0.1534526854219949,31,t5-r01-20260922T102410Z,0.14066496163682865,seed=31|run_id=t5-r01-20260922T102410Z|producer=exec/figures.py
benign_covariate,397,0.0021583434544701907,0.15,0.02,False,0.15113350125944586,31,t5-r01-20260922T102410Z,0.1385390428211587,seed=31|run_id=t5-r01-20260922T102410Z|producer=exec/figures.py
benign_covariate,403,0.005940135246435357,0.15,0.02,False,0.1588089330024814,31,t5-r01-20260922T102410Z,0.141439205955335,seed=31|run_id=t5-r01-20260922T102410Z|producer=exec/figures.py
benign_covariate,409,0.007173516292717175,0.15,0.02,False,0.15892420537897312,31,t5-r01-20260922T102410Z,0.14180929095354522,seed=31|run_id=t5-r01-20260922T102410Z|producer=exec/figures.py
benign_covariate,415,0.005968863995176821,0.15,0.02,False,0.1566265060240964,31,t5-r01-20260922T102410Z,0.13975903614457832,seed=31|run_id=t5-r01-20260922T102410Z|producer=exec/figures.py
benign_covariate,421,0.004805565763519176,0.15,0.02,False,0.1543942992874109,31,t5-r01-20260922T102410Z,0.1377672209026128,seed=31|run_id=t5-r01-20260922T102410Z|producer=exec/figures.py
benign_covariate,427,0.006023657397277421,0.15,0.02,False,0.15456674473067916,31,t5-r01-20260922T102410Z,0.13817330210772832,seed=31|run_id=t5-r01-20260922T102410Z|producer=exec/figures.py
benign_covariate,433,0.004905071225560748,0.15,0.02,False,0.15242494226327943,31,t5-r01-20260922T102410Z,0.13625866050808313,seed=31|run_id=t5-r01-20260922T102410Z|producer=exec/figures.py
benign_covariate,439,0.0038233923864793573,0.15,0.02,False,0.15034168564920272,31,t5-r01-20260922T102410Z,0.13439635535307518,seed=31|run_id=t5-r01-20260922T102410Z|producer=exec/figures.py
benign_covariate,445,0.0027770056230186357,0.15,0.02,False,0.14831460674157304,31,t5-r01-20260922T102410Z,0.13258426966292136,seed=31|run_id=t5-r01-20260922T102410Z|producer=exec/figures.py
benign_covariate,451,0.00398168048423303,0.15,0.02,False,0.14634146341463414,31,t5-r01-20260922T102410Z,0.13303769401330376,seed=31|run_id=t5-r01-20260922T102410Z|producer=exec/figures.py
benign_covariate,457,0.005160458359733722,0.15,0.02,False,0.14660831509846828,31,t5-r01-20260922T102410Z,0.13347921225382933,seed=31|run_id=t5-r01-20260922T102410Z|producer=exec/figures.py
benign_covariate,463,0.006314239452528625,0.15,0.02,False,0.1468682505399568,31,t5-r01-20260922T102410Z,0.13390928725701945,seed=31|run_id=t5-r01-20260922T102410Z|producer=exec/figures.py
benign_covariate,469,0.007443881208893222,0.15,0.02,False,0.14712153518123666,31,t5-r01-20260922T102410Z,0.13432835820895522,seed=31|run_id=t5-r01-20260922T102410Z|producer=exec/figures.py
benign_covariate,475,0.012760727191591631,0.15,0.02,False,0.14947368421052631,31,t5-r01-20260922T102410Z,0.13894736842105262,seed=31|run_id=t5-r01-20260922T102410Z|producer=exec/figures.py
benign_covariate,481,0.013791982032833522,0.15,0.02,False,0.1496881496881497,31,t5-r01-20260922T102410Z,0.1392931392931393,seed=31|run_id=t5-r01-20260922T102410Z|producer=exec/figures.py
benign_covariate,487,0.016856120278867084,0.15,0.02,False,0.14989733059548255,31,t5-r01-20260922T102410Z,0.14168377823408623,seed=31|run_id=t5-r01-20260922T102410Z|producer=exec/figures.py
benign_covariate,493,0.01985043577187863,0.15,0.02,False,0.15212981744421908,31,t5-r01-20260922T102410Z,0.1440162271805274,seed=31|run_id=t5-r01-20260922T102410Z|producer=exec/figures.py
benign_covariate,499,0.018769348998488977,0.15,0.02,False,0.15030060120240482,31,t5-r01-20260922T102410Z,0.14228456913827656,seed=31|run_id=t5-r01-20260922T102410Z|producer=exec/figures.py
benign_covariate,505,0.019698637088416557,0.15,0.02,False,0.1504950495049505,31,t5-r01-20260922T102410Z,0.14257425742574256,seed=31|run_id=t5-r01-20260922T102410Z|producer=exec/figures.py
benign_covariate,511,0.018653514542578103,0.15,0.02,False,0.1487279843444227,31,t5-r01-20260922T102410Z,0.14090019569471623,seed=31|run_id=t5-r01-20260922T102410Z|producer=exec/figures.py
benign_covariate,517,0.0215053582480592,0.15,0.02,False,0.1528046421663443,31,t5-r01-20260922T102410Z,0.14313346228239845,seed=31|run_id=t5-r01-20260922T102410Z|producer=exec/figures.py
benign_covariate,523,0.024295885460247246,0.15,0.02,False,0.15487571701720843,31,t5-r01-20260922T102410Z,0.14531548757170173,seed=31|run_id=t5-r01-20260922T102410Z|producer=exec/figures.py
benign_covariate,529,0.02513675634991941,0.15,0.02,False,0.15500945179584122,31,t5-r01-20260922T102410Z,0.14555765595463138,seed=31|run_id=t5-r01-20260922T102410Z|producer=exec/figures.py
benign_covariate,535,0.025962661242641807,0.15,0.02,False,0.15700934579439252,31,t5-r01-20260922T102410Z,0.14579439252336449,seed=31|run_id=t5-r01-20260922T102410Z|producer=exec/figures.py
benign_covariate,541,0.0249256072321742,0.15,0.02,False,0.15711645101663585,31,t5-r01-20260922T102410Z,0.14417744916820702,seed=31|run_id=t5-r01-20260922T102410Z|producer=exec/figures.py
benign_covariate,547,0.02391499214991752,0.15,0.02,False,0.15722120658135283,31,t5-r01-20260922T102410Z,0.1425959780621572,seed=31|run_id=t5-r01-20260922T102410Z|producer=exec/figures.py
benign_covariate,553,0.022929897953581274,0.15,0.02,False,0.15913200723327306,31,t5-r01-20260922T102410Z,0.1410488245931284,seed=31|run_id=t5-r01-20260922T102410Z|producer=exec/figures.py
benign_covariate,559,0.023758356279777876,0.15,0.02,False,0.1592128801431127,31,t5-r01-20260922T102410Z,0.1413237924865832,seed=31|run_id=t5-r01-20260922T102410Z|producer=exec/figures.py
benign_covariate,565,0.0245726253977485,0.15,0.02,False,0.1592920353982301,31,t5-r01-20260922T102410Z,0.1415929203539823,seed=31|run_id=t5-r01-20260922T102410Z|producer=exec/figures.py
benign_covariate,571,0.02712441467816827,0.15,0.02,False,0.15761821366024517,31,t5-r01-20260922T102410Z,0.1436077057793345,seed=31|run_id=t5-r01-20260922T102410Z|producer=exec/figures.py
benign_covariate,577,0.026160164383416395,0.15,0.02,False,0.1559792027729636,31,t5-r01-20260922T102410Z,0.14211438474870017,seed=31|run_id=t5-r01-20260922T102410Z|producer=exec/figures.py
benign_covariate,583,0.025218915387238874,0.15,0.02,False,0.15437392795883362,31,t5-r01-20260922T102410Z,0.14065180102915953,seed=31|run_id=t5-r01-20260922T102410Z|producer=exec/figures.py
benign_covariate,589,0.025997711477273644,0.15,0.02,False,0.15449915110356535,31,t5-r01-20260922T102410Z,0.14091680814940577,seed=31|run_id=t5-r01-20260922T102410Z|producer=exec/figures.py
benign_covariate,595,0.02844447311682989,0.15,0.02,False,0.15294117647058825,31,t5-r01-20260922T102410Z,0.14285714285714285,seed=31|run_id=t5-r01-20260922T102410Z|producer=exec/figures.py
benign_covariate,601,0.029181414543871964,0.15,0.02,False,0.15307820299500832,31,t5-r01-20260922T102410Z,0.14309484193011648,seed=31|run_id=t5-r01-20260922T102410Z|producer=exec/figures.py
benign_covariate,607,0.028259197254620005,0.15,0.02,False,0.15321252059308071,31,t5-r01-20260922T102410Z,0.1416803953871499,seed=31|run_id=t5-r01-20260922T102410Z|producer=exec/figures.py
benign_covariate,613,0.028989142990513098,0.15,0.02,False,0.1533442088091354,31,t5-r01-20260922T102410Z,0.14192495921696574,seed=31|run_id=t5-r01-20260922T102410Z|producer=exec/figures.py
benign_covariate,619,0.028092151625638273,0.15,0.02,False,0.15508885298869143,31,t5-r01-20260922T102410Z,0.14054927302100162,seed=31|run_id=t5-r01-20260922T102410Z|producer=exec/figures.py
benign_covariate,625,0.027215041385237462,0.15,0.02,False,0.1536,31,t5-r01-20260922T102410Z,0.1392,seed=31|run_id=t5-r01-20260922T102410Z|producer=exec/figures.py
benign_covariate,631,0.027941994853373647,0.15,0.02,False,0.15213946117274169,31,t5-r01-20260922T102410Z,0.13946117274167988,seed=31|run_id=t5-r01-20260922T102410Z|producer=exec/figures.py
benign_covariate,637,0.027087932679980026,0.15,0.02,False,0.15070643642072212,31,t5-r01-20260922T102410Z,0.13814756671899528,seed=31|run_id=t5-r01-20260922T102410Z|producer=exec/figures.py
benign_covariate,643,0.026252289383227573,0.15,0.02,False,0.15396578538102643,31,t5-r01-20260922T102410Z,0.1368584758942457,seed=31|run_id=t5-r01-20260922T102410Z|producer=exec/figures.py
benign_covariate,649,0.02851618525639206,0.15,0.02,False,0.15562403697996918,31,t5-r01-20260922T102410Z,0.1386748844375963,seed=31|run_id=t5-r01-20260922T102410Z|producer=exec/figures.py
benign_covariate,655,0.03074097508697017,0.15,0.02,False,0.15725190839694655,31,t5-r01-20260922T102410Z,0.14045801526717558,seed=31|run_id=t5-r01-20260922T102410Z|producer=exec/figures.py
benign_covariate,661,0.029901974253630476,0.15,0.02,False,0.15582450832072617,31,t5-r01-20260922T102410Z,0.13918305597579425,seed=31|run_id=t5-r01-20260922T102410Z|producer=exec/figures.py
benign_covariate,667,0.029080334539979144,0.15,0.02,False,0.15592203898050974,31,t5-r01-20260922T102410Z,0.13793103448275862,seed=31|run_id=t5-r01-20260922T102410Z|producer=exec/figures.py
benign_covariate,673,0.029761446651565715,0.15,0.02,False,0.15601783060921248,31,t5-r01-20260922T102410Z,0.13818722139673106,seed=31|run_id=t5-r01-20260922T102410Z|producer=exec/figures.py
benign_covariate,679,0.02895993700378162,0.15,0.02,False,0.15463917525773196,31,t5-r01-20260922T102410Z,0.13696612665684832,seed=31|run_id=t5-r01-20260922T102410Z|producer=exec/figures.py
benign_covariate,685,0.029634445701229722,0.15,0.02,False,0.15766423357664233,31,t5-r01-20260922T102410Z,0.13722627737226278,seed=31|run_id=t5-r01-20260922T102410Z|producer=exec/figures.py
benign_covariate,691,0.028852141120914526,0.15,0.02,False,0.15629522431259044,31,t5-r01-20260922T102410Z,0.13603473227206947,seed=31|run_id=t5-r01-20260922T102410Z|producer=exec/figures.py
benign_covariate,697,0.029520060141743618,0.15,0.02,False,0.1563845050215208,31,t5-r01-20260922T102410Z,0.13629842180774748,seed=31|run_id=t5-r01-20260922T102410Z|producer=exec/figures.py
benign_covariate,703,0.030178570354384426,0.15,0.02,False,0.15647226173541964,31,t5-r01-20260922T102410Z,0.13655761024182078,seed=31|run_id=t5-r01-20260922T102410Z|producer=exec/figures.py
benign_covariate,709,0.029417449141185853,0.15,0.02,False,0.15655853314527504,31,t5-r01-20260922T102410Z,0.13540197461212977,seed=31|run_id=t5-r01-20260922T102410Z|producer=exec/figures.py
benign_covariate,715,0.030069614719084536,0.15,0.02,False,0.15664335664335666,31,t5-r01-20260922T102410Z,0.13566433566433567,seed=31|run_id=t5-r01-20260922T102410Z|producer=exec/figures.py
benign_covariate,721,0.02932583593819453,0.15,0.02,False,0.15672676837725383,31,t5-r01-20260922T102410Z,0.13453536754507628,seed=31|run_id=t5-r01-20260922T102410Z|producer=exec/figures.py
benign_covariate,727,0.02859616896846505,0.15,0.02,False,0.15818431911966988,31,t5-r01-20260922T102410Z,0.13342503438789546,seed=31|run_id=t5-r01-20260922T102410Z|producer=exec/figures.py
benign_covariate,733,0.029244502144098503,0.15,0.02,False,0.1582537517053206,31,t5-r01-20260922T102410Z,0.13369713506139155,seed=31|run_id=t5-r01-20260922T102410Z|producer=exec/figures.py
benign_covariate,739,0.029884070207079547,0.15,0.02,False,0.15832205683355885,31,t5-r01-20260922T102410Z,0.13396481732070364,seed=31|run_id=t5-r01-20260922T102410Z|producer=exec/figures.py
benign_covariate,745,0.029172782627965854,0.15,0.02,False,0.15838926174496645,31,t5-r01-20260922T102410Z,0.13288590604026845,seed=31|run_id=t5-r01-20260922T102410Z|producer=exec/figures.py
benign_covariate,751,0.029806112753262393,0.15,0.02,False,0.1584553928095872,31,t5-r01-20260922T102410Z,0.13315579227696406,seed=31|run_id=t5-r01-20260922T102410Z|producer=exec/figures.py
benign_covariate,757,0.03175206884314419,0.15,0.02,False,0.15984147952443858,31,t5-r01-20260922T102410Z,0.13474240422721268,seed=31|run_id=t5-r01-20260922T102410Z|producer=exec/figures.py
benign_covariate,763,0.031047817852204354,0.15,0.02,False,0.15858453473132372,31,t5-r01-20260922T102410Z,0.13368283093053734,seed=31|run_id=t5-r01-20260922T102410Z|producer=exec/figures.py
benign_covariate,769,0.031656545288443055,0.15,0.02,False,0.15864759427828348,31,t5-r01-20260922T102410Z,0.13394018205461639,seed=31|run_id=t5-r01-20260922T102410Z|producer=exec/figures.py
benign_covariate,775,0.03225741577591941,0.15,0.02,False,0.15741935483870967,31,t5-r01-20260922T102410Z,0.13419354838709677,seed=31|run_id=t5-r01-20260922T102410Z|producer=exec/figures.py
benign_covariate,781,0.034131002785132286,0.15,0.02,False,0.15620998719590268,31,t5-r01-20260922T102410Z,0.1357234314980794,seed=31|run_id=t5-r01-20260922T102410Z|producer=exec/figures.py
benign_covariate,787,0.03343623619052587,0.15,0.02,False,0.156289707750953,31,t5-r01-20260922T102410Z,0.13468869123252858,seed=31|run_id=t5-r01-20260922T102410Z|producer=exec/figures.py
benign_covariate,793,0.036536567845852644,0.15,0.02,False,0.15889029003783103,31,t5-r01-20260922T102410Z,0.13745271122320302,seed=31|run_id=t5-r01-20260922T102410Z|producer=exec/figures.py
benign_covariate,799,0.035837098410485754,0.15,0.02,False,0.16020025031289112,31,t5-r01-20260922T102410Z,0.13642052565707133,seed=31|run_id=t5-r01-20260922T102410Z|producer=exec/figures.py
benign_covariate,805,0.03514948483966339,0.15,0.02,False,0.15900621118012423,31,t5-r01-20260922T102410Z,0.13540372670807455,seed=31|run_id=t5-r01-20260922T102410Z|producer=exec/figures.py
benign_covariate,811,0.03570649439822911,0.15,0.02,False,0.15906288532675708,31,t5-r01-20260922T102410Z,0.13563501849568435,seed=31|run_id=t5-r01-20260922T102410Z|producer=exec/figures.py
benign_covariate,817,0.03748069093349245,0.15,0.02,False,0.1591187270501836,31,t5-r01-20260922T102410Z,0.13708690330477355,seed=31|run_id=t5-r01-20260922T102410Z|producer=exec/figures.py
benign_covariate,823,0.03680023815217816,0.15,0.02,False,0.15795868772782504,31,t5-r01-20260922T102410Z,0.13608748481166463,seed=31|run_id=t5-r01-20260922T102410Z|producer=exec/figures.py
benign_covariate,829,0.037337237375313054,0.15,0.02,False,0.15922798552472858,31,t5-r01-20260922T102410Z,0.13630880579010857,seed=31|run_id=t5-r01-20260922T102410Z|producer=exec/figures.py
benign_covariate,835,0.03906543037215211,0.15,0.02,False,0.1592814371257485,31,t5-r01-20260922T102410Z,0.1377245508982036,seed=31|run_id=t5-r01-20260922T102410Z|producer=exec/figures.py
benign_covariate,841,0.04077024785182791,0.15,0.02,False,0.1581450653983353,31,t5-r01-20260922T102410Z,0.13912009512485138,seed=31|run_id=t5-r01-20260922T102410Z|producer=exec/figures.py
benign_covariate,847,0.04127153594137643,0.15,0.02,False,0.15820543093270367,31,t5-r01-20260922T102410Z,0.13931523022432113,seed=31|run_id=t5-r01-20260922T102410Z|producer=exec/figures.py
benign_covariate,853,0.044111677560533705,0.15,0.02,False,0.16060961313012895,31,t5-r01-20260922T102410Z,0.141852286049238,seed=31|run_id=t5-r01-20260922T102410Z|producer=exec/figures.py
benign_covariate,859,0.043420928733267,0.15,0.02,False,0.16181606519208383,31,t5-r01-20260922T102410Z,0.1408614668218859,seed=31|run_id=t5-r01-20260922T102410Z|producer=exec/figures.py
benign_covariate,865,0.045053099284194154,0.15,0.02,False,0.16184971098265896,31,t5-r01-20260922T102410Z,0.14219653179190753,seed=31|run_id=t5-r01-20260922T102410Z|producer=exec/figures.py
benign_covariate,871,0.04781206647996902,0.15,0.02,False,0.16417910447761194,31,t5-r01-20260922T102410Z,0.1446613088404133,seed=31|run_id=t5-r01-20260922T102410Z|producer=exec/figures.py
benign_covariate,877,0.04825393919409092,0.15,0.02,False,0.16419612314709237,31,t5-r01-20260922T102410Z,0.14481185860889395,seed=31|run_id=t5-r01-20260922T102410Z|producer=exec/figures.py
benign_covariate,883,0.04869094584316774,0.15,0.02,False,0.16308040770101925,31,t5-r01-20260922T102410Z,0.144960362400906,seed=31|run_id=t5-r01-20260922T102410Z|producer=exec/figures.py
benign_covariate,889,0.047998314487878016,0.15,0.02,False,0.16197975253093364,31,t5-r01-20260922T102410Z,0.1439820022497188,seed=31|run_id=t5-r01-20260922T102410Z|producer=exec/figures.py
benign_covariate,895,0.04843339015905415,0.15,0.02,False,0.16312849162011173,31,t5-r01-20260922T102410Z,0.1441340782122905,seed=31|run_id=t5-r01-20260922T102410Z|producer=exec/figures.py
benign_covariate,901,0.04886375526520258,0.15,0.02,False,0.16426193118756938,31,t5-r01-20260922T102410Z,0.14428412874583796,seed=31|run_id=t5-r01-20260922T102410Z|producer=exec/figures.py
benign_covariate,907,0.049289492960816375,0.15,0.02,False,0.16427783902976847,31,t5-r01-20260922T102410Z,0.1444321940463065,seed=31|run_id=t5-r01-20260922T102410Z|producer=exec/figures.py
benign_covariate,913,0.04861539412788274,0.15,0.02,False,0.16538882803943045,31,t5-r01-20260922T102410Z,0.14348302300109528,seed=31|run_id=t5-r01-20260922T102410Z|producer=exec/figures.py
benign_covariate,919,0.05012740869772485,0.15,0.02,False,0.16430903155603918,31,t5-r01-20260922T102410Z,0.14472252448313383,seed=31|run_id=t5-r01-20260922T102410Z|producer=exec/figures.py
benign_covariate,925,0.04945866211069476,0.15,0.02,False,0.16324324324324324,31,t5-r01-20260922T102410Z,0.1437837837837838,seed=31|run_id=t5-r01-20260922T102410Z|producer=exec/figures.py
benign_covariate,931,0.04987364944240322,0.15,0.02,False,0.16433941997851773,31,t5-r01-20260922T102410Z,0.1439312567132116,seed=31|run_id=t5-r01-20260922T102410Z|producer=exec/figures.py
benign_covariate,937,0.04921707095102458,0.15,0.02,False,0.1632870864461046,31,t5-r01-20260922T102410Z,0.14300960512273211,seed=31|run_id=t5-r01-20260922T102410Z|producer=exec/figures.py
benign_covariate,943,0.04963026245003692,0.15,0.02,False,0.1633085896076352,31,t5-r01-20260922T102410Z,0.14316012725344646,seed=31|run_id=t5-r01-20260922T102410Z|producer=exec/figures.py
benign_covariate,949,0.050039183643729876,0.15,0.02,False,0.16332982086406744,31,t5-r01-20260922T102410Z,0.14330874604847207,seed=31|run_id=t5-r01-20260922T102410Z|producer=exec/figures.py
benign_covariate,955,0.04939678596009919,0.15,0.02,False,0.16230366492146597,31,t5-r01-20260922T102410Z,0.1424083769633508,seed=31|run_id=t5-r01-20260922T102410Z|producer=exec/figures.py
benign_covariate,961,0.048763335386962176,0.15,0.02,False,0.16337148803329865,31,t5-r01-20260922T102410Z,0.14151925078043703,seed=31|run_id=t5-r01-20260922T102410Z|producer=exec/figures.py
benign_covariate,967,0.04917278326875238,0.15,0.02,False,0.1623578076525336,31,t5-r01-20260922T102410Z,0.14167528438469493,seed=31|run_id=t5-r01-20260922T102410Z|producer=exec/figures.py
benign_covariate,973,0.04957807919107331,0.15,0.02,False,0.16135662898252826,31,t5-r01-20260922T102410Z,0.14182939362795477,seed=31|run_id=t5-r01-20260922T102410Z|producer=exec/figures.py
benign_covariate,979,0.049979291563135894,0.15,0.02,False,0.16138917262512767,31,t5-r01-20260922T102410Z,0.14198161389172625,seed=31|run_id=t5-r01-20260922T102410Z|producer=exec/figures.py
benign_covariate,985,0.04936125881857299,0.15,0.02,False,0.16142131979695432,31,t5-r01-20260922T102410Z,0.14111675126903553,seed=31|run_id=t5-r01-20260922T102410Z|producer=exec/figures.py
benign_covariate,991,0.050769731591872536,0.15,0.02,False,0.16246215943491424,31,t5-r01-20260922T102410Z,0.14228052472250252,seed=31|run_id=t5-r01-20260922T102410Z|producer=exec/figures.py
benign_covariate,997,0.050156079470250164,0.15,0.02,False,0.16148445336008024,31,t5-r01-20260922T102410Z,0.14142427281845538,seed=31|run_id=t5-r01-20260922T102410Z|producer=exec/figures.py
benign_covariate,1003,0.04955060248828903,0.15,0.02,False,0.16051844466600199,31,t5-r01-20260922T102410Z,0.14057826520438685,seed=31|run_id=t5-r01-20260922T102410Z|producer=exec/figures.py
benign_covariate,1009,0.04994422794096795,0.15,0.02,False,0.1605550049554014,31,t5-r01-20260922T102410Z,0.14073339940535184,seed=31|run_id=t5-r01-20260922T102410Z|producer=exec/figures.py
benign_covariate,1015,0.04934878740830487,0.15,0.02,False,0.1605911330049261,31,t5-r01-20260922T102410Z,0.1399014778325123,seed=31|run_id=t5-r01-20260922T102410Z|producer=exec/figures.py
benign_covariate,1021,0.050720006833056414,0.15,0.02,False,0.16258570029382957,31,t5-r01-20260922T102410Z,0.14103819784524976,seed=31|run_id=t5-r01-20260922T102410Z|producer=exec/figures.py
benign_covariate,1027,0.051102280782699,0.15,0.02,False,0.1626095423563778,31,t5-r01-20260922T102410Z,0.14118792599805258,seed=31|run_id=t5-r01-20260922T102410Z|producer=exec/figures.py
benign_covariate,1033,0.05148088923476228,0.15,0.02,False,0.16263310745401743,31,t5-r01-20260922T102410Z,0.14133591481122942,seed=31|run_id=t5-r01-20260922T102410Z|producer=exec/figures.py
benign_covariate,1039,0.051855889237792,0.15,0.02,False,0.16361886429258904,31,t5-r01-20260922T102410Z,0.14148219441770934,seed=31|run_id=t5-r01-20260922T102410Z|producer=exec/figures.py
benign_covariate,1045,0.05127039882136136,0.15,0.02,False,0.16267942583732056,31,t5-r01-20260922T102410Z,0.14066985645933014,seed=31|run_id=t5-r01-20260922T102410Z|producer=exec/figures.py
benign_covariate,1051,0.05259528602433959,0.15,0.02,False,0.1636536631779258,31,t5-r01-20260922T102410Z,0.14176974310180782,seed=31|run_id=t5-r01-20260922T102410Z|producer=exec/figures.py
benign_covariate,1057,0.0520137171426768,0.15,0.02,False,0.16367076631977295,31,t5-r01-20260922T102410Z,0.14096499526963102,seed=31|run_id=t5-r01-20260922T102410Z|producer=exec/figures.py
benign_covariate,1063,0.05143943617486163,0.15,0.02,False,0.1627469426152399,31,t5-r01-20260922T102410Z,0.14016933207902163,seed=31|run_id=t5-r01-20260922T102410Z|producer=exec/figures.py
benign_covariate,1069,0.05180776825241798,0.15,0.02,False,0.1627689429373246,31,t5-r01-20260922T102410Z,0.1403180542563143,seed=31|run_id=t5-r01-20260922T102410Z|producer=exec/figures.py
benign_covariate,1075,0.05217269179276979,0.15,0.02,False,0.16279069767441862,31,t5-r01-20260922T102410Z,0.14046511627906977,seed=31|run_id=t5-r01-20260922T102410Z|producer=exec/figures.py
benign_covariate,1081,0.0525342579254989,0.15,0.02,False,0.1637372802960222,31,t5-r01-20260922T102410Z,0.14061054579093432,seed=31|run_id=t5-r01-20260922T102410Z|producer=exec/figures.py
benign_covariate,1087,0.05289251672697033,0.15,0.02,False,0.16375344986200552,31,t5-r01-20260922T102410Z,0.140754369825207,seed=31|run_id=t5-r01-20260922T102410Z|producer=exec/figures.py
benign_covariate,1093,0.05324751724781396,0.15,0.02,False,0.16285452881976212,31,t5-r01-20260922T102410Z,0.14089661482159194,seed=31|run_id=t5-r01-20260922T102410Z|producer=exec/figures.py
benign_covariate,1099,0.053599307539541105,0.15,0.02,False,0.16287534121929026,31,t5-r01-20260922T102410Z,0.1410373066424022,seed=31|run_id=t5-r01-20260922T102410Z|producer=exec/figures.py
benign_covariate,1105,0.05304295730476091,0.15,0.02,False,0.16199095022624435,31,t5-r01-20260922T102410Z,0.14027149321266968,seed=31|run_id=t5-r01-20260922T102410Z|producer=exec/figures.py
benign_covariate,1111,0.05519353480898864,0.15,0.02,False,0.1629162916291629,31,t5-r01-20260922T102410Z,0.1422142214221422,seed=31|run_id=t5-r01-20260922T102410Z|producer=exec/figures.py
benign_covariate,1117,0.05463588310418993,0.15,0.02,False,0.1629364368845121,31,t5-r01-20260922T102410Z,0.1414503133393017,seed=31|run_id=t5-r01-20260922T102410Z|producer=exec/figures.py
benign_covariate,1123,0.054975293897905064,0.15,0.02,False,0.16295636687444345,31,t5-r01-20260922T102410Z,0.14158504007123776,seed=31|run_id=t5-r01-20260922T102410Z|producer=exec/figures.py
benign_covariate,1129,0.055311720608151746,0.15,0.02,False,0.1629760850310009,31,t5-r01-20260922T102410Z,0.141718334809566,seed=31|run_id=t5-r01-20260922T102410Z|producer=exec/figures.py
benign_covariate,1135,0.05564520580604189,0.15,0.02,False,0.16387665198237886,31,t5-r01-20260922T102410Z,0.14185022026431718,seed=31|run_id=t5-r01-20260922T102410Z|producer=exec/figures.py
benign_covariate,1141,0.05597579122815881,0.15,0.02,False,0.16476774758983348,31,t5-r01-20260922T102410Z,0.14198071866783524,seed=31|run_id=t5-r01-20260922T102410Z|producer=exec/figures.py
benign_covariate,1147,0.05804719696032429,0.15,0.02,False,0.16564952048823017,31,t5-r01-20260922T102410Z,0.14385353095030515,seed=31|run_id=t5-r01-20260922T102410Z|producer=exec/figures.py
benign_covariate,1153,0.05836303101981627,0.15,0.02,False,0.16565481352992195,31,t5-r01-20260922T102410Z,0.14397224631396358,seed=31|run_id=t5-r01-20260922T102410Z|producer=exec/figures.py
benign_covariate,1159,0.05781336688846529,0.15,0.02,False,0.16479723899913717,31,t5-r01-20260922T102410Z,0.14322691975841242,seed=31|run_id=t5-r01-20260922T102410Z|producer=exec/figures.py
benign_covariate,1165,0.058128310924580054,0.15,0.02,False,0.16394849785407725,31,t5-r01-20260922T102410Z,0.14334763948497853,seed=31|run_id=t5-r01-20260922T102410Z|producer=exec/figures.py
benign_covariate,1171,0.057586626626450615,0.15,0.02,False,0.16481639624252775,31,t5-r01-20260922T102410Z,0.1426131511528608,seed=31|run_id=t5-r01-20260922T102410Z|producer=exec/figures.py
benign_covariate,1177,0.05875026333641212,0.15,0.02,False,0.16567544604927784,31,t5-r01-20260922T102410Z,0.14358538657604078,seed=31|run_id=t5-r01-20260922T102410Z|producer=exec/figures.py
benign_covariate,1183,0.05905734391927801,0.15,0.02,False,0.16568047337278108,31,t5-r01-20260922T102410Z,0.1437024513947591,seed=31|run_id=t5-r01-20260922T102410Z|producer=exec/figures.py
benign_covariate,1189,0.05852083153547544,0.15,0.02,False,0.1648444070647603,31,t5-r01-20260922T102410Z,0.14297729184188393,seed=31|run_id=t5-r01-20260922T102410Z|producer=exec/figures.py
benign_covariate,1195,0.05799024913065838,0.15,0.02,False,0.16485355648535566,31,t5-r01-20260922T102410Z,0.14225941422594143,seed=31|run_id=t5-r01-20260922T102410Z|producer=exec/figures.py
benign_covariate,1201,0.057465503919823024,0.15,0.02,False,0.16402997502081598,31,t5-r01-20260922T102410Z,0.14154870940882597,seed=31|run_id=t5-r01-20260922T102410Z|producer=exec/figures.py
benign_covariate,1207,0.05694650501027544,0.15,0.02,False,0.1632145816072908,31,t5-r01-20260922T102410Z,0.14084507042253522,seed=31|run_id=t5-r01-20260922T102410Z|producer=exec/figures.py
benign_covariate,1213,0.058081967970678786,0.15,0.02,False,0.16323165704863973,31,t5-r01-20260922T102410Z,0.14179719703215168,seed=31|run_id=t5-r01-20260922T102410Z|producer=exec/figures.py
benign_covariate,1219,0.05756608079102467,0.15,0.02,False,0.162428219852338,31,t5-r01-20260922T102410Z,0.14109926168990977,seed=31|run_id=t5-r01-20260922T102410Z|producer=exec/figures.py
benign_covariate,1225,0.058688410679715586,0.15,0.02,False,0.16326530612244897,31,t5-r01-20260922T102410Z,0.14204081632653062,seed=31|run_id=t5-r01-20260922T102410Z|producer=exec/figures.py
benign_covariate,1231,0.0598003042443402,0.15,0.02,False,0.16409423233143786,31,t5-r01-20260922T102410Z,0.1429731925264013,seed=31|run_id=t5-r01-20260922T102410Z|producer=exec/figures.py
benign_covariate,1237,0.05928509494287015,0.15,0.02,False,0.16329830234438156,31,t5-r01-20260922T102410Z,0.14227970897332257,seed=31|run_id=t5-r01-20260922T102410Z|producer=exec/figures.py
benign_covariate,1243,0.061993372909576336,0.15,0.02,False,0.16411906677393404,31,t5-r01-20260922T102410Z,0.14481094127111827,seed=31|run_id=t5-r01-20260922T102410Z|producer=exec/figures.py
benign_covariate,1249,0.06147355525034935,0.15,0.02,False,0.1633306645316253,31,t5-r01-20260922T102410Z,0.14411529223378702,seed=31|run_id=t5-r01-20260922T102410Z|producer=exec/figures.py
benign_covariate,1255,0.061756001731953336,0.15,0.02,False,0.1641434262948207,31,t5-r01-20260922T102410Z,0.14422310756972112,seed=31|run_id=t5-r01-20260922T102410Z|producer=exec/figures.py
benign_covariate,1261,0.06203623581244143,0.15,0.02,False,0.1633624107850912,31,t5-r01-20260922T102410Z,0.14432989690721648,seed=31|run_id=t5-r01-20260922T102410Z|producer=exec/figures.py
benign_covariate,1267,0.061525019691241675,0.15,0.02,False,0.16258879242304658,31,t5-r01-20260922T102410Z,0.143646408839779,seed=31|run_id=t5-r01-20260922T102410Z|producer=exec/figures.py
benign_covariate,1273,0.06101908709546708,0.15,0.02,False,0.16182246661429694,31,t5-r01-20260922T102410Z,0.1429693637077769,seed=31|run_id=t5-r01-20260922T102410Z|producer=exec/figures.py
benign_covariate,1279,0.06051836052260544,0.15,0.02,False,0.16106333072713058,31,t5-r01-20260922T102410Z,0.1422986708365911,seed=31|run_id=t5-r01-20260922T102410Z|producer=exec/figures.py
benign_covariate,1285,0.060022763953464994,0.15,0.02,False,0.16108949416342414,31,t5-r01-20260922T102410Z,0.14163424124513618,seed=31|run_id=t5-r01-20260922T102410Z|producer=exec/figures.py
benign_covariate,1291,0.05953222281713401,0.15,0.02,False,0.1611154144074361,31,t5-r01-20260922T102410Z,0.1409759876065066,seed=31|run_id=t5-r01-20260922T102410Z|producer=exec/figures.py
benign_covariate,1297,0.05904666395692429,0.15,0.02,False,0.16037008481110254,31,t5-r01-20260922T102410Z,0.14032382420971473,seed=31|run_id=t5-r01-20260922T102410Z|producer=exec/figures.py
benign_covariate,1303,0.05856601559726729,0.15,0.02,False,0.15963161933998465,31,t5-r01-20260922T102410Z,0.13967766692248657,seed=31|run_id=t5-r01-20260922T102410Z|producer=exec/figures.py
benign_covariate,1309,0.058854149251944154,0.15,0.02,False,0.15966386554621848,31,t5-r01-20260922T102410Z,0.13980137509549273,seed=31|run_id=t5-r01-20260922T102410Z|producer=exec/figures.py
benign_covariate,1315,0.05837962626449643,0.15,0.02,False,0.15893536121673005,31,t5-r01-20260922T102410Z,0.1391634980988593,seed=31|run_id=t5-r01-20260922T102410Z|producer=exec/figures.py
benign_covariate,1321,0.05942384262612292,0.15,0.02,False,0.15897047691143074,31,t5-r01-20260922T102410Z,0.1400454201362604,seed=31|run_id=t5-r01-20260922T102410Z|producer=exec/figures.py
benign_covariate,1327,0.05895187672241535,0.15,0.02,False,0.15825169555388094,31,t5-r01-20260922T102410Z,0.13941220798794274,seed=31|run_id=t5-r01-20260922T102410Z|producer=exec/figures.py
benign_covariate,1333,0.059234762047183476,0.15,0.02,False,0.15753938484621155,31,t5-r01-20260922T102410Z,0.13953488372093023,seed=31|run_id=t5-r01-20260922T102410Z|producer=exec/figures.py
benign_covariate,1339,0.060262348551318096,0.15,0.02,False,0.1590739357729649,31,t5-r01-20260922T102410Z,0.140403286034354,seed=31|run_id=t5-r01-20260922T102410Z|producer=exec/figures.py
benign_covariate,1345,0.05979418405964845,0.15,0.02,False,0.1591078066914498,31,t5-r01-20260922T102410Z,0.13977695167286244,seed=31|run_id=t5-r01-20260922T102410Z|producer=exec/figures.py
benign_covariate,1351,0.06007077190468062,0.15,0.02,False,0.15840118430792005,31,t5-r01-20260922T102410Z,0.13989637305699482,seed=31|run_id=t5-r01-20260922T102410Z|producer=exec/figures.py
benign_covariate,1357,0.0603453110402154,0.15,0.02,False,0.15770081061164334,31,t5-r01-20260922T102410Z,0.1400147383935151,seed=31|run_id=t5-r01-20260922T102410Z|producer=exec/figures.py
benign_covariate,1363,0.05988415028256834,0.15,0.02,False,0.15700660308143802,31,t5-r01-20260922T102410Z,0.13939838591342626,seed=31|run_id=t5-r01-20260922T102410Z|producer=exec/figures.py
benign_covariate,1369,0.059427420526462826,0.15,0.02,False,0.15631848064280496,31,t5-r01-20260922T102410Z,0.13878743608473337,seed=31|run_id=t5-r01-20260922T102410Z|producer=exec/figures.py
benign_covariate,1375,0.05970233404473303,0.15,0.02,False,0.15563636363636363,31,t5-r01-20260922T102410Z,0.1389090909090909,seed=31|run_id=t5-r01-20260922T102410Z|producer=exec/figures.py
benign_covariate,1381,0.05925112623930977,0.15,0.02,False,0.1549601737871108,31,t5-r01-20260922T102410Z,0.13830557566980448,seed=31|run_id=t5-r01-20260922T102410Z|producer=exec/figures.py
benign_covariate,1387,0.058804198615692305,0.15,0.02,False,0.15428983417447728,31,t5-r01-20260922T102410Z,0.1377072819033886,seed=31|run_id=t5-r01-20260922T102410Z|producer=exec/figures.py
benign_covariate,1393,0.058361493525495536,0.15,0.02,False,0.15434314429289303,31,t5-r01-20260922T102410Z,0.13711414213926776,seed=31|run_id=t5-r01-20260922T102410Z|producer=exec/figures.py
benign_covariate,1399,0.05935254689990406,0.15,0.02,False,0.15511079342387418,31,t5-r01-20260922T102410Z,0.13795568263045033,seed=31|run_id=t5-r01-20260922T102410Z|producer=exec/figures.py
benign_covariate,1,-1.1832762558812695,0.15,0.02,False,0.0,32,t5-r01-20260922T102410Z,0.0,seed=32|run_id=t5-r01-20260922T102410Z|producer=exec/figures.py
benign_covariate,7,-0.5485237576174806,0.15,0.02,False,0.0,32,t5-r01-20260922T102410Z,0.14285714285714285,seed=32|run_id=t5-r01-20260922T102410Z|producer=exec/figures.py
benign_covariate,13,-0.4753513848880447,0.15,0.02,False,0.0,32,t5-r01-20260922T102410Z,0.07692307692307693,seed=32|run_id=t5-r01-20260922T102410Z|producer=exec/figures.py
benign_covariate,19,-0.37292320067375195,0.15,0.02,False,0.05263157894736842,32,t5-r01-20260922T102410Z,0.10526315789473684,seed=32|run_id=t5-r01-20260922T102410Z|producer=exec/figures.py
benign_covariate,25,-0.3498380403175408,0.15,0.02,False,0.04,32,t5-r01-20260922T102410Z,0.08,seed=32|run_id=t5-r01-20260922T102410Z|producer=exec/figures.py
benign_covariate,31,-0.29811778442164205,0.15,0.02,False,0.0967741935483871,32,t5-r01-20260922T102410Z,0.0967741935483871,seed=32|run_id=t5-r01-20260922T102410Z|producer=exec/figures.py
benign_covariate,37,-0.23287854742397768,0.15,0.02,False,0.16216216216216217,32,t5-r01-20260922T102410Z,0.13513513513513514,seed=32|run_id=t5-r01-20260922T102410Z|producer=exec/figures.py
benign_covariate,43,-0.20692034891267905,0.15,0.02,False,0.13953488372093023,32,t5-r01-20260922T102410Z,0.13953488372093023,seed=32|run_id=t5-r01-20260922T102410Z|producer=exec/figures.py
benign_covariate,49,-0.20618340592901072,0.15,0.02,False,0.14285714285714285,32,t5-r01-20260922T102410Z,0.12244897959183673,seed=32|run_id=t5-r01-20260922T102410Z|producer=exec/figures.py
benign_covariate,55,-0.20446569397564085,0.15,0.02,False,0.12727272727272726,32,t5-r01-20260922T102410Z,0.10909090909090909,seed=32|run_id=t5-r01-20260922T102410Z|producer=exec/figures.py
benign_covariate,61,-0.1858195761381814,0.15,0.02,False,0.13114754098360656,32,t5-r01-20260922T102410Z,0.11475409836065574,seed=32|run_id=t5-r01-20260922T102410Z|producer=exec/figures.py
benign_covariate,67,-0.18475284714817267,0.15,0.02,False,0.11940298507462686,32,t5-r01-20260922T102410Z,0.1044776119402985,seed=32|run_id=t5-r01-20260922T102410Z|producer=exec/figures.py
benign_covariate,73,-0.15591378642318754,0.15,0.02,False,0.136986301369863,32,t5-r01-20260922T102410Z,0.1232876712328767,seed=32|run_id=t5-r01-20260922T102410Z|producer=exec/figures.py
benign_covariate,79,-0.13100529248129525,0.15,0.02,False,0.13924050632911392,32,t5-r01-20260922T102410Z,0.13924050632911392,seed=32|run_id=t5-r01-20260922T102410Z|producer=exec/figures.py
benign_covariate,85,-0.1327689981326984,0.15,0.02,False,0.12941176470588237,32,t5-r01-20260922T102410Z,0.12941176470588237,seed=32|run_id=t5-r01-20260922T102410Z|producer=exec/figures.py
benign_covariate,91,-0.12299667185839905,0.15,0.02,False,0.13186813186813187,32,t5-r01-20260922T102410Z,0.13186813186813187,seed=32|run_id=t5-r01-20260922T102410Z|producer=exec/figures.py
benign_covariate,97,-0.1244749399382157,0.15,0.02,False,0.12371134020618557,32,t5-r01-20260922T102410Z,0.12371134020618557,seed=32|run_id=t5-r01-20260922T102410Z|producer=exec/figures.py
benign_covariate,103,-0.11584216011001935,0.15,0.02,False,0.1262135922330097,32,t5-r01-20260922T102410Z,0.1262135922330097,seed=32|run_id=t5-r01-20260922T102410Z|producer=exec/figures.py
benign_covariate,109,-0.08961159013499023,0.15,0.02,False,0.12844036697247707,32,t5-r01-20260922T102410Z,0.14678899082568808,seed=32|run_id=t5-r01-20260922T102410Z|producer=exec/figures.py
benign_covariate,115,-0.07463931570016794,0.15,0.02,False,0.13043478260869565,32,t5-r01-20260922T102410Z,0.1565217391304348,seed=32|run_id=t5-r01-20260922T102410Z|producer=exec/figures.py
benign_covariate,121,-0.052733841105463974,0.15,0.02,False,0.14049586776859505,32,t5-r01-20260922T102410Z,0.17355371900826447,seed=32|run_id=t5-r01-20260922T102410Z|producer=exec/figures.py
benign_covariate,127,-0.056384143753083565,0.15,0.02,False,0.13385826771653545,32,t5-r01-20260922T102410Z,0.16535433070866143,seed=32|run_id=t5-r01-20260922T102410Z|producer=exec/figures.py
benign_covariate,133,-0.05958383916530666,0.15,0.02,False,0.14285714285714285,32,t5-r01-20260922T102410Z,0.15789473684210525,seed=32|run_id=t5-r01-20260922T102410Z|producer=exec/figures.py
benign_covariate,139,-0.062398687724443985,0.15,0.02,False,0.14388489208633093,32,t5-r01-20260922T102410Z,0.1510791366906475,seed=32|run_id=t5-r01-20260922T102410Z|producer=exec/figures.py
benign_covariate,145,-0.05108972546041385,0.15,0.02,False,0.15172413793103448,32,t5-r01-20260922T102410Z,0.15862068965517243,seed=32|run_id=t5-r01-20260922T102410Z|producer=exec/figures.py
benign_covariate,151,-0.04721363967898351,0.15,0.02,False,0.152317880794702,32,t5-r01-20260922T102410Z,0.15894039735099338,seed=32|run_id=t5-r01-20260922T102410Z|producer=exec/figures.py
benign_covariate,157,-0.0435536150744909,0.15,0.02,False,0.15286624203821655,32,t5-r01-20260922T102410Z,0.1592356687898089,seed=32|run_id=t5-r01-20260922T102410Z|producer=exec/figures.py
benign_covariate,163,-0.04008998024315927,0.15,0.02,False,0.15337423312883436,32,t5-r01-20260922T102410Z,0.15950920245398773,seed=32|run_id=t5-r01-20260922T102410Z|producer=exec/figures.py
benign_covariate,169,-0.03680549953172363,0.15,0.02,False,0.15976331360946747,32,t5-r01-20260922T102410Z,0.15976331360946747,seed=32|run_id=t5-r01-20260922T102410Z|producer=exec/figures.py
benign_covariate,175,-0.03939928287139144,0.15,0.02,False,0.1657142857142857,32,t5-r01-20260922T102410Z,0.15428571428571428,seed=32|run_id=t5-r01-20260922T102410Z|producer=exec/figures.py
benign_covariate,181,-0.03623991190091094,0.15,0.02,False,0.16022099447513813,32,t5-r01-20260922T102410Z,0.15469613259668508,seed=32|run_id=t5-r01-20260922T102410Z|producer=exec/figures.py
benign_covariate,187,-0.03323132843076407,0.15,0.02,False,0.1657754010695187,32,t5-r01-20260922T102410Z,0.15508021390374332,seed=32|run_id=t5-r01-20260922T102410Z|producer=exec/figures.py
benign_covariate,193,-0.025180418603209298,0.15,0.02,False,0.16580310880829016,32,t5-r01-20260922T102410Z,0.16062176165803108,seed=32|run_id=t5-r01-20260922T102410Z|producer=exec/figures.py
benign_covariate,199,-0.022595583731438745,0.15,0.02,False,0.1658291457286432,32,t5-r01-20260922T102410Z,0.16080402010050251,seed=32|run_id=t5-r01-20260922T102410Z|producer=exec/figures.py
benign_covariate,205,-0.01036458396588752,0.15,0.02,False,0.17073170731707318,32,t5-r01-20260922T102410Z,0.17073170731707318,seed=32|run_id=t5-r01-20260922T102410Z|producer=exec/figures.py
benign_covariate,211,-0.013008671959690327,0.15,0.02,False,0.16587677725118483,32,t5-r01-20260922T102410Z,0.16587677725118483,seed=32|run_id=t5-r01-20260922T102410Z|producer=exec/figures.py
benign_covariate,217,-0.010862306335957722,0.15,0.02,False,0.16129032258064516,32,t5-r01-20260922T102410Z,0.16589861751152074,seed=32|run_id=t5-r01-20260922T102410Z|producer=exec/figures.py
benign_covariate,223,-0.013282147663674942,0.15,0.02,False,0.15695067264573992,32,t5-r01-20260922T102410Z,0.16143497757847533,seed=32|run_id=t5-r01-20260922T102410Z|producer=exec/figures.py
benign_covariate,229,-0.011176909782543987,0.15,0.02,False,0.15283842794759825,32,t5-r01-20260922T102410Z,0.1615720524017467,seed=32|run_id=t5-r01-20260922T102410Z|producer=exec/figures.py
benign_covariate,235,-0.0006390201511449201,0.15,0.02,False,0.1574468085106383,32,t5-r01-20260922T102410Z,0.1702127659574468,seed=32|run_id=t5-r01-20260922T102410Z|producer=exec/figures.py
benign_covariate,241,-0.0030462388156654863,0.15,0.02,False,0.15352697095435686,32,t5-r01-20260922T102410Z,0.16597510373443983,seed=32|run_id=t5-r01-20260922T102410Z|producer=exec/figures.py
benign_covariate,247,-0.0012618261399971742,0.15,0.02,False,0.15384615384615385,32,t5-r01-20260922T102410Z,0.1659919028340081,seed=32|run_id=t5-r01-20260922T102410Z|producer=exec/figures.py
benign_covariate,253,0.0004625471269172621,0.15,0.02,False,0.15019762845849802,32,t5-r01-20260922T102410Z,0.16600790513833993,seed=32|run_id=t5-r01-20260922T102410Z|producer=exec/figures.py
benign_covariate,259,-0.0017307631368197185,0.15,0.02,False,0.14671814671814673,32,t5-r01-20260922T102410Z,0.16216216216216217,seed=32|run_id=t5-r01-20260922T102410Z|producer=exec/figures.py
benign_covariate,265,-2.923031085635963e-05,0.15,0.02,False,0.1471698113207547,32,t5-r01-20260922T102410Z,0.16226415094339622,seed=32|run_id=t5-r01-20260922T102410Z|producer=exec/figures.py
benign_covariate,271,-0.002072319512992832,0.15,0.02,False,0.14391143911439114,32,t5-r01-20260922T102410Z,0.15867158671586715,seed=32|run_id=t5-r01-20260922T102410Z|producer=exec/figures.py
benign_covariate,277,-0.0003971232276118175,0.15,0.02,False,0.148014440433213,32,t5-r01-20260922T102410Z,0.1588447653429603,seed=32|run_id=t5-r01-20260922T102410Z|producer=exec/figures.py
benign_covariate,283,0.0012256955074272935,0.15,0.02,False,0.14840989399293286,32,t5-r01-20260922T102410Z,0.15901060070671377,seed=32|run_id=t5-r01-20260922T102410Z|producer=exec/figures.py
benign_covariate,289,-0.0006613618020413214,0.15,0.02,False,0.1453287197231834,32,t5-r01-20260922T102410Z,0.15570934256055363,seed=32|run_id=t5-r01-20260922T102410Z|producer=exec/figures.py
benign_covariate,295,0.0043248436113357824,0.15,0.02,False,0.14915254237288136,32,t5-r01-20260922T102410Z,0.15932203389830507,seed=32|run_id=t5-r01-20260922T102410Z|producer=exec/figures.py
benign_covariate,301,0.0024837699194603657,0.15,0.02,False,0.1461794019933555,32,t5-r01-20260922T102410Z,0.15614617940199335,seed=32|run_id=t5-r01-20260922T102410Z|producer=exec/figures.py
benign_covariate,307,0.003987253036524696,0.15,0.02,False,0.1465798045602606,32,t5-r01-20260922T102410Z,0.1563517915309446,seed=32|run_id=t5-r01-20260922T102410Z|producer=exec/figures.py
benign_covariate,313,0.0022527596647524684,0.15,0.02,False,0.14696485623003194,32,t5-r01-20260922T102410Z,0.15335463258785942,seed=32|run_id=t5-r01-20260922T102410Z|producer=exec/figures.py
benign_covariate,319,0.00686699435137611,0.15,0.02,False,0.14420062695924765,32,t5-r01-20260922T102410Z,0.15673981191222572,seed=32|run_id=t5-r01-20260922T102410Z|producer=exec/figures.py
benign_covariate,325,0.008247199410827716,0.15,0.02,False,0.14153846153846153,32,t5-r01-20260922T102410Z,0.15692307692307692,seed=32|run_id=t5-r01-20260922T102410Z|producer=exec/figures.py
benign_covariate,331,0.006568899664245675,0.15,0.02,False,0.1419939577039275,32,t5-r01-20260922T102410Z,0.1540785498489426,seed=32|run_id=t5-r01-20260922T102410Z|producer=exec/figures.py
benign_covariate,337,0.007929852573642149,0.15,0.02,False,0.142433234421365,32,t5-r01-20260922T102410Z,0.1543026706231454,seed=32|run_id=t5-r01-20260922T102410Z|producer=exec/figures.py
benign_covariate,343,0.0063393564549028,0.15,0.02,False,0.13994169096209913,32,t5-r01-20260922T102410Z,0.15160349854227406,seed=32|run_id=t5-r01-20260922T102410Z|producer=exec/figures.py
benign_covariate,349,0.004814678827624069,0.15,0.02,False,0.14326647564469913,32,t5-r01-20260922T102410Z,0.1489971346704871,seed=32|run_id=t5-r01-20260922T102410Z|producer=exec/figures.py
benign_covariate,355,0.0033522132174963193,0.15,0.02,False,0.14366197183098592,32,t5-r01-20260922T102410Z,0.14647887323943662,seed=32|run_id=t5-r01-20260922T102410Z|producer=exec/figures.py
benign_covariate,361,0.007488769959853869,0.15,0.02,False,0.14958448753462603,32,t5-r01-20260922T102410Z,0.14958448753462603,seed=32|run_id=t5-r01-20260922T102410Z|producer=exec/figures.py
benign_covariate,367,0.00877511100498271,0.15,0.02,False,0.14986376021798364,32,t5-r01-20260922T102410Z,0.14986376021798364,seed=32|run_id=t5-r01-20260922T102410Z|producer=exec/figures.py
benign_covariate,373,0.007348553793209506,0.15,0.02,False,0.15281501340482573,32,t5-r01-20260922T102410Z,0.14745308310991956,seed=32|run_id=t5-r01-20260922T102410Z|producer=exec/figures.py
benign_covariate,379,0.00861477374509284,0.15,0.02,False,0.1503957783641161,32,t5-r01-20260922T102410Z,0.14775725593667546,seed=32|run_id=t5-r01-20260922T102410Z|producer=exec/figures.py
benign_covariate,385,0.007252866813245329,0.15,0.02,False,0.14805194805194805,32,t5-r01-20260922T102410Z,0.14545454545454545,seed=32|run_id=t5-r01-20260922T102410Z|producer=exec/figures.py
benign_covariate,391,0.008498718326693744,0.15,0.02,False,0.1483375959079284,32,t5-r01-20260922T102410Z,0.14578005115089515,seed=32|run_id=t5-r01-20260922T102410Z|producer=exec/figures.py
benign_covariate,397,0.007196126829785043,0.15,0.02,False,0.1486146095717884,32,t5-r01-20260922T102410Z,0.14357682619647355,seed=32|run_id=t5-r01-20260922T102410Z|producer=exec/figures.py
benign_covariate,403,0.005940135246435357,0.15,0.02,False,0.1488833746898263,32,t5-r01-20260922T102410Z,0.141439205955335,seed=32|run_id=t5-r01-20260922T102410Z|producer=exec/figures.py
benign_covariate,409,0.0047285285176560665,0.15,0.02,False,0.1491442542787286,32,t5-r01-20260922T102410Z,0.1393643031784841,seed=32|run_id=t5-r01-20260922T102410Z|producer=exec/figures.py
benign_covariate,415,0.005968863995176821,0.15,0.02,False,0.1493975903614458,32,t5-r01-20260922T102410Z,0.13975903614457832,seed=32|run_id=t5-r01-20260922T102410Z|producer=exec/figures.py
benign_covariate,421,0.004805565763519176,0.15,0.02,False,0.14726840855106887,32,t5-r01-20260922T102410Z,0.1377672209026128,seed=32|run_id=t5-r01-20260922T102410Z|producer=exec/figures.py
benign_covariate,427,0.003681737022570186,0.15,0.02,False,0.14754098360655737,32,t5-r01-20260922T102410Z,0.1358313817330211,seed=32|run_id=t5-r01-20260922T102410Z|producer=exec/figures.py
benign_covariate,433,0.004905071225560748,0.15,0.02,False,0.14780600461893764,32,t5-r01-20260922T102410Z,0.13625866050808313,seed=32|run_id=t5-r01-20260922T102410Z|producer=exec/figures.py
benign_covariate,439,0.006101296714497578,0.15,0.02,False,0.14578587699316628,32,t5-r01-20260922T102410Z,0.1366742596810934,seed=32|run_id=t5-r01-20260922T102410Z|producer=exec/figures.py
benign_covariate,445,0.005024196634254574,0.15,0.02,False,0.14831460674157304,32,t5-r01-20260922T102410Z,0.1348314606741573,seed=32|run_id=t5-r01-20260922T102410Z|producer=exec/figures.py
benign_covariate,451,0.00398168048423303,0.15,0.02,False,0.14634146341463414,32,t5-r01-20260922T102410Z,0.13303769401330376,seed=32|run_id=t5-r01-20260922T102410Z|producer=exec/figures.py
benign_covariate,457,0.005160458359733722,0.15,0.02,False,0.14660831509846828,32,t5-r01-20260922T102410Z,0.13347921225382933,seed=32|run_id=t5-r01-20260922T102410Z|producer=exec/figures.py
benign_covariate,463,0.004154412238705718,0.15,0.02,False,0.1447084233261339,32,t5-r01-20260922T102410Z,0.13174946004319654,seed=32|run_id=t5-r01-20260922T102410Z|producer=exec/figures.py
benign_covariate,469,0.005311685046846315,0.15,0.02,False,0.14285714285714285,32,t5-r01-20260922T102410Z,0.13219616204690832,seed=32|run_id=t5-r01-20260922T102410Z|producer=exec/figures.py
benign_covariate,475,0.00644493771790744,0.15,0.02,False,0.1431578947368421,32,t5-r01-20260922T102410Z,0.13263157894736843,seed=32|run_id=t5-r01-20260922T102410Z|producer=exec/figures.py
benign_covariate,481,0.005475973716825205,0.15,0.02,False,0.14345114345114346,32,t5-r01-20260922T102410Z,0.13097713097713098,seed=32|run_id=t5-r01-20260922T102410Z|producer=exec/figures.py
benign_covariate,487,0.006589179827121719,0.15,0.02,False,0.1437371663244353,32,t5-r01-20260922T102410Z,0.13141683778234087,seed=32|run_id=t5-r01-20260922T102410Z|producer=exec/figures.py
benign_covariate,493,0.011736845508186947,0.15,0.02,False,0.1440162271805274,32,t5-r01-20260922T102410Z,0.1359026369168357,seed=32|run_id=t5-r01-20260922T102410Z|producer=exec/figures.py
benign_covariate,499,0.010753316934360713,0.15,0.02,False,0.14428857715430862,32,t5-r01-20260922T102410Z,0.1342685370741483,seed=32|run_id=t5-r01-20260922T102410Z|producer=exec/figures.py
benign_covariate,505,0.009797646989406675,0.15,0.02,False,0.14257425742574256,32,t5-r01-20260922T102410Z,0.13267326732673268,seed=32|run_id=t5-r01-20260922T102410Z|producer=exec/figures.py
benign_covariate,511,0.008868778730445032,0.15,0.02,False,0.14285714285714285,32,t5-r01-20260922T102410Z,0.13111545988258316,seed=32|run_id=t5-r01-20260922T102410Z|producer=exec/figures.py
benign_covariate,517,0.009899942387324182,0.15,0.02,False,0.14119922630560927,32,t5-r01-20260922T102410Z,0.13152804642166344,seed=32|run_id=t5-r01-20260922T102410Z|producer=exec/figures.py
benign_covariate,523,0.008999518347436536,0.15,0.02,False,0.14149139579349904,32,t5-r01-20260922T102410Z,0.13001912045889102,seed=32|run_id=t5-r01-20260922T102410Z|producer=exec/figures.py
benign_covariate,529,0.011904242172225632,0.15,0.02,False,0.14366729678638943,32,t5-r01-20260922T102410Z,0.1323251417769376,seed=32|run_id=t5-r01-20260922T102410Z|producer=exec/figures.py
benign_covariate,535,0.011009390214604411,0.15,0.02,False,0.14579439252336449,32,t5-r01-20260922T102410Z,0.1308411214953271,seed=32|run_id=t5-r01-20260922T102410Z|producer=exec/figures.py
benign_covariate,541,0.010138176548255537,0.15,0.02,False,0.14417744916820702,32,t5-r01-20260922T102410Z,0.12939001848428835,seed=32|run_id=t5-r01-20260922T102410Z|producer=exec/figures.py
benign_covariate,547,0.011117917195621357,0.15,0.02,False,0.14442413162705667,32,t5-r01-20260922T102410Z,0.12979890310786105,seed=32|run_id=t5-r01-20260922T102410Z|producer=exec/figures.py
benign_covariate,553,0.010271670105479996,0.15,0.02,False,0.14285714285714285,32,t5-r01-20260922T102410Z,0.12839059674502712,seed=32|run_id=t5-r01-20260922T102410Z|producer=exec/figures.py
benign_covariate,559,0.011235994920207215,0.15,0.02,False,0.1449016100178891,32,t5-r01-20260922T102410Z,0.12880143112701253,seed=32|run_id=t5-r01-20260922T102410Z|producer=exec/figures.py
benign_covariate,565,0.013953156371199829,0.15,0.02,False,0.14513274336283186,32,t5-r01-20260922T102410Z,0.13097345132743363,seed=32|run_id=t5-r01-20260922T102410Z|producer=exec/figures.py
benign_covariate,571,0.016616533767485273,0.15,0.02,False,0.15061295971978983,32,t5-r01-20260922T102410Z,0.1330998248686515,seed=32|run_id=t5-r01-20260922T102410Z|producer=exec/figures.py
benign_covariate,577,0.015761550865218826,0.15,0.02,False,0.14904679376083188,32,t5-r01-20260922T102410Z,0.1317157712305026,seed=32|run_id=t5-r01-20260922T102410Z|producer=exec/figures.py
benign_covariate,583,0.014927320189983287,0.15,0.02,False,0.14922813036020582,32,t5-r01-20260922T102410Z,0.13036020583190394,seed=32|run_id=t5-r01-20260922T102410Z|producer=exec/figures.py
benign_covariate,589,0.014113161392384,0.15,0.02,False,0.14770797962648557,32,t5-r01-20260922T102410Z,0.12903225806451613,seed=32|run_id=t5-r01-20260922T102410Z|producer=exec/figures.py
benign_covariate,595,0.014999094965569407,0.15,0.02,False,0.146218487394958,32,t5-r01-20260922T102410Z,0.12941176470588237,seed=32|run_id=t5-r01-20260922T102410Z|producer=exec/figures.py
benign_covariate,601,0.01420637294653418,0.15,0.02,False,0.1447587354409318,32,t5-r01-20260922T102410Z,0.1281198003327787,seed=32|run_id=t5-r01-20260922T102410Z|producer=exec/figures.py
benign_covariate,607,0.015079625590699086,0.15,0.02,False,0.14497528830313014,32,t5-r01-20260922T102410Z,0.128500823723229,seed=32|run_id=t5-r01-20260922T102410Z|producer=exec/figures.py
benign_covariate,613,0.01756989339834343,0.15,0.02,False,0.14845024469820556,32,t5-r01-20260922T102410Z,0.13050570962479607,seed=32|run_id=t5-r01-20260922T102410Z|producer=exec/figures.py
benign_covariate,619,0.016783589428546186,0.15,0.02,False,0.14862681744749595,32,t5-r01-20260922T102410Z,0.12924071082390953,seed=32|run_id=t5-r01-20260922T102410Z|producer=exec/figures.py
benign_covariate,625,0.017615041385237465,0.15,0.02,False,0.1488,32,t5-r01-20260922T102410Z,0.1296,seed=32|run_id=t5-r01-20260922T102410Z|producer=exec/figures.py
benign_covariate,631,0.018433278530077285,0.15,0.02,False,0.15055467511885895,32,t5-r01-20260922T102410Z,0.12995245641838352,seed=32|run_id=t5-r01-20260922T102410Z|producer=exec/figures.py
benign_covariate,637,0.019238639116400752,0.15,0.02,False,0.15070643642072212,32,t5-r01-20260922T102410Z,0.130298273155416,seed=32|run_id=t5-r01-20260922T102410Z|producer=exec/figures.py
benign_covariate,643,0.020031449569852783,0.15,0.02,False,0.14930015552099535,32,t5-r01-20260922T102410Z,0.13063763608087092,seed=32|run_id=t5-r01-20260922T102410Z|producer=exec/figures.py
benign_covariate,649,0.02235285705916558,0.15,0.02,False,0.1510015408320493,32,t5-r01-20260922T102410Z,0.1325115562403698,seed=32|run_id=t5-r01-20260922T102410Z|producer=exec/figures.py
benign_covariate,655,0.021580669743458722,0.15,0.02,False,0.15114503816793892,32,t5-r01-20260922T102410Z,0.13129770992366413,seed=32|run_id=t5-r01-20260922T102410Z|producer=exec/figures.py
benign_covariate,661,0.022337677733206884,0.15,0.02,False,0.15431164901664146,32,t5-r01-20260922T102410Z,0.13161875945537066,seed=32|run_id=t5-r01-20260922T102410Z|producer=exec/figures.py
benign_covariate,667,0.024582583415541356,0.15,0.02,False,0.15442278860569716,32,t5-r01-20260922T102410Z,0.13343328335832083,seed=32|run_id=t5-r01-20260922T102410Z|producer=exec/figures.py
benign_covariate,673,0.025303794348445346,0.15,0.02,False,0.15601783060921248,32,t5-r01-20260922T102410Z,0.1337295690936107,seed=32|run_id=t5-r01-20260922T102410Z|producer=exec/figures.py
benign_covariate,679,0.024541674853560694,0.15,0.02,False,0.1561119293078056,32,t5-r01-20260922T102410Z,0.1325478645066274,seed=32|run_id=t5-r01-20260922T102410Z|producer=exec/figures.py
benign_covariate,685,0.023795029642835558,0.15,0.02,False,0.15474452554744525,32,t5-r01-20260922T102410Z,0.13138686131386862,seed=32|run_id=t5-r01-20260922T102410Z|producer=exec/figures.py
benign_covariate,691,0.024510607112231464,0.15,0.02,False,0.15340086830680175,32,t5-r01-20260922T102410Z,0.1316931982633864,seed=32|run_id=t5-r01-20260922T102410Z|producer=exec/figures.py
benign_covariate,697,0.023781179223522672,0.15,0.02,False,0.15351506456241032,32,t5-r01-20260922T102410Z,0.13055954088952654,seed=32|run_id=t5-r01-20260922T102410Z|producer=exec/figures.py
benign_covariate,703,0.02448866992764187,0.15,0.02,False,0.15220483641536273,32,t5-r01-20260922T102410Z,0.13086770981507823,seed=32|run_id=t5-r01-20260922T102410Z|producer=exec/figures.py
benign_covariate,709,0.02377570019901376,0.15,0.02,False,0.15091678420310295,32,t5-r01-20260922T102410Z,0.12976022566995768,seed=32|run_id=t5-r01-20260922T102410Z|producer=exec/figures.py
benign_covariate,715,0.025873810523280333,0.15,0.02,False,0.15104895104895105,32,t5-r01-20260922T102410Z,0.13146853146853146,seed=32|run_id=t5-r01-20260922T102410Z|producer=exec/figures.py
benign_covariate,721,0.025164948282161245,0.15,0.02,False,0.14979195561719832,32,t5-r01-20260922T102410Z,0.130374479889043,seed=32|run_id=t5-r01-20260922T102410Z|producer=exec/figures.py
benign_covariate,727,0.024469621513169323,0.15,0.02,False,0.1499312242090784,32,t5-r01-20260922T102410Z,0.12929848693259974,seed=32|run_id=t5-r01-20260922T102410Z|producer=exec/figures.py
benign_covariate,733,0.02378747622322537,0.15,0.02,False,0.14870395634379263,32,t5-r01-20260922T102410Z,0.12824010914051842,seed=32|run_id=t5-r01-20260922T102410Z|producer=exec/figures.py
benign_covariate,739,0.024471350315333942,0.15,0.02,False,0.14749661705006767,32,t5-r01-20260922T102410Z,0.12855209742895804,seed=32|run_id=t5-r01-20260922T102410Z|producer=exec/figures.py
benign_covariate,745,0.02514593699038198,0.15,0.02,False,0.14630872483221477,32,t5-r01-20260922T102410Z,0.12885906040268458,seed=32|run_id=t5-r01-20260922T102410Z|producer=exec/figures.py
benign_covariate,751,0.025811438984953472,0.15,0.02,False,0.14513981358189082,32,t5-r01-20260922T102410Z,0.12916111850865514,seed=32|run_id=t5-r01-20260922T102410Z|producer=exec/figures.py
benign_covariate,757,0.02514704902808476,0.15,0.02,False,0.1453104359313078,32,t5-r01-20260922T102410Z,0.12813738441215325,seed=32|run_id=t5-r01-20260922T102410Z|producer=exec/figures.py
benign_covariate,763,0.028426585873174218,0.15,0.02,False,0.14809960681520315,32,t5-r01-20260922T102410Z,0.1310615989515072,seed=32|run_id=t5-r01-20260922T102410Z|producer=exec/figures.py
benign_covariate,769,0.027755374937337735,0.15,0.02,False,0.1482444733420026,32,t5-r01-20260922T102410Z,0.13003901170351106,seed=32|run_id=t5-r01-20260922T102410Z|producer=exec/figures.py
benign_covariate,775,0.027096125453338768,0.15,0.02,False,0.14838709677419354,32,t5-r01-20260922T102410Z,0.12903225806451613,seed=32|run_id=t5-r01-20260922T102410Z|producer=exec/figures.py
benign_covariate,781,0.026448544398448542,0.15,0.02,False,0.147247119078105,32,t5-r01-20260922T102410Z,0.12804097311139565,seed=32|run_id=t5-r01-20260922T102410Z|producer=exec/figures.py
benign_covariate,787,0.027082996038048104,0.15,0.02,False,0.14866581956797967,32,t5-r01-20260922T102410Z,0.12833545108005082,seed=32|run_id=t5-r01-20260922T102410Z|producer=exec/figures.py
benign_covariate,793,0.027709329510417588,0.15,0.02,False,0.15006305170239598,32,t5-r01-20260922T102410Z,0.12862547288776796,seed=32|run_id=t5-r01-20260922T102410Z|producer=exec/figures.py
benign_covariate,799,0.027076147221499522,0.15,0.02,False,0.14893617021276595,32,t5-r01-20260922T102410Z,0.1276595744680851,seed=32|run_id=t5-r01-20260922T102410Z|producer=exec/figures.py
benign_covariate,805,0.028938304715439775,0.15,0.02,False,0.14782608695652175,32,t5-r01-20260922T102410Z,0.12919254658385093,seed=32|run_id=t5-r01-20260922T102410Z|producer=exec/figures.py
benign_covariate,811,0.028308220662100855,0.15,0.02,False,0.1467324290998767,32,t5-r01-20260922T102410Z,0.1282367447595561,seed=32|run_id=t5-r01-20260922T102410Z|producer=exec/figures.py
benign_covariate,817,0.03013674968502246,0.15,0.02,False,0.1456548347613219,32,t5-r01-20260922T102410Z,0.12974296205630356,seed=32|run_id=t5-r01-20260922T102410Z|producer=exec/figures.py
benign_covariate,823,0.02950983718012469,0.15,0.02,False,0.14580801944106925,32,t5-r01-20260922T102410Z,0.12879708383961117,seed=32|run_id=t5-r01-20260922T102410Z|producer=exec/figures.py
benign_covariate,829,0.03130587428725515,0.15,0.02,False,0.1471652593486128,32,t5-r01-20260922T102410Z,0.13027744270205066,seed=32|run_id=t5-r01-20260922T102410Z|producer=exec/figures.py
benign_covariate,835,0.03068219683921798,0.15,0.02,False,0.14850299401197606,32,t5-r01-20260922T102410Z,0.12934131736526946,seed=32|run_id=t5-r01-20260922T102410Z|producer=exec/figures.py
benign_covariate,841,0.030068702072993184,0.15,0.02,False,0.14744351961950058,32,t5-r01-20260922T102410Z,0.12841854934601665,seed=32|run_id=t5-r01-20260922T102410Z|producer=exec/figures.py
benign_covariate,847,0.030645798042911274,0.15,0.02,False,0.14757969303423848,32,t5-r01-20260922T102410Z,0.12868949232585597,seed=32|run_id=t5-r01-20260922T102410Z|producer=exec/figures.py
benign_covariate,853,0.03238834813497683,0.15,0.02,False,0.1477139507620164,32,t5-r01-20260922T102410Z,0.13012895662368112,seed=32|run_id=t5-r01-20260922T102410Z|producer=exec/figures.py
benign_covariate,859,0.03294362954816804,0.15,0.02,False,0.14668218859138532,32,t5-r01-20260922T102410Z,0.13038416763678695,seed=32|run_id=t5-r01-20260922T102410Z|producer=exec/figures.py
benign_covariate,865,0.034648475006737484,0.15,0.02,False,0.14682080924855492,32,t5-r01-20260922T102410Z,0.13179190751445086,seed=32|run_id=t5-r01-20260922T102410Z|producer=exec/figures.py
benign_covariate,871,0.03403479897135825,0.15,0.02,False,0.14580941446613088,32,t5-r01-20260922T102410Z,0.13088404133180254,seed=32|run_id=t5-r01-20260922T102410Z|producer=exec/figures.py
benign_covariate,877,0.033430678076645085,0.15,0.02,False,0.14481185860889395,32,t5-r01-20260922T102410Z,0.12998859749144812,seed=32|run_id=t5-r01-20260922T102410Z|producer=exec/figures.py
benign_covariate,883,0.033968409036825714,0.15,0.02,False,0.14722536806342015,32,t5-r01-20260922T102410Z,0.13023782559456398,seed=32|run_id=t5-r01-20260922T102410Z|producer=exec/figures.py
benign_covariate,889,0.03450000177696687,0.15,0.02,False,0.14735658042744657,32,t5-r01-20260922T102410Z,0.13048368953880765,seed=32|run_id=t5-r01-20260922T102410Z|producer=exec/figures.py
benign_covariate,895,0.0339082504942497,0.15,0.02,False,0.1463687150837989,32,t5-r01-20260922T102410Z,0.12960893854748604,seed=32|run_id=t5-r01-20260922T102410Z|producer=exec/figures.py
benign_covariate,901,0.03443534239061878,0.15,0.02,False,0.146503884572697,32,t5-r01-20260922T102410Z,0.12985571587125416,seed=32|run_id=t5-r01-20260922T102410Z|producer=exec/figures.py
benign_covariate,907,0.033853991307012624,0.15,0.02,False,0.14553472987872107,32,t5-r01-20260922T102410Z,0.12899669239250275,seed=32|run_id=t5-r01-20260922T102410Z|producer=exec/figures.py
benign_covariate,913,0.035471911104881654,0.15,0.02,False,0.1456736035049288,32,t5-r01-20260922T102410Z,0.1303395399780942,seed=32|run_id=t5-r01-20260922T102410Z|producer=exec/figures.py
benign_covariate,919,0.03598159803395991,0.15,0.02,False,0.1458106637649619,32,t5-r01-20260922T102410Z,0.1305767138193689,seed=32|run_id=t5-r01-20260922T102410Z|producer=exec/figures.py
benign_covariate,925,0.03540460805664071,0.15,0.02,False,0.14594594594594595,32,t5-r01-20260922T102410Z,0.12972972972972974,seed=32|run_id=t5-r01-20260922T102410Z|producer=exec/figures.py
benign_covariate,931,0.03483605545744081,0.15,0.02,False,0.14500537056928034,32,t5-r01-20260922T102410Z,0.1288936627282492,seed=32|run_id=t5-r01-20260922T102410Z|producer=exec/figures.py
benign_covariate,937,0.035343004782401335,0.15,0.02,False,0.144076840981857,32,t5-r01-20260922T102410Z,0.12913553895410887,seed=32|run_id=t5-r01-20260922T102410Z|producer=exec/figures.py
benign_covariate,943,0.03584447241822354,0.15,0.02,False,0.14528101802757157,32,t5-r01-20260922T102410Z,0.12937433722163308,seed=32|run_id=t5-r01-20260922T102410Z|producer=exec/figures.py
benign_covariate,949,0.036340553506743575,0.15,0.02,False,0.1464699683877766,32,t5-r01-20260922T102410Z,0.12961011591148577,seed=32|run_id=t5-r01-20260922T102410Z|producer=exec/figures.py
benign_covariate,955,0.037878461352769344,0.15,0.02,False,0.14659685863874344,32,t5-r01-20260922T102410Z,0.13089005235602094,seed=32|run_id=t5-r01-20260922T102410Z|producer=exec/figures.py
benign_covariate,961,0.037316925397368,0.15,0.02,False,0.14568158168574402,32,t5-r01-20260922T102410Z,0.13007284079084286,seed=32|run_id=t5-r01-20260922T102410Z|producer=exec/figures.py
benign_covariate,967,0.03779739547144112,0.15,0.02,False,0.14581178903826267,32,t5-r01-20260922T102410Z,0.13029989658738367,seed=32|run_id=t5-r01-20260922T102410Z|producer=exec/figures.py
benign_covariate,973,0.03724508844081638,0.15,0.02,False,0.144912641315519,32,t5-r01-20260922T102410Z,0.12949640287769784,seed=32|run_id=t5-r01-20260922T102410Z|producer=exec/figures.py
benign_covariate,979,0.036700435587650695,0.15,0.02,False,0.14504596527068436,32,t5-r01-20260922T102410Z,0.12870275791624106,seed=32|run_id=t5-r01-20260922T102410Z|producer=exec/figures.py
benign_covariate,985,0.036163289275425795,0.15,0.02,False,0.14416243654822336,32,t5-r01-20260922T102410Z,0.12791878172588833,seed=32|run_id=t5-r01-20260922T102410Z|producer=exec/figures.py
benign_covariate,991,0.03664258729318434,0.15,0.02,False,0.1432896064581231,32,t5-r01-20260922T102410Z,0.12815338042381433,seed=32|run_id=t5-r01-20260922T102410Z|producer=exec/figures.py
benign_covariate,997,0.037116962118193986,0.15,0.02,False,0.14343029087261785,32,t5-r01-20260922T102410Z,0.1283851554663992,seed=32|run_id=t5-r01-20260922T102410Z|producer=exec/figures.py
benign_covariate,1003,0.03758649481131994,0.15,0.02,False,0.14257228315054835,32,t5-r01-20260922T102410Z,0.12861415752741776,seed=32|run_id=t5-r01-20260922T102410Z|producer=exec/figures.py
benign_covariate,1009,0.03706018433343572,0.15,0.02,False,0.14172447968285432,32,t5-r01-20260922T102410Z,0.1278493557978196,seed=32|run_id=t5-r01-20260922T102410Z|producer=exec/figures.py
benign_covariate,1015,0.03654090563490586,0.15,0.02,False,0.14088669950738916,32,t5-r01-20260922T102410Z,0.1270935960591133,seed=32|run_id=t5-r01-20260922T102410Z|producer=exec/figures.py
benign_covariate,1021,0.036028527890842876,0.15,0.02,False,0.14005876591576885,32,t5-r01-20260922T102410Z,0.12634671890303623,seed=32|run_id=t5-r01-20260922T102410Z|producer=exec/figures.py
benign_covariate,1027,0.03747034310012841,0.15,0.02,False,0.14118792599805258,32,t5-r01-20260922T102410Z,0.12755598831548198,seed=32|run_id=t5-r01-20260922T102410Z|producer=exec/figures.py
benign_covariate,1033,0.03696007606922501,0.15,0.02,False,0.14133591481122942,32,t5-r01-20260922T102410Z,0.12681510164569215,seed=32|run_id=t5-r01-20260922T102410Z|producer=exec/figures.py
benign_covariate,1039,0.03645646671613656,0.15,0.02,False,0.14148219441770934,32,t5-r01-20260922T102410Z,0.1260827718960539,seed=32|run_id=t5-r01-20260922T102410Z|producer=exec/figures.py
benign_covariate,1045,0.03691633183571544,0.15,0.02,False,0.1416267942583732,32,t5-r01-20260922T102410Z,0.12631578947368421,seed=32|run_id=t5-r01-20260922T102410Z|producer=exec/figures.py
benign_covariate,1051,0.03832316423556699,0.15,0.02,False,0.14176974310180782,32,t5-r01-20260922T102410Z,0.12749762131303521,seed=32|run_id=t5-r01-20260922T102410Z|producer=exec/figures.py
benign_covariate,1057,0.038768684030094036,0.15,0.02,False,0.14285714285714285,32,t5-r01-20260922T102410Z,0.12771996215704826,seed=32|run_id=t5-r01-20260922T102410Z|producer=exec/figures.py
benign_covariate,1063,0.03920989713441009,0.15,0.02,False,0.14205079962370648,32,t5-r01-20260922T102410Z,0.1279397930385701,seed=32|run_id=t5-r01-20260922T102410Z|producer=exec/figures.py
benign_covariate,1069,0.040582323911912854,0.15,0.02,False,0.1412535079513564,32,t5-r01-20260922T102410Z,0.12909260991580918,seed=32|run_id=t5-r01-20260922T102410Z|producer=exec/figures.py
benign_covariate,1075,0.040079668536955826,0.15,0.02,False,0.1413953488372093,32,t5-r01-20260922T102410Z,0.1283720930232558,seed=32|run_id=t5-r01-20260922T102410Z|producer=exec/figures.py
benign_covariate,1081,0.04050835598285321,0.15,0.02,False,0.14153561517113783,32,t5-r01-20260922T102410Z,0.12858464384828863,seed=32|run_id=t5-r01-20260922T102410Z|producer=exec/figures.py
benign_covariate,1087,0.04001303190636314,0.15,0.02,False,0.14259429622815087,32,t5-r01-20260922T102410Z,0.12787488500459981,seed=32|run_id=t5-r01-20260922T102410Z|producer=exec/figures.py
benign_covariate,1093,0.0395238209989576,0.15,0.02,False,0.14181152790484905,32,t5-r01-20260922T102410Z,0.12717291857273558,seed=32|run_id=t5-r01-20260922T102410Z|producer=exec/figures.py
benign_covariate,1099,0.039040617821615706,0.15,0.02,False,0.14194722474977253,32,t5-r01-20260922T102410Z,0.1264786169244768,seed=32|run_id=t5-r01-20260922T102410Z|producer=exec/figures.py
benign_covariate,1105,0.04037327404684235,0.15,0.02,False,0.14389140271493212,32,t5-r01-20260922T102410Z,0.12760180995475112,seed=32|run_id=t5-r01-20260922T102410Z|producer=exec/figures.py
benign_covariate,1111,0.04079209466497424,0.15,0.02,False,0.14491449144914492,32,t5-r01-20260922T102410Z,0.1278127812781278,seed=32|run_id=t5-r01-20260922T102410Z|producer=exec/figures.py
benign_covariate,1117,0.04210231103615056,0.15,0.02,False,0.144136078782453,32,t5-r01-20260922T102410Z,0.12891674127126232,seed=32|run_id=t5-r01-20260922T102410Z|producer=exec/figures.py
benign_covariate,1123,0.04250868659603507,0.15,0.02,False,0.14514692787177205,32,t5-r01-20260922T102410Z,0.12911843276936777,seed=32|run_id=t5-r01-20260922T102410Z|producer=exec/figures.py
benign_covariate,1129,0.04202562671975492,0.15,0.02,False,0.14526129317980513,32,t5-r01-20260922T102410Z,0.12843224092116917,seed=32|run_id=t5-r01-20260922T102410Z|producer=exec/figures.py
benign_covariate,1135,0.04242934677520489,0.15,0.02,False,0.14537444933920704,32,t5-r01-20260922T102410Z,0.12863436123348018,seed=32|run_id=t5-r01-20260922T102410Z|producer=exec/figures.py
benign_covariate,1141,0.042829428388544435,0.15,0.02,False,0.1446099912357581,32,t5-r01-20260922T102410Z,0.12883435582822086,seed=32|run_id=t5-r01-20260922T102410Z|producer=exec/figures.py
benign_covariate,1147,0.04235408449301828,0.15,0.02,False,0.14385353095030515,32,t5-r01-20260922T102410Z,0.12816041848299914,seed=32|run_id=t5-r01-20260922T102410Z|producer=exec/figures.py
benign_covariate,1153,0.04188427993568791,0.15,0.02,False,0.14397224631396358,32,t5-r01-20260922T102410Z,0.12749349522983522,seed=32|run_id=t5-r01-20260922T102410Z|producer=exec/figures.py
benign_covariate,1159,0.04314554980477246,0.15,0.02,False,0.1449525452976704,32,t5-r01-20260922T102410Z,0.1285591026747196,seed=32|run_id=t5-r01-20260922T102410Z|producer=exec/figures.py
benign_covariate,1165,0.04353603624646847,0.15,0.02,False,0.14420600858369098,32,t5-r01-20260922T102410Z,0.12875536480686695,seed=32|run_id=t5-r01-20260922T102410Z|producer=exec/figures.py
benign_covariate,1171,0.04392309118665558,0.15,0.02,False,0.14517506404782238,32,t5-r01-20260922T102410Z,0.12894961571306576,seed=32|run_id=t5-r01-20260922T102410Z|producer=exec/figures.py
benign_covariate,1177,0.04430676291160329,0.15,0.02,False,0.14528462192013594,32,t5-r01-20260922T102410Z,0.12914188615123195,seed=32|run_id=t5-r01-20260922T102410Z|producer=exec/figures.py
benign_covariate,1183,0.044687098779802106,0.15,0.02,False,0.1445477599323753,32,t5-r01-20260922T102410Z,0.1293322062552832,seed=32|run_id=t5-r01-20260922T102410Z|producer=exec/figures.py
benign_covariate,1189,0.04422310235128704,0.15,0.02,False,0.14465937762825903,32,t5-r01-20260922T102410Z,0.12867956265769553,seed=32|run_id=t5-r01-20260922T102410Z|producer=exec/figures.py
benign_covariate,1195,0.043764307708064235,0.15,0.02,False,0.14393305439330545,32,t5-r01-20260922T102410Z,0.1280334728033473,seed=32|run_id=t5-r01-20260922T102410Z|producer=exec/figures.py
benign_covariate,1201,0.04414327244605118,0.15,0.02,False,0.14487926727726894,32,t5-r01-20260922T102410Z,0.12822647793505412,seed=32|run_id=t5-r01-20260922T102410Z|producer=exec/figures.py
benign_covariate,1207,0.04534749921077254,0.15,0.02,False,0.14581607290803644,32,t5-r01-20260922T102410Z,0.12924606462303231,seed=32|run_id=t5-r01-20260922T102410Z|producer=exec/figures.py
benign_covariate,1213,0.04489153103745537,0.15,0.02,False,0.14509480626545754,32,t5-r01-20260922T102410Z,0.12860676009892827,seed=32|run_id=t5-r01-20260922T102410Z|producer=exec/figures.py
benign_covariate,1219,0.04526091262039299,0.15,0.02,False,0.14520098441345364,32,t5-r01-20260922T102410Z,0.1287940935192781,seed=32|run_id=t5-r01-20260922T102410Z|producer=exec/figures.py
benign_covariate,1225,0.04481085965930742,0.15,0.02,False,0.14448979591836736,32,t5-r01-20260922T102410Z,0.12816326530612246,seed=32|run_id=t5-r01-20260922T102410Z|producer=exec/figures.py
benign_covariate,1231,0.0468027412873946,0.15,0.02,False,0.1445978878960195,32,t5-r01-20260922T102410Z,0.12997562956945571,seed=32|run_id=t5-r01-20260922T102410Z|producer=exec/figures.py
benign_covariate,1237,0.046350575945295375,0.15,0.02,False,0.1438965238480194,32,t5-r01-20260922T102410Z,0.1293451899757478,seed=32|run_id=t5-r01-20260922T102410Z|producer=exec/figures.py
benign_covariate,1243,0.04670777355318052,0.15,0.02,False,0.14320193081255028,32,t5-r01-20260922T102410Z,0.12952534191472245,seed=32|run_id=t5-r01-20260922T102410Z|producer=exec/figures.py
benign_covariate,1249,0.04626138551456073,0.15,0.02,False,0.14251401120896717,32,t5-r01-20260922T102410Z,0.1289031224979984,seed=32|run_id=t5-r01-20260922T102410Z|producer=exec/figures.py
benign_covariate,1255,0.04661655950087765,0.15,0.02,False,0.14262948207171314,32,t5-r01-20260922T102410Z,0.12908366533864543,seed=32|run_id=t5-r01-20260922T102410Z|producer=exec/figures.py
benign_covariate,1261,0.046968828992457315,0.15,0.02,False,0.14195083267248215,32,t5-r01-20260922T102410Z,0.12926249008723237,seed=32|run_id=t5-r01-20260922T102410Z|producer=exec/figures.py
benign_covariate,1267,0.047318232003791,0.15,0.02,False,0.1420678768745067,32,t5-r01-20260922T102410Z,0.12943962115232832,seed=32|run_id=t5-r01-20260922T102410Z|producer=exec/figures.py
benign_covariate,1273,0.04687925991557704,0.15,0.02,False,0.14139827179890024,32,t5-r01-20260922T102410Z,0.12882953652788687,seed=32|run_id=t5-r01-20260922T102410Z|producer=exec/figures.py
benign_covariate,1279,0.048008587262245786,0.15,0.02,False,0.14308053166536355,32,t5-r01-20260922T102410Z,0.12978889757623144,seed=32|run_id=t5-r01-20260922T102410Z|producer=exec/figures.py
benign_covariate,1285,0.04757140208576073,0.15,0.02,False,0.1424124513618677,32,t5-r01-20260922T102410Z,0.12918287937743192,seed=32|run_id=t5-r01-20260922T102410Z|producer=exec/figures.py
benign_covariate,1291,0.04791332273967468,0.15,0.02,False,0.14252517428350117,32,t5-r01-20260922T102410Z,0.12935708752904726,seed=32|run_id=t5-r01-20260922T102410Z|producer=exec/figures.py
benign_covariate,1297,0.048252523633100064,0.15,0.02,False,0.14263685427910563,32,t5-r01-20260922T102410Z,0.1295296838858905,seed=32|run_id=t5-r01-20260922T102410Z|producer=exec/figures.py
benign_covariate,1303,0.049356499096883555,0.15,0.02,False,0.1435149654643131,32,t5-r01-20260922T102410Z,0.13046815042210283,seed=32|run_id=t5-r01-20260922T102410Z|producer=exec/figures.py
benign_covariate,1309,0.04892290402658128,0.15,0.02,False,0.1443850267379679,32,t5-r01-20260922T102410Z,0.12987012987012986,seed=32|run_id=t5-r01-20260922T102410Z|producer=exec/figures.py
benign_covariate,1315,0.049254150979325326,0.15,0.02,False,0.1444866920152091,32,t5-r01-20260922T102410Z,0.1300380228136882,seed=32|run_id=t5-r01-20260922T102410Z|producer=exec/figures.py
benign_covariate,1321,0.04882581083202754,0.15,0.02,False,0.1445874337623013,32,t5-r01-20260922T102410Z,0.12944738834216502,seed=32|run_id=t5-r01-20260922T102410Z|producer=exec/figures.py
benign_covariate,1327,0.04915534318812746,0.15,0.02,False,0.1439336850037679,32,t5-r01-20260922T102410Z,0.12961567445365485,seed=32|run_id=t5-r01-20260922T102410Z|producer=exec/figures.py
benign_covariate,1333,0.049482323937656086,0.15,0.02,False,0.14403600900225055,32,t5-r01-20260922T102410Z,0.12978244561140284,seed=32|run_id=t5-r01-20260922T102410Z|producer=exec/figures.py
benign_covariate,1339,0.051300436676784855,0.15,0.02,False,0.1441374159820762,32,t5-r01-20260922T102410Z,0.13144137415982077,seed=32|run_id=t5-r01-20260922T102410Z|producer=exec/figures.py
benign_covariate,1345,0.05161574539793842,0.15,0.02,False,0.14423791821561338,32,t5-r01-20260922T102410Z,0.1315985130111524,seed=32|run_id=t5-r01-20260922T102410Z|producer=exec/figures.py
benign_covariate,1351,0.051928654954273526,0.15,0.02,False,0.14433752775721687,32,t5-r01-20260922T102410Z,0.13175425610658772,seed=32|run_id=t5-r01-20260922T102410Z|producer=exec/figures.py
benign_covariate,1357,0.05297611428266197,0.15,0.02,False,0.14443625644804717,32,t5-r01-20260922T102410Z,0.13264554163596168,seed=32|run_id=t5-r01-20260922T102410Z|producer=exec/figures.py
benign_covariate,1363,0.05328106884456395,0.15,0.02,False,0.14526779163609685,32,t5-r01-20260922T102410Z,0.13279530447542187,seed=32|run_id=t5-r01-20260922T102410Z|producer=exec/figures.py
benign_covariate,1369,0.05358373900710564,0.15,0.02,False,0.1446311176040906,32,t5-r01-20260922T102410Z,0.1329437545653762,seed=32|run_id=t5-r01-20260922T102410Z|producer=exec/figures.py
benign_covariate,1375,0.05388415222655123,0.15,0.02,False,0.144,32,t5-r01-20260922T102410Z,0.1330909090909091,seed=32|run_id=t5-r01-20260922T102410Z|producer=exec/figures.py
benign_covariate,1381,0.05418233550795569,0.15,0.02,False,0.14409847936278058,32,t5-r01-20260922T102410Z,0.1332367849384504,seed=32|run_id=t5-r01-20260922T102410Z|producer=exec/figures.py
benign_covariate,1387,0.05375733488101314,0.15,0.02,False,0.14419610670511895,32,t5-r01-20260922T102410Z,0.13266041816870944,seed=32|run_id=t5-r01-20260922T102410Z|producer=exec/figures.py
benign_covariate,1393,0.05333636789735484,0.15,0.02,False,0.14357501794687724,32,t5-r01-20260922T102410Z,0.13208901651112706,seed=32|run_id=t5-r01-20260922T102410Z|producer=exec/figures.py
benign_covariate,1399,0.05291938035237011,0.15,0.02,False,0.14295925661186562,32,t5-r01-20260922T102410Z,0.13152251608291637,seed=32|run_id=t5-r01-20260922T102410Z|producer=exec/figures.py
benign_covariate,1,-1.1832762558812695,0.15,0.02,False,0.0,33,t5-r01-20260922T102410Z,0.0,seed=33|run_id=t5-r01-20260922T102410Z|producer=exec/figures.py
benign_covariate,7,-0.5485237576174806,0.15,0.02,False,0.14285714285714285,33,t5-r01-20260922T102410Z,0.14285714285714285,seed=33|run_id=t5-r01-20260922T102410Z|producer=exec/figures.py
benign_covariate,13,-0.2445821541188139,0.15,0.02,False,0.38461538461538464,33,t5-r01-20260922T102410Z,0.3076923076923077,seed=33|run_id=t5-r01-20260922T102410Z|producer=exec/figures.py
benign_covariate,19,-0.2676600427790151,0.15,0.02,False,0.2631578947368421,33,t5-r01-20260922T102410Z,0.21052631578947367,seed=33|run_id=t5-r01-20260922T102410Z|producer=exec/figures.py
benign_covariate,25,-0.2698380403175408,0.15,0.02,False,0.24,33,t5-r01-20260922T102410Z,0.16,seed=33|run_id=t5-r01-20260922T102410Z|producer=exec/figures.py
benign_covariate,31,-0.23360165538938402,0.15,0.02,False,0.22580645161290322,33,t5-r01-20260922T102410Z,0.16129032258064516,seed=33|run_id=t5-r01-20260922T102410Z|producer=exec/figures.py
benign_covariate,37,-0.23287854742397768,0.15,0.02,False,0.1891891891891892,33,t5-r01-20260922T102410Z,0.13513513513513514,seed=33|run_id=t5-r01-20260922T102410Z|producer=exec/figures.py
benign_covariate,43,-0.20692034891267905,0.15,0.02,False,0.16279069767441862,33,t5-r01-20260922T102410Z,0.13953488372093023,seed=33|run_id=t5-r01-20260922T102410Z|producer=exec/figures.py
benign_covariate,49,-0.20618340592901072,0.15,0.02,False,0.14285714285714285,33,t5-r01-20260922T102410Z,0.12244897959183673,seed=33|run_id=t5-r01-20260922T102410Z|producer=exec/figures.py
benign_covariate,55,-0.18628387579382266,0.15,0.02,False,0.14545454545454545,33,t5-r01-20260922T102410Z,0.12727272727272726,seed=33|run_id=t5-r01-20260922T102410Z|producer=exec/figures.py
benign_covariate,61,-0.1694261335152306,0.15,0.02,False,0.13114754098360656,33,t5-r01-20260922T102410Z,0.13114754098360656,seed=33|run_id=t5-r01-20260922T102410Z|producer=exec/figures.py
benign_covariate,67,-0.1698274740138443,0.15,0.02,False,0.13432835820895522,33,t5-r01-20260922T102410Z,0.11940298507462686,seed=33|run_id=t5-r01-20260922T102410Z|producer=exec/figures.py
benign_covariate,73,-0.16961241656017384,0.15,0.02,False,0.136986301369863,33,t5-r01-20260922T102410Z,0.1095890410958904,seed=33|run_id=t5-r01-20260922T102410Z|producer=exec/figures.py
benign_covariate,79,-0.16897997602559905,0.15,0.02,False,0.12658227848101267,33,t5-r01-20260922T102410Z,0.10126582278481013,seed=33|run_id=t5-r01-20260922T102410Z|producer=exec/figures.py
benign_covariate,85,-0.14453370401505136,0.15,0.02,False,0.12941176470588237,33,t5-r01-20260922T102410Z,0.11764705882352941,seed=33|run_id=t5-r01-20260922T102410Z|producer=exec/figures.py
benign_covariate,91,-0.14497469383642103,0.15,0.02,False,0.14285714285714285,33,t5-r01-20260922T102410Z,0.10989010989010989,seed=33|run_id=t5-r01-20260922T102410Z|producer=exec/figures.py
benign_covariate,97,-0.13478421828873116,0.15,0.02,False,0.15463917525773196,33,t5-r01-20260922T102410Z,0.1134020618556701,seed=33|run_id=t5-r01-20260922T102410Z|producer=exec/figures.py
benign_covariate,103,-0.13525963583817469,0.15,0.02,False,0.1553398058252427,33,t5-r01-20260922T102410Z,0.10679611650485436,seed=33|run_id=t5-r01-20260922T102410Z|producer=exec/figures.py
benign_covariate,109,-0.12630883784141225,0.15,0.02,False,0.1559633027522936,33,t5-r01-20260922T102410Z,0.11009174311926606,seed=33|run_id=t5-r01-20260922T102410Z|producer=exec/figures.py
benign_covariate,115,-0.1268132287436462,0.15,0.02,False,0.14782608695652175,33,t5-r01-20260922T102410Z,0.10434782608695652,seed=33|run_id=t5-r01-20260922T102410Z|producer=exec/figures.py
benign_covariate,121,-0.11884954358480282,0.15,0.02,False,0.1652892561983471,33,t5-r01-20260922T102410Z,0.10743801652892562,seed=33|run_id=t5-r01-20260922T102410Z|producer=exec/figures.py
benign_covariate,127,-0.11150225398930405,0.15,0.02,False,0.1732283464566929,33,t5-r01-20260922T102410Z,0.11023622047244094,seed=33|run_id=t5-r01-20260922T102410Z|producer=exec/figures.py
benign_covariate,133,-0.09717782412771267,0.15,0.02,False,0.18045112781954886,33,t5-r01-20260922T102410Z,0.12030075187969924,seed=33|run_id=t5-r01-20260922T102410Z|producer=exec/figures.py
benign_covariate,139,-0.09117566614171017,0.15,0.02,False,0.17985611510791366,33,t5-r01-20260922T102410Z,0.1223021582733813,seed=33|run_id=t5-r01-20260922T102410Z|producer=exec/figures.py
benign_covariate,145,-0.07867593235696557,0.15,0.02,False,0.1793103448275862,33,t5-r01-20260922T102410Z,0.1310344827586207,seed=33|run_id=t5-r01-20260922T102410Z|producer=exec/figures.py
benign_covariate,151,-0.07370370590414907,0.15,0.02,False,0.17880794701986755,33,t5-r01-20260922T102410Z,0.13245033112582782,seed=33|run_id=t5-r01-20260922T102410Z|producer=exec/figures.py
benign_covariate,157,-0.06903132208086032,0.15,0.02,False,0.18471337579617833,33,t5-r01-20260922T102410Z,0.1337579617834395,seed=33|run_id=t5-r01-20260922T102410Z|producer=exec/figures.py
benign_covariate,163,-0.06462985754377276,0.15,0.02,False,0.18404907975460122,33,t5-r01-20260922T102410Z,0.13496932515337423,seed=33|run_id=t5-r01-20260922T102410Z|producer=exec/figures.py
benign_covariate,169,-0.054556978821664465,0.15,0.02,False,0.1952662721893491,33,t5-r01-20260922T102410Z,0.14201183431952663,seed=33|run_id=t5-r01-20260922T102410Z|producer=exec/figures.py
benign_covariate,175,-0.056542140014248565,0.15,0.02,False,0.19428571428571428,33,t5-r01-20260922T102410Z,0.13714285714285715,seed=33|run_id=t5-r01-20260922T102410Z|producer=exec/figures.py
benign_covariate,181,-0.04728963565781702,0.15,0.02,False,0.1878453038674033,33,t5-r01-20260922T102410Z,0.143646408839779,seed=33|run_id=t5-r01-20260922T102410Z|producer=exec/figures.py
benign_covariate,187,-0.04927410917942718,0.15,0.02,False,0.18716577540106952,33,t5-r01-20260922T102410Z,0.13903743315508021,seed=33|run_id=t5-r01-20260922T102410Z|producer=exec/figures.py
benign_covariate,193,-0.04590580720424556,0.15,0.02,False,0.18652849740932642,33,t5-r01-20260922T102410Z,0.13989637305699482,seed=33|run_id=t5-r01-20260922T102410Z|producer=exec/figures.py
benign_covariate,199,-0.037670960615860866,0.15,0.02,False,0.19095477386934673,33,t5-r01-20260922T102410Z,0.1457286432160804,seed=33|run_id=t5-r01-20260922T102410Z|producer=exec/figures.py
benign_covariate,205,-0.034754827868326565,0.15,0.02,False,0.1902439024390244,33,t5-r01-20260922T102410Z,0.14634146341463414,seed=33|run_id=t5-r01-20260922T102410Z|producer=exec/figures.py
benign_covariate,211,-0.027226681438363293,0.15,0.02,False,0.1990521327014218,33,t5-r01-20260922T102410Z,0.15165876777251186,seed=33|run_id=t5-r01-20260922T102410Z|producer=exec/figures.py
benign_covariate,217,-0.02929548605946003,0.15,0.02,False,0.1935483870967742,33,t5-r01-20260922T102410Z,0.14746543778801843,seed=33|run_id=t5-r01-20260922T102410Z|producer=exec/figures.py
benign_covariate,223,-0.017766452596410354,0.15,0.02,False,0.2062780269058296,33,t5-r01-20260922T102410Z,0.15695067264573992,seed=33|run_id=t5-r01-20260922T102410Z|producer=exec/figures.py
benign_covariate,229,-0.011176909782543987,0.15,0.02,False,0.2096069868995633,33,t5-r01-20260922T102410Z,0.1615720524017467,seed=33|run_id=t5-r01-20260922T102410Z|producer=exec/figures.py
benign_covariate,235,-0.013404977597953421,0.15,0.02,False,0.20425531914893616,33,t5-r01-20260922T102410Z,0.1574468085106383,seed=33|run_id=t5-r01-20260922T102410Z|producer=exec/figures.py
benign_covariate,241,-0.007195616409026467,0.15,0.02,False,0.2074688796680498,33,t5-r01-20260922T102410Z,0.16182572614107885,seed=33|run_id=t5-r01-20260922T102410Z|producer=exec/figures.py
benign_covariate,247,-0.0012618261399971742,0.15,0.02,False,0.20647773279352227,33,t5-r01-20260922T102410Z,0.1659919028340081,seed=33|run_id=t5-r01-20260922T102410Z|producer=exec/figures.py
benign_covariate,253,0.0004625471269172621,0.15,0.02,False,0.20553359683794467,33,t5-r01-20260922T102410Z,0.16600790513833993,seed=33|run_id=t5-r01-20260922T102410Z|producer=exec/figures.py
benign_covariate,259,-0.0017307631368197185,0.15,0.02,False,0.20077220077220076,33,t5-r01-20260922T102410Z,0.16216216216216217,seed=33|run_id=t5-r01-20260922T102410Z|producer=exec/figures.py
benign_covariate,265,-2.923031085635963e-05,0.15,0.02,False,0.19622641509433963,33,t5-r01-20260922T102410Z,0.16226415094339622,seed=33|run_id=t5-r01-20260922T102410Z|producer=exec/figures.py
benign_covariate,271,0.0016177173873761774,0.15,0.02,False,0.19557195571955718,33,t5-r01-20260922T102410Z,0.16236162361623616,seed=33|run_id=t5-r01-20260922T102410Z|producer=exec/figures.py
benign_covariate,277,-0.0003971232276118175,0.15,0.02,False,0.19133574007220217,33,t5-r01-20260922T102410Z,0.1588447653429603,seed=33|run_id=t5-r01-20260922T102410Z|producer=exec/figures.py
benign_covariate,283,0.0012256955074272935,0.15,0.02,False,0.1872791519434629,33,t5-r01-20260922T102410Z,0.15901060070671377,seed=33|run_id=t5-r01-20260922T102410Z|producer=exec/figures.py
benign_covariate,289,-0.0006613618020413214,0.15,0.02,False,0.18339100346020762,33,t5-r01-20260922T102410Z,0.15570934256055363,seed=33|run_id=t5-r01-20260922T102410Z|producer=exec/figures.py
benign_covariate,295,0.007714674119810361,0.15,0.02,False,0.1864406779661017,33,t5-r01-20260922T102410Z,0.16271186440677965,seed=33|run_id=t5-r01-20260922T102410Z|producer=exec/figures.py
benign_covariate,301,0.005806029055672984,0.15,0.02,False,0.18272425249169436,33,t5-r01-20260922T102410Z,0.15946843853820597,seed=33|run_id=t5-r01-20260922T102410Z|producer=exec/figures.py
benign_covariate,307,0.007244582026752711,0.15,0.02,False,0.18241042345276873,33,t5-r01-20260922T102410Z,0.15960912052117263,seed=33|run_id=t5-r01-20260922T102410Z|producer=exec/figures.py
benign_covariate,313,0.00544764784366622,0.15,0.02,False,0.17891373801916932,33,t5-r01-20260922T102410Z,0.15654952076677317,seed=33|run_id=t5-r01-20260922T102410Z|producer=exec/figures.py
benign_covariate,319,0.013136586827865115,0.15,0.02,False,0.1786833855799373,33,t5-r01-20260922T102410Z,0.16300940438871472,seed=33|run_id=t5-r01-20260922T102410Z|producer=exec/figures.py
benign_covariate,325,0.02055489171852004,0.15,0.02,False,0.18153846153846154,33,t5-r01-20260922T102410Z,0.16923076923076924,seed=33|run_id=t5-r01-20260922T102410Z|producer=exec/figures.py
benign_covariate,331,0.02167463984551457,0.15,0.02,False,0.18429003021148035,33,t5-r01-20260922T102410Z,0.1691842900302115,seed=33|run_id=t5-r01-20260922T102410Z|producer=exec/figures.py
benign_covariate,337,0.025734006876312776,0.15,0.02,False,0.18397626112759644,33,t5-r01-20260922T102410Z,0.17210682492581603,seed=33|run_id=t5-r01-20260922T102410Z|producer=exec/figures.py
benign_covariate,343,0.029662971615252637,0.15,0.02,False,0.18658892128279883,33,t5-r01-20260922T102410Z,0.1749271137026239,seed=33|run_id=t5-r01-20260922T102410Z|producer=exec/figures.py
benign_covariate,349,0.03060264444366992,0.15,0.02,False,0.18624641833810887,33,t5-r01-20260922T102410Z,0.17478510028653296,seed=33|run_id=t5-r01-20260922T102410Z|producer=exec/figures.py
benign_covariate,355,0.02870432589355265,0.15,0.02,False,0.18591549295774648,33,t5-r01-20260922T102410Z,0.17183098591549295,seed=33|run_id=t5-r01-20260922T102410Z|producer=exec/figures.py
benign_covariate,361,0.026879351677305402,0.15,0.02,False,0.18559556786703602,33,t5-r01-20260922T102410Z,0.16897506925207756,seed=33|run_id=t5-r01-20260922T102410Z|producer=exec/figures.py
benign_covariate,367,0.03057347612759853,0.15,0.02,False,0.18528610354223432,33,t5-r01-20260922T102410Z,0.17166212534059946,seed=33|run_id=t5-r01-20260922T102410Z|producer=exec/figures.py
benign_covariate,373,0.028796274972834185,0.15,0.02,False,0.18230563002680966,33,t5-r01-20260922T102410Z,0.16890080428954424,seed=33|run_id=t5-r01-20260922T102410Z|producer=exec/figures.py
benign_covariate,379,0.027084430737177284,0.15,0.02,False,0.1820580474934037,33,t5-r01-20260922T102410Z,0.1662269129287599,seed=33|run_id=t5-r01-20260922T102410Z|producer=exec/figures.py
benign_covariate,385,0.028032087592466115,0.15,0.02,False,0.18441558441558442,33,t5-r01-20260922T102410Z,0.16623376623376623,seed=33|run_id=t5-r01-20260922T102410Z|producer=exec/figures.py
benign_covariate,391,0.02895907638295972,0.15,0.02,False,0.1815856777493606,33,t5-r01-20260922T102410Z,0.16624040920716113,seed=33|run_id=t5-r01-20260922T102410Z|producer=exec/figures.py
benign_covariate,397,0.029866152018701908,0.15,0.02,False,0.181360201511335,33,t5-r01-20260922T102410Z,0.16624685138539042,seed=33|run_id=t5-r01-20260922T102410Z|producer=exec/figures.py
benign_covariate,403,0.02827264144990929,0.15,0.02,False,0.17866004962779156,33,t5-r01-20260922T102410Z,0.16377171215880892,seed=33|run_id=t5-r01-20260922T102410Z|producer=exec/figures.py
benign_covariate,409,0.02673341849320618,0.15,0.02,False,0.17603911980440098,33,t5-r01-20260922T102410Z,0.16136919315403422,seed=33|run_id=t5-r01-20260922T102410Z|producer=exec/figures.py
benign_covariate,415,0.025245972428911745,0.15,0.02,False,0.17349397590361446,33,t5-r01-20260922T102410Z,0.15903614457831325,seed=33|run_id=t5-r01-20260922T102410Z|producer=exec/figures.py
benign_covariate,421,0.028558534884659342,0.15,0.02,False,0.17339667458432304,33,t5-r01-20260922T102410Z,0.16152019002375298,seed=33|run_id=t5-r01-20260922T102410Z|producer=exec/figures.py
benign_covariate,427,0.029442861144350047,0.15,0.02,False,0.17330210772833723,33,t5-r01-20260922T102410Z,0.16159250585480095,seed=33|run_id=t5-r01-20260922T102410Z|producer=exec/figures.py
benign_covariate,433,0.032618697091611554,0.15,0.02,False,0.17782909930715934,33,t5-r01-20260922T102410Z,0.16397228637413394,seed=33|run_id=t5-r01-20260922T102410Z|producer=exec/figures.py
benign_covariate,439,0.03571405297873448,0.15,0.02,False,0.1776765375854214,33,t5-r01-20260922T102410Z,0.1662870159453303,seed=33|run_id=t5-r01-20260922T102410Z|producer=exec/figures.py
benign_covariate,445,0.0387320618027939,0.15,0.02,False,0.1752808988764045,33,t5-r01-20260922T102410Z,0.16853932584269662,seed=33|run_id=t5-r01-20260922T102410Z|producer=exec/figures.py
benign_covariate,451,0.039458398887780716,0.15,0.02,False,0.17516629711751663,33,t5-r01-20260922T102410Z,0.16851441241685144,seed=33|run_id=t5-r01-20260922T102410Z|producer=exec/figures.py
benign_covariate,457,0.03798321547133107,0.15,0.02,False,0.175054704595186,33,t5-r01-20260922T102410Z,0.16630196936542668,seed=33|run_id=t5-r01-20260922T102410Z|producer=exec/figures.py
benign_covariate,463,0.04087147487369491,0.15,0.02,False,0.17926565874730022,33,t5-r01-20260922T102410Z,0.16846652267818574,seed=33|run_id=t5-r01-20260922T102410Z|producer=exec/figures.py
benign_covariate,469,0.04369121596369066,0.15,0.02,False,0.1812366737739872,33,t5-r01-20260922T102410Z,0.17057569296375266,seed=33|run_id=t5-r01-20260922T102410Z|producer=exec/figures.py
benign_covariate,475,0.04644493771790742,0.15,0.02,False,0.18105263157894738,33,t5-r01-20260922T102410Z,0.1726315789473684,seed=33|run_id=t5-r01-20260922T102410Z|producer=exec/figures.py
benign_covariate,481,0.04913501737586887,0.15,0.02,False,0.18711018711018712,33,t5-r01-20260922T102410Z,0.17463617463617465,seed=33|run_id=t5-r01-20260922T102410Z|producer=exec/figures.py
benign_covariate,487,0.049710329724452315,0.15,0.02,False,0.1868583162217659,33,t5-r01-20260922T102410Z,0.17453798767967146,seed=33|run_id=t5-r01-20260922T102410Z|producer=exec/figures.py
benign_covariate,493,0.04824800169479952,0.15,0.02,False,0.19066937119675456,33,t5-r01-20260922T102410Z,0.1724137931034483,seed=33|run_id=t5-r01-20260922T102410Z|producer=exec/figures.py
benign_covariate,499,0.05083347725500201,0.15,0.02,False,0.19238476953907815,33,t5-r01-20260922T102410Z,0.1743486973947896,seed=33|run_id=t5-r01-20260922T102410Z|producer=exec/figures.py
benign_covariate,505,0.05138180540524824,0.15,0.02,False,0.19405940594059407,33,t5-r01-20260922T102410Z,0.17425742574257425,seed=33|run_id=t5-r01-20260922T102410Z|producer=exec/figures.py
benign_covariate,511,0.04996466914140393,0.15,0.02,False,0.19373776908023482,33,t5-r01-20260922T102410Z,0.17221135029354206,seed=33|run_id=t5-r01-20260922T102410Z|producer=exec/figures.py
benign_covariate,517,0.04858466192310755,0.15,0.02,False,0.19148936170212766,33,t5-r01-20260922T102410Z,0.1702127659574468,seed=33|run_id=t5-r01-20260922T102410Z|producer=exec/figures.py
benign_covariate,523,0.0472404361294633,0.15,0.02,False,0.1931166347992352,33,t5-r01-20260922T102410Z,0.1682600382409178,seed=33|run_id=t5-r01-20260922T102410Z|producer=exec/figures.py
benign_covariate,529,0.04971142553706495,0.15,0.02,False,0.19092627599243855,33,t5-r01-20260922T102410Z,0.17013232514177692,seed=33|run_id=t5-r01-20260922T102410Z|producer=exec/figures.py
benign_covariate,535,0.05026172666320257,0.15,0.02,False,0.19065420560747665,33,t5-r01-20260922T102410Z,0.17009345794392525,seed=33|run_id=t5-r01-20260922T102410Z|producer=exec/figures.py
benign_covariate,541,0.048955182093542035,0.15,0.02,False,0.18853974121996303,33,t5-r01-20260922T102410Z,0.16820702402957485,seed=33|run_id=t5-r01-20260922T102410Z|producer=exec/figures.py
benign_covariate,547,0.04950914205850984,0.15,0.02,False,0.18647166361974407,33,t5-r01-20260922T102410Z,0.16819012797074953,seed=33|run_id=t5-r01-20260922T102410Z|producer=exec/figures.py
benign_covariate,553,0.050054671913798254,0.15,0.02,False,0.18625678119349007,33,t5-r01-20260922T102410Z,0.16817359855334538,seed=33|run_id=t5-r01-20260922T102410Z|producer=exec/figures.py
benign_covariate,559,0.052380896530225096,0.15,0.02,False,0.18783542039355994,33,t5-r01-20260922T102410Z,0.16994633273703041,seed=33|run_id=t5-r01-20260922T102410Z|producer=exec/figures.py
benign_covariate,565,0.051121297964120196,0.15,0.02,False,0.18584070796460178,33,t5-r01-20260922T102410Z,0.168141592920354,seed=33|run_id=t5-r01-20260922T102410Z|producer=exec/figures.py
benign_covariate,571,0.05164280346976198,0.15,0.02,False,0.18914185639229422,33,t5-r01-20260922T102410Z,0.1681260945709282,seed=33|run_id=t5-r01-20260922T102410Z|producer=exec/figures.py
benign_covariate,577,0.053889800431943274,0.15,0.02,False,0.19064124783362218,33,t5-r01-20260922T102410Z,0.16984402079722705,seed=33|run_id=t5-r01-20260922T102410Z|producer=exec/figures.py
benign_covariate,583,0.05437843511279632,0.15,0.02,False,0.19039451114922812,33,t5-r01-20260922T102410Z,0.16981132075471697,seed=33|run_id=t5-r01-20260922T102410Z|producer=exec/figures.py
benign_covariate,589,0.053162397385592836,0.15,0.02,False,0.19185059422750425,33,t5-r01-20260922T102410Z,0.16808149405772496,seed=33|run_id=t5-r01-20260922T102410Z|producer=exec/figures.py
benign_covariate,595,0.05197388488153577,0.15,0.02,False,0.1899159663865546,33,t5-r01-20260922T102410Z,0.16638655462184873,seed=33|run_id=t5-r01-20260922T102410Z|producer=exec/figures.py
benign_covariate,601,0.05247592369528625,0.15,0.02,False,0.18801996672212978,33,t5-r01-20260922T102410Z,0.16638935108153077,seed=33|run_id=t5-r01-20260922T102410Z|producer=exec/figures.py
benign_covariate,607,0.051323447666481614,0.15,0.02,False,0.18616144975288304,33,t5-r01-20260922T102410Z,0.16474464579901152,seed=33|run_id=t5-r01-20260922T102410Z|producer=exec/figures.py
benign_covariate,613,0.051827642174852404,0.15,0.02,False,0.18433931484502447,33,t5-r01-20260922T102410Z,0.16476345840130505,seed=33|run_id=t5-r01-20260922T102410Z|producer=exec/figures.py
benign_covariate,619,0.053940293790420174,0.15,0.02,False,0.18578352180936994,33,t5-r01-20260922T102410Z,0.16639741518578352,seed=33|run_id=t5-r01-20260922T102410Z|producer=exec/figures.py
benign_covariate,625,0.05761504138523747,0.15,0.02,False,0.1872,33,t5-r01-20260922T102410Z,0.1696,seed=33|run_id=t5-r01-20260922T102410Z|producer=exec/figures.py
benign_covariate,631,0.056468143823262706,0.15,0.02,False,0.18541996830427893,33,t5-r01-20260922T102410Z,0.16798732171156894,seed=33|run_id=t5-r01-20260922T102410Z|producer=exec/figures.py
benign_covariate,637,0.05848510693429715,0.15,0.02,False,0.18524332810047095,33,t5-r01-20260922T102410Z,0.1695447409733124,seed=33|run_id=t5-r01-20260922T102410Z|producer=exec/figures.py
benign_covariate,643,0.05891169840344532,0.15,0.02,False,0.18506998444790046,33,t5-r01-20260922T102410Z,0.16951788491446346,seed=33|run_id=t5-r01-20260922T102410Z|producer=exec/figures.py
benign_covariate,649,0.06241449034113784,0.15,0.02,False,0.1864406779661017,33,t5-r01-20260922T102410Z,0.17257318952234207,seed=33|run_id=t5-r01-20260922T102410Z|producer=exec/figures.py
benign_covariate,655,0.06280204378926023,0.15,0.02,False,0.18625954198473282,33,t5-r01-20260922T102410Z,0.17251908396946564,seed=33|run_id=t5-r01-20260922T102410Z|producer=exec/figures.py
benign_covariate,661,0.06469773824757905,0.15,0.02,False,0.18910741301059,33,t5-r01-20260922T102410Z,0.17397881996974282,seed=33|run_id=t5-r01-20260922T102410Z|producer=exec/figures.py
benign_covariate,667,0.06356309316066881,0.15,0.02,False,0.1889055472263868,33,t5-r01-20260922T102410Z,0.1724137931034483,seed=33|run_id=t5-r01-20260922T102410Z|producer=exec/figures.py
benign_covariate,673,0.062450896874448325,0.15,0.02,False,0.1887072808320951,33,t5-r01-20260922T102410Z,0.17087667161961367,seed=33|run_id=t5-r01-20260922T102410Z|producer=exec/figures.py
benign_covariate,679,0.06283328015547528,0.15,0.02,False,0.18851251840942562,33,t5-r01-20260922T102410Z,0.17083946980854198,seed=33|run_id=t5-r01-20260922T102410Z|producer=exec/figures.py
benign_covariate,685,0.0617512340223976,0.15,0.02,False,0.18686131386861313,33,t5-r01-20260922T102410Z,0.16934306569343066,seed=33|run_id=t5-r01-20260922T102410Z|producer=exec/figures.py
benign_covariate,691,0.06213723518748471,0.15,0.02,False,0.18668596237337193,33,t5-r01-20260922T102410Z,0.16931982633863965,seed=33|run_id=t5-r01-20260922T102410Z|producer=exec/figures.py
benign_covariate,697,0.061083905191958845,0.15,0.02,False,0.18507890961262555,33,t5-r01-20260922T102410Z,0.1678622668579627,seed=33|run_id=t5-r01-20260922T102410Z|producer=exec/figures.py
benign_covariate,703,0.06289549780815398,0.15,0.02,False,0.18492176386913228,33,t5-r01-20260922T102410Z,0.16927453769559034,seed=33|run_id=t5-r01-20260922T102410Z|producer=exec/figures.py
benign_covariate,709,0.06326794279421827,0.15,0.02,False,0.1861777150916784,33,t5-r01-20260922T102410Z,0.1692524682651622,seed=33|run_id=t5-r01-20260922T102410Z|producer=exec/figures.py
benign_covariate,715,0.06223744688691671,0.15,0.02,False,0.18461538461538463,33,t5-r01-20260922T102410Z,0.16783216783216784,seed=33|run_id=t5-r01-20260922T102410Z|producer=exec/figures.py
benign_covariate,721,0.06399989973847194,0.15,0.02,False,0.18446601941747573,33,t5-r01-20260922T102410Z,0.16920943134535368,seed=33|run_id=t5-r01-20260922T102410Z|producer=exec/figures.py
benign_covariate,727,0.06435958024769477,0.15,0.02,False,0.1856946354883081,33,t5-r01-20260922T102410Z,0.16918844566712518,seed=33|run_id=t5-r01-20260922T102410Z|producer=exec/figures.py
benign_covariate,733,0.06335091414955553,0.15,0.02,False,0.18417462482946795,33,t5-r01-20260922T102410Z,0.16780354706684858,seed=33|run_id=t5-r01-20260922T102410Z|producer=exec/figures.py
benign_covariate,739,0.06371356953048958,0.15,0.02,False,0.18673883626522328,33,t5-r01-20260922T102410Z,0.16779431664411368,seed=33|run_id=t5-r01-20260922T102410Z|producer=exec/figures.py
benign_covariate,745,0.06407211148702627,0.15,0.02,False,0.18791946308724833,33,t5-r01-20260922T102410Z,0.16778523489932887,seed=33|run_id=t5-r01-20260922T102410Z|producer=exec/figures.py
benign_covariate,751,0.06442661874527303,0.15,0.02,False,0.18641810918774968,33,t5-r01-20260922T102410Z,0.1677762982689747,seed=33|run_id=t5-r01-20260922T102410Z|producer=exec/figures.py
benign_covariate,757,0.06477716791844143,0.15,0.02,False,0.18494055482166447,33,t5-r01-20260922T102410Z,0.16776750330250992,seed=33|run_id=t5-r01-20260922T102410Z|producer=exec/figures.py
benign_covariate,763,0.06381321759008117,0.15,0.02,False,0.1834862385321101,33,t5-r01-20260922T102410Z,0.16644823066841416,seed=33|run_id=t5-r01-20260922T102410Z|producer=exec/figures.py
benign_covariate,769,0.06416629821432082,0.15,0.02,False,0.18335500650195058,33,t5-r01-20260922T102410Z,0.16644993498049415,seed=33|run_id=t5-r01-20260922T102410Z|producer=exec/figures.py
benign_covariate,775,0.06580580287269362,0.15,0.02,False,0.1832258064516129,33,t5-r01-20260922T102410Z,0.16774193548387098,seed=33|run_id=t5-r01-20260922T102410Z|producer=exec/figures.py
benign_covariate,781,0.06614124606298119,0.15,0.02,False,0.18309859154929578,33,t5-r01-20260922T102410Z,0.1677336747759283,seed=33|run_id=t5-r01-20260922T102410Z|producer=exec/figures.py
benign_covariate,787,0.06520243695291471,0.15,0.02,False,0.18170266836086404,33,t5-r01-20260922T102410Z,0.16645489199491742,seed=33|run_id=t5-r01-20260922T102410Z|producer=exec/figures.py
benign_covariate,793,0.06554035094799641,0.15,0.02,False,0.18158890290037832,33,t5-r01-20260922T102410Z,0.1664564943253468,seed=33|run_id=t5-r01-20260922T102410Z|producer=exec/figures.py
benign_covariate,799,0.06462308088858339,0.15,0.02,False,0.18272841051314143,33,t5-r01-20260922T102410Z,0.16520650813516896,seed=33|run_id=t5-r01-20260922T102410Z|producer=exec/figures.py
benign_covariate,805,0.06620538546078138,0.15,0.02,False,0.1826086956521739,33,t5-r01-20260922T102410Z,0.16645962732919253,seed=33|run_id=t5-r01-20260922T102410Z|producer=exec/figures.py
benign_covariate,811,0.06776568058811812,0.15,0.02,False,0.18249075215782984,33,t5-r01-20260922T102410Z,0.16769420468557336,seed=33|run_id=t5-r01-20260922T102410Z|producer=exec/figures.py
benign_covariate,817,0.06685645592737251,0.15,0.02,False,0.18115055079559364,33,t5-r01-20260922T102410Z,0.1664626682986536,seed=33|run_id=t5-r01-20260922T102410Z|producer=exec/figures.py
benign_covariate,823,0.06596184204039203,0.15,0.02,False,0.1798298906439854,33,t5-r01-20260922T102410Z,0.1652490886998785,seed=33|run_id=t5-r01-20260922T102410Z|producer=exec/figures.py
benign_covariate,829,0.06628778019799098,0.15,0.02,False,0.17973462002412546,33,t5-r01-20260922T102410Z,0.1652593486127865,seed=33|run_id=t5-r01-20260922T102410Z|producer=exec/figures.py
benign_covariate,835,0.06900555013263114,0.15,0.02,False,0.17964071856287425,33,t5-r01-20260922T102410Z,0.16766467065868262,seed=33|run_id=t5-r01-20260922T102410Z|producer=exec/figures.py
benign_covariate,841,0.06811864261996108,0.15,0.02,False,0.17954815695600476,33,t5-r01-20260922T102410Z,0.16646848989298454,seed=33|run_id=t5-r01-20260922T102410Z|producer=exec/figures.py
benign_covariate,847,0.06960683700395022,0.15,0.02,False,0.1806375442739079,33,t5-r01-20260922T102410Z,0.16765053128689492,seed=33|run_id=t5-r01-20260922T102410Z|producer=exec/figures.py
benign_covariate,853,0.06873066935420309,0.15,0.02,False,0.1817116060961313,33,t5-r01-20260922T102410Z,0.16647127784290738,seed=33|run_id=t5-r01-20260922T102410Z|producer=exec/figures.py
benign_covariate,859,0.07019624887296433,0.15,0.02,False,0.18160651920838183,33,t5-r01-20260922T102410Z,0.16763678696158324,seed=33|run_id=t5-r01-20260922T102410Z|producer=exec/figures.py
benign_covariate,865,0.06933055593159299,0.15,0.02,False,0.1815028901734104,33,t5-r01-20260922T102410Z,0.16647398843930636,seed=33|run_id=t5-r01-20260922T102410Z|producer=exec/figures.py
benign_covariate,871,0.06847796774288523,0.15,0.02,False,0.18140068886337543,33,t5-r01-20260922T102410Z,0.1653272101033295,seed=33|run_id=t5-r01-20260922T102410Z|producer=exec/figures.py
benign_covariate,877,0.06763820373228933,0.15,0.02,False,0.18244013683010263,33,t5-r01-20260922T102410Z,0.16419612314709237,seed=33|run_id=t5-r01-20260922T102410Z|producer=exec/figures.py
benign_covariate,883,0.06681099114328098,0.15,0.02,False,0.1812004530011325,33,t5-r01-20260922T102410Z,0.16308040770101925,seed=33|run_id=t5-r01-20260922T102410Z|producer=exec/figures.py
benign_covariate,889,0.06599606476909285,0.15,0.02,False,0.17997750281214847,33,t5-r01-20260922T102410Z,0.16197975253093364,seed=33|run_id=t5-r01-20260922T102410Z|producer=exec/figures.py
benign_covariate,895,0.06519316669536701,0.15,0.02,False,0.1787709497206704,33,t5-r01-20260922T102410Z,0.16089385474860335,seed=33|run_id=t5-r01-20260922T102410Z|producer=exec/figures.py
benign_covariate,901,0.06551192396664542,0.15,0.02,False,0.17869034406215317,33,t5-r01-20260922T102410Z,0.1609322974472808,seed=33|run_id=t5-r01-20260922T102410Z|producer=exec/figures.py
benign_covariate,907,0.06582753044703467,0.15,0.02,False,0.17861080485115766,33,t5-r01-20260922T102410Z,0.1609702315325248,seed=33|run_id=t5-r01-20260922T102410Z|producer=exec/figures.py
benign_covariate,913,0.06614003815855088,0.15,0.02,False,0.17853231106243153,33,t5-r01-20260922T102410Z,0.16100766703176342,seed=33|run_id=t5-r01-20260922T102410Z|producer=exec/figures.py
benign_covariate,919,0.06644949792514597,0.15,0.02,False,0.17736670293797607,33,t5-r01-20260922T102410Z,0.16104461371055495,seed=33|run_id=t5-r01-20260922T102410Z|producer=exec/figures.py
benign_covariate,925,0.06567487832691098,0.15,0.02,False,0.17621621621621622,33,t5-r01-20260922T102410Z,0.16,seed=33|run_id=t5-r01-20260922T102410Z|producer=exec/figures.py
benign_covariate,931,0.06598535728343435,0.15,0.02,False,0.1761546723952739,33,t5-r01-20260922T102410Z,0.16004296455424274,seed=33|run_id=t5-r01-20260922T102410Z|producer=exec/figures.py
benign_covariate,937,0.06629284469702244,0.15,0.02,False,0.17716115261472787,33,t5-r01-20260922T102410Z,0.16008537886872998,seed=33|run_id=t5-r01-20260922T102410Z|producer=exec/figures.py
benign_covariate,943,0.06659738864303798,0.15,0.02,False,0.17709437963944857,33,t5-r01-20260922T102410Z,0.16012725344644752,seed=33|run_id=t5-r01-20260922T102410Z|producer=exec/figures.py
benign_covariate,949,0.0668990361200207,0.15,0.02,False,0.17702845100105374,33,t5-r01-20260922T102410Z,0.1601685985247629,seed=33|run_id=t5-r01-20260922T102410Z|producer=exec/figures.py
benign_covariate,955,0.06929207391821438,0.15,0.02,False,0.1769633507853403,33,t5-r01-20260922T102410Z,0.16230366492146597,seed=33|run_id=t5-r01-20260922T102410Z|producer=exec/figures.py
benign_covariate,961,0.06957498991349706,0.15,0.02,False,0.17585848074921956,33,t5-r01-20260922T102410Z,0.16233090530697192,seed=33|run_id=t5-r01-20260922T102410Z|producer=exec/figures.py
benign_covariate,967,0.06882118037319912,0.15,0.02,False,0.17476732161323683,33,t5-r01-20260922T102410Z,0.16132368148914167,seed=33|run_id=t5-r01-20260922T102410Z|producer=exec/figures.py
benign_covariate,973,0.06910531454564679,0.15,0.02,False,0.17574511819116137,33,t5-r01-20260922T102410Z,0.16135662898252826,seed=33|run_id=t5-r01-20260922T102410Z|producer=exec/figures.py
benign_covariate,979,0.06836539983688462,0.15,0.02,False,0.17466802860061287,33,t5-r01-20260922T102410Z,0.16036772216547499,seed=33|run_id=t5-r01-20260922T102410Z|producer=exec/figures.py
benign_covariate,985,0.0676353704936999,0.15,0.02,False,0.1746192893401015,33,t5-r01-20260922T102410Z,0.15939086294416244,seed=33|run_id=t5-r01-20260922T102410Z|producer=exec/figures.py
benign_covariate,991,0.06792412109742249,0.15,0.02,False,0.17558022199798184,33,t5-r01-20260922T102410Z,0.15943491422805248,seed=33|run_id=t5-r01-20260922T102410Z|producer=exec/figures.py
benign_covariate,997,0.0672072329306313,0.15,0.02,False,0.17552657973921765,33,t5-r01-20260922T102410Z,0.1584754262788365,seed=33|run_id=t5-r01-20260922T102410Z|producer=exec/figures.py
benign_covariate,1003,0.06749676400374267,0.15,0.02,False,0.17547357926221335,33,t5-r01-20260922T102410Z,0.1585244267198405,seed=33|run_id=t5-r01-20260922T102410Z|producer=exec/figures.py
benign_covariate,1009,0.06679259265851006,0.15,0.02,False,0.17443012884043607,33,t5-r01-20260922T102410Z,0.15758176412289396,seed=33|run_id=t5-r01-20260922T102410Z|producer=exec/figures.py
benign_covariate,1015,0.06708277755608813,0.15,0.02,False,0.17438423645320197,33,t5-r01-20260922T102410Z,0.15763546798029557,seed=33|run_id=t5-r01-20260922T102410Z|producer=exec/figures.py
benign_covariate,1021,0.06737034963423172,0.15,0.02,False,0.1733594515181195,33,t5-r01-20260922T102410Z,0.15768854064642507,seed=33|run_id=t5-r01-20260922T102410Z|producer=exec/figures.py
benign_covariate,1027,0.06862905780314692,0.15,0.02,False,0.17429406037000975,33,t5-r01-20260922T102410Z,0.1587147030185005,seed=33|run_id=t5-r01-20260922T102410Z|producer=exec/figures.py
benign_covariate,1033,0.06890586503340702,0.15,0.02,False,0.1732817037754114,33,t5-r01-20260922T102410Z,0.15876089060987417,seed=33|run_id=t5-r01-20260922T102410Z|producer=exec/figures.py
benign_covariate,1039,0.06918023957465436,0.15,0.02,False,0.17420596727622714,33,t5-r01-20260922T102410Z,0.1588065447545717,seed=33|run_id=t5-r01-20260922T102410Z|producer=exec/figures.py
benign_covariate,1045,0.06945221700317955,0.15,0.02,False,0.17511961722488037,33,t5-r01-20260922T102410Z,0.15885167464114833,seed=33|run_id=t5-r01-20260922T102410Z|producer=exec/figures.py
benign_covariate,1051,0.06972183217086671,0.15,0.02,False,0.17411988582302568,33,t5-r01-20260922T102410Z,0.15889628924833493,seed=33|run_id=t5-r01-20260922T102410Z|producer=exec/figures.py
benign_covariate,1057,0.06904304543028325,0.15,0.02,False,0.1750236518448439,33,t5-r01-20260922T102410Z,0.15799432355723747,seed=33|run_id=t5-r01-20260922T102410Z|producer=exec/figures.py
benign_covariate,1063,0.06931337784936775,0.15,0.02,False,0.17403574788334902,33,t5-r01-20260922T102410Z,0.15804327375352775,seed=33|run_id=t5-r01-20260922T102410Z|producer=exec/figures.py
benign_covariate,1069,0.06958138845821779,0.15,0.02,False,0.17305893358278765,33,t5-r01-20260922T102410Z,0.1580916744621141,seed=33|run_id=t5-r01-20260922T102410Z|producer=exec/figures.py
benign_covariate,1075,0.07170757551370002,0.15,0.02,False,0.17302325581395347,33,t5-r01-20260922T102410Z,0.16,seed=33|run_id=t5-r01-20260922T102410Z|producer=exec/figures.py
benign_covariate,1081,0.0710356455295692,0.15,0.02,False,0.17298797409805736,33,t5-r01-20260922T102410Z,0.15911193339500462,seed=33|run_id=t5-r01-20260922T102410Z|producer=exec/figures.py
benign_covariate,1087,0.07221174395788109,0.15,0.02,False,0.17295308187672492,33,t5-r01-20260922T102410Z,0.16007359705611776,seed=33|run_id=t5-r01-20260922T102410Z|producer=exec/figures.py
benign_covariate,1093,0.07246069199621288,0.15,0.02,False,0.1729185727355901,33,t5-r01-20260922T102410Z,0.16010978956999086,seed=33|run_id=t5-r01-20260922T102410Z|producer=exec/figures.py
benign_covariate,1099,0.07179766968694783,0.15,0.02,False,0.17197452229299362,33,t5-r01-20260922T102410Z,0.1592356687898089,seed=33|run_id=t5-r01-20260922T102410Z|producer=exec/figures.py
benign_covariate,1105,0.07295245956720436,0.15,0.02,False,0.17194570135746606,33,t5-r01-20260922T102410Z,0.16018099547511314,seed=33|run_id=t5-r01-20260922T102410Z|producer=exec/figures.py
benign_covariate,1111,0.07409542499800756,0.15,0.02,False,0.1719171917191719,33,t5-r01-20260922T102410Z,0.16111611161116113,seed=33|run_id=t5-r01-20260922T102410Z|producer=exec/figures.py
benign_covariate,1117,0.07343624120624903,0.15,0.02,False,0.1718889883616831,33,t5-r01-20260922T102410Z,0.1602506714413608,seed=33|run_id=t5-r01-20260922T102410Z|producer=exec/figures.py
benign_covariate,1123,0.07278473290057647,0.15,0.02,False,0.17186108637577915,33,t5-r01-20260922T102410Z,0.15939447907390916,seed=33|run_id=t5-r01-20260922T102410Z|producer=exec/figures.py
benign_covariate,1129,0.0721407728667877,0.15,0.02,False,0.17094774136403898,33,t5-r01-20260922T102410Z,0.15854738706820196,seed=33|run_id=t5-r01-20260922T102410Z|producer=exec/figures.py
benign_covariate,1135,0.0715042366430463,0.15,0.02,False,0.17004405286343613,33,t5-r01-20260922T102410Z,0.15770925110132158,seed=33|run_id=t5-r01-20260922T102410Z|producer=exec/figures.py
benign_covariate,1141,0.0735042750143113,0.15,0.02,False,0.17002629272567923,33,t5-r01-20260922T102410Z,0.15950920245398773,seed=33|run_id=t5-r01-20260922T102410Z|producer=exec/figures.py
benign_covariate,1147,0.07286846984611331,0.15,0.02,False,0.17000871839581516,33,t5-r01-20260922T102410Z,0.15867480383609417,seed=33|run_id=t5-r01-20260922T102410Z|producer=exec/figures.py
benign_covariate,1153,0.07310717672666797,0.15,0.02,False,0.16999132697311362,33,t5-r01-20260922T102410Z,0.15871639202081528,seed=33|run_id=t5-r01-20260922T102410Z|producer=exec/figures.py
benign_covariate,1159,0.07248118397215812,0.15,0.02,False,0.16997411561691114,33,t5-r01-20260922T102410Z,0.15789473684210525,seed=33|run_id=t5-r01-20260922T102410Z|producer=exec/figures.py
benign_covariate,1165,0.07272058560269166,0.15,0.02,False,0.16909871244635194,33,t5-r01-20260922T102410Z,0.15793991416309014,seed=33|run_id=t5-r01-20260922T102410Z|producer=exec/figures.py
benign_covariate,1171,0.07381207496120723,0.15,0.02,False,0.1682322801024765,33,t5-r01-20260922T102410Z,0.15883859948761742,seed=33|run_id=t5-r01-20260922T102410Z|producer=exec/figures.py
benign_covariate,1177,0.07319376376122094,0.15,0.02,False,0.16822429906542055,33,t5-r01-20260922T102410Z,0.1580288870008496,seed=33|run_id=t5-r01-20260922T102410Z|producer=exec/figures.py
benign_covariate,1183,0.07342758905875392,0.15,0.02,False,0.16737109044801352,33,t5-r01-20260922T102410Z,0.158072696534235,seed=33|run_id=t5-r01-20260922T102410Z|producer=exec/figures.py
benign_covariate,1189,0.0736596036128514,0.15,0.02,False,0.16736753574432295,33,t5-r01-20260922T102410Z,0.1581160639192599,seed=33|run_id=t5-r01-20260922T102410Z|producer=exec/figures.py
benign_covariate,1195,0.07388983072061654,0.15,0.02,False,0.16652719665271967,33,t5-r01-20260922T102410Z,0.1581589958158996,seed=33|run_id=t5-r01-20260922T102410Z|producer=exec/figures.py
benign_covariate,1201,0.0732856537949271,0.15,0.02,False,0.16569525395503748,33,t5-r01-20260922T102410Z,0.15736885928393005,seed=33|run_id=t5-r01-20260922T102410Z|producer=exec/figures.py
benign_covariate,1207,0.07268801288102937,0.15,0.02,False,0.16570008285004142,33,t5-r01-20260922T102410Z,0.15658657829328915,seed=33|run_id=t5-r01-20260922T102410Z|producer=exec/figures.py
benign_covariate,1213,0.07209680721222868,0.15,0.02,False,0.16570486397361914,33,t5-r01-20260922T102410Z,0.15581203627370158,seed=33|run_id=t5-r01-20260922T102410Z|producer=exec/figures.py
benign_covariate,1219,0.07233228259578266,0.15,0.02,False,0.1657095980311731,33,t5-r01-20260922T102410Z,0.15586546349466776,seed=33|run_id=t5-r01-20260922T102410Z|producer=exec/figures.py
benign_covariate,1225,0.07256596170012375,0.15,0.02,False,0.1657142857142857,33,t5-r01-20260922T102410Z,0.15591836734693879,seed=33|run_id=t5-r01-20260922T102410Z|producer=exec/figures.py
benign_covariate,1231,0.07361021488609486,0.15,0.02,False,0.16734362307067424,33,t5-r01-20260922T102410Z,0.15678310316815597,seed=33|run_id=t5-r01-20260922T102410Z|producer=exec/figures.py
benign_covariate,1237,0.07464483625249019,0.15,0.02,False,0.16734033953112368,33,t5-r01-20260922T102410Z,0.1576394502829426,seed=33|run_id=t5-r01-20260922T102410Z|producer=exec/figures.py
benign_covariate,1243,0.07566996180740417,0.15,0.02,False,0.16733708769107,33,t5-r01-20260922T102410Z,0.1584875301689461,seed=33|run_id=t5-r01-20260922T102410Z|producer=exec/figures.py
benign_covariate,1249,0.07508444396131812,0.15,0.02,False,0.16653322658126501,33,t5-r01-20260922T102410Z,0.1577261809447558,seed=33|run_id=t5-r01-20260922T102410Z|producer=exec/figures.py
benign_covariate,1255,0.07609863121402505,0.15,0.02,False,0.16653386454183267,33,t5-r01-20260922T102410Z,0.15856573705179283,seed=33|run_id=t5-r01-20260922T102410Z|producer=exec/figures.py
benign_covariate,1261,0.07551759980926935,0.15,0.02,False,0.16574147501982553,33,t5-r01-20260922T102410Z,0.1578112609040444,seed=33|run_id=t5-r01-20260922T102410Z|producer=exec/figures.py
benign_covariate,1267,0.0749425413960562,0.15,0.02,False,0.164956590370955,33,t5-r01-20260922T102410Z,0.15706393054459353,seed=33|run_id=t5-r01-20260922T102410Z|producer=exec/figures.py
benign_covariate,1273,0.07594446022979542,0.15,0.02,False,0.1657501963864886,33,t5-r01-20260922T102410Z,0.15789473684210525,seed=33|run_id=t5-r01-20260922T102410Z|producer=exec/figures.py
benign_covariate,1279,0.076155577098055,0.15,0.02,False,0.16575449569976544,33,t5-r01-20260922T102410Z,0.15793588741204065,seed=33|run_id=t5-r01-20260922T102410Z|producer=exec/figures.py
benign_covariate,1285,0.07636517640482686,0.15,0.02,False,0.16653696498054474,33,t5-r01-20260922T102410Z,0.15797665369649805,seed=33|run_id=t5-r01-20260922T102410Z|producer=exec/figures.py
benign_covariate,1291,0.07657327626407436,0.15,0.02,False,0.16731216111541442,33,t5-r01-20260922T102410Z,0.15801704105344694,seed=33|run_id=t5-r01-20260922T102410Z|producer=exec/figures.py
benign_covariate,1297,0.0760088844657909,0.15,0.02,False,0.16730917501927525,33,t5-r01-20260922T102410Z,0.15728604471858135,seed=33|run_id=t5-r01-20260922T102410Z|producer=exec/figures.py
benign_covariate,1303,0.07621758888966945,0.15,0.02,False,0.16653875671527243,33,t5-r01-20260922T102410Z,0.15732924021488873,seed=33|run_id=t5-r01-20260922T102410Z|producer=exec/figures.py
benign_covariate,1309,0.07566087194101981,0.15,0.02,False,0.1657754010695187,33,t5-r01-20260922T102410Z,0.15660809778456838,seed=33|run_id=t5-r01-20260922T102410Z|producer=exec/figures.py
benign_covariate,1315,0.07587012056107438,0.15,0.02,False,0.16577946768060836,33,t5-r01-20260922T102410Z,0.15665399239543726,seed=33|run_id=t5-r01-20260922T102410Z|producer=exec/figures.py
benign_covariate,1321,0.075320890317266,0.15,0.02,False,0.16502649507948525,33,t5-r01-20260922T102410Z,0.15594246782740348,seed=33|run_id=t5-r01-20260922T102410Z|producer=exec/figures.py
benign_covariate,1327,0.07553062578044097,0.15,0.02,False,0.1650339110776187,33,t5-r01-20260922T102410Z,0.15599095704596835,seed=33|run_id=t5-r01-20260922T102410Z|producer=exec/figures.py
benign_covariate,1333,0.07498870053180462,0.15,0.02,False,0.16429107276819205,33,t5-r01-20260922T102410Z,0.15528882220555137,seed=33|run_id=t5-r01-20260922T102410Z|producer=exec/figures.py
benign_covariate,1339,0.07519886834220679,0.15,0.02,False,0.16430171769977595,33,t5-r01-20260922T102410Z,0.1553398058252427,seed=33|run_id=t5-r01-20260922T102410Z|producer=exec/figures.py
benign_covariate,1345,0.0746640725354849,0.15,0.02,False,0.16431226765799256,33,t5-r01-20260922T102410Z,0.1546468401486989,seed=33|run_id=t5-r01-20260922T102410Z|producer=exec/figures.py
benign_covariate,1351,0.07487462090542081,0.15,0.02,False,0.16432272390821615,33,t5-r01-20260922T102410Z,0.154700222057735,seed=33|run_id=t5-r01-20260922T102410Z|producer=exec/figures.py
benign_covariate,1357,0.0758206242310776,0.15,0.02,False,0.16507000736919675,33,t5-r01-20260922T102410Z,0.15549005158437731,seed=33|run_id=t5-r01-20260922T102410Z|producer=exec/figures.py
benign_covariate,1363,0.07529134030457861,0.15,0.02,False,0.16507703595011006,33,t5-r01-20260922T102410Z,0.15480557593543653,seed=33|run_id=t5-r01-20260922T102410Z|producer=exec/figures.py
benign_covariate,1369,0.07549754470469514,0.15,0.02,False,0.1643535427319211,33,t5-r01-20260922T102410Z,0.15485756026296568,seed=33|run_id=t5-r01-20260922T102410Z|producer=exec/figures.py
benign_covariate,1375,0.07570233404473305,0.15,0.02,False,0.16436363636363635,33,t5-r01-20260922T102410Z,0.1549090909090909,seed=33|run_id=t5-r01-20260922T102410Z|producer=exec/figures.py
benign_covariate,1381,0.07518161139499406,0.15,0.02,False,0.16364952932657495,33,t5-r01-20260922T102410Z,0.15423606082548877,seed=33|run_id=t5-r01-20260922T102410Z|producer=exec/figures.py
benign_covariate,1387,0.07466577035325539,0.15,0.02,False,0.1651045421773612,33,t5-r01-20260922T102410Z,0.15356885364095169,seed=33|run_id=t5-r01-20260922T102410Z|producer=exec/figures.py
benign_covariate,1393,0.0763083707688552,0.15,0.02,False,0.1658291457286432,33,t5-r01-20260922T102410Z,0.15506101938262742,seed=33|run_id=t5-r01-20260922T102410Z|producer=exec/figures.py
benign_covariate,1399,0.07650765769332792,0.15,0.02,False,0.16654753395282346,33,t5-r01-20260922T102410Z,0.15511079342387418,seed=33|run_id=t5-r01-20260922T102410Z|producer=exec/figures.py
harmful_concept,1,-0.1832762558812695,0.15,0.02,False,1.0,31,t5-r01-20260922T102410Z,1.0,seed=31|run_id=t5-r01-20260922T102410Z|producer=exec/figures.py
harmful_concept,7,-0.5485237576174806,0.15,0.02,False,0.42857142857142855,31,t5-r01-20260922T102410Z,0.14285714285714285,seed=31|run_id=t5-r01-20260922T102410Z|producer=exec/figures.py
harmful_concept,13,-0.3215052310418908,0.15,0.02,False,0.46153846153846156,31,t5-r01-20260922T102410Z,0.23076923076923078,seed=31|run_id=t5-r01-20260922T102410Z|producer=exec/figures.py
harmful_concept,19,-0.2150284638316467,0.15,0.02,False,0.47368421052631576,31,t5-r01-20260922T102410Z,0.2631578947368421,seed=31|run_id=t5-r01-20260922T102410Z|producer=exec/figures.py
harmful_concept,25,-0.1898380403175408,0.15,0.02,False,0.44,31,t5-r01-20260922T102410Z,0.24,seed=31|run_id=t5-r01-20260922T102410Z|producer=exec/figures.py
harmful_concept,31,-0.16908552635712595,0.15,0.02,False,0.4838709677419355,31,t5-r01-20260922T102410Z,0.22580645161290322,seed=31|run_id=t5-r01-20260922T102410Z|producer=exec/figures.py
harmful_concept,37,-0.1517974663428966,0.15,0.02,False,0.5135135135135135,31,t5-r01-20260922T102410Z,0.21621621621621623,seed=31|run_id=t5-r01-20260922T102410Z|producer=exec/figures.py
harmful_concept,43,-0.11389709309872556,0.15,0.02,False,0.5116279069767442,31,t5-r01-20260922T102410Z,0.23255813953488372,seed=31|run_id=t5-r01-20260922T102410Z|producer=exec/figures.py
harmful_concept,49,-0.08373442633717398,0.15,0.02,False,0.4897959183673469,31,t5-r01-20260922T102410Z,0.24489795918367346,seed=31|run_id=t5-r01-20260922T102410Z|producer=exec/figures.py
harmful_concept,55,-0.07719296670291356,0.15,0.02,False,0.509090909090909,31,t5-r01-20260922T102410Z,0.23636363636363636,seed=31|run_id=t5-r01-20260922T102410Z|producer=exec/figures.py
harmful_concept,61,-0.03827859253162402,0.15,0.02,False,0.5081967213114754,31,t5-r01-20260922T102410Z,0.26229508196721313,seed=31|run_id=t5-r01-20260922T102410Z|producer=exec/figures.py
harmful_concept,67,-0.020573742670560724,0.15,0.02,False,0.5074626865671642,31,t5-r01-20260922T102410Z,0.26865671641791045,seed=31|run_id=t5-r01-20260922T102410Z|producer=exec/figures.py
harmful_concept,73,-0.0052288549163382325,0.15,0.02,False,0.5205479452054794,31,t5-r01-20260922T102410Z,0.273972602739726,seed=31|run_id=t5-r01-20260922T102410Z|producer=exec/figures.py
harmful_concept,79,-0.00442301400028261,0.15,0.02,False,0.5189873417721519,31,t5-r01-20260922T102410Z,0.26582278481012656,seed=31|run_id=t5-r01-20260922T102410Z|producer=exec/figures.py
harmful_concept,85,0.008407472455536857,0.15,0.02,False,0.5411764705882353,31,t5-r01-20260922T102410Z,0.27058823529411763,seed=31|run_id=t5-r01-20260922T102410Z|producer=exec/figures.py
harmful_concept,91,0.03084948198775478,0.15,0.02,False,0.5384615384615384,31,t5-r01-20260922T102410Z,0.2857142857142857,seed=31|run_id=t5-r01-20260922T102410Z|producer=exec/figures.py
harmful_concept,97,0.040473513670031686,0.15,0.02,False,0.5360824742268041,31,t5-r01-20260922T102410Z,0.28865979381443296,seed=31|run_id=t5-r01-20260922T102410Z|producer=exec/figures.py
harmful_concept,103,0.05891512144337868,0.15,0.02,False,0.5242718446601942,31,t5-r01-20260922T102410Z,0.30097087378640774,seed=31|run_id=t5-r01-20260922T102410Z|producer=exec/figures.py
harmful_concept,109,0.08470033647051436,0.15,0.02,False,0.5412844036697247,31,t5-r01-20260922T102410Z,0.3211009174311927,seed=31|run_id=t5-r01-20260922T102410Z|producer=exec/figures.py
harmful_concept,115,0.0992737277780929,0.15,0.02,False,0.5391304347826087,31,t5-r01-20260922T102410Z,0.33043478260869563,seed=31|run_id=t5-r01-20260922T102410Z|producer=exec/figures.py
harmful_concept,121,0.0960264894730484,0.15,0.02,False,0.5289256198347108,31,t5-r01-20260922T102410Z,0.32231404958677684,seed=31|run_id=t5-r01-20260922T102410Z|producer=exec/figures.py
harmful_concept,127,0.11684420270360935,0.15,0.02,False,0.5354330708661418,31,t5-r01-20260922T102410Z,0.33858267716535434,seed=31|run_id=t5-r01-20260922T102410Z|producer=exec/figures.py
harmful_concept,133,0.1359048826392046,0.15,0.02,False,0.5488721804511278,31,t5-r01-20260922T102410Z,0.3533834586466165,seed=31|run_id=t5-r01-20260922T102410Z|producer=exec/figures.py
harmful_concept,139,0.1318459165921028,0.15,0.02,False,0.5467625899280576,31,t5-r01-20260922T102410Z,0.34532374100719426,seed=31|run_id=t5-r01-20260922T102410Z|producer=exec/figures.py
harmful_concept,145,0.1420137228154482,0.15,0.02,False,0.5517241379310345,31,t5-r01-20260922T102410Z,0.35172413793103446,seed=31|run_id=t5-r01-20260922T102410Z|producer=exec/figures.py
harmful_concept,151,0.15808437356604957,0.15,0.02,False,0.5629139072847682,31,t5-r01-20260922T102410Z,0.36423841059602646,seed=31|run_id=t5-r01-20260922T102410Z|producer=exec/figures.py
harmful_concept,157,0.16663746772805685,0.15,0.02,False,0.5605095541401274,31,t5-r01-20260922T102410Z,0.36942675159235666,seed=31|run_id=t5-r01-20260922T102410Z|producer=exec/figures.py
harmful_concept,163,0.17463394613720884,0.15,0.02,True,0.5644171779141104,31,t5-r01-20260922T102410Z,0.37423312883435583,seed=31|run_id=t5-r01-20260922T102410Z|producer=exec/figures.py
harmful_concept,169,0.17621225194756632,0.15,0.02,True,0.5621301775147929,31,t5-r01-20260922T102410Z,0.3727810650887574,seed=31|run_id=t5-r01-20260922T102410Z|producer=exec/figures.py
harmful_concept,175,0.18345785998575145,0.15,0.02,True,0.5657142857142857,31,t5-r01-20260922T102410Z,0.37714285714285717,seed=31|run_id=t5-r01-20260922T102410Z|producer=exec/figures.py
harmful_concept,181,0.1847545632372106,0.15,0.02,True,0.5580110497237569,31,t5-r01-20260922T102410Z,0.3756906077348066,seed=31|run_id=t5-r01-20260922T102410Z|producer=exec/figures.py
harmful_concept,187,0.17532482130185625,0.15,0.02,True,0.5508021390374331,31,t5-r01-20260922T102410Z,0.36363636363636365,seed=31|run_id=t5-r01-20260922T102410Z|producer=exec/figures.py
harmful_concept,193,0.17689212025689435,0.15,0.02,True,0.5544041450777202,31,t5-r01-20260922T102410Z,0.3626943005181347,seed=31|run_id=t5-r01-20260922T102410Z|producer=exec/figures.py
harmful_concept,199,0.1784094413941894,0.15,0.02,True,0.5577889447236181,31,t5-r01-20260922T102410Z,0.36180904522613067,seed=31|run_id=t5-r01-20260922T102410Z|producer=exec/figures.py
harmful_concept,205,0.17500126969264904,0.15,0.02,True,0.5658536585365853,31,t5-r01-20260922T102410Z,0.35609756097560974,seed=31|run_id=t5-r01-20260922T102410Z|producer=exec/figures.py
harmful_concept,211,0.1813041242488405,0.15,0.02,True,0.5687203791469194,31,t5-r01-20260922T102410Z,0.36018957345971564,seed=31|run_id=t5-r01-20260922T102410Z|producer=exec/figures.py
harmful_concept,217,0.18268608076081647,0.15,0.02,True,0.5622119815668203,31,t5-r01-20260922T102410Z,0.35944700460829493,seed=31|run_id=t5-r01-20260922T102410Z|producer=exec/figures.py
harmful_concept,223,0.18851157430941923,0.15,0.02,True,0.5695067264573991,31,t5-r01-20260922T102410Z,0.3632286995515695,seed=31|run_id=t5-r01-20260922T102410Z|producer=exec/figures.py
harmful_concept,229,0.18969645266287088,0.15,0.02,True,0.5764192139737991,31,t5-r01-20260922T102410Z,0.3624454148471616,seed=31|run_id=t5-r01-20260922T102410Z|producer=exec/figures.py
harmful_concept,235,0.1865950224020466,0.15,0.02,True,0.5829787234042553,31,t5-r01-20260922T102410Z,0.3574468085106383,seed=31|run_id=t5-r01-20260922T102410Z|producer=exec/figures.py
harmful_concept,241,0.19197450807230132,0.15,0.02,True,0.5809128630705395,31,t5-r01-20260922T102410Z,0.36099585062240663,seed=31|run_id=t5-r01-20260922T102410Z|producer=exec/figures.py
harmful_concept,247,0.1890215746697194,0.15,0.02,True,0.582995951417004,31,t5-r01-20260922T102410Z,0.3562753036437247,seed=31|run_id=t5-r01-20260922T102410Z|producer=exec/figures.py
harmful_concept,253,0.18623329811505956,0.15,0.02,True,0.5810276679841897,31,t5-r01-20260922T102410Z,0.35177865612648224,seed=31|run_id=t5-r01-20260922T102410Z|producer=exec/figures.py
harmful_concept,259,0.18359742219136563,0.15,0.02,True,0.5752895752895753,31,t5-r01-20260922T102410Z,0.3474903474903475,seed=31|run_id=t5-r01-20260922T102410Z|producer=exec/figures.py
harmful_concept,265,0.18487643006650212,0.15,0.02,True,0.5660377358490566,31,t5-r01-20260922T102410Z,0.3471698113207547,seed=31|run_id=t5-r01-20260922T102410Z|producer=exec/figures.py
harmful_concept,271,0.19349963620656435,0.15,0.02,True,0.5719557195571956,31,t5-r01-20260922T102410Z,0.35424354243542433,seed=31|run_id=t5-r01-20260922T102410Z|producer=exec/figures.py
harmful_concept,277,0.1945487251478394,0.15,0.02,True,0.5667870036101083,31,t5-r01-20260922T102410Z,0.35379061371841153,seed=31|run_id=t5-r01-20260922T102410Z|producer=exec/figures.py
harmful_concept,283,0.1955719852600775,0.15,0.02,True,0.5653710247349824,31,t5-r01-20260922T102410Z,0.35335689045936397,seed=31|run_id=t5-r01-20260922T102410Z|producer=exec/figures.py
harmful_concept,289,0.1965704721079933,0.15,0.02,True,0.5605536332179931,31,t5-r01-20260922T102410Z,0.35294117647058826,seed=31|run_id=t5-r01-20260922T102410Z|producer=exec/figures.py
harmful_concept,295,0.20093501310286122,0.15,0.02,True,0.5627118644067797,31,t5-r01-20260922T102410Z,0.3559322033898305,seed=31|run_id=t5-r01-20260922T102410Z|producer=exec/figures.py
harmful_concept,301,0.20181931809221784,0.15,0.02,True,0.5614617940199336,31,t5-r01-20260922T102410Z,0.3554817275747508,seed=31|run_id=t5-r01-20260922T102410Z|producer=exec/figures.py
harmful_concept,307,0.2026843214404335,0.15,0.02,True,0.5537459283387622,31,t5-r01-20260922T102410Z,0.3550488599348534,seed=31|run_id=t5-r01-20260922T102410Z|producer=exec/figures.py
harmful_concept,313,0.20033582675740425,0.15,0.02,True,0.5591054313099042,31,t5-r01-20260922T102410Z,0.3514376996805112,seed=31|run_id=t5-r01-20260922T102410Z|producer=exec/figures.py
harmful_concept,319,0.20122436112253597,0.15,0.02,True,0.5642633228840125,31,t5-r01-20260922T102410Z,0.3510971786833856,seed=31|run_id=t5-r01-20260922T102410Z|producer=exec/figures.py
harmful_concept,325,0.20517027633390467,0.15,0.02,True,0.5661538461538461,31,t5-r01-20260922T102410Z,0.35384615384615387,seed=31|run_id=t5-r01-20260922T102410Z|producer=exec/figures.py
harmful_concept,331,0.20898581809324868,0.15,0.02,True,0.56797583081571,31,t5-r01-20260922T102410Z,0.3564954682779456,seed=31|run_id=t5-r01-20260922T102410Z|producer=exec/figures.py
harmful_concept,337,0.2067429089534641,0.15,0.02,True,0.5667655786350149,31,t5-r01-20260922T102410Z,0.35311572700296734,seed=31|run_id=t5-r01-20260922T102410Z|producer=exec/figures.py
harmful_concept,343,0.2075055372129203,0.15,0.02,True,0.5685131195335277,31,t5-r01-20260922T102410Z,0.35276967930029157,seed=31|run_id=t5-r01-20260922T102410Z|producer=exec/figures.py
harmful_concept,349,0.20825307424309686,0.15,0.02,True,0.5702005730659025,31,t5-r01-20260922T102410Z,0.3524355300859599,seed=31|run_id=t5-r01-20260922T102410Z|producer=exec/figures.py
harmful_concept,355,0.206169114625947,0.15,0.02,True,0.5690140845070423,31,t5-r01-20260922T102410Z,0.3492957746478873,seed=31|run_id=t5-r01-20260922T102410Z|producer=exec/figures.py
harmful_concept,361,0.20693475333935527,0.15,0.02,True,0.5678670360110804,31,t5-r01-20260922T102410Z,0.3490304709141274,seed=31|run_id=t5-r01-20260922T102410Z|producer=exec/figures.py
harmful_concept,367,0.21040998838917893,0.15,0.02,True,0.5667574931880109,31,t5-r01-20260922T102410Z,0.35149863760217986,seed=31|run_id=t5-r01-20260922T102410Z|producer=exec/figures.py
harmful_concept,373,0.20842093985219076,0.15,0.02,True,0.5656836461126006,31,t5-r01-20260922T102410Z,0.3485254691689008,seed=31|run_id=t5-r01-20260922T102410Z|producer=exec/figures.py
harmful_concept,379,0.2117810006580216,0.15,0.02,True,0.5699208443271768,31,t5-r01-20260922T102410Z,0.35092348284960423,seed=31|run_id=t5-r01-20260922T102410Z|producer=exec/figures.py
harmful_concept,385,0.21244767200805054,0.15,0.02,True,0.5766233766233766,31,t5-r01-20260922T102410Z,0.35064935064935066,seed=31|run_id=t5-r01-20260922T102410Z|producer=exec/figures.py
harmful_concept,391,0.21054475413232032,0.15,0.02,True,0.5703324808184144,31,t5-r01-20260922T102410Z,0.34782608695652173,seed=31|run_id=t5-r01-20260922T102410Z|producer=exec/figures.py
harmful_concept,397,0.20870746184237948,0.15,0.02,True,0.5642317380352645,31,t5-r01-20260922T102410Z,0.345088161209068,seed=31|run_id=t5-r01-20260922T102410Z|producer=exec/figures.py
harmful_concept,403,0.2143768598121922,0.15,0.02,True,0.56575682382134,31,t5-r01-20260922T102410Z,0.34987593052109184,seed=31|run_id=t5-r01-20260922T102410Z|producer=exec/figures.py
harmful_concept,409,0.21744246494797392,0.15,0.02,True,0.5696821515892421,31,t5-r01-20260922T102410Z,0.35207823960880197,seed=31|run_id=t5-r01-20260922T102410Z|producer=exec/figures.py
harmful_concept,415,0.21801705676626112,0.15,0.02,True,0.5710843373493976,31,t5-r01-20260922T102410Z,0.35180722891566263,seed=31|run_id=t5-r01-20260922T102410Z|producer=exec/figures.py
harmful_concept,421,0.22333288167800852,0.15,0.02,True,0.5748218527315915,31,t5-r01-20260922T102410Z,0.35629453681710216,seed=31|run_id=t5-r01-20260922T102410Z|producer=exec/figures.py
harmful_concept,427,0.22382225224505262,0.15,0.02,True,0.5737704918032787,31,t5-r01-20260922T102410Z,0.3559718969555035,seed=31|run_id=t5-r01-20260922T102410Z|producer=exec/figures.py
harmful_concept,433,0.2243046093317963,0.15,0.02,True,0.5750577367205543,31,t5-r01-20260922T102410Z,0.3556581986143187,seed=31|run_id=t5-r01-20260922T102410Z|producer=exec/figures.py
harmful_concept,439,0.22478011220424698,0.15,0.02,True,0.5740318906605922,31,t5-r01-20260922T102410Z,0.3553530751708428,seed=31|run_id=t5-r01-20260922T102410Z|producer=exec/figures.py
harmful_concept,445,0.2230017247241422,0.15,0.02,True,0.5730337078651685,31,t5-r01-20260922T102410Z,0.35280898876404493,seed=31|run_id=t5-r01-20260922T102410Z|producer=exec/figures.py
harmful_concept,451,0.22792846540662773,0.15,0.02,True,0.5742793791574279,31,t5-r01-20260922T102410Z,0.35698447893569846,seed=31|run_id=t5-r01-20260922T102410Z|producer=exec/figures.py
harmful_concept,457,0.22835520671859585,0.15,0.02,True,0.5754923413566739,31,t5-r01-20260922T102410Z,0.35667396061269147,seed=31|run_id=t5-r01-20260922T102410Z|producer=exec/figures.py
harmful_concept,463,0.2287764424762867,0.15,0.02,True,0.5766738660907127,31,t5-r01-20260922T102410Z,0.3563714902807775,seed=31|run_id=t5-r01-20260922T102410Z|producer=exec/figures.py
harmful_concept,469,0.23132447822381857,0.15,0.02,True,0.5756929637526652,31,t5-r01-20260922T102410Z,0.3582089552238806,seed=31|run_id=t5-r01-20260922T102410Z|producer=exec/figures.py
harmful_concept,475,0.23591862192843377,0.15,0.02,True,0.5768421052631579,31,t5-r01-20260922T102410Z,0.36210526315789476,seed=31|run_id=t5-r01-20260922T102410Z|producer=exec/figures.py
harmful_concept,481,0.23208720032805183,0.15,0.02,True,0.577962577962578,31,t5-r01-20260922T102410Z,0.3575883575883576,seed=31|run_id=t5-r01-20260922T102410Z|producer=exec/figures.py
harmful_concept,487,0.23246186976552008,0.15,0.02,True,0.5811088295687885,31,t5-r01-20260922T102410Z,0.35728952772073924,seed=31|run_id=t5-r01-20260922T102410Z|producer=exec/figures.py
harmful_concept,493,0.23080378262786239,0.15,0.02,True,0.5862068965517241,31,t5-r01-20260922T102410Z,0.35496957403651114,seed=31|run_id=t5-r01-20260922T102410Z|producer=exec/figures.py
harmful_concept,499,0.22919019068185573,0.15,0.02,True,0.5871743486973948,31,t5-r01-20260922T102410Z,0.3527054108216433,seed=31|run_id=t5-r01-20260922T102410Z|producer=exec/figures.py
harmful_concept,505,0.22761942916762445,0.15,0.02,True,0.5861386138613861,31,t5-r01-20260922T102410Z,0.3504950495049505,seed=31|run_id=t5-r01-20260922T102410Z|producer=exec/figures.py
harmful_concept,511,0.22608991375979923,0.15,0.02,True,0.5851272015655578,31,t5-r01-20260922T102410Z,0.34833659491193736,seed=31|run_id=t5-r01-20260922T102410Z|producer=exec/figures.py
harmful_concept,517,0.22846860776450018,0.15,0.02,True,0.5880077369439072,31,t5-r01-20260922T102410Z,0.35009671179883944,seed=31|run_id=t5-r01-20260922T102410Z|producer=exec/figures.py
harmful_concept,523,0.23079684148319177,0.15,0.02,True,0.5869980879541109,31,t5-r01-20260922T102410Z,0.35181644359464626,seed=31|run_id=t5-r01-20260922T102410Z|producer=exec/figures.py
harmful_concept,529,0.23307626485653565,0.15,0.02,True,0.5860113421550095,31,t5-r01-20260922T102410Z,0.3534971644612476,seed=31|run_id=t5-r01-20260922T102410Z|producer=exec/figures.py
harmful_concept,535,0.23343929675666053,0.15,0.02,True,0.5887850467289719,31,t5-r01-20260922T102410Z,0.3532710280373832,seed=31|run_id=t5-r01-20260922T102410Z|producer=exec/figures.py
harmful_concept,541,0.23564649447801522,0.15,0.02,True,0.5859519408502772,31,t5-r01-20260922T102410Z,0.35489833641404805,seed=31|run_id=t5-r01-20260922T102410Z|producer=exec/figures.py
harmful_concept,547,0.232324498548455,0.15,0.02,True,0.583180987202925,31,t5-r01-20260922T102410Z,0.3510054844606947,seed=31|run_id=t5-r01-20260922T102410Z|producer=exec/figures.py
harmful_concept,553,0.23450313484327387,0.15,0.02,True,0.5804701627486437,31,t5-r01-20260922T102410Z,0.352622061482821,seed=31|run_id=t5-r01-20260922T102410Z|producer=exec/figures.py
harmful_concept,559,0.23306068186117324,0.15,0.02,True,0.5831842576028623,31,t5-r01-20260922T102410Z,0.35062611806797855,seed=31|run_id=t5-r01-20260922T102410Z|producer=exec/figures.py
harmful_concept,565,0.23519209442429717,0.15,0.02,True,0.5858407079646017,31,t5-r01-20260922T102410Z,0.35221238938053095,seed=31|run_id=t5-r01-20260922T102410Z|producer=exec/figures.py
harmful_concept,571,0.23728203289182853,0.15,0.02,True,0.5866900175131349,31,t5-r01-20260922T102410Z,0.35376532399299476,seed=31|run_id=t5-r01-20260922T102410Z|producer=exec/figures.py
harmful_concept,577,0.23759863925343375,0.15,0.02,True,0.587521663778163,31,t5-r01-20260922T102410Z,0.3535528596187175,seed=31|run_id=t5-r01-20260922T102410Z|producer=exec/figures.py
harmful_concept,583,0.23619661693097815,0.15,0.02,True,0.5900514579759862,31,t5-r01-20260922T102410Z,0.3516295025728988,seed=31|run_id=t5-r01-20260922T102410Z|producer=exec/figures.py
harmful_concept,589,0.23652402726674732,0.15,0.02,True,0.5925297113752123,31,t5-r01-20260922T102410Z,0.35144312393887944,seed=31|run_id=t5-r01-20260922T102410Z|producer=exec/figures.py
harmful_concept,595,0.23516716219246014,0.15,0.02,True,0.5949579831932773,31,t5-r01-20260922T102410Z,0.3495798319327731,seed=31|run_id=t5-r01-20260922T102410Z|producer=exec/figures.py
harmful_concept,601,0.23217642286333953,0.15,0.02,True,0.5990016638935108,31,t5-r01-20260922T102410Z,0.34608985024958405,seed=31|run_id=t5-r01-20260922T102410Z|producer=exec/figures.py
harmful_concept,607,0.2308951115874042,0.15,0.02,True,0.5996705107084019,31,t5-r01-20260922T102410Z,0.3443163097199341,seed=31|run_id=t5-r01-20260922T102410Z|producer=exec/figures.py
harmful_concept,613,0.23127299290894704,0.15,0.02,True,0.598694942903752,31,t5-r01-20260922T102410Z,0.3442088091353997,seed=31|run_id=t5-r01-20260922T102410Z|producer=exec/figures.py
harmful_concept,619,0.23164627117329578,0.15,0.02,True,0.6009693053311793,31,t5-r01-20260922T102410Z,0.3441033925686591,seed=31|run_id=t5-r01-20260922T102410Z|producer=exec/figures.py
harmful_concept,625,0.22881504138523745,0.15,0.02,True,0.6,31,t5-r01-20260922T102410Z,0.3408,seed=31|run_id=t5-r01-20260922T102410Z|producer=exec/figures.py
harmful_concept,631,0.23079460975036253,0.15,0.02,True,0.6022187004754358,31,t5-r01-20260922T102410Z,0.34231378763866877,seed=31|run_id=t5-r01-20260922T102410Z|producer=exec/figures.py
harmful_concept,637,0.23116956533304128,0.15,0.02,True,0.6012558869701727,31,t5-r01-20260922T102410Z,0.34222919937205654,seed=31|run_id=t5-r01-20260922T102410Z|producer=exec/figures.py
harmful_concept,643,0.22998479327125246,0.15,0.02,True,0.6018662519440124,31,t5-r01-20260922T102410Z,0.3405909797822706,seed=31|run_id=t5-r01-20260922T102410Z|producer=exec/figures.py
harmful_concept,649,0.23344684781417324,0.15,0.02,True,0.6055469953775039,31,t5-r01-20260922T102410Z,0.3436055469953775,seed=31|run_id=t5-r01-20260922T102410Z|producer=exec/figures.py
harmful_concept,655,0.2322676926442221,0.15,0.02,True,0.6061068702290077,31,t5-r01-20260922T102410Z,0.3419847328244275,seed=31|run_id=t5-r01-20260922T102410Z|producer=exec/figures.py
harmful_concept,661,0.23262512100098298,0.15,0.02,True,0.6066565809379728,31,t5-r01-20260922T102410Z,0.34190620272314676,seed=31|run_id=t5-r01-20260922T102410Z|producer=exec/figures.py
harmful_concept,667,0.23147913513967933,0.15,0.02,True,0.6056971514242878,31,t5-r01-20260922T102410Z,0.3403298350824588,seed=31|run_id=t5-r01-20260922T102410Z|producer=exec/figures.py
harmful_concept,673,0.23184168439302189,0.15,0.02,True,0.6047548291233283,31,t5-r01-20260922T102410Z,0.34026745913818723,seed=31|run_id=t5-r01-20260922T102410Z|producer=exec/figures.py
harmful_concept,679,0.23072724186387,0.15,0.02,True,0.5994108983799705,31,t5-r01-20260922T102410Z,0.3387334315169367,seed=31|run_id=t5-r01-20260922T102410Z|producer=exec/figures.py
harmful_concept,685,0.23401400774502532,0.15,0.02,True,0.6014598540145986,31,t5-r01-20260922T102410Z,0.3416058394160584,seed=31|run_id=t5-r01-20260922T102410Z|producer=exec/figures.py
harmful_concept,691,0.23435141753191305,0.15,0.02,True,0.6005788712011577,31,t5-r01-20260922T102410Z,0.341534008683068,seed=31|run_id=t5-r01-20260922T102410Z|producer=exec/figures.py
harmful_concept,697,0.23468505296814252,0.15,0.02,True,0.5982783357245337,31,t5-r01-20260922T102410Z,0.34146341463414637,seed=31|run_id=t5-r01-20260922T102410Z|producer=exec/figures.py
harmful_concept,703,0.23501498571711554,0.15,0.02,True,0.5960170697012802,31,t5-r01-20260922T102410Z,0.3413940256045519,seed=31|run_id=t5-r01-20260922T102410Z|producer=exec/figures.py
harmful_concept,709,0.23393084829492353,0.15,0.02,True,0.5966149506346967,31,t5-r01-20260922T102410Z,0.33991537376586745,seed=31|run_id=t5-r01-20260922T102410Z|producer=exec/figures.py
harmful_concept,715,0.23286681751628735,0.15,0.02,True,0.5986013986013986,31,t5-r01-20260922T102410Z,0.3384615384615385,seed=31|run_id=t5-r01-20260922T102410Z|producer=exec/figures.py
harmful_concept,721,0.23182236853181454,0.15,0.02,True,0.5977808599167822,31,t5-r01-20260922T102410Z,0.33703190013869627,seed=31|run_id=t5-r01-20260922T102410Z|producer=exec/figures.py
harmful_concept,727,0.23079699427795608,0.15,0.02,True,0.5997248968363136,31,t5-r01-20260922T102410Z,0.3356258596973865,seed=31|run_id=t5-r01-20260922T102410Z|producer=exec/figures.py
harmful_concept,733,0.22979020473618578,0.15,0.02,True,0.6002728512960437,31,t5-r01-20260922T102410Z,0.33424283765347884,seed=31|run_id=t5-r01-20260922T102410Z|producer=exec/figures.py
harmful_concept,739,0.23150788617460327,0.15,0.02,True,0.6008119079837618,31,t5-r01-20260922T102410Z,0.33558863328822736,seed=31|run_id=t5-r01-20260922T102410Z|producer=exec/figures.py
harmful_concept,745,0.22917278262796587,0.15,0.02,True,0.6013422818791946,31,t5-r01-20260922T102410Z,0.33288590604026846,seed=31|run_id=t5-r01-20260922T102410Z|producer=exec/figures.py
harmful_concept,751,0.2335344749370174,0.15,0.02,True,0.6018641810918774,31,t5-r01-20260922T102410Z,0.33688415446071907,seed=31|run_id=t5-r01-20260922T102410Z|producer=exec/figures.py
harmful_concept,757,0.23386567518396323,0.15,0.02,True,0.6036988110964333,31,t5-r01-20260922T102410Z,0.3368560105680317,seed=31|run_id=t5-r01-20260922T102410Z|producer=exec/figures.py
harmful_concept,763,0.23419329622704055,0.15,0.02,True,0.6041939711664482,31,t5-r01-20260922T102410Z,0.33682830930537355,seed=31|run_id=t5-r01-20260922T102410Z|producer=exec/figures.py
harmful_concept,769,0.2345174035459203,0.15,0.02,True,0.6033810143042913,31,t5-r01-20260922T102410Z,0.3368010403120936,seed=31|run_id=t5-r01-20260922T102410Z|producer=exec/figures.py
harmful_concept,775,0.23354773835656462,0.15,0.02,True,0.6025806451612903,31,t5-r01-20260922T102410Z,0.33548387096774196,seed=31|run_id=t5-r01-20260922T102410Z|producer=exec/figures.py
harmful_concept,781,0.23387492083890948,0.15,0.02,True,0.6030729833546735,31,t5-r01-20260922T102410Z,0.3354673495518566,seed=31|run_id=t5-r01-20260922T102410Z|producer=exec/figures.py
harmful_concept,787,0.23546927303931875,0.15,0.02,True,0.602287166454892,31,t5-r01-20260922T102410Z,0.33672172808132145,seed=31|run_id=t5-r01-20260922T102410Z|producer=exec/figures.py
harmful_concept,793,0.23577994741710107,0.15,0.02,True,0.6040353089533418,31,t5-r01-20260922T102410Z,0.33669609079445145,seed=31|run_id=t5-r01-20260922T102410Z|producer=exec/figures.py
harmful_concept,799,0.23608741130159966,0.15,0.02,True,0.6032540675844806,31,t5-r01-20260922T102410Z,0.33667083854818525,seed=31|run_id=t5-r01-20260922T102410Z|producer=exec/figures.py
harmful_concept,805,0.23390724881481867,0.15,0.02,True,0.6012422360248447,31,t5-r01-20260922T102410Z,0.3341614906832298,seed=31|run_id=t5-r01-20260922T102410Z|producer=exec/figures.py
harmful_concept,811,0.23299379402831544,0.15,0.02,True,0.5992601726263872,31,t5-r01-20260922T102410Z,0.33292231812577067,seed=31|run_id=t5-r01-20260922T102410Z|producer=exec/figures.py
harmful_concept,817,0.2320951340179478,0.15,0.02,True,0.598531211750306,31,t5-r01-20260922T102410Z,0.3317013463892289,seed=31|run_id=t5-r01-20260922T102410Z|producer=exec/figures.py
harmful_concept,823,0.23121093074027055,0.15,0.02,True,0.5978128797083839,31,t5-r01-20260922T102410Z,0.330498177399757,seed=31|run_id=t5-r01-20260922T102410Z|producer=exec/figures.py
harmful_concept,829,0.23275340142838905,0.15,0.02,True,0.6007237635705669,31,t5-r01-20260922T102410Z,0.33172496984318456,seed=31|run_id=t5-r01-20260922T102410Z|producer=exec/figures.py
harmful_concept,835,0.2342750112104755,0.15,0.02,True,0.6,31,t5-r01-20260922T102410Z,0.332934131736527,seed=31|run_id=t5-r01-20260922T102410Z|producer=exec/figures.py
harmful_concept,841,0.23577619315503834,0.15,0.02,True,0.5980975029726516,31,t5-r01-20260922T102410Z,0.3341260404280618,seed=31|run_id=t5-r01-20260922T102410Z|producer=exec/figures.py
harmful_concept,847,0.23607673074657126,0.15,0.02,True,0.5974025974025974,31,t5-r01-20260922T102410Z,0.33412042502951594,seed=31|run_id=t5-r01-20260922T102410Z|producer=exec/figures.py
harmful_concept,853,0.23637428013966616,0.15,0.02,True,0.5990621336459554,31,t5-r01-20260922T102410Z,0.33411488862837047,seed=31|run_id=t5-r01-20260922T102410Z|producer=exec/figures.py
harmful_concept,859,0.23666889148064768,0.15,0.02,True,0.59953434225844,31,t5-r01-20260922T102410Z,0.3341094295692666,seed=31|run_id=t5-r01-20260922T102410Z|producer=exec/figures.py
harmful_concept,865,0.23811668309922304,0.15,0.02,True,0.6011560693641619,31,t5-r01-20260922T102410Z,0.3352601156069364,seed=31|run_id=t5-r01-20260922T102410Z|producer=exec/figures.py
harmful_concept,871,0.2406938116005201,0.15,0.02,True,0.6016073478760046,31,t5-r01-20260922T102410Z,0.3375430539609644,seed=31|run_id=t5-r01-20260922T102410Z|producer=exec/figures.py
harmful_concept,877,0.24209658457607497,0.15,0.02,True,0.6009122006841505,31,t5-r01-20260922T102410Z,0.338654503990878,seed=31|run_id=t5-r01-20260922T102410Z|producer=exec/figures.py
harmful_concept,883,0.2423489299881281,0.15,0.02,True,0.6002265005662514,31,t5-r01-20260922T102410Z,0.33861834654586637,seed=31|run_id=t5-r01-20260922T102410Z|producer=exec/figures.py
harmful_concept,889,0.24259898940351354,0.15,0.02,True,0.5984251968503937,31,t5-r01-20260922T102410Z,0.33858267716535434,seed=31|run_id=t5-r01-20260922T102410Z|producer=exec/figures.py
harmful_concept,895,0.2428467979802832,0.15,0.02,True,0.5988826815642458,31,t5-r01-20260922T102410Z,0.33854748603351953,seed=31|run_id=t5-r01-20260922T102410Z|producer=exec/figures.py
harmful_concept,901,0.24198251220193956,0.15,0.02,True,0.5971143174250833,31,t5-r01-20260922T102410Z,0.3374028856825749,seed=31|run_id=t5-r01-20260922T102410Z|producer=exec/figures.py
harmful_concept,907,0.24223326363336323,0.15,0.02,True,0.597574421168688,31,t5-r01-20260922T102410Z,0.33737596471885334,seed=31|run_id=t5-r01-20260922T102410Z|producer=exec/figures.py
harmful_concept,913,0.2402911882133154,0.15,0.02,True,0.5991237677984665,31,t5-r01-20260922T102410Z,0.33515881708652795,seed=31|run_id=t5-r01-20260922T102410Z|producer=exec/figures.py
harmful_concept,919,0.2416399222994659,0.15,0.02,True,0.6006528835690969,31,t5-r01-20260922T102410Z,0.33623503808487487,seed=31|run_id=t5-r01-20260922T102410Z|producer=exec/figures.py
harmful_concept,925,0.2408100134620461,0.15,0.02,True,0.6,31,t5-r01-20260922T102410Z,0.33513513513513515,seed=31|run_id=t5-r01-20260922T102410Z|producer=exec/figures.py
harmful_concept,931,0.23999180196657074,0.15,0.02,True,0.602577873254565,31,t5-r01-20260922T102410Z,0.33404940923737914,seed=31|run_id=t5-r01-20260922T102410Z|producer=exec/figures.py
harmful_concept,937,0.23918505387525085,0.15,0.02,True,0.6019210245464247,31,t5-r01-20260922T102410Z,0.3329775880469584,seed=31|run_id=t5-r01-20260922T102410Z|producer=exec/figures.py
harmful_concept,943,0.2394499867342363,0.15,0.02,True,0.601272534464475,31,t5-r01-20260922T102410Z,0.3329798515376458,seed=31|run_id=t5-r01-20260922T102410Z|producer=exec/figures.py
harmful_concept,949,0.24076626478176988,0.15,0.02,True,0.6006322444678609,31,t5-r01-20260922T102410Z,0.3340358271865121,seed=31|run_id=t5-r01-20260922T102410Z|producer=exec/figures.py
harmful_concept,955,0.24101982260931384,0.15,0.02,True,0.5989528795811518,31,t5-r01-20260922T102410Z,0.33403141361256544,seed=31|run_id=t5-r01-20260922T102410Z|producer=exec/figures.py
harmful_concept,961,0.2402305570310829,0.15,0.02,True,0.5983350676378772,31,t5-r01-20260922T102410Z,0.33298647242455776,seed=31|run_id=t5-r01-20260922T102410Z|producer=exec/figures.py
harmful_concept,967,0.242554375823044,0.15,0.02,True,0.5987590486039297,31,t5-r01-20260922T102410Z,0.33505687693898656,seed=31|run_id=t5-r01-20260922T102410Z|producer=exec/figures.py
harmful_concept,973,0.24073943582005586,0.15,0.02,True,0.5971223021582733,31,t5-r01-20260922T102410Z,0.3329907502569373,seed=31|run_id=t5-r01-20260922T102410Z|producer=exec/figures.py
harmful_concept,979,0.2409905275181921,0.15,0.02,True,0.5965270684371808,31,t5-r01-20260922T102410Z,0.33299284984678246,seed=31|run_id=t5-r01-20260922T102410Z|producer=exec/figures.py
harmful_concept,985,0.24123943140740545,0.15,0.02,True,0.5979695431472081,31,t5-r01-20260922T102410Z,0.332994923857868,seed=31|run_id=t5-r01-20260922T102410Z|producer=exec/figures.py
harmful_concept,991,0.24047709788854255,0.15,0.02,True,0.5973763874873865,31,t5-r01-20260922T102410Z,0.33198789101917253,seed=31|run_id=t5-r01-20260922T102410Z|producer=exec/figures.py
harmful_concept,997,0.23972478558860524,0.15,0.02,True,0.5957873620862588,31,t5-r01-20260922T102410Z,0.33099297893681046,seed=31|run_id=t5-r01-20260922T102410Z|producer=exec/figures.py
harmful_concept,1003,0.23798529840055227,0.15,0.02,True,0.5942173479561316,31,t5-r01-20260922T102410Z,0.32901296111665007,seed=31|run_id=t5-r01-20260922T102410Z|producer=exec/figures.py
harmful_concept,1009,0.23924056094394117,0.15,0.02,True,0.5946481665014867,31,t5-r01-20260922T102410Z,0.33002973240832506,seed=31|run_id=t5-r01-20260922T102410Z|producer=exec/figures.py
harmful_concept,1015,0.24048179233441325,0.15,0.02,True,0.594088669950739,31,t5-r01-20260922T102410Z,0.3310344827586207,seed=31|run_id=t5-r01-20260922T102410Z|producer=exec/figures.py
harmful_concept,1021,0.2397503692228703,0.15,0.02,True,0.5935357492654261,31,t5-r01-20260922T102410Z,0.33006856023506365,seed=31|run_id=t5-r01-20260922T102410Z|producer=exec/figures.py
harmful_concept,1027,0.23902827883527933,0.15,0.02,True,0.5929892891918208,31,t5-r01-20260922T102410Z,0.3291139240506329,seed=31|run_id=t5-r01-20260922T102410Z|producer=exec/figures.py
harmful_concept,1033,0.24025146038674683,0.15,0.02,True,0.5914811229428848,31,t5-r01-20260922T102410Z,0.33010648596321396,seed=31|run_id=t5-r01-20260922T102410Z|producer=exec/figures.py
harmful_concept,1039,0.23953635122046765,0.15,0.02,True,0.591915303176131,31,t5-r01-20260922T102410Z,0.329162656400385,seed=31|run_id=t5-r01-20260922T102410Z|producer=exec/figures.py
harmful_concept,1045,0.23883020743380154,0.15,0.02,True,0.5913875598086125,31,t5-r01-20260922T102410Z,0.3282296650717703,seed=31|run_id=t5-r01-20260922T102410Z|producer=exec/figures.py
harmful_concept,1051,0.23718139449246517,0.15,0.02,True,0.5918173168411037,31,t5-r01-20260922T102410Z,0.3263558515699334,seed=31|run_id=t5-r01-20260922T102410Z|producer=exec/figures.py
harmful_concept,1057,0.23649810692507986,0.15,0.02,True,0.5931882686849574,31,t5-r01-20260922T102410Z,0.3254493850520341,seed=31|run_id=t5-r01-20260922T102410Z|producer=exec/figures.py
harmful_concept,1063,0.23676398932631978,0.15,0.02,True,0.5936030103480715,31,t5-r01-20260922T102410Z,0.3254938852304798,seed=31|run_id=t5-r01-20260922T102410Z|producer=exec/figures.py
harmful_concept,1069,0.23889850726083706,0.15,0.02,True,0.5940130963517306,31,t5-r01-20260922T102410Z,0.3274087932647334,seed=31|run_id=t5-r01-20260922T102410Z|producer=exec/figures.py
harmful_concept,1075,0.24007966853695584,0.15,0.02,True,0.5944186046511628,31,t5-r01-20260922T102410Z,0.3283720930232558,seed=31|run_id=t5-r01-20260922T102410Z|producer=exec/figures.py
harmful_concept,1081,0.23847320334640548,0.15,0.02,True,0.5948196114708603,31,t5-r01-20260922T102410Z,0.3265494912118409,seed=31|run_id=t5-r01-20260922T102410Z|producer=exec/figures.py
harmful_concept,1087,0.23964504662577435,0.15,0.02,True,0.5952161913523459,31,t5-r01-20260922T102410Z,0.32750689972401104,seed=31|run_id=t5-r01-20260922T102410Z|producer=exec/figures.py
harmful_concept,1093,0.24171961239877465,0.15,0.02,True,0.5946935041171089,31,t5-r01-20260922T102410Z,0.32936870997255263,seed=31|run_id=t5-r01-20260922T102410Z|producer=exec/figures.py
harmful_concept,1099,0.24104243765783046,0.15,0.02,True,0.5941765241128298,31,t5-r01-20260922T102410Z,0.32848043676069155,seed=31|run_id=t5-r01-20260922T102410Z|producer=exec/figures.py
harmful_concept,1105,0.24127825142240797,0.15,0.02,True,0.5936651583710407,31,t5-r01-20260922T102410Z,0.32850678733031674,seed=31|run_id=t5-r01-20260922T102410Z|producer=exec/figures.py
harmful_concept,1111,0.24241225668117586,0.15,0.02,True,0.5958595859585959,31,t5-r01-20260922T102410Z,0.32943294329432943,seed=31|run_id=t5-r01-20260922T102410Z|producer=exec/figures.py
harmful_concept,1117,0.24174420897706372,0.15,0.02,True,0.5953446732318711,31,t5-r01-20260922T102410Z,0.3285586392121755,seed=31|run_id=t5-r01-20260922T102410Z|producer=exec/figures.py
harmful_concept,1123,0.24197440342595491,0.15,0.02,True,0.5966162065894924,31,t5-r01-20260922T102410Z,0.3285841495992876,seed=31|run_id=t5-r01-20260922T102410Z|producer=exec/figures.py
harmful_concept,1129,0.2422027746382669,0.15,0.02,True,0.5952170062001771,31,t5-r01-20260922T102410Z,0.32860938883968116,seed=31|run_id=t5-r01-20260922T102410Z|producer=exec/figures.py
harmful_concept,1135,0.24154828950648244,0.15,0.02,True,0.5947136563876652,31,t5-r01-20260922T102410Z,0.3277533039647577,seed=31|run_id=t5-r01-20260922T102410Z|producer=exec/figures.py
harmful_concept,1141,0.24177771936137532,0.15,0.02,True,0.5942156003505696,31,t5-r01-20260922T102410Z,0.32778264680105174,seed=31|run_id=t5-r01-20260922T102410Z|producer=exec/figures.py
harmful_concept,1147,0.24200534866041148,0.15,0.02,True,0.5945945945945946,31,t5-r01-20260922T102410Z,0.32781168265039234,seed=31|run_id=t5-r01-20260922T102410Z|producer=exec/figures.py
harmful_concept,1153,0.24223120101114323,0.15,0.02,True,0.593235039028621,31,t5-r01-20260922T102410Z,0.32784041630529054,seed=31|run_id=t5-r01-20260922T102410Z|producer=exec/figures.py
harmful_concept,1159,0.2415924868194403,0.15,0.02,True,0.5944779982743744,31,t5-r01-20260922T102410Z,0.3270060396893874,seed=31|run_id=t5-r01-20260922T102410Z|producer=exec/figures.py
harmful_concept,1165,0.2409609289503311,0.15,0.02,True,0.5931330472103005,31,t5-r01-20260922T102410Z,0.3261802575107296,seed=31|run_id=t5-r01-20260922T102410Z|producer=exec/figures.py
harmful_concept,1171,0.24204435506368377,0.15,0.02,True,0.5926558497011102,31,t5-r01-20260922T102410Z,0.32707087959009395,seed=31|run_id=t5-r01-20260922T102410Z|producer=exec/figures.py
harmful_concept,1177,0.24311729817073668,0.15,0.02,True,0.5938827527612575,31,t5-r01-20260922T102410Z,0.32795242141036535,seed=31|run_id=t5-r01-20260922T102410Z|producer=exec/figures.py
harmful_concept,1183,0.24248929658199986,0.15,0.02,True,0.5934065934065934,31,t5-r01-20260922T102410Z,0.32713440405748095,seed=31|run_id=t5-r01-20260922T102410Z|producer=exec/figures.py
harmful_concept,1189,0.243550268036737,0.15,0.02,True,0.5937762825904122,31,t5-r01-20260922T102410Z,0.3280067283431455,seed=31|run_id=t5-r01-20260922T102410Z|producer=exec/figures.py
harmful_concept,1195,0.24209066754070024,0.15,0.02,True,0.5924686192468619,31,t5-r01-20260922T102410Z,0.3263598326359833,seed=31|run_id=t5-r01-20260922T102410Z|producer=exec/figures.py
harmful_concept,1201,0.2414788261512968,0.15,0.02,True,0.5903413821815154,31,t5-r01-20260922T102410Z,0.32556203164029973,seed=31|run_id=t5-r01-20260922T102410Z|producer=exec/figures.py
harmful_concept,1207,0.24004509655957124,0.15,0.02,True,0.5898922949461475,31,t5-r01-20260922T102410Z,0.323943661971831,seed=31|run_id=t5-r01-20260922T102410Z|producer=exec/figures.py
harmful_concept,1213,0.24109928041915368,0.15,0.02,True,0.5894476504534213,31,t5-r01-20260922T102410Z,0.32481450948062657,seed=31|run_id=t5-r01-20260922T102410Z|producer=exec/figures.py
harmful_concept,1219,0.2396825697163733,0.15,0.02,True,0.5906480721903199,31,t5-r01-20260922T102410Z,0.3232157506152584,seed=31|run_id=t5-r01-20260922T102410Z|producer=exec/figures.py
harmful_concept,1225,0.23991290047563393,0.15,0.02,True,0.5910204081632653,31,t5-r01-20260922T102410Z,0.32326530612244897,seed=31|run_id=t5-r01-20260922T102410Z|producer=exec/figures.py
harmful_concept,1231,0.2417661856415782,0.15,0.02,True,0.5922014622258327,31,t5-r01-20260922T102410Z,0.3249390739236393,seed=31|run_id=t5-r01-20260922T102410Z|producer=exec/figures.py
harmful_concept,1237,0.24117676834626547,0.15,0.02,True,0.5917542441390461,31,t5-r01-20260922T102410Z,0.3241713823767179,seed=31|run_id=t5-r01-20260922T102410Z|producer=exec/figures.py
harmful_concept,1243,0.24381155472775817,0.15,0.02,True,0.5929203539823009,31,t5-r01-20260922T102410Z,0.3266291230893001,seed=31|run_id=t5-r01-20260922T102410Z|producer=exec/figures.py
harmful_concept,1249,0.24401959207981294,0.15,0.02,True,0.5932746196957566,31,t5-r01-20260922T102410Z,0.3266613290632506,seed=31|run_id=t5-r01-20260922T102410Z|producer=exec/figures.py
harmful_concept,1255,0.24502293400286967,0.15,0.02,True,0.5936254980079682,31,t5-r01-20260922T102410Z,0.32749003984063746,seed=31|run_id=t5-r01-20260922T102410Z|producer=exec/figures.py
harmful_concept,1261,0.24443116047540736,0.15,0.02,True,0.5939730372720063,31,t5-r01-20260922T102410Z,0.3267248215701824,seed=31|run_id=t5-r01-20260922T102410Z|producer=exec/figures.py
harmful_concept,1267,0.24384546168019194,0.15,0.02,True,0.5935280189423836,31,t5-r01-20260922T102410Z,0.3259668508287293,seed=31|run_id=t5-r01-20260922T102410Z|producer=exec/figures.py
harmful_concept,1273,0.24640793234291405,0.15,0.02,True,0.591516103692066,31,t5-r01-20260922T102410Z,0.3283582089552239,seed=31|run_id=t5-r01-20260922T102410Z|producer=exec/figures.py
harmful_concept,1279,0.24581937694168288,0.15,0.02,True,0.5895230648944488,31,t5-r01-20260922T102410Z,0.3275996872556685,seed=31|run_id=t5-r01-20260922T102410Z|producer=exec/figures.py
harmful_concept,1285,0.24523677173556618,0.15,0.02,True,0.5883268482490273,31,t5-r01-20260922T102410Z,0.32684824902723736,seed=31|run_id=t5-r01-20260922T102410Z|producer=exec/figures.py
harmful_concept,1291,0.24620921739498064,0.15,0.02,True,0.5879163439194423,31,t5-r01-20260922T102410Z,0.32765298218435324,seed=31|run_id=t5-r01-20260922T102410Z|producer=exec/figures.py
harmful_concept,1297,0.24486007953132674,0.15,0.02,True,0.5859676175790285,31,t5-r01-20260922T102410Z,0.3261372397841172,seed=31|run_id=t5-r01-20260922T102410Z|producer=exec/figures.py
harmful_concept,1303,0.24505872473003784,0.15,0.02,True,0.5848042977743668,31,t5-r01-20260922T102410Z,0.3261703760552571,seed=31|run_id=t5-r01-20260922T102410Z|producer=exec/figures.py
harmful_concept,1309,0.24525598271260118,0.15,0.02,True,0.5851795263559969,31,t5-r01-20260922T102410Z,0.32620320855614976,seed=31|run_id=t5-r01-20260922T102410Z|producer=exec/figures.py
harmful_concept,1315,0.24621232588426833,0.15,0.02,True,0.5847908745247148,31,t5-r01-20260922T102410Z,0.3269961977186312,seed=31|run_id=t5-r01-20260922T102410Z|producer=exec/figures.py
harmful_concept,1321,0.24564640129379894,0.15,0.02,True,0.5844057532172596,31,t5-r01-20260922T102410Z,0.32626797880393643,seed=31|run_id=t5-r01-20260922T102410Z|producer=exec/figures.py
harmful_concept,1327,0.2443324343712473,0.15,0.02,True,0.5832705350414469,31,t5-r01-20260922T102410Z,0.32479276563677467,seed=31|run_id=t5-r01-20260922T102410Z|producer=exec/figures.py
harmful_concept,1333,0.2460314612219772,0.15,0.02,True,0.582145536384096,31,t5-r01-20260922T102410Z,0.32633158289572395,seed=31|run_id=t5-r01-20260922T102410Z|producer=exec/figures.py
harmful_concept,1339,0.24622201994788268,0.15,0.02,True,0.5832710978342046,31,t5-r01-20260922T102410Z,0.3263629574309186,seed=31|run_id=t5-r01-20260922T102410Z|producer=exec/figures.py
harmful_concept,1345,0.24566779000760386,0.15,0.02,True,0.5843866171003718,31,t5-r01-20260922T102410Z,0.32565055762081785,seed=31|run_id=t5-r01-20260922T102410Z|producer=exec/figures.py
harmful_concept,1351,0.24659926931400705,0.15,0.02,True,0.5854922279792746,31,t5-r01-20260922T102410Z,0.32642487046632124,seed=31|run_id=t5-r01-20260922T102410Z|producer=exec/figures.py
harmful_concept,1357,0.24678598900631707,0.15,0.02,True,0.5858511422254974,31,t5-r01-20260922T102410Z,0.3264554163596168,seed=31|run_id=t5-r01-20260922T102410Z|producer=exec/figures.py
harmful_concept,1363,0.24550410626202546,0.15,0.02,True,0.5847395451210565,31,t5-r01-20260922T102410Z,0.32501834189288337,seed=31|run_id=t5-r01-20260922T102410Z|producer=exec/figures.py
harmful_concept,1369,0.24569476895597342,0.15,0.02,True,0.5829072315558802,31,t5-r01-20260922T102410Z,0.32505478451424397,seed=31|run_id=t5-r01-20260922T102410Z|producer=exec/figures.py
harmful_concept,1375,0.246611424953824,0.15,0.02,True,0.5825454545454546,31,t5-r01-20260922T102410Z,0.32581818181818184,seed=31|run_id=t5-r01-20260922T102410Z|producer=exec/figures.py
harmful_concept,1381,0.24679638329941117,0.15,0.02,True,0.5814627081824765,31,t5-r01-20260922T102410Z,0.3258508327299059,seed=31|run_id=t5-r01-20260922T102410Z|producer=exec/figures.py
harmful_concept,1387,0.24842207893292373,0.15,0.02,True,0.581831290555155,31,t5-r01-20260922T102410Z,0.32732516222062,seed=31|run_id=t5-r01-20260922T102410Z|producer=exec/figures.py
harmful_concept,1393,0.24931626739484225,0.15,0.02,True,0.5814788226848528,31,t5-r01-20260922T102410Z,0.3280689160086145,seed=31|run_id=t5-r01-20260922T102410Z|producer=exec/figures.py
harmful_concept,1399,0.2494883581936853,0.15,0.02,True,0.581844174410293,31,t5-r01-20260922T102410Z,0.3280914939242316,seed=31|run_id=t5-r01-20260922T102410Z|producer=exec/figures.py
harmful_concept,1,-1.1832762558812695,0.15,0.02,False,1.0,32,t5-r01-20260922T102410Z,0.0,seed=32|run_id=t5-r01-20260922T102410Z|producer=exec/figures.py
harmful_concept,7,-0.40566661476033783,0.15,0.02,False,0.8571428571428571,32,t5-r01-20260922T102410Z,0.2857142857142857,seed=32|run_id=t5-r01-20260922T102410Z|producer=exec/figures.py
harmful_concept,13,-0.39842830796496775,0.15,0.02,False,0.6153846153846154,32,t5-r01-20260922T102410Z,0.15384615384615385,seed=32|run_id=t5-r01-20260922T102410Z|producer=exec/figures.py
harmful_concept,19,-0.32029162172638354,0.15,0.02,False,0.5789473684210527,32,t5-r01-20260922T102410Z,0.15789473684210525,seed=32|run_id=t5-r01-20260922T102410Z|producer=exec/figures.py
harmful_concept,25,-0.3098380403175408,0.15,0.02,False,0.52,32,t5-r01-20260922T102410Z,0.12,seed=32|run_id=t5-r01-20260922T102410Z|producer=exec/figures.py
harmful_concept,31,-0.23360165538938402,0.15,0.02,False,0.4838709677419355,32,t5-r01-20260922T102410Z,0.16129032258064516,seed=32|run_id=t5-r01-20260922T102410Z|producer=exec/figures.py
harmful_concept,37,-0.1517974663428966,0.15,0.02,False,0.5135135135135135,32,t5-r01-20260922T102410Z,0.21621621621621623,seed=32|run_id=t5-r01-20260922T102410Z|producer=exec/figures.py
harmful_concept,43,-0.09064127914523717,0.15,0.02,False,0.4883720930232558,32,t5-r01-20260922T102410Z,0.2558139534883721,seed=32|run_id=t5-r01-20260922T102410Z|producer=exec/figures.py
harmful_concept,49,-0.1041425896024801,0.15,0.02,False,0.46938775510204084,32,t5-r01-20260922T102410Z,0.22448979591836735,seed=32|run_id=t5-r01-20260922T102410Z|producer=exec/figures.py
harmful_concept,55,-0.0590111485210954,0.15,0.02,False,0.4909090909090909,32,t5-r01-20260922T102410Z,0.2545454545454545,seed=32|run_id=t5-r01-20260922T102410Z|producer=exec/figures.py
harmful_concept,61,-0.0054917072857224025,0.15,0.02,False,0.5081967213114754,32,t5-r01-20260922T102410Z,0.29508196721311475,seed=32|run_id=t5-r01-20260922T102410Z|producer=exec/figures.py
harmful_concept,67,0.009277003598095968,0.15,0.02,False,0.47761194029850745,32,t5-r01-20260922T102410Z,0.29850746268656714,seed=32|run_id=t5-r01-20260922T102410Z|producer=exec/figures.py
harmful_concept,73,0.008469775220648068,0.15,0.02,False,0.4931506849315068,32,t5-r01-20260922T102410Z,0.2876712328767123,seed=32|run_id=t5-r01-20260922T102410Z|producer=exec/figures.py
harmful_concept,79,0.03355166954402122,0.15,0.02,False,0.4810126582278481,32,t5-r01-20260922T102410Z,0.3037974683544304,seed=32|run_id=t5-r01-20260922T102410Z|producer=exec/figures.py
harmful_concept,85,0.04370159010259572,0.15,0.02,False,0.47058823529411764,32,t5-r01-20260922T102410Z,0.3058823529411765,seed=32|run_id=t5-r01-20260922T102410Z|producer=exec/figures.py
harmful_concept,91,0.041838492976765784,0.15,0.02,False,0.4725274725274725,32,t5-r01-20260922T102410Z,0.2967032967032967,seed=32|run_id=t5-r01-20260922T102410Z|producer=exec/figures.py
harmful_concept,97,0.030164235319516258,0.15,0.02,False,0.4536082474226804,32,t5-r01-20260922T102410Z,0.27835051546391754,seed=32|run_id=t5-r01-20260922T102410Z|producer=exec/figures.py
harmful_concept,103,0.029788907851145685,0.15,0.02,False,0.46601941747572817,32,t5-r01-20260922T102410Z,0.27184466019417475,seed=32|run_id=t5-r01-20260922T102410Z|producer=exec/figures.py
harmful_concept,109,0.048003088764092344,0.15,0.02,False,0.4954128440366973,32,t5-r01-20260922T102410Z,0.28440366972477066,seed=32|run_id=t5-r01-20260922T102410Z|producer=exec/figures.py
harmful_concept,115,0.07318677125635381,0.15,0.02,False,0.4956521739130435,32,t5-r01-20260922T102410Z,0.30434782608695654,seed=32|run_id=t5-r01-20260922T102410Z|producer=exec/figures.py
harmful_concept,121,0.0960264894730484,0.15,0.02,False,0.49586776859504134,32,t5-r01-20260922T102410Z,0.32231404958677684,seed=32|run_id=t5-r01-20260922T102410Z|producer=exec/figures.py
harmful_concept,127,0.10109617120754633,0.15,0.02,False,0.49606299212598426,32,t5-r01-20260922T102410Z,0.3228346456692913,seed=32|run_id=t5-r01-20260922T102410Z|producer=exec/figures.py
harmful_concept,133,0.113348491661761,0.15,0.02,False,0.49624060150375937,32,t5-r01-20260922T102410Z,0.3308270676691729,seed=32|run_id=t5-r01-20260922T102410Z|producer=exec/figures.py
harmful_concept,139,0.10306893817483656,0.15,0.02,False,0.5035971223021583,32,t5-r01-20260922T102410Z,0.31654676258992803,seed=32|run_id=t5-r01-20260922T102410Z|producer=exec/figures.py
harmful_concept,145,0.11442751591889647,0.15,0.02,False,0.503448275862069,32,t5-r01-20260922T102410Z,0.32413793103448274,seed=32|run_id=t5-r01-20260922T102410Z|producer=exec/figures.py
harmful_concept,151,0.13159430734088404,0.15,0.02,False,0.5099337748344371,32,t5-r01-20260922T102410Z,0.33774834437086093,seed=32|run_id=t5-r01-20260922T102410Z|producer=exec/figures.py
harmful_concept,157,0.13479033397009507,0.15,0.02,False,0.5159235668789809,32,t5-r01-20260922T102410Z,0.3375796178343949,seed=32|run_id=t5-r01-20260922T102410Z|producer=exec/figures.py
harmful_concept,163,0.13782413018628858,0.15,0.02,False,0.5214723926380368,32,t5-r01-20260922T102410Z,0.3374233128834356,seed=32|run_id=t5-r01-20260922T102410Z|producer=exec/figures.py
harmful_concept,169,0.14070929336768465,0.15,0.02,False,0.5266272189349113,32,t5-r01-20260922T102410Z,0.33727810650887574,seed=32|run_id=t5-r01-20260922T102410Z|producer=exec/figures.py
harmful_concept,175,0.14345785998575142,0.15,0.02,False,0.5257142857142857,32,t5-r01-20260922T102410Z,0.33714285714285713,seed=32|run_id=t5-r01-20260922T102410Z|producer=exec/figures.py
harmful_concept,181,0.14608053008803937,0.15,0.02,False,0.5193370165745856,32,t5-r01-20260922T102410Z,0.3370165745856354,seed=32|run_id=t5-r01-20260922T102410Z|producer=exec/figures.py
harmful_concept,187,0.14858685338741776,0.15,0.02,False,0.5240641711229946,32,t5-r01-20260922T102410Z,0.33689839572192515,seed=32|run_id=t5-r01-20260922T102410Z|producer=exec/figures.py
harmful_concept,193,0.15098538450559898,0.15,0.02,False,0.5284974093264249,32,t5-r01-20260922T102410Z,0.33678756476683935,seed=32|run_id=t5-r01-20260922T102410Z|producer=exec/figures.py
harmful_concept,199,0.14825868762534516,0.15,0.02,False,0.5326633165829145,32,t5-r01-20260922T102410Z,0.3316582914572864,seed=32|run_id=t5-r01-20260922T102410Z|producer=exec/figures.py
harmful_concept,205,0.15548907457069785,0.15,0.02,False,0.5365853658536586,32,t5-r01-20260922T102410Z,0.33658536585365856,seed=32|run_id=t5-r01-20260922T102410Z|producer=exec/figures.py
harmful_concept,211,0.1576074417843855,0.15,0.02,False,0.5402843601895735,32,t5-r01-20260922T102410Z,0.33649289099526064,seed=32|run_id=t5-r01-20260922T102410Z|producer=exec/figures.py
harmful_concept,217,0.15503631117556302,0.15,0.02,False,0.5345622119815668,32,t5-r01-20260922T102410Z,0.3317972350230415,seed=32|run_id=t5-r01-20260922T102410Z|producer=exec/figures.py
harmful_concept,223,0.15263713484753583,0.15,0.02,False,0.5291479820627802,32,t5-r01-20260922T102410Z,0.3273542600896861,seed=32|run_id=t5-r01-20260922T102410Z|producer=exec/figures.py
harmful_concept,229,0.16349557930042546,0.15,0.02,False,0.519650655021834,32,t5-r01-20260922T102410Z,0.33624454148471616,seed=32|run_id=t5-r01-20260922T102410Z|producer=exec/figures.py
harmful_concept,235,0.1653184266573657,0.15,0.02,False,0.5234042553191489,32,t5-r01-20260922T102410Z,0.33617021276595743,seed=32|run_id=t5-r01-20260922T102410Z|producer=exec/figures.py
harmful_concept,241,0.16292886491877434,0.15,0.02,False,0.5145228215767634,32,t5-r01-20260922T102410Z,0.33195020746887965,seed=32|run_id=t5-r01-20260922T102410Z|producer=exec/figures.py
harmful_concept,247,0.16068149369805948,0.15,0.02,False,0.5101214574898786,32,t5-r01-20260922T102410Z,0.32793522267206476,seed=32|run_id=t5-r01-20260922T102410Z|producer=exec/figures.py
harmful_concept,253,0.17042302143521765,0.15,0.02,True,0.5059288537549407,32,t5-r01-20260922T102410Z,0.3359683794466403,seed=32|run_id=t5-r01-20260922T102410Z|producer=exec/figures.py
harmful_concept,259,0.1642924028863463,0.15,0.02,False,0.4980694980694981,32,t5-r01-20260922T102410Z,0.3281853281853282,seed=32|run_id=t5-r01-20260922T102410Z|producer=exec/figures.py
harmful_concept,265,0.16223492063253986,0.15,0.02,False,0.49433962264150944,32,t5-r01-20260922T102410Z,0.32452830188679244,seed=32|run_id=t5-r01-20260922T102410Z|producer=exec/figures.py
harmful_concept,271,0.16028930410324332,0.15,0.02,False,0.4870848708487085,32,t5-r01-20260922T102410Z,0.3210332103321033,seed=32|run_id=t5-r01-20260922T102410Z|producer=exec/figures.py
harmful_concept,277,0.15844764211534848,0.15,0.02,False,0.48736462093862815,32,t5-r01-20260922T102410Z,0.3176895306859206,seed=32|run_id=t5-r01-20260922T102410Z|producer=exec/figures.py
harmful_concept,283,0.16376986511873473,0.15,0.02,False,0.4840989399293286,32,t5-r01-20260922T102410Z,0.3215547703180212,seed=32|run_id=t5-r01-20260922T102410Z|producer=exec/figures.py
harmful_concept,289,0.16542860359588255,0.15,0.02,False,0.4740484429065744,32,t5-r01-20260922T102410Z,0.3217993079584775,seed=32|run_id=t5-r01-20260922T102410Z|producer=exec/figures.py
harmful_concept,295,0.16364687750964085,0.15,0.02,False,0.4711864406779661,32,t5-r01-20260922T102410Z,0.31864406779661014,seed=32|run_id=t5-r01-20260922T102410Z|producer=exec/figures.py
harmful_concept,301,0.15862994932145372,0.15,0.02,False,0.4717607973421927,32,t5-r01-20260922T102410Z,0.3122923588039867,seed=32|run_id=t5-r01-20260922T102410Z|producer=exec/figures.py
harmful_concept,307,0.16359637355769732,0.15,0.02,False,0.46905537459283386,32,t5-r01-20260922T102410Z,0.31596091205211724,seed=32|run_id=t5-r01-20260922T102410Z|producer=exec/figures.py
harmful_concept,313,0.16838694496826684,0.15,0.02,False,0.4728434504792332,32,t5-r01-20260922T102410Z,0.3194888178913738,seed=32|run_id=t5-r01-20260922T102410Z|producer=exec/figures.py
harmful_concept,319,0.16987639874009083,0.15,0.02,False,0.47648902821316613,32,t5-r01-20260922T102410Z,0.31974921630094044,seed=32|run_id=t5-r01-20260922T102410Z|producer=exec/figures.py
harmful_concept,325,0.1713241224877508,0.15,0.02,True,0.47692307692307695,32,t5-r01-20260922T102410Z,0.32,seed=32|run_id=t5-r01-20260922T102410Z|producer=exec/figures.py
harmful_concept,331,0.17273204165820338,0.15,0.02,True,0.47129909365558914,32,t5-r01-20260922T102410Z,0.3202416918429003,seed=32|run_id=t5-r01-20260922T102410Z|producer=exec/figures.py
harmful_concept,337,0.17410195939856798,0.15,0.02,True,0.47181008902077154,32,t5-r01-20260922T102410Z,0.32047477744807124,seed=32|run_id=t5-r01-20260922T102410Z|producer=exec/figures.py
harmful_concept,343,0.1725201144723955,0.15,0.02,True,0.46938775510204084,32,t5-r01-20260922T102410Z,0.3177842565597668,seed=32|run_id=t5-r01-20260922T102410Z|producer=exec/figures.py
harmful_concept,349,0.17100379057547505,0.15,0.02,True,0.47277936962750716,32,t5-r01-20260922T102410Z,0.3151862464183381,seed=32|run_id=t5-r01-20260922T102410Z|producer=exec/figures.py
harmful_concept,355,0.1695493963160879,0.15,0.02,False,0.4676056338028169,32,t5-r01-20260922T102410Z,0.3126760563380282,seed=32|run_id=t5-r01-20260922T102410Z|producer=exec/figures.py
harmful_concept,361,0.1709236730069453,0.15,0.02,True,0.46814404432132967,32,t5-r01-20260922T102410Z,0.31301939058171746,seed=32|run_id=t5-r01-20260922T102410Z|producer=exec/figures.py
harmful_concept,367,0.18043723634558215,0.15,0.02,True,0.4768392370572207,32,t5-r01-20260922T102410Z,0.3215258855585831,seed=32|run_id=t5-r01-20260922T102410Z|producer=exec/figures.py
harmful_concept,373,0.17893032323020683,0.15,0.02,True,0.48257372654155495,32,t5-r01-20260922T102410Z,0.3190348525469169,seed=32|run_id=t5-r01-20260922T102410Z|producer=exec/figures.py
harmful_concept,379,0.180118731528734,0.15,0.02,True,0.48284960422163586,32,t5-r01-20260922T102410Z,0.31926121372031663,seed=32|run_id=t5-r01-20260922T102410Z|producer=exec/figures.py
harmful_concept,385,0.17608403564441416,0.15,0.02,True,0.4805194805194805,32,t5-r01-20260922T102410Z,0.3142857142857143,seed=32|run_id=t5-r01-20260922T102410Z|producer=exec/figures.py
harmful_concept,391,0.17985421704792137,0.15,0.02,True,0.4833759590792839,32,t5-r01-20260922T102410Z,0.3171355498721228,seed=32|run_id=t5-r01-20260922T102410Z|producer=exec/figures.py
harmful_concept,397,0.1759618699028329,0.15,0.02,True,0.48614609571788414,32,t5-r01-20260922T102410Z,0.3123425692695214,seed=32|run_id=t5-r01-20260922T102410Z|producer=exec/figures.py
harmful_concept,403,0.1771560161397356,0.15,0.02,True,0.48883374689826303,32,t5-r01-20260922T102410Z,0.31265508684863524,seed=32|run_id=t5-r01-20260922T102410Z|producer=exec/figures.py
harmful_concept,409,0.17587767277193478,0.15,0.02,True,0.49144254278728605,32,t5-r01-20260922T102410Z,0.3105134474327628,seed=32|run_id=t5-r01-20260922T102410Z|producer=exec/figures.py
harmful_concept,415,0.1770532013445744,0.15,0.02,True,0.4939759036144578,32,t5-r01-20260922T102410Z,0.3108433734939759,seed=32|run_id=t5-r01-20260922T102410Z|producer=exec/figures.py
harmful_concept,421,0.18057753725995623,0.15,0.02,True,0.49406175771971494,32,t5-r01-20260922T102410Z,0.31353919239904987,seed=32|run_id=t5-r01-20260922T102410Z|producer=exec/figures.py
harmful_concept,427,0.17932576512561468,0.15,0.02,True,0.4918032786885246,32,t5-r01-20260922T102410Z,0.3114754098360656,seed=32|run_id=t5-r01-20260922T102410Z|producer=exec/figures.py
harmful_concept,433,0.17811523288837833,0.15,0.02,True,0.4896073903002309,32,t5-r01-20260922T102410Z,0.3094688221709007,seed=32|run_id=t5-r01-20260922T102410Z|producer=exec/figures.py
harmful_concept,439,0.17922202564388257,0.15,0.02,True,0.489749430523918,32,t5-r01-20260922T102410Z,0.3097949886104784,seed=32|run_id=t5-r01-20260922T102410Z|producer=exec/figures.py
harmful_concept,445,0.1780579044994231,0.15,0.02,True,0.4943820224719101,32,t5-r01-20260922T102410Z,0.30786516853932583,seed=32|run_id=t5-r01-20260922T102410Z|producer=exec/figures.py
harmful_concept,451,0.1813652725019714,0.15,0.02,True,0.49223946784922396,32,t5-r01-20260922T102410Z,0.31042128603104213,seed=32|run_id=t5-r01-20260922T102410Z|producer=exec/figures.py
harmful_concept,457,0.1802151629549197,0.15,0.02,True,0.4923413566739606,32,t5-r01-20260922T102410Z,0.3085339168490153,seed=32|run_id=t5-r01-20260922T102410Z|producer=exec/figures.py
harmful_concept,463,0.17910041655836012,0.15,0.02,True,0.48812095032397407,32,t5-r01-20260922T102410Z,0.30669546436285094,seed=32|run_id=t5-r01-20260922T102410Z|producer=exec/figures.py
harmful_concept,469,0.18228396649673972,0.15,0.02,True,0.488272921108742,32,t5-r01-20260922T102410Z,0.3091684434968017,seed=32|run_id=t5-r01-20260922T102410Z|producer=exec/figures.py
harmful_concept,475,0.1832870429810653,0.15,0.02,True,0.4863157894736842,32,t5-r01-20260922T102410Z,0.3094736842105263,seed=32|run_id=t5-r01-20260922T102410Z|producer=exec/figures.py
harmful_concept,481,0.184270152511004,0.15,0.02,True,0.4885654885654886,32,t5-r01-20260922T102410Z,0.3097713097713098,seed=32|run_id=t5-r01-20260922T102410Z|producer=exec/figures.py
harmful_concept,487,0.1852339436874913,0.15,0.02,True,0.49075975359342916,32,t5-r01-20260922T102410Z,0.31006160164271046,seed=32|run_id=t5-r01-20260922T102410Z|producer=exec/figures.py
harmful_concept,493,0.18617903617755815,0.15,0.02,True,0.49290060851926976,32,t5-r01-20260922T102410Z,0.3103448275862069,seed=32|run_id=t5-r01-20260922T102410Z|producer=exec/figures.py
harmful_concept,499,0.18510201432915027,0.15,0.02,True,0.49298597194388777,32,t5-r01-20260922T102410Z,0.30861723446893785,seed=32|run_id=t5-r01-20260922T102410Z|producer=exec/figures.py
harmful_concept,505,0.1860352707517829,0.15,0.02,True,0.49504950495049505,32,t5-r01-20260922T102410Z,0.3089108910891089,seed=32|run_id=t5-r01-20260922T102410Z|producer=exec/figures.py
harmful_concept,511,0.18695097051126694,0.15,0.02,True,0.49706457925636005,32,t5-r01-20260922T102410Z,0.30919765166340507,seed=32|run_id=t5-r01-20260922T102410Z|producer=exec/figures.py
harmful_concept,517,0.18784965225192768,0.15,0.02,True,0.5009671179883946,32,t5-r01-20260922T102410Z,0.30947775628626695,seed=32|run_id=t5-r01-20260922T102410Z|producer=exec/figures.py
harmful_concept,523,0.18681978603386099,0.15,0.02,True,0.5047801147227533,32,t5-r01-20260922T102410Z,0.3078393881453155,seed=32|run_id=t5-r01-20260922T102410Z|producer=exec/figures.py
harmful_concept,529,0.18770764481872848,0.15,0.02,True,0.504725897920605,32,t5-r01-20260922T102410Z,0.30812854442344045,seed=32|run_id=t5-r01-20260922T102410Z|producer=exec/figures.py
harmful_concept,535,0.184841165915539,0.15,0.02,True,0.508411214953271,32,t5-r01-20260922T102410Z,0.30467289719626167,seed=32|run_id=t5-r01-20260922T102410Z|producer=exec/figures.py
harmful_concept,541,0.1838904870842999,0.15,0.02,True,0.5064695009242144,32,t5-r01-20260922T102410Z,0.3031423290203327,seed=32|run_id=t5-r01-20260922T102410Z|producer=exec/figures.py
harmful_concept,547,0.1829643522961698,0.15,0.02,True,0.5027422303473492,32,t5-r01-20260922T102410Z,0.3016453382084095,seed=32|run_id=t5-r01-20260922T102410Z|producer=exec/figures.py
harmful_concept,553,0.1838702234508688,0.15,0.02,True,0.5045207956600362,32,t5-r01-20260922T102410Z,0.30198915009041594,seed=32|run_id=t5-r01-20260922T102410Z|producer=exec/figures.py
harmful_concept,559,0.1829712364228906,0.15,0.02,True,0.5008944543828264,32,t5-r01-20260922T102410Z,0.3005366726296959,seed=32|run_id=t5-r01-20260922T102410Z|producer=exec/figures.py
harmful_concept,565,0.18386466079597863,0.15,0.02,True,0.5026548672566372,32,t5-r01-20260922T102410Z,0.3008849557522124,seed=32|run_id=t5-r01-20260922T102410Z|producer=exec/figures.py
harmful_concept,571,0.1864939418235273,0.15,0.02,True,0.5026269702276708,32,t5-r01-20260922T102410Z,0.30297723292469353,seed=32|run_id=t5-r01-20260922T102410Z|producer=exec/figures.py
harmful_concept,577,0.18387246940941296,0.15,0.02,True,0.5008665511265165,32,t5-r01-20260922T102410Z,0.29982668977469673,seed=32|run_id=t5-r01-20260922T102410Z|producer=exec/figures.py
harmful_concept,583,0.18302337507849098,0.15,0.02,True,0.5008576329331046,32,t5-r01-20260922T102410Z,0.29845626072041165,seed=32|run_id=t5-r01-20260922T102410Z|producer=exec/figures.py
harmful_concept,589,0.18219465545010893,0.15,0.02,True,0.5008488964346349,32,t5-r01-20260922T102410Z,0.29711375212224106,seed=32|run_id=t5-r01-20260922T102410Z|producer=exec/figures.py
harmful_concept,595,0.18138564958741815,0.15,0.02,True,0.4991596638655462,32,t5-r01-20260922T102410Z,0.2957983193277311,seed=32|run_id=t5-r01-20260922T102410Z|producer=exec/figures.py
harmful_concept,601,0.1822596175388803,0.15,0.02,True,0.49916805324459235,32,t5-r01-20260922T102410Z,0.2961730449251248,seed=32|run_id=t5-r01-20260922T102410Z|producer=exec/figures.py
harmful_concept,607,0.1798242713897106,0.15,0.02,True,0.4975288303130148,32,t5-r01-20260922T102410Z,0.2932454695222405,seed=32|run_id=t5-r01-20260922T102410Z|producer=exec/figures.py
harmful_concept,613,0.1823333517996485,0.15,0.02,True,0.499184339314845,32,t5-r01-20260922T102410Z,0.29526916802610115,seed=32|run_id=t5-r01-20260922T102410Z|producer=exec/figures.py
harmful_concept,619,0.18318100461432973,0.15,0.02,True,0.4991922455573506,32,t5-r01-20260922T102410Z,0.2956381260096931,seed=32|run_id=t5-r01-20260922T102410Z|producer=exec/figures.py
harmful_concept,625,0.18561504138523743,0.15,0.02,True,0.4992,32,t5-r01-20260922T102410Z,0.2976,seed=32|run_id=t5-r01-20260922T102410Z|producer=exec/figures.py
harmful_concept,631,0.18800538629552893,0.15,0.02,True,0.5023771790808241,32,t5-r01-20260922T102410Z,0.29952456418383516,seed=32|run_id=t5-r01-20260922T102410Z|producer=exec/figures.py
harmful_concept,637,0.18878338008971318,0.15,0.02,True,0.5023547880690737,32,t5-r01-20260922T102410Z,0.29984301412872844,seed=32|run_id=t5-r01-20260922T102410Z|producer=exec/figures.py
harmful_concept,643,0.18954933448431624,0.15,0.02,True,0.5007776049766719,32,t5-r01-20260922T102410Z,0.3001555209953344,seed=32|run_id=t5-r01-20260922T102410Z|producer=exec/figures.py
harmful_concept,649,0.19030355043358776,0.15,0.02,True,0.50231124807396,32,t5-r01-20260922T102410Z,0.300462249614792,seed=32|run_id=t5-r01-20260922T102410Z|producer=exec/figures.py
harmful_concept,655,0.18951960104116866,0.15,0.02,True,0.5038167938931297,32,t5-r01-20260922T102410Z,0.29923664122137406,seed=32|run_id=t5-r01-20260922T102410Z|producer=exec/figures.py
harmful_concept,661,0.1887522011825261,0.15,0.02,True,0.5052950075642966,32,t5-r01-20260922T102410Z,0.2980332829046899,seed=32|run_id=t5-r01-20260922T102410Z|producer=exec/figures.py
harmful_concept,667,0.18950012464492666,0.15,0.02,True,0.5067466266866567,32,t5-r01-20260922T102410Z,0.2983508245877061,seed=32|run_id=t5-r01-20260922T102410Z|producer=exec/figures.py
harmful_concept,673,0.19023692956389854,0.15,0.02,True,0.5096582466567607,32,t5-r01-20260922T102410Z,0.2986627043090639,seed=32|run_id=t5-r01-20260922T102410Z|producer=exec/figures.py
harmful_concept,679,0.18949012846180813,0.15,0.02,True,0.5110456553755522,32,t5-r01-20260922T102410Z,0.2974963181148748,seed=32|run_id=t5-r01-20260922T102410Z|producer=exec/figures.py
harmful_concept,685,0.18875853329247058,0.15,0.02,True,0.5109489051094891,32,t5-r01-20260922T102410Z,0.29635036496350364,seed=32|run_id=t5-r01-20260922T102410Z|producer=exec/figures.py
harmful_concept,691,0.18948889944218802,0.15,0.02,True,0.5123010130246021,32,t5-r01-20260922T102410Z,0.29667149059334297,seed=32|run_id=t5-r01-20260922T102410Z|producer=exec/figures.py
harmful_concept,697,0.19307816631104063,0.15,0.02,True,0.5121951219512195,32,t5-r01-20260922T102410Z,0.2998565279770445,seed=32|run_id=t5-r01-20260922T102410Z|producer=exec/figures.py
harmful_concept,703,0.1923407325165466,0.15,0.02,True,0.5120910384068279,32,t5-r01-20260922T102410Z,0.29871977240398295,seed=32|run_id=t5-r01-20260922T102410Z|producer=exec/figures.py
harmful_concept,709,0.19161773122863293,0.15,0.02,True,0.5133991537376587,32,t5-r01-20260922T102410Z,0.29760225669957685,seed=32|run_id=t5-r01-20260922T102410Z|producer=exec/figures.py
harmful_concept,715,0.19090877555824537,0.15,0.02,True,0.5146853146853146,32,t5-r01-20260922T102410Z,0.2965034965034965,seed=32|run_id=t5-r01-20260922T102410Z|producer=exec/figures.py
harmful_concept,721,0.19160045452349272,0.15,0.02,True,0.5145631067961165,32,t5-r01-20260922T102410Z,0.29680998613037446,seed=32|run_id=t5-r01-20260922T102410Z|producer=exec/figures.py
harmful_concept,727,0.1895315197249987,0.15,0.02,True,0.517193947730399,32,t5-r01-20260922T102410Z,0.29436038514442914,seed=32|run_id=t5-r01-20260922T102410Z|producer=exec/figures.py
harmful_concept,733,0.19022676680985562,0.15,0.02,True,0.519781718963165,32,t5-r01-20260922T102410Z,0.2946793997271487,seed=32|run_id=t5-r01-20260922T102410Z|producer=exec/figures.py
harmful_concept,739,0.18955930701357482,0.15,0.02,True,0.5182679296346414,32,t5-r01-20260922T102410Z,0.2936400541271989,seed=32|run_id=t5-r01-20260922T102410Z|producer=exec/figures.py
harmful_concept,745,0.1915888900105162,0.15,0.02,True,0.5181208053691275,32,t5-r01-20260922T102410Z,0.2953020134228188,seed=32|run_id=t5-r01-20260922T102410Z|producer=exec/figures.py
harmful_concept,751,0.1909246214083889,0.15,0.02,True,0.5179760319573902,32,t5-r01-20260922T102410Z,0.29427430093209056,seed=32|run_id=t5-r01-20260922T102410Z|producer=exec/figures.py
harmful_concept,757,0.18895154044155898,0.15,0.02,True,0.5204755614266843,32,t5-r01-20260922T102410Z,0.2919418758256275,seed=32|run_id=t5-r01-20260922T102410Z|producer=exec/figures.py
harmful_concept,763,0.18963235258352806,0.15,0.02,True,0.5203145478374837,32,t5-r01-20260922T102410Z,0.29226736566186107,seed=32|run_id=t5-r01-20260922T102410Z|producer=exec/figures.py
harmful_concept,769,0.19030413956672657,0.15,0.02,True,0.5162548764629389,32,t5-r01-20260922T102410Z,0.2925877763328999,seed=32|run_id=t5-r01-20260922T102410Z|producer=exec/figures.py
harmful_concept,775,0.19096709319527427,0.15,0.02,True,0.5174193548387097,32,t5-r01-20260922T102410Z,0.2929032258064516,seed=32|run_id=t5-r01-20260922T102410Z|producer=exec/figures.py
harmful_concept,781,0.190340989981035,0.15,0.02,True,0.5147247119078106,32,t5-r01-20260922T102410Z,0.2919334186939821,seed=32|run_id=t5-r01-20260922T102410Z|producer=exec/figures.py
harmful_concept,787,0.1897259439414789,0.15,0.02,True,0.5158831003811944,32,t5-r01-20260922T102410Z,0.2909783989834816,seed=32|run_id=t5-r01-20260922T102410Z|producer=exec/figures.py
harmful_concept,793,0.1891216876440872,0.15,0.02,True,0.5145018915510718,32,t5-r01-20260922T102410Z,0.2900378310214376,seed=32|run_id=t5-r01-20260922T102410Z|producer=exec/figures.py
harmful_concept,799,0.18977952644552953,0.15,0.02,True,0.5143929912390488,32,t5-r01-20260922T102410Z,0.2903629536921151,seed=32|run_id=t5-r01-20260922T102410Z|producer=exec/figures.py
harmful_concept,805,0.18918675192040874,0.15,0.02,True,0.515527950310559,32,t5-r01-20260922T102410Z,0.2894409937888199,seed=32|run_id=t5-r01-20260922T102410Z|producer=exec/figures.py
harmful_concept,811,0.18737110598885798,0.15,0.02,True,0.5141800246609125,32,t5-r01-20260922T102410Z,0.2872996300863132,seed=32|run_id=t5-r01-20260922T102410Z|producer=exec/figures.py
harmful_concept,817,0.1880314865271277,0.15,0.02,True,0.5152998776009792,32,t5-r01-20260922T102410Z,0.2876376988984088,seed=32|run_id=t5-r01-20260922T102410Z|producer=exec/figures.py
harmful_concept,823,0.18746852490794974,0.15,0.02,True,0.5176184690157959,32,t5-r01-20260922T102410Z,0.2867557715674362,seed=32|run_id=t5-r01-20260922T102410Z|producer=exec/figures.py
harmful_concept,829,0.18932758719437218,0.15,0.02,True,0.5186972255729795,32,t5-r01-20260922T102410Z,0.2882991556091677,seed=32|run_id=t5-r01-20260922T102410Z|producer=exec/figures.py
harmful_concept,835,0.18996363396496652,0.15,0.02,True,0.5197604790419161,32,t5-r01-20260922T102410Z,0.288622754491018,seed=32|run_id=t5-r01-20260922T102410Z|producer=exec/figures.py
harmful_concept,841,0.19059188875551397,0.15,0.02,True,0.5184304399524375,32,t5-r01-20260922T102410Z,0.28894173602853745,seed=32|run_id=t5-r01-20260922T102410Z|producer=exec/figures.py
harmful_concept,847,0.19239314160843668,0.15,0.02,True,0.5182998819362455,32,t5-r01-20260922T102410Z,0.29043683589138136,seed=32|run_id=t5-r01-20260922T102410Z|producer=exec/figures.py
harmful_concept,853,0.19182562832255007,0.15,0.02,True,0.5193434935521688,32,t5-r01-20260922T102410Z,0.2895662368112544,seed=32|run_id=t5-r01-20260922T102410Z|producer=exec/figures.py
harmful_concept,859,0.19243140603245212,0.15,0.02,True,0.5180442374854481,32,t5-r01-20260922T102410Z,0.28987194412107103,seed=32|run_id=t5-r01-20260922T102410Z|producer=exec/figures.py
harmful_concept,865,0.19418604726107278,0.15,0.02,True,0.5179190751445086,32,t5-r01-20260922T102410Z,0.29132947976878615,seed=32|run_id=t5-r01-20260922T102410Z|producer=exec/figures.py
harmful_concept,871,0.19362148094609993,0.15,0.02,True,0.5166475315729047,32,t5-r01-20260922T102410Z,0.2904707233065442,seed=32|run_id=t5-r01-20260922T102410Z|producer=exec/figures.py
harmful_concept,877,0.19192554694779673,0.15,0.02,True,0.5176738882554162,32,t5-r01-20260922T102410Z,0.28848346636259975,seed=32|run_id=t5-r01-20260922T102410Z|producer=exec/figures.py
harmful_concept,883,0.19251880541281666,0.15,0.02,True,0.5186862967157417,32,t5-r01-20260922T102410Z,0.2887882219705549,seed=32|run_id=t5-r01-20260922T102410Z|producer=exec/figures.py
harmful_concept,889,0.1931051761301727,0.15,0.02,True,0.5185601799775028,32,t5-r01-20260922T102410Z,0.2890888638920135,seed=32|run_id=t5-r01-20260922T102410Z|producer=exec/figures.py
harmful_concept,895,0.19256746837134464,0.15,0.02,True,0.5162011173184358,32,t5-r01-20260922T102410Z,0.288268156424581,seed=32|run_id=t5-r01-20260922T102410Z|producer=exec/figures.py
harmful_concept,901,0.19314788401104055,0.15,0.02,True,0.5183129855715871,32,t5-r01-20260922T102410Z,0.2885682574916759,seed=32|run_id=t5-r01-20260922T102410Z|producer=exec/figures.py
harmful_concept,907,0.19261915117470835,0.15,0.02,True,0.515986769570011,32,t5-r01-20260922T102410Z,0.28776185226019846,seed=32|run_id=t5-r01-20260922T102410Z|producer=exec/figures.py
harmful_concept,913,0.19209841712897802,0.15,0.02,True,0.5180722891566265,32,t5-r01-20260922T102410Z,0.28696604600219056,seed=32|run_id=t5-r01-20260922T102410Z|producer=exec/figures.py
harmful_concept,919,0.1926736546172026,0.15,0.02,True,0.5179542981501633,32,t5-r01-20260922T102410Z,0.28726877040261156,seed=32|run_id=t5-r01-20260922T102410Z|producer=exec/figures.py
harmful_concept,925,0.19216136481339746,0.15,0.02,True,0.52,32,t5-r01-20260922T102410Z,0.2864864864864865,seed=32|run_id=t5-r01-20260922T102410Z|producer=exec/figures.py
harmful_concept,931,0.1905825645874086,0.15,0.02,True,0.5177228786251342,32,t5-r01-20260922T102410Z,0.284640171858217,seed=32|run_id=t5-r01-20260922T102410Z|producer=exec/figures.py
harmful_concept,937,0.190092204355507,0.15,0.02,True,0.5165421558164355,32,t5-r01-20260922T102410Z,0.2838847385272145,seed=32|run_id=t5-r01-20260922T102410Z|producer=exec/figures.py
harmful_concept,943,0.18960905354229568,0.15,0.02,True,0.5196182396606575,32,t5-r01-20260922T102410Z,0.2831389183457052,seed=32|run_id=t5-r01-20260922T102410Z|producer=exec/figures.py
harmful_concept,949,0.19334792969220194,0.15,0.02,True,0.5184404636459431,32,t5-r01-20260922T102410Z,0.28661749209694415,seed=32|run_id=t5-r01-20260922T102410Z|producer=exec/figures.py
harmful_concept,955,0.1938994037611463,0.15,0.02,True,0.5214659685863874,32,t5-r01-20260922T102410Z,0.2869109947643979,seed=32|run_id=t5-r01-20260922T102410Z|producer=exec/figures.py
harmful_concept,961,0.1944449170727062,0.15,0.02,True,0.5234131113423517,32,t5-r01-20260922T102410Z,0.28720083246618106,seed=32|run_id=t5-r01-20260922T102410Z|producer=exec/figures.py
harmful_concept,967,0.19601869847040698,0.15,0.02,True,0.5232678386763185,32,t5-r01-20260922T102410Z,0.28852119958634953,seed=32|run_id=t5-r01-20260922T102410Z|producer=exec/figures.py
harmful_concept,973,0.1965462189649685,0.15,0.02,True,0.5210688591983555,32,t5-r01-20260922T102410Z,0.28879753340184994,seed=32|run_id=t5-r01-20260922T102410Z|producer=exec/figures.py
harmful_concept,979,0.1970681577531257,0.15,0.02,True,0.5199182839632278,32,t5-r01-20260922T102410Z,0.28907048008171604,seed=32|run_id=t5-r01-20260922T102410Z|producer=exec/figures.py
harmful_concept,985,0.19656938064598417,0.15,0.02,True,0.5208121827411167,32,t5-r01-20260922T102410Z,0.2883248730964467,seed=32|run_id=t5-r01-20260922T102410Z|producer=exec/figures.py
harmful_concept,991,0.1970865832568574,0.15,0.02,True,0.520686175580222,32,t5-r01-20260922T102410Z,0.2885973763874874,seed=32|run_id=t5-r01-20260922T102410Z|producer=exec/figures.py
harmful_concept,997,0.19960442450535545,0.15,0.02,True,0.5195586760280843,32,t5-r01-20260922T102410Z,0.29087261785356067,seed=32|run_id=t5-r01-20260922T102410Z|producer=exec/figures.py
harmful_concept,1003,0.20109596639656419,0.15,0.02,True,0.5174476570289133,32,t5-r01-20260922T102410Z,0.292123629112662,seed=32|run_id=t5-r01-20260922T102410Z|producer=exec/figures.py
harmful_concept,1009,0.19959734984384206,0.15,0.02,True,0.5163528245787908,32,t5-r01-20260922T102410Z,0.29038652130822595,seed=32|run_id=t5-r01-20260922T102410Z|producer=exec/figures.py
harmful_concept,1015,0.19811726031470883,0.15,0.02,True,0.5133004926108374,32,t5-r01-20260922T102410Z,0.28866995073891627,seed=32|run_id=t5-r01-20260922T102410Z|producer=exec/figures.py
harmful_concept,1021,0.19665536432571068,0.15,0.02,True,0.5122428991185113,32,t5-r01-20260922T102410Z,0.28697355533790403,seed=32|run_id=t5-r01-20260922T102410Z|producer=exec/figures.py
harmful_concept,1027,0.19715875595309823,0.15,0.02,True,0.5141187925998053,32,t5-r01-20260922T102410Z,0.2872444011684518,seed=32|run_id=t5-r01-20260922T102410Z|producer=exec/figures.py
harmful_concept,1033,0.1976570751011708,0.15,0.02,True,0.5130687318489835,32,t5-r01-20260922T102410Z,0.28751210067763794,seed=32|run_id=t5-r01-20260922T102410Z|producer=exec/figures.py
harmful_concept,1039,0.1971879392859152,0.15,0.02,True,0.5110683349374399,32,t5-r01-20260922T102410Z,0.28681424446583254,seed=32|run_id=t5-r01-20260922T102410Z|producer=exec/figures.py
harmful_concept,1045,0.19768188207494988,0.15,0.02,True,0.5129186602870813,32,t5-r01-20260922T102410Z,0.28708133971291866,seed=32|run_id=t5-r01-20260922T102410Z|producer=exec/figures.py
harmful_concept,1051,0.1972194534839019,0.15,0.02,True,0.5147478591817317,32,t5-r01-20260922T102410Z,0.28639391056137015,seed=32|run_id=t5-r01-20260922T102410Z|producer=exec/figures.py
harmful_concept,1057,0.1986551551748433,0.15,0.02,True,0.5137180700094608,32,t5-r01-20260922T102410Z,0.2876064333017975,seed=32|run_id=t5-r01-20260922T102410Z|producer=exec/figures.py
harmful_concept,1063,0.19819390466028028,0.15,0.02,True,0.5136406396989652,32,t5-r01-20260922T102410Z,0.2869238005644403,seed=32|run_id=t5-r01-20260922T102410Z|producer=exec/figures.py
harmful_concept,1069,0.19773854467898488,0.15,0.02,True,0.5154349859681946,32,t5-r01-20260922T102410Z,0.2862488306828812,seed=32|run_id=t5-r01-20260922T102410Z|producer=exec/figures.py
harmful_concept,1075,0.19728897086253722,0.15,0.02,True,0.5153488372093024,32,t5-r01-20260922T102410Z,0.2855813953488372,seed=32|run_id=t5-r01-20260922T102410Z|producer=exec/figures.py
harmful_concept,1081,0.19869521999765433,0.15,0.02,True,0.513413506012951,32,t5-r01-20260922T102410Z,0.28677150786308975,seed=32|run_id=t5-r01-20260922T102410Z|producer=exec/figures.py
harmful_concept,1087,0.19732673935806505,0.15,0.02,True,0.5142594296228151,32,t5-r01-20260922T102410Z,0.28518859245630174,seed=32|run_id=t5-r01-20260922T102410Z|producer=exec/figures.py
harmful_concept,1093,0.1968888713191772,0.15,0.02,True,0.5114364135407137,32,t5-r01-20260922T102410Z,0.2845379688929552,seed=32|run_id=t5-r01-20260922T102410Z|producer=exec/figures.py
harmful_concept,1099,0.19645645039668397,0.15,0.02,True,0.5104640582347588,32,t5-r01-20260922T102410Z,0.28389444949954507,seed=32|run_id=t5-r01-20260922T102410Z|producer=exec/figures.py
harmful_concept,1105,0.19783933739525864,0.15,0.02,True,0.5104072398190045,32,t5-r01-20260922T102410Z,0.2850678733031674,seed=32|run_id=t5-r01-20260922T102410Z|producer=exec/figures.py
harmful_concept,1111,0.19830784624013179,0.15,0.02,True,0.5103510351035103,32,t5-r01-20260922T102410Z,0.28532853285328535,seed=32|run_id=t5-r01-20260922T102410Z|producer=exec/figures.py
harmful_concept,1117,0.19787670673892582,0.15,0.02,True,0.5094001790510295,32,t5-r01-20260922T102410Z,0.2846911369740376,seed=32|run_id=t5-r01-20260922T102410Z|producer=exec/figures.py
harmful_concept,1123,0.19923174981954353,0.15,0.02,True,0.5093499554764025,32,t5-r01-20260922T102410Z,0.2858414959928762,seed=32|run_id=t5-r01-20260922T102410Z|producer=exec/figures.py
harmful_concept,1129,0.1979157950102775,0.15,0.02,True,0.508414526129318,32,t5-r01-20260922T102410Z,0.2843224092116918,seed=32|run_id=t5-r01-20260922T102410Z|producer=exec/figures.py
harmful_concept,1135,0.19749542607035908,0.15,0.02,True,0.5083700440528635,32,t5-r01-20260922T102410Z,0.28370044052863436,seed=32|run_id=t5-r01-20260922T102410Z|producer=exec/figures.py
harmful_concept,1141,0.19795650989599406,0.15,0.02,True,0.5074496056091148,32,t5-r01-20260922T102410Z,0.2839614373356705,seed=32|run_id=t5-r01-20260922T102410Z|producer=exec/figures.py
harmful_concept,1147,0.1966696904215274,0.15,0.02,True,0.5065387968613775,32,t5-r01-20260922T102410Z,0.28247602441150826,seed=32|run_id=t5-r01-20260922T102410Z|producer=exec/figures.py
harmful_concept,1153,0.19713146120194983,0.15,0.02,True,0.5056374674761491,32,t5-r01-20260922T102410Z,0.28274067649609713,seed=32|run_id=t5-r01-20260922T102410Z|producer=exec/figures.py
harmful_concept,1159,0.19758903556836177,0.15,0.02,True,0.5081967213114754,32,t5-r01-20260922T102410Z,0.2830025884383089,seed=32|run_id=t5-r01-20260922T102410Z|producer=exec/figures.py
harmful_concept,1165,0.19718410491599636,0.15,0.02,True,0.5072961373390558,32,t5-r01-20260922T102410Z,0.28240343347639485,seed=32|run_id=t5-r01-20260922T102410Z|producer=exec/figures.py
harmful_concept,1171,0.19678389391936268,0.15,0.02,True,0.5072587532023911,32,t5-r01-20260922T102410Z,0.28181041844577287,seed=32|run_id=t5-r01-20260922T102410Z|producer=exec/figures.py
harmful_concept,1177,0.19638832620811986,0.15,0.02,True,0.5089209855564996,32,t5-r01-20260922T102410Z,0.2812234494477485,seed=32|run_id=t5-r01-20260922T102410Z|producer=exec/figures.py
harmful_concept,1183,0.19599732701310724,0.15,0.02,True,0.5080304311073541,32,t5-r01-20260922T102410Z,0.28064243448858833,seed=32|run_id=t5-r01-20260922T102410Z|producer=exec/figures.py
harmful_concept,1189,0.1956108231250465,0.15,0.02,True,0.5071488645920942,32,t5-r01-20260922T102410Z,0.280067283431455,seed=32|run_id=t5-r01-20260922T102410Z|producer=exec/figures.py
harmful_concept,1195,0.19522874285450775,0.15,0.02,True,0.5062761506276151,32,t5-r01-20260922T102410Z,0.2794979079497908,seed=32|run_id=t5-r01-20260922T102410Z|producer=exec/figures.py
harmful_concept,1201,0.19568365546020605,0.15,0.02,True,0.5062447960033306,32,t5-r01-20260922T102410Z,0.279766860949209,seed=32|run_id=t5-r01-20260922T102410Z|producer=exec/figures.py
harmful_concept,1207,0.19696307501856047,0.15,0.02,True,0.5070422535211268,32,t5-r01-20260922T102410Z,0.28086164043082024,seed=32|run_id=t5-r01-20260922T102410Z|producer=exec/figures.py
harmful_concept,1213,0.19575715346119815,0.15,0.02,True,0.5061830173124485,32,t5-r01-20260922T102410Z,0.27947238252267104,seed=32|run_id=t5-r01-20260922T102410Z|producer=exec/figures.py
harmful_concept,1219,0.1953839643020993,0.15,0.02,True,0.5069729286300246,32,t5-r01-20260922T102410Z,0.27891714520098443,seed=32|run_id=t5-r01-20260922T102410Z|producer=exec/figures.py
harmful_concept,1225,0.19583126782257274,0.15,0.02,True,0.5061224489795918,32,t5-r01-20260922T102410Z,0.27918367346938777,seed=32|run_id=t5-r01-20260922T102410Z|producer=exec/figures.py
harmful_concept,1231,0.1970870629770778,0.15,0.02,True,0.5060926076360682,32,t5-r01-20260922T102410Z,0.2802599512591389,seed=32|run_id=t5-r01-20260922T102410Z|producer=exec/figures.py
harmful_concept,1237,0.19671435929210215,0.15,0.02,True,0.5044462409054163,32,t5-r01-20260922T102410Z,0.27970897332255457,seed=32|run_id=t5-r01-20260922T102410Z|producer=exec/figures.py
harmful_concept,1243,0.19715025142928672,0.15,0.02,True,0.504424778761062,32,t5-r01-20260922T102410Z,0.27996781979082863,seed=32|run_id=t5-r01-20260922T102410Z|producer=exec/figures.py
harmful_concept,1249,0.19678180184762717,0.15,0.02,True,0.5028022417934348,32,t5-r01-20260922T102410Z,0.27942353883106485,seed=32|run_id=t5-r01-20260922T102410Z|producer=exec/figures.py
harmful_concept,1255,0.19721416906263062,0.15,0.02,True,0.503585657370518,32,t5-r01-20260922T102410Z,0.2796812749003984,seed=32|run_id=t5-r01-20260922T102410Z|producer=exec/figures.py
harmful_concept,1261,0.1968498757807206,0.15,0.02,True,0.5011895321173672,32,t5-r01-20260922T102410Z,0.27914353687549565,seed=32|run_id=t5-r01-20260922T102410Z|producer=exec/figures.py
harmful_concept,1267,0.19648950272202304,0.15,0.02,True,0.5019731649565904,32,t5-r01-20260922T102410Z,0.2786108918705604,seed=32|run_id=t5-r01-20260922T102410Z|producer=exec/figures.py
harmful_concept,1273,0.1961329912588606,0.15,0.02,True,0.5011783189316575,32,t5-r01-20260922T102410Z,0.27808326787117044,seed=32|run_id=t5-r01-20260922T102410Z|producer=exec/figures.py
harmful_concept,1279,0.19812586638656166,0.15,0.02,True,0.5019546520719312,32,t5-r01-20260922T102410Z,0.2799061767005473,seed=32|run_id=t5-r01-20260922T102410Z|producer=exec/figures.py
harmful_concept,1285,0.19776595461494362,0.15,0.02,True,0.5011673151750973,32,t5-r01-20260922T102410Z,0.2793774319066148,seed=32|run_id=t5-r01-20260922T102410Z|producer=exec/figures.py
harmful_concept,1291,0.1981844304081487,0.15,0.02,True,0.5019364833462432,32,t5-r01-20260922T102410Z,0.2796281951975213,seed=32|run_id=t5-r01-20260922T102410Z|producer=exec/figures.py
harmful_concept,1297,0.19782846812037838,0.15,0.02,True,0.5034695451040864,32,t5-r01-20260922T102410Z,0.2791056283731688,seed=32|run_id=t5-r01-20260922T102410Z|producer=exec/figures.py
harmful_concept,1303,0.19824368251975386,0.15,0.02,True,0.5042210283960092,32,t5-r01-20260922T102410Z,0.27935533384497313,seed=32|run_id=t5-r01-20260922T102410Z|producer=exec/figures.py
harmful_concept,1309,0.19789158240702437,0.15,0.02,True,0.5049656226126814,32,t5-r01-20260922T102410Z,0.27883880825057294,seed=32|run_id=t5-r01-20260922T102410Z|producer=exec/figures.py
harmful_concept,1315,0.19754312436335575,0.15,0.02,True,0.5049429657794677,32,t5-r01-20260922T102410Z,0.2783269961977186,seed=32|run_id=t5-r01-20260922T102410Z|producer=exec/figures.py
harmful_concept,1321,0.1979552582203697,0.15,0.02,True,0.5034065102195306,32,t5-r01-20260922T102410Z,0.2785768357305072,seed=32|run_id=t5-r01-20260922T102410Z|producer=exec/figures.py
harmful_concept,1327,0.196856925705083,0.15,0.02,True,0.5018839487565938,32,t5-r01-20260922T102410Z,0.2773172569706104,seed=32|run_id=t5-r01-20260922T102410Z|producer=exec/figures.py
harmful_concept,1333,0.19651908312745356,0.15,0.02,True,0.5026256564141035,32,t5-r01-20260922T102410Z,0.2768192048012003,seed=32|run_id=t5-r01-20260922T102410Z|producer=exec/figures.py
harmful_concept,1339,0.1969315046379499,0.15,0.02,True,0.5026138909634055,32,t5-r01-20260922T102410Z,0.2770724421209858,seed=32|run_id=t5-r01-20260922T102410Z|producer=exec/figures.py
harmful_concept,1345,0.19659715803734362,0.15,0.02,True,0.5033457249070632,32,t5-r01-20260922T102410Z,0.2765799256505576,seed=32|run_id=t5-r01-20260922T102410Z|producer=exec/figures.py
harmful_concept,1351,0.19626618271149038,0.15,0.02,True,0.5033308660251665,32,t5-r01-20260922T102410Z,0.27609178386380456,seed=32|run_id=t5-r01-20260922T102410Z|producer=exec/figures.py
harmful_concept,1357,0.19593853137919845,0.15,0.02,True,0.5025792188651437,32,t5-r01-20260922T102410Z,0.27560795873249816,seed=32|run_id=t5-r01-20260922T102410Z|producer=exec/figures.py
harmful_concept,1363,0.19634783333465933,0.15,0.02,True,0.5033015407190022,32,t5-r01-20260922T102410Z,0.27586206896551724,seed=32|run_id=t5-r01-20260922T102410Z|producer=exec/figures.py
harmful_concept,1369,0.1967539362313569,0.15,0.02,True,0.5032870708546384,32,t5-r01-20260922T102410Z,0.27611395178962744,seed=32|run_id=t5-r01-20260922T102410Z|producer=exec/figures.py
harmful_concept,1375,0.19642960677200577,0.15,0.02,True,0.5025454545454545,32,t5-r01-20260922T102410Z,0.2756363636363636,seed=32|run_id=t5-r01-20260922T102410Z|producer=exec/figures.py
harmful_concept,1381,0.19683258894749223,0.15,0.02,True,0.503258508327299,32,t5-r01-20260922T102410Z,0.27588703837798695,seed=32|run_id=t5-r01-20260922T102410Z|producer=exec/figures.py
harmful_concept,1387,0.1965114805190809,0.15,0.02,True,0.5039653929343908,32,t5-r01-20260922T102410Z,0.2754145638067772,seed=32|run_id=t5-r01-20260922T102410Z|producer=exec/figures.py
harmful_concept,1393,0.19547563566476328,0.15,0.02,True,0.5039483129935391,32,t5-r01-20260922T102410Z,0.2742282842785355,seed=32|run_id=t5-r01-20260922T102410Z|producer=exec/figures.py
harmful_concept,1399,0.19516384068117637,0.15,0.02,True,0.505360972122945,32,t5-r01-20260922T102410Z,0.27376697641172265,seed=32|run_id=t5-r01-20260922T102410Z|producer=exec/figures.py
harmful_concept,1,-1.1832762558812695,0.15,0.02,False,1.0,33,t5-r01-20260922T102410Z,0.0,seed=33|run_id=t5-r01-20260922T102410Z|producer=exec/figures.py
harmful_concept,7,-0.262809471903195,0.15,0.02,False,0.42857142857142855,33,t5-r01-20260922T102410Z,0.42857142857142855,seed=33|run_id=t5-r01-20260922T102410Z|producer=exec/figures.py
harmful_concept,13,-0.16765907719573697,0.15,0.02,False,0.6153846153846154,33,t5-r01-20260922T102410Z,0.38461538461538464,seed=33|run_id=t5-r01-20260922T102410Z|producer=exec/figures.py
harmful_concept,19,-0.16239688488427828,0.15,0.02,False,0.631578947368421,33,t5-r01-20260922T102410Z,0.3157894736842105,seed=33|run_id=t5-r01-20260922T102410Z|producer=exec/figures.py
harmful_concept,25,-0.1098380403175408,0.15,0.02,False,0.6,33,t5-r01-20260922T102410Z,0.32,seed=33|run_id=t5-r01-20260922T102410Z|producer=exec/figures.py
harmful_concept,31,-0.07231133280873886,0.15,0.02,False,0.5806451612903226,33,t5-r01-20260922T102410Z,0.3225806451612903,seed=33|run_id=t5-r01-20260922T102410Z|producer=exec/figures.py
harmful_concept,37,-0.04368935823478848,0.15,0.02,False,0.5405405405405406,33,t5-r01-20260922T102410Z,0.32432432432432434,seed=33|run_id=t5-r01-20260922T102410Z|producer=exec/figures.py
harmful_concept,43,-0.06738546519174882,0.15,0.02,False,0.5116279069767442,33,t5-r01-20260922T102410Z,0.27906976744186046,seed=33|run_id=t5-r01-20260922T102410Z|producer=exec/figures.py
harmful_concept,49,-0.06332626307186784,0.15,0.02,False,0.46938775510204084,33,t5-r01-20260922T102410Z,0.2653061224489796,seed=33|run_id=t5-r01-20260922T102410Z|producer=exec/figures.py
harmful_concept,55,-0.040829330339277214,0.15,0.02,False,0.4909090909090909,33,t5-r01-20260922T102410Z,0.2727272727272727,seed=33|run_id=t5-r01-20260922T102410Z|producer=exec/figures.py
harmful_concept,61,-0.03827859253162402,0.15,0.02,False,0.4918032786885246,33,t5-r01-20260922T102410Z,0.26229508196721313,seed=33|run_id=t5-r01-20260922T102410Z|producer=exec/figures.py
harmful_concept,67,-0.05042448893921744,0.15,0.02,False,0.5074626865671642,33,t5-r01-20260922T102410Z,0.23880597014925373,seed=33|run_id=t5-r01-20260922T102410Z|producer=exec/figures.py
harmful_concept,73,-0.060023375464283435,0.15,0.02,False,0.5205479452054794,33,t5-r01-20260922T102410Z,0.2191780821917808,seed=33|run_id=t5-r01-20260922T102410Z|producer=exec/figures.py
harmful_concept,79,-0.04239769754458639,0.15,0.02,False,0.5443037974683544,33,t5-r01-20260922T102410Z,0.22784810126582278,seed=33|run_id=t5-r01-20260922T102410Z|producer=exec/figures.py
harmful_concept,85,-0.003357233426816042,0.15,0.02,False,0.5529411764705883,33,t5-r01-20260922T102410Z,0.25882352941176473,seed=33|run_id=t5-r01-20260922T102410Z|producer=exec/figures.py
harmful_concept,91,0.01986047099874383,0.15,0.02,False,0.5494505494505495,33,t5-r01-20260922T102410Z,0.27472527472527475,seed=33|run_id=t5-r01-20260922T102410Z|producer=exec/figures.py
harmful_concept,97,0.05078279202054717,0.15,0.02,False,0.5463917525773195,33,t5-r01-20260922T102410Z,0.29896907216494845,seed=33|run_id=t5-r01-20260922T102410Z|producer=exec/figures.py
harmful_concept,103,0.049206383579301016,0.15,0.02,False,0.5533980582524272,33,t5-r01-20260922T102410Z,0.2912621359223301,seed=33|run_id=t5-r01-20260922T102410Z|producer=exec/figures.py
harmful_concept,109,0.07552602454390886,0.15,0.02,False,0.5688073394495413,33,t5-r01-20260922T102410Z,0.3119266055045872,seed=33|run_id=t5-r01-20260922T102410Z|producer=exec/figures.py
harmful_concept,115,0.07318677125635381,0.15,0.02,False,0.5478260869565217,33,t5-r01-20260922T102410Z,0.30434782608695654,seed=33|run_id=t5-r01-20260922T102410Z|producer=exec/figures.py
harmful_concept,121,0.08776202666313107,0.15,0.02,False,0.5537190082644629,33,t5-r01-20260922T102410Z,0.3140495867768595,seed=33|run_id=t5-r01-20260922T102410Z|producer=exec/figures.py
harmful_concept,127,0.10109617120754633,0.15,0.02,False,0.5433070866141733,33,t5-r01-20260922T102410Z,0.3228346456692913,seed=33|run_id=t5-r01-20260922T102410Z|producer=exec/figures.py
harmful_concept,133,0.113348491661761,0.15,0.02,False,0.5338345864661654,33,t5-r01-20260922T102410Z,0.3308270676691729,seed=33|run_id=t5-r01-20260922T102410Z|producer=exec/figures.py
harmful_concept,139,0.12465167198778623,0.15,0.02,False,0.5251798561151079,33,t5-r01-20260922T102410Z,0.3381294964028777,seed=33|run_id=t5-r01-20260922T102410Z|producer=exec/figures.py
harmful_concept,145,0.1351171710913103,0.15,0.02,False,0.5241379310344828,33,t5-r01-20260922T102410Z,0.3448275862068966,seed=33|run_id=t5-r01-20260922T102410Z|producer=exec/figures.py
harmful_concept,151,0.14483934045346683,0.15,0.02,False,0.5231788079470199,33,t5-r01-20260922T102410Z,0.3509933774834437,seed=33|run_id=t5-r01-20260922T102410Z|producer=exec/figures.py
harmful_concept,157,0.14752918747327978,0.15,0.02,False,0.5286624203821656,33,t5-r01-20260922T102410Z,0.3503184713375796,seed=33|run_id=t5-r01-20260922T102410Z|producer=exec/figures.py
harmful_concept,163,0.15009406883659532,0.15,0.02,False,0.5337423312883436,33,t5-r01-20260922T102410Z,0.3496932515337423,seed=33|run_id=t5-r01-20260922T102410Z|producer=exec/figures.py
harmful_concept,169,0.15846077265762545,0.15,0.02,False,0.5443786982248521,33,t5-r01-20260922T102410Z,0.35502958579881655,seed=33|run_id=t5-r01-20260922T102410Z|producer=exec/figures.py
harmful_concept,175,0.16060071712860854,0.15,0.02,False,0.5428571428571428,33,t5-r01-20260922T102410Z,0.35428571428571426,seed=33|run_id=t5-r01-20260922T102410Z|producer=exec/figures.py
harmful_concept,181,0.16265511572339844,0.15,0.02,False,0.5469613259668509,33,t5-r01-20260922T102410Z,0.35359116022099446,seed=33|run_id=t5-r01-20260922T102410Z|producer=exec/figures.py
harmful_concept,187,0.15928204055319314,0.15,0.02,False,0.5401069518716578,33,t5-r01-20260922T102410Z,0.34759358288770054,seed=33|run_id=t5-r01-20260922T102410Z|producer=exec/figures.py
harmful_concept,193,0.16134807880611715,0.15,0.02,False,0.5440414507772021,33,t5-r01-20260922T102410Z,0.3471502590673575,seed=33|run_id=t5-r01-20260922T102410Z|producer=exec/figures.py
harmful_concept,199,0.168359190137908,0.15,0.02,False,0.5477386934673367,33,t5-r01-20260922T102410Z,0.35175879396984927,seed=33|run_id=t5-r01-20260922T102410Z|producer=exec/figures.py
harmful_concept,205,0.17012322091216123,0.15,0.02,True,0.5414634146341464,33,t5-r01-20260922T102410Z,0.35121951219512193,seed=33|run_id=t5-r01-20260922T102410Z|producer=exec/figures.py
harmful_concept,211,0.1765647877559495,0.15,0.02,True,0.5402843601895735,33,t5-r01-20260922T102410Z,0.35545023696682465,seed=33|run_id=t5-r01-20260922T102410Z|producer=exec/figures.py
harmful_concept,217,0.18268608076081647,0.15,0.02,True,0.5391705069124424,33,t5-r01-20260922T102410Z,0.35944700460829493,seed=33|run_id=t5-r01-20260922T102410Z|producer=exec/figures.py
harmful_concept,223,0.1840272693766838,0.15,0.02,True,0.5426008968609866,33,t5-r01-20260922T102410Z,0.35874439461883406,seed=33|run_id=t5-r01-20260922T102410Z|producer=exec/figures.py
harmful_concept,229,0.18969645266287088,0.15,0.02,True,0.5414847161572053,33,t5-r01-20260922T102410Z,0.3624454148471616,seed=33|run_id=t5-r01-20260922T102410Z|producer=exec/figures.py
harmful_concept,235,0.19085034155098277,0.15,0.02,True,0.548936170212766,33,t5-r01-20260922T102410Z,0.3617021276595745,seed=33|run_id=t5-r01-20260922T102410Z|producer=exec/figures.py
harmful_concept,241,0.20027326325902334,0.15,0.02,True,0.5518672199170125,33,t5-r01-20260922T102410Z,0.36929460580912865,seed=33|run_id=t5-r01-20260922T102410Z|producer=exec/figures.py
harmful_concept,247,0.20116732365757364,0.15,0.02,True,0.5587044534412956,33,t5-r01-20260922T102410Z,0.3684210526315789,seed=33|run_id=t5-r01-20260922T102410Z|producer=exec/figures.py
harmful_concept,253,0.20599614396486193,0.15,0.02,True,0.5573122529644269,33,t5-r01-20260922T102410Z,0.3715415019762846,seed=33|run_id=t5-r01-20260922T102410Z|producer=exec/figures.py
harmful_concept,259,0.20676344535738875,0.15,0.02,True,0.555984555984556,33,t5-r01-20260922T102410Z,0.37065637065637064,seed=33|run_id=t5-r01-20260922T102410Z|producer=exec/figures.py
harmful_concept,265,0.20751793950046438,0.15,0.02,True,0.5547169811320755,33,t5-r01-20260922T102410Z,0.36981132075471695,seed=33|run_id=t5-r01-20260922T102410Z|producer=exec/figures.py
harmful_concept,271,0.20456974690767138,0.15,0.02,True,0.5571955719557196,33,t5-r01-20260922T102410Z,0.36531365313653136,seed=33|run_id=t5-r01-20260922T102410Z|producer=exec/figures.py
harmful_concept,277,0.20898915836083584,0.15,0.02,True,0.555956678700361,33,t5-r01-20260922T102410Z,0.36823104693140796,seed=33|run_id=t5-r01-20260922T102410Z|producer=exec/figures.py
harmful_concept,283,0.2132398297830457,0.15,0.02,True,0.558303886925795,33,t5-r01-20260922T102410Z,0.3710247349823322,seed=33|run_id=t5-r01-20260922T102410Z|producer=exec/figures.py
harmful_concept,289,0.21387151017027703,0.15,0.02,True,0.5467128027681661,33,t5-r01-20260922T102410Z,0.370242214532872,seed=33|run_id=t5-r01-20260922T102410Z|producer=exec/figures.py
harmful_concept,295,0.2178841656452341,0.15,0.02,True,0.5457627118644067,33,t5-r01-20260922T102410Z,0.3728813559322034,seed=33|run_id=t5-r01-20260922T102410Z|producer=exec/figures.py
harmful_concept,301,0.21510835463706832,0.15,0.02,True,0.5415282392026578,33,t5-r01-20260922T102410Z,0.3687707641196013,seed=33|run_id=t5-r01-20260922T102410Z|producer=exec/figures.py
harmful_concept,307,0.21571363740134555,0.15,0.02,True,0.5504885993485342,33,t5-r01-20260922T102410Z,0.36807817589576547,seed=33|run_id=t5-r01-20260922T102410Z|producer=exec/figures.py
harmful_concept,313,0.22270004400980042,0.15,0.02,True,0.5431309904153354,33,t5-r01-20260922T102410Z,0.3738019169329074,seed=33|run_id=t5-r01-20260922T102410Z|producer=exec/figures.py
harmful_concept,319,0.2263027310284921,0.15,0.02,True,0.54858934169279,33,t5-r01-20260922T102410Z,0.3761755485893417,seed=33|run_id=t5-r01-20260922T102410Z|producer=exec/figures.py
harmful_concept,325,0.22670873787236617,0.15,0.02,True,0.5538461538461539,33,t5-r01-20260922T102410Z,0.37538461538461537,seed=33|run_id=t5-r01-20260922T102410Z|producer=exec/figures.py
harmful_concept,331,0.2240915582745176,0.15,0.02,True,0.552870090634441,33,t5-r01-20260922T102410Z,0.3716012084592145,seed=33|run_id=t5-r01-20260922T102410Z|producer=exec/figures.py
harmful_concept,337,0.23344914040747006,0.15,0.02,True,0.5489614243323442,33,t5-r01-20260922T102410Z,0.3798219584569733,seed=33|run_id=t5-r01-20260922T102410Z|producer=exec/figures.py
harmful_concept,343,0.2337446042683139,0.15,0.02,True,0.5510204081632653,33,t5-r01-20260922T102410Z,0.37900874635568516,seed=33|run_id=t5-r01-20260922T102410Z|producer=exec/figures.py
harmful_concept,349,0.23977169888493066,0.15,0.02,True,0.5530085959885387,33,t5-r01-20260922T102410Z,0.3839541547277937,seed=33|run_id=t5-r01-20260922T102410Z|producer=exec/figures.py
harmful_concept,355,0.24560573434425687,0.15,0.02,True,0.5492957746478874,33,t5-r01-20260922T102410Z,0.38873239436619716,seed=33|run_id=t5-r01-20260922T102410Z|producer=exec/figures.py
harmful_concept,361,0.24571591677425833,0.15,0.02,True,0.5484764542936288,33,t5-r01-20260922T102410Z,0.3878116343490305,seed=33|run_id=t5-r01-20260922T102410Z|producer=exec/figures.py
harmful_concept,367,0.24310753607310262,0.15,0.02,True,0.5504087193460491,33,t5-r01-20260922T102410Z,0.38419618528610355,seed=33|run_id=t5-r01-20260922T102410Z|producer=exec/figures.py
harmful_concept,373,0.23791155647417464,0.15,0.02,True,0.546916890080429,33,t5-r01-20260922T102410Z,0.3780160857908847,seed=33|run_id=t5-r01-20260922T102410Z|producer=exec/figures.py
harmful_concept,379,0.24080474735986854,0.15,0.02,True,0.5461741424802111,33,t5-r01-20260922T102410Z,0.37994722955145116,seed=33|run_id=t5-r01-20260922T102410Z|producer=exec/figures.py
harmful_concept,385,0.23842169798207652,0.15,0.02,True,0.5454545454545454,33,t5-r01-20260922T102410Z,0.37662337662337664,seed=33|run_id=t5-r01-20260922T102410Z|producer=exec/figures.py
harmful_concept,391,0.24123529121671933,0.15,0.02,True,0.5396419437340153,33,t5-r01-20260922T102410Z,0.37851662404092073,seed=33|run_id=t5-r01-20260922T102410Z|producer=exec/figures.py
harmful_concept,397,0.2439719454695835,0.15,0.02,True,0.5390428211586902,33,t5-r01-20260922T102410Z,0.380352644836272,seed=33|run_id=t5-r01-20260922T102410Z|producer=exec/figures.py
harmful_concept,403,0.2441535347501574,0.15,0.02,True,0.5310173697270472,33,t5-r01-20260922T102410Z,0.37965260545905705,seed=33|run_id=t5-r01-20260922T102410Z|producer=exec/figures.py
harmful_concept,409,0.2443373304736463,0.15,0.02,True,0.5281173594132029,33,t5-r01-20260922T102410Z,0.37897310513447435,seed=33|run_id=t5-r01-20260922T102410Z|producer=exec/figures.py
harmful_concept,415,0.24693271941686354,0.15,0.02,True,0.5277108433734939,33,t5-r01-20260922T102410Z,0.38072289156626504,seed=33|run_id=t5-r01-20260922T102410Z|producer=exec/figures.py
harmful_concept,421,0.24708585079914863,0.15,0.02,True,0.5296912114014252,33,t5-r01-20260922T102410Z,0.38004750593824227,seed=33|run_id=t5-r01-20260922T102410Z|producer=exec/figures.py
harmful_concept,427,0.24958337636683245,0.15,0.02,True,0.531615925058548,33,t5-r01-20260922T102410Z,0.38173302107728335,seed=33|run_id=t5-r01-20260922T102410Z|producer=exec/figures.py
harmful_concept,433,0.24970876637567624,0.15,0.02,True,0.5334872979214781,33,t5-r01-20260922T102410Z,0.3810623556581986,seed=33|run_id=t5-r01-20260922T102410Z|producer=exec/figures.py
harmful_concept,439,0.2521149641404657,0.15,0.02,True,0.5375854214123007,33,t5-r01-20260922T102410Z,0.3826879271070615,seed=33|run_id=t5-r01-20260922T102410Z|producer=exec/figures.py
harmful_concept,445,0.2522152078702096,0.15,0.02,True,0.5393258426966292,33,t5-r01-20260922T102410Z,0.38202247191011235,seed=33|run_id=t5-r01-20260922T102410Z|producer=exec/figures.py
harmful_concept,451,0.25231870930906675,0.15,0.02,True,0.5365853658536586,33,t5-r01-20260922T102410Z,0.38137472283813745,seed=33|run_id=t5-r01-20260922T102410Z|producer=exec/figures.py
harmful_concept,457,0.2546134124078737,0.15,0.02,True,0.5361050328227571,33,t5-r01-20260922T102410Z,0.38293216630196936,seed=33|run_id=t5-r01-20260922T102410Z|producer=exec/figures.py
harmful_concept,463,0.2568541962559843,0.15,0.02,True,0.5377969762419006,33,t5-r01-20260922T102410Z,0.38444924406047515,seed=33|run_id=t5-r01-20260922T102410Z|producer=exec/figures.py
harmful_concept,469,0.2590430283304284,0.15,0.02,True,0.5415778251599147,33,t5-r01-20260922T102410Z,0.3859275053304904,seed=33|run_id=t5-r01-20260922T102410Z|producer=exec/figures.py
harmful_concept,475,0.2611817798231706,0.15,0.02,True,0.5389473684210526,33,t5-r01-20260922T102410Z,0.3873684210526316,seed=33|run_id=t5-r01-20260922T102410Z|producer=exec/figures.py
harmful_concept,481,0.263272231513083,0.15,0.02,True,0.5426195426195426,33,t5-r01-20260922T102410Z,0.3887733887733888,seed=33|run_id=t5-r01-20260922T102410Z|producer=exec/figures.py
harmful_concept,487,0.2612093030304071,0.15,0.02,True,0.5441478439425051,33,t5-r01-20260922T102410Z,0.3860369609856263,seed=33|run_id=t5-r01-20260922T102410Z|producer=exec/figures.py
harmful_concept,493,0.26528654124855205,0.15,0.02,True,0.5456389452332657,33,t5-r01-20260922T102410Z,0.3894523326572008,seed=33|run_id=t5-r01-20260922T102410Z|producer=exec/figures.py
harmful_concept,499,0.26526233497043283,0.15,0.02,True,0.5450901803607214,33,t5-r01-20260922T102410Z,0.38877755511022044,seed=33|run_id=t5-r01-20260922T102410Z|producer=exec/figures.py
harmful_concept,505,0.2652431915438621,0.15,0.02,True,0.5445544554455446,33,t5-r01-20260922T102410Z,0.38811881188118813,seed=33|run_id=t5-r01-20260922T102410Z|producer=exec/figures.py
harmful_concept,511,0.26522885700833154,0.15,0.02,True,0.5401174168297456,33,t5-r01-20260922T102410Z,0.38747553816046965,seed=33|run_id=t5-r01-20260922T102410Z|producer=exec/figures.py
harmful_concept,517,0.2632848553467052,0.15,0.02,True,0.5377176015473888,33,t5-r01-20260922T102410Z,0.3849129593810445,seed=33|run_id=t5-r01-20260922T102410Z|producer=exec/figures.py
harmful_concept,523,0.2652136674870159,0.15,0.02,True,0.5391969407265774,33,t5-r01-20260922T102410Z,0.3862332695984704,seed=33|run_id=t5-r01-20260922T102410Z|producer=exec/figures.py
harmful_concept,529,0.26710272988489103,0.15,0.02,True,0.5368620037807184,33,t5-r01-20260922T102410Z,0.387523629489603,seed=33|run_id=t5-r01-20260922T102410Z|producer=exec/figures.py
harmful_concept,535,0.2689533154482493,0.15,0.02,True,0.5327102803738317,33,t5-r01-20260922T102410Z,0.38878504672897196,seed=33|run_id=t5-r01-20260922T102410Z|producer=exec/figures.py
harmful_concept,541,0.26522135584585255,0.15,0.02,True,0.5286506469500925,33,t5-r01-20260922T102410Z,0.3844731977818854,seed=33|run_id=t5-r01-20260922T102410Z|producer=exec/figures.py
harmful_concept,547,0.26523126271664516,0.15,0.02,True,0.5301645338208409,33,t5-r01-20260922T102410Z,0.38391224862888484,seed=33|run_id=t5-r01-20260922T102410Z|producer=exec/figures.py
harmful_concept,553,0.26524454533151975,0.15,0.02,True,0.5298372513562387,33,t5-r01-20260922T102410Z,0.3833634719710669,seed=33|run_id=t5-r01-20260922T102410Z|producer=exec/figures.py
harmful_concept,559,0.2634721308772734,0.15,0.02,True,0.5295169946332737,33,t5-r01-20260922T102410Z,0.3810375670840787,seed=33|run_id=t5-r01-20260922T102410Z|producer=exec/figures.py
harmful_concept,565,0.2617407669906689,0.15,0.02,True,0.5327433628318584,33,t5-r01-20260922T102410Z,0.3787610619469027,seed=33|run_id=t5-r01-20260922T102410Z|producer=exec/figures.py
harmful_concept,571,0.2600491081983084,0.15,0.02,True,0.5359019264448336,33,t5-r01-20260922T102410Z,0.37653239929947463,seed=33|run_id=t5-r01-20260922T102410Z|producer=exec/figures.py
harmful_concept,577,0.26186207079589474,0.15,0.02,True,0.5355285961871751,33,t5-r01-20260922T102410Z,0.3778162911611785,seed=33|run_id=t5-r01-20260922T102410Z|producer=exec/figures.py
harmful_concept,583,0.2602103390579078,0.15,0.02,True,0.5368782161234992,33,t5-r01-20260922T102410Z,0.37564322469982847,seed=33|run_id=t5-r01-20260922T102410Z|producer=exec/figures.py
harmful_concept,589,0.2602931274365266,0.15,0.02,True,0.534804753820034,33,t5-r01-20260922T102410Z,0.37521222410865873,seed=33|run_id=t5-r01-20260922T102410Z|producer=exec/figures.py
harmful_concept,595,0.2570159016882585,0.15,0.02,True,0.5327731092436975,33,t5-r01-20260922T102410Z,0.37142857142857144,seed=33|run_id=t5-r01-20260922T102410Z|producer=exec/figures.py
harmful_concept,601,0.2587987190363844,0.15,0.02,True,0.5324459234608985,33,t5-r01-20260922T102410Z,0.37271214642262895,seed=33|run_id=t5-r01-20260922T102410Z|producer=exec/figures.py
harmful_concept,607,0.2621965942892164,0.15,0.02,True,0.5304777594728172,33,t5-r01-20260922T102410Z,0.3756177924217463,seed=33|run_id=t5-r01-20260922T102410Z|producer=exec/figures.py
harmful_concept,613,0.2622680989448361,0.15,0.02,True,0.5285481239804242,33,t5-r01-20260922T102410Z,0.37520391517128876,seed=33|run_id=t5-r01-20260922T102410Z|producer=exec/figures.py
harmful_concept,619,0.26557195776457204,0.15,0.02,True,0.5331179321486268,33,t5-r01-20260922T102410Z,0.3780290791599354,seed=33|run_id=t5-r01-20260922T102410Z|producer=exec/figures.py
harmful_concept,625,0.2688150413852375,0.15,0.02,True,0.536,33,t5-r01-20260922T102410Z,0.3808,seed=33|run_id=t5-r01-20260922T102410Z|producer=exec/figures.py
harmful_concept,631,0.2656599029357825,0.15,0.02,True,0.5356576862123613,33,t5-r01-20260922T102410Z,0.37717908082408874,seed=33|run_id=t5-r01-20260922T102410Z|producer=exec/figures.py
harmful_concept,637,0.2688461744382218,0.15,0.02,True,0.5368916797488226,33,t5-r01-20260922T102410Z,0.37990580847723704,seed=33|run_id=t5-r01-20260922T102410Z|producer=exec/figures.py
harmful_concept,643,0.2673098321515013,0.15,0.02,True,0.5381026438569206,33,t5-r01-20260922T102410Z,0.37791601866251945,seed=33|run_id=t5-r01-20260922T102410Z|producer=exec/figures.py
harmful_concept,649,0.2704268169975323,0.15,0.02,True,0.5423728813559322,33,t5-r01-20260922T102410Z,0.38058551617873654,seed=33|run_id=t5-r01-20260922T102410Z|producer=exec/figures.py
harmful_concept,655,0.2704356315755198,0.15,0.02,True,0.5419847328244275,33,t5-r01-20260922T102410Z,0.3801526717557252,seed=33|run_id=t5-r01-20260922T102410Z|producer=exec/figures.py
harmful_concept,661,0.2719594629071857,0.15,0.02,True,0.5416036308623298,33,t5-r01-20260922T102410Z,0.3812405446293495,seed=33|run_id=t5-r01-20260922T102410Z|producer=exec/figures.py
harmful_concept,667,0.2749573960092445,0.15,0.02,True,0.5427286356821589,33,t5-r01-20260922T102410Z,0.383808095952024,seed=33|run_id=t5-r01-20260922T102410Z|producer=exec/figures.py
harmful_concept,673,0.27196055512110506,0.15,0.02,True,0.5408618127786032,33,t5-r01-20260922T102410Z,0.3803863298662704,seed=33|run_id=t5-r01-20260922T102410Z|producer=exec/figures.py
harmful_concept,679,0.2719643552659318,0.15,0.02,True,0.540500736377025,33,t5-r01-20260922T102410Z,0.3799705449189985,seed=33|run_id=t5-r01-20260922T102410Z|producer=exec/figures.py
harmful_concept,685,0.2705103581099888,0.15,0.02,True,0.5386861313868613,33,t5-r01-20260922T102410Z,0.3781021897810219,seed=33|run_id=t5-r01-20260922T102410Z|producer=exec/figures.py
harmful_concept,691,0.26763651159848323,0.15,0.02,True,0.5397973950795948,33,t5-r01-20260922T102410Z,0.3748191027496382,seed=33|run_id=t5-r01-20260922T102410Z|producer=exec/figures.py
harmful_concept,697,0.2691183384774682,0.15,0.02,True,0.5408895265423243,33,t5-r01-20260922T102410Z,0.37589670014347204,seed=33|run_id=t5-r01-20260922T102410Z|producer=exec/figures.py
harmful_concept,703,0.2705768633842564,0.15,0.02,True,0.5405405405405406,33,t5-r01-20260922T102410Z,0.37695590327169276,seed=33|run_id=t5-r01-20260922T102410Z|producer=exec/figures.py
harmful_concept,709,0.2677813419479559,0.15,0.02,True,0.5416078984485191,33,t5-r01-20260922T102410Z,0.37376586741889983,seed=33|run_id=t5-r01-20260922T102410Z|producer=exec/figures.py
harmful_concept,715,0.2664332510827209,0.15,0.02,True,0.5426573426573427,33,t5-r01-20260922T102410Z,0.37202797202797205,seed=33|run_id=t5-r01-20260922T102410Z|producer=exec/figures.py
harmful_concept,721,0.267883394884103,0.15,0.02,True,0.5450762829403606,33,t5-r01-20260922T102410Z,0.37309292649098474,seed=33|run_id=t5-r01-20260922T102410Z|producer=exec/figures.py
harmful_concept,727,0.26931143719404965,0.15,0.02,True,0.5447042640990372,33,t5-r01-20260922T102410Z,0.3741403026134801,seed=33|run_id=t5-r01-20260922T102410Z|producer=exec/figures.py
harmful_concept,733,0.2679893861822977,0.15,0.02,True,0.5429740791268759,33,t5-r01-20260922T102410Z,0.37244201909959074,seed=33|run_id=t5-r01-20260922T102410Z|producer=exec/figures.py
harmful_concept,739,0.26669056547094966,0.15,0.02,True,0.543978349120433,33,t5-r01-20260922T102410Z,0.37077131258457374,seed=33|run_id=t5-r01-20260922T102410Z|producer=exec/figures.py
harmful_concept,745,0.2707835208829994,0.15,0.02,True,0.5463087248322148,33,t5-r01-20260922T102410Z,0.374496644295302,seed=33|run_id=t5-r01-20260922T102410Z|producer=exec/figures.py
harmful_concept,751,0.2694865388517977,0.15,0.02,True,0.5446071904127829,33,t5-r01-20260922T102410Z,0.37283621837549935,seed=33|run_id=t5-r01-20260922T102410Z|producer=exec/figures.py
harmful_concept,757,0.2695327821852842,0.15,0.02,True,0.5468956406869221,33,t5-r01-20260922T102410Z,0.3725231175693527,seed=33|run_id=t5-r01-20260922T102410Z|producer=exec/figures.py
harmful_concept,763,0.2682693119544324,0.15,0.02,True,0.546526867627785,33,t5-r01-20260922T102410Z,0.3709043250327654,seed=33|run_id=t5-r01-20260922T102410Z|producer=exec/figures.py
harmful_concept,769,0.2683275465888332,0.15,0.02,True,0.5448634590377113,33,t5-r01-20260922T102410Z,0.3706111833550065,seed=33|run_id=t5-r01-20260922T102410Z|producer=exec/figures.py
harmful_concept,775,0.26967677061462914,0.15,0.02,True,0.5432258064516129,33,t5-r01-20260922T102410Z,0.3716129032258065,seed=33|run_id=t5-r01-20260922T102410Z|producer=exec/figures.py
harmful_concept,781,0.2697263933101003,0.15,0.02,True,0.5403329065300896,33,t5-r01-20260922T102410Z,0.3713188220230474,seed=33|run_id=t5-r01-20260922T102410Z|producer=exec/figures.py
harmful_concept,787,0.2697767698626987,0.15,0.02,True,0.5412960609911055,33,t5-r01-20260922T102410Z,0.3710292249047014,seed=33|run_id=t5-r01-20260922T102410Z|producer=exec/figures.py
harmful_concept,793,0.269827866710922,0.15,0.02,True,0.5422446406052963,33,t5-r01-20260922T102410Z,0.3707440100882724,seed=33|run_id=t5-r01-20260922T102410Z|producer=exec/figures.py
harmful_concept,799,0.27238278051311404,0.15,0.02,True,0.5444305381727159,33,t5-r01-20260922T102410Z,0.37296620775969963,seed=33|run_id=t5-r01-20260922T102410Z|producer=exec/figures.py
harmful_concept,805,0.2711743295601603,0.15,0.02,True,0.5428571428571428,33,t5-r01-20260922T102410Z,0.37142857142857144,seed=33|run_id=t5-r01-20260922T102410Z|producer=exec/figures.py
harmful_concept,811,0.2724512539543327,0.15,0.02,True,0.5437731196054254,33,t5-r01-20260922T102410Z,0.3723797780517879,seed=33|run_id=t5-r01-20260922T102410Z|producer=exec/figures.py
harmful_concept,817,0.2712628206764545,0.15,0.02,True,0.5422276621787026,33,t5-r01-20260922T102410Z,0.3708690330477356,seed=33|run_id=t5-r01-20260922T102410Z|producer=exec/figures.py
harmful_concept,823,0.27130813608656457,0.15,0.02,True,0.5407047387606319,33,t5-r01-20260922T102410Z,0.370595382746051,seed=33|run_id=t5-r01-20260922T102410Z|producer=exec/figures.py
harmful_concept,829,0.27014785257434804,0.15,0.02,True,0.5416164053075995,33,t5-r01-20260922T102410Z,0.3691194209891435,seed=33|run_id=t5-r01-20260922T102410Z|producer=exec/figures.py
harmful_concept,835,0.27499357408472697,0.15,0.02,True,0.5437125748502994,33,t5-r01-20260922T102410Z,0.37365269461077844,seed=33|run_id=t5-r01-20260922T102410Z|producer=exec/figures.py
harmful_concept,841,0.275015194344099,0.15,0.02,True,0.5410225921521997,33,t5-r01-20260922T102410Z,0.3733650416171225,seed=33|run_id=t5-r01-20260922T102410Z|producer=exec/figures.py
harmful_concept,847,0.2762184072518841,0.15,0.02,True,0.5419126328217237,33,t5-r01-20260922T102410Z,0.3742621015348288,seed=33|run_id=t5-r01-20260922T102410Z|producer=exec/figures.py
harmful_concept,853,0.27740593312911516,0.15,0.02,True,0.5427901524032825,33,t5-r01-20260922T102410Z,0.37514654161781946,seed=33|run_id=t5-r01-20260922T102410Z|producer=exec/figures.py
harmful_concept,859,0.27857808822104346,0.15,0.02,True,0.5448195576251456,33,t5-r01-20260922T102410Z,0.3760186263096624,seed=33|run_id=t5-r01-20260922T102410Z|producer=exec/figures.py
harmful_concept,865,0.27857911084488773,0.15,0.02,True,0.5445086705202312,33,t5-r01-20260922T102410Z,0.37572254335260113,seed=33|run_id=t5-r01-20260922T102410Z|producer=exec/figures.py
harmful_concept,871,0.2785812972491998,0.15,0.02,True,0.5430539609644087,33,t5-r01-20260922T102410Z,0.37543053960964407,seed=33|run_id=t5-r01-20260922T102410Z|producer=exec/figures.py
harmful_concept,877,0.2785846119420955,0.15,0.02,True,0.5427594070695553,33,t5-r01-20260922T102410Z,0.3751425313568985,seed=33|run_id=t5-r01-20260922T102410Z|producer=exec/figures.py
harmful_concept,883,0.27858902058835455,0.15,0.02,True,0.5424688561721405,33,t5-r01-20260922T102410Z,0.37485843714609285,seed=33|run_id=t5-r01-20260922T102410Z|producer=exec/figures.py
harmful_concept,889,0.2774696305733673,0.15,0.02,True,0.5399325084364455,33,t5-r01-20260922T102410Z,0.3734533183352081,seed=33|run_id=t5-r01-20260922T102410Z|producer=exec/figures.py
harmful_concept,895,0.2774836694886631,0.15,0.02,True,0.5407821229050279,33,t5-r01-20260922T102410Z,0.37318435754189944,seed=33|run_id=t5-r01-20260922T102410Z|producer=exec/figures.py
harmful_concept,901,0.2763887275182548,0.15,0.02,True,0.5405105438401776,33,t5-r01-20260922T102410Z,0.37180910099889014,seed=33|run_id=t5-r01-20260922T102410Z|producer=exec/figures.py
harmful_concept,907,0.2764118744382144,0.15,0.02,True,0.5413450937155457,33,t5-r01-20260922T102410Z,0.3715545755237045,seed=33|run_id=t5-r01-20260922T102410Z|producer=exec/figures.py
harmful_concept,913,0.27534047627465164,0.15,0.02,True,0.5410733844468785,33,t5-r01-20260922T102410Z,0.3702081051478642,seed=33|run_id=t5-r01-20260922T102410Z|producer=exec/figures.py
harmful_concept,919,0.2753722400361362,0.15,0.02,True,0.5408052230685527,33,t5-r01-20260922T102410Z,0.36996735582154516,seed=33|run_id=t5-r01-20260922T102410Z|producer=exec/figures.py
harmful_concept,925,0.2754046080566407,0.15,0.02,True,0.5416216216216216,33,t5-r01-20260922T102410Z,0.36972972972972973,seed=33|run_id=t5-r01-20260922T102410Z|producer=exec/figures.py
harmful_concept,931,0.2743634453607705,0.15,0.02,True,0.5435016111707841,33,t5-r01-20260922T102410Z,0.3684210526315789,seed=33|run_id=t5-r01-20260922T102410Z|producer=exec/figures.py
harmful_concept,937,0.27440383722637146,0.15,0.02,True,0.5432230522945571,33,t5-r01-20260922T102410Z,0.368196371398079,seed=33|run_id=t5-r01-20260922T102410Z|producer=exec/figures.py
harmful_concept,943,0.2765655752814261,0.15,0.02,True,0.542948038176034,33,t5-r01-20260922T102410Z,0.37009544008483564,seed=33|run_id=t5-r01-20260922T102410Z|producer=exec/figures.py
harmful_concept,949,0.2765934512938879,0.15,0.02,True,0.5437302423603794,33,t5-r01-20260922T102410Z,0.3698630136986301,seed=33|run_id=t5-r01-20260922T102410Z|producer=exec/figures.py
harmful_concept,955,0.27871615768784785,0.15,0.02,True,0.543455497382199,33,t5-r01-20260922T102410Z,0.3717277486910995,seed=33|run_id=t5-r01-20260922T102410Z|producer=exec/figures.py
harmful_concept,961,0.2787321179051724,0.15,0.02,True,0.5452653485952134,33,t5-r01-20260922T102410Z,0.37148803329864727,seed=33|run_id=t5-r01-20260922T102410Z|producer=exec/figures.py
harmful_concept,967,0.2797829177051536,0.15,0.02,True,0.5449844881075491,33,t5-r01-20260922T102410Z,0.37228541882109617,seed=33|run_id=t5-r01-20260922T102410Z|producer=exec/figures.py
harmful_concept,973,0.27876615730001475,0.15,0.02,True,0.5457348406988695,33,t5-r01-20260922T102410Z,0.3710174717368962,seed=33|run_id=t5-r01-20260922T102410Z|producer=exec/figures.py
harmful_concept,979,0.27878419452534225,0.15,0.02,True,0.5454545454545454,33,t5-r01-20260922T102410Z,0.3707865168539326,seed=33|run_id=t5-r01-20260922T102410Z|producer=exec/figures.py
harmful_concept,985,0.27778765475765926,0.15,0.02,True,0.5451776649746193,33,t5-r01-20260922T102410Z,0.3695431472081218,seed=33|run_id=t5-r01-20260922T102410Z|producer=exec/figures.py
harmful_concept,991,0.2778131221065042,0.15,0.02,True,0.5459132189707366,33,t5-r01-20260922T102410Z,0.3693239152371342,seed=33|run_id=t5-r01-20260922T102410Z|producer=exec/figures.py
harmful_concept,997,0.27583311056353,0.15,0.02,True,0.5446339017051154,33,t5-r01-20260922T102410Z,0.36710130391173523,seed=33|run_id=t5-r01-20260922T102410Z|producer=exec/figures.py
harmful_concept,1003,0.2768686483507018,0.15,0.02,True,0.5423728813559322,33,t5-r01-20260922T102410Z,0.3678963110667996,seed=33|run_id=t5-r01-20260922T102410Z|producer=exec/figures.py
harmful_concept,1009,0.27987485232154274,0.15,0.02,True,0.5411298315163529,33,t5-r01-20260922T102410Z,0.37066402378592667,seed=33|run_id=t5-r01-20260922T102410Z|producer=exec/figures.py
harmful_concept,1015,0.280875881004364,0.15,0.02,True,0.541871921182266,33,t5-r01-20260922T102410Z,0.37142857142857144,seed=33|run_id=t5-r01-20260922T102410Z|producer=exec/figures.py
harmful_concept,1021,0.28088651026106815,0.15,0.02,True,0.5416258570029383,33,t5-r01-20260922T102410Z,0.3712047012732615,seed=33|run_id=t5-r01-20260922T102410Z|producer=exec/figures.py
harmful_concept,1027,0.2808978017174605,0.15,0.02,True,0.5423563777994158,33,t5-r01-20260922T102410Z,0.37098344693281404,seed=33|run_id=t5-r01-20260922T102410Z|producer=exec/figures.py
harmful_concept,1033,0.27994168303921535,0.15,0.02,True,0.5430784123910939,33,t5-r01-20260922T102410Z,0.3697967086156825,seed=33|run_id=t5-r01-20260922T102410Z|producer=exec/figures.py
harmful_concept,1039,0.27995983533981317,0.15,0.02,True,0.5428296438883542,33,t5-r01-20260922T102410Z,0.3695861405197305,seed=33|run_id=t5-r01-20260922T102410Z|producer=exec/figures.py
harmful_concept,1045,0.2809354705916963,0.15,0.02,True,0.5444976076555024,33,t5-r01-20260922T102410Z,0.3703349282296651,seed=33|run_id=t5-r01-20260922T102410Z|producer=exec/figures.py
harmful_concept,1051,0.2809492346447011,0.15,0.02,True,0.5432921027592769,33,t5-r01-20260922T102410Z,0.37012369172216936,seed=33|run_id=t5-r01-20260922T102410Z|producer=exec/figures.py
harmful_concept,1057,0.28096357523160775,0.15,0.02,True,0.543046357615894,33,t5-r01-20260922T102410Z,0.36991485335856195,seed=33|run_id=t5-r01-20260922T102410Z|producer=exec/figures.py
harmful_concept,1063,0.2828599441710987,0.15,0.02,True,0.5428033866415805,33,t5-r01-20260922T102410Z,0.3715898400752587,seed=33|run_id=t5-r01-20260922T102410Z|producer=exec/figures.py
harmful_concept,1069,0.28286483092781556,0.15,0.02,True,0.5416276894293732,33,t5-r01-20260922T102410Z,0.3713751169317119,seed=33|run_id=t5-r01-20260922T102410Z|producer=exec/figures.py
harmful_concept,1075,0.28380059876951397,0.15,0.02,True,0.5423255813953488,33,t5-r01-20260922T102410Z,0.37209302325581395,seed=33|run_id=t5-r01-20260922T102410Z|producer=exec/figures.py
harmful_concept,1081,0.28380160297637774,0.15,0.02,True,0.5411655874190564,33,t5-r01-20260922T102410Z,0.37187789084181316,seed=33|run_id=t5-r01-20260922T102410Z|producer=exec/figures.py
harmful_concept,1087,0.28472324349789946,0.15,0.02,True,0.5409383624655014,33,t5-r01-20260922T102410Z,0.37258509659613614,seed=33|run_id=t5-r01-20260922T102410Z|producer=exec/figures.py
harmful_concept,1093,0.2874652665616292,0.15,0.02,True,0.5397987191216834,33,t5-r01-20260922T102410Z,0.37511436413540716,seed=33|run_id=t5-r01-20260922T102410Z|producer=exec/figures.py
harmful_concept,1099,0.28562842491897694,0.15,0.02,True,0.5368516833484986,33,t5-r01-20260922T102410Z,0.37306642402183804,seed=33|run_id=t5-r01-20260922T102410Z|producer=exec/figures.py
harmful_concept,1105,0.2856221428251229,0.15,0.02,True,0.539366515837104,33,t5-r01-20260922T102410Z,0.3728506787330317,seed=33|run_id=t5-r01-20260922T102410Z|producer=exec/figures.py
harmful_concept,1111,0.2856165771132191,0.15,0.02,True,0.5391539153915391,33,t5-r01-20260922T102410Z,0.3726372637263726,seed=33|run_id=t5-r01-20260922T102410Z|producer=exec/figures.py
harmful_concept,1117,0.28740222151063577,0.15,0.02,True,0.5389435989256938,33,t5-r01-20260922T102410Z,0.37421665174574753,seed=33|run_id=t5-r01-20260922T102410Z|producer=exec/figures.py
harmful_concept,1123,0.28649800093263345,0.15,0.02,True,0.5378450578806767,33,t5-r01-20260922T102410Z,0.37310774710596617,seed=33|run_id=t5-r01-20260922T102410Z|producer=exec/figures.py
harmful_concept,1129,0.287375493858816,0.15,0.02,True,0.5385296722763507,33,t5-r01-20260922T102410Z,0.37378210806023027,seed=33|run_id=t5-r01-20260922T102410Z|producer=exec/figures.py
harmful_concept,1135,0.28648221021132825,0.15,0.02,True,0.5383259911894274,33,t5-r01-20260922T102410Z,0.3726872246696035,seed=33|run_id=t5-r01-20260922T102410Z|producer=exec/figures.py
harmful_concept,1141,0.28910462558398703,0.15,0.02,True,0.5398773006134969,33,t5-r01-20260922T102410Z,0.37510955302366344,seed=33|run_id=t5-r01-20260922T102410Z|producer=exec/figures.py
harmful_concept,1147,0.2890846860623295,0.15,0.02,True,0.5396687009590235,33,t5-r01-20260922T102410Z,0.3748910200523104,seed=33|run_id=t5-r01-20260922T102410Z|producer=exec/figures.py
harmful_concept,1153,0.29080015157489003,0.15,0.02,True,0.5403295750216826,33,t5-r01-20260922T102410Z,0.3764093668690373,seed=33|run_id=t5-r01-20260922T102410Z|producer=exec/figures.py
harmful_concept,1159,0.29077281468829275,0.15,0.02,True,0.540120793787748,33,t5-r01-20260922T102410Z,0.37618636755823986,seed=33|run_id=t5-r01-20260922T102410Z|producer=exec/figures.py
harmful_concept,1165,0.2898879675769406,0.15,0.02,True,0.5416309012875536,33,t5-r01-20260922T102410Z,0.37510729613733906,seed=33|run_id=t5-r01-20260922T102410Z|producer=exec/figures.py
harmful_concept,1171,0.2915746710329408,0.15,0.02,True,0.5414175918018788,33,t5-r01-20260922T102410Z,0.376601195559351,seed=33|run_id=t5-r01-20260922T102410Z|producer=exec/figures.py
harmful_concept,1177,0.29069588780540107,0.15,0.02,True,0.5412064570943076,33,t5-r01-20260922T102410Z,0.37553101104502973,seed=33|run_id=t5-r01-20260922T102410Z|producer=exec/figures.py
harmful_concept,1183,0.28982657468850875,0.15,0.02,True,0.5401521555367709,33,t5-r01-20260922T102410Z,0.37447168216398985,seed=33|run_id=t5-r01-20260922T102410Z|producer=exec/figures.py
harmful_concept,1189,0.28980762716205244,0.15,0.02,True,0.5391084945332212,33,t5-r01-20260922T102410Z,0.3742640874684609,seed=33|run_id=t5-r01-20260922T102410Z|producer=exec/figures.py
harmful_concept,1195,0.2897894123105747,0.15,0.02,True,0.5380753138075314,33,t5-r01-20260922T102410Z,0.37405857740585774,seed=33|run_id=t5-r01-20260922T102410Z|producer=exec/figures.py
harmful_concept,1201,0.2906045547108305,0.15,0.02,True,0.5387177352206495,33,t5-r01-20260922T102410Z,0.37468776019983346,seed=33|run_id=t5-r01-20260922T102410Z|producer=exec/figures.py
harmful_concept,1207,0.28975512141458365,0.15,0.02,True,0.5393537696768849,33,t5-r01-20260922T102410Z,0.3736536868268434,seed=33|run_id=t5-r01-20260922T102410Z|producer=exec/figures.py
harmful_concept,1213,0.289739016610415,0.15,0.02,True,0.5375103050288541,33,t5-r01-20260922T102410Z,0.3734542456718879,seed=33|run_id=t5-r01-20260922T102410Z|producer=exec/figures.py
harmful_concept,1219,0.2897235869436087,0.15,0.02,True,0.5381460213289582,33,t5-r01-20260922T102410Z,0.37325676784249384,seed=33|run_id=t5-r01-20260922T102410Z|producer=exec/figures.py
harmful_concept,1225,0.2905251453735931,0.15,0.02,True,0.5371428571428571,33,t5-r01-20260922T102410Z,0.37387755102040815,seed=33|run_id=t5-r01-20260922T102410Z|producer=exec/figures.py
harmful_concept,1231,0.2921317420997423,0.15,0.02,True,0.537774167343623,33,t5-r01-20260922T102410Z,0.3753046303818034,seed=33|run_id=t5-r01-20260922T102410Z|producer=exec/figures.py
harmful_concept,1237,0.2921064368992161,0.15,0.02,True,0.5375909458367018,33,t5-r01-20260922T102410Z,0.37510105092966856,seed=33|run_id=t5-r01-20260922T102410Z|producer=exec/figures.py
harmful_concept,1243,0.29369087894336554,0.15,0.02,True,0.5374094931617055,33,t5-r01-20260922T102410Z,0.37650844730490746,seed=33|run_id=t5-r01-20260922T102410Z|producer=exec/figures.py
harmful_concept,1249,0.29205802282440857,0.15,0.02,True,0.5380304243394716,33,t5-r01-20260922T102410Z,0.37469975980784626,seed=33|run_id=t5-r01-20260922T102410Z|producer=exec/figures.py
harmful_concept,1255,0.2936285116921127,0.15,0.02,True,0.5378486055776892,33,t5-r01-20260922T102410Z,0.37609561752988047,seed=33|run_id=t5-r01-20260922T102410Z|producer=exec/figures.py
harmful_concept,1261,0.29359848799325033,0.15,0.02,True,0.5368754956383822,33,t5-r01-20260922T102410Z,0.3758921490880254,seed=33|run_id=t5-r01-20260922T102410Z|producer=exec/figures.py
harmful_concept,1267,0.29435848456890545,0.15,0.02,True,0.5359116022099447,33,t5-r01-20260922T102410Z,0.3764798737174428,seed=33|run_id=t5-r01-20260922T102410Z|producer=exec/figures.py
harmful_concept,1273,0.29432623556365245,0.15,0.02,True,0.5365278868813825,33,t5-r01-20260922T102410Z,0.3762765121759623,seed=33|run_id=t5-r01-20260922T102410Z|producer=exec/figures.py
harmful_concept,1279,0.2942947483255765,0.15,0.02,True,0.5363565285379203,33,t5-r01-20260922T102410Z,0.37607505863956214,seed=33|run_id=t5-r01-20260922T102410Z|producer=exec/figures.py
harmful_concept,1285,0.2942640090896518,0.15,0.02,True,0.5361867704280155,33,t5-r01-20260922T102410Z,0.37587548638132295,seed=33|run_id=t5-r01-20260922T102410Z|producer=exec/figures.py
harmful_concept,1291,0.2942340043818125,0.15,0.02,True,0.5367931835786213,33,t5-r01-20260922T102410Z,0.3756777691711851,seed=33|run_id=t5-r01-20260922T102410Z|producer=exec/figures.py
harmful_concept,1297,0.29420472101166595,0.15,0.02,True,0.5366229760986893,33,t5-r01-20260922T102410Z,0.3754818812644564,seed=33|run_id=t5-r01-20260922T102410Z|producer=exec/figures.py
harmful_concept,1303,0.2926412266486871,0.15,0.02,True,0.5364543361473523,33,t5-r01-20260922T102410Z,0.3737528779739064,seed=33|run_id=t5-r01-20260922T102410Z|producer=exec/figures.py
harmful_concept,1309,0.29338432495859046,0.15,0.02,True,0.5355233002291826,33,t5-r01-20260922T102410Z,0.37433155080213903,seed=33|run_id=t5-r01-20260922T102410Z|producer=exec/figures.py
harmful_concept,1315,0.29488152740518087,0.15,0.02,True,0.535361216730038,33,t5-r01-20260922T102410Z,0.37566539923954373,seed=33|run_id=t5-r01-20260922T102410Z|producer=exec/figures.py
harmful_concept,1321,0.29485154890924176,0.15,0.02,True,0.5336866010598031,33,t5-r01-20260922T102410Z,0.37547312641937924,seed=33|run_id=t5-r01-20260922T102410Z|producer=exec/figures.py
harmful_concept,1327,0.2955758405505992,0.15,0.02,True,0.5342878673700076,33,t5-r01-20260922T102410Z,0.3760361718161266,seed=33|run_id=t5-r01-20260922T102410Z|producer=exec/figures.py
harmful_concept,1333,0.29554383931650086,0.15,0.02,True,0.5348837209302325,33,t5-r01-20260922T102410Z,0.3758439609902476,seed=33|run_id=t5-r01-20260922T102410Z|producer=exec/figures.py
harmful_concept,1339,0.29551253525781546,0.15,0.02,True,0.5369678864824496,33,t5-r01-20260922T102410Z,0.37565347274085137,seed=33|run_id=t5-r01-20260922T102410Z|producer=exec/figures.py
harmful_concept,1345,0.2947384219778641,0.15,0.02,True,0.5360594795539033,33,t5-r01-20260922T102410Z,0.3747211895910781,seed=33|run_id=t5-r01-20260922T102410Z|producer=exec/figures.py
harmful_concept,1351,0.2961921634664867,0.15,0.02,True,0.535899333826795,33,t5-r01-20260922T102410Z,0.3760177646188009,seed=33|run_id=t5-r01-20260922T102410Z|producer=exec/figures.py
harmful_concept,1357,0.2976334466334357,0.15,0.02,True,0.5342667649226235,33,t5-r01-20260922T102410Z,0.37730287398673545,seed=33|run_id=t5-r01-20260922T102410Z|producer=exec/figures.py
harmful_concept,1363,0.2975950820507268,0.15,0.02,True,0.5341159207630227,33,t5-r01-20260922T102410Z,0.37710931768158473,seed=33|run_id=t5-r01-20260922T102410Z|producer=exec/figures.py
harmful_concept,1369,0.29682698225034887,0.15,0.02,True,0.5339663988312637,33,t5-r01-20260922T102410Z,0.3761869978086194,seed=33|run_id=t5-r01-20260922T102410Z|producer=exec/figures.py
harmful_concept,1375,0.2975205158629149,0.15,0.02,True,0.5338181818181819,33,t5-r01-20260922T102410Z,0.37672727272727274,seed=33|run_id=t5-r01-20260922T102410Z|producer=exec/figures.py
harmful_concept,1381,0.29676017765133006,0.15,0.02,True,0.5329471397538016,33,t5-r01-20260922T102410Z,0.3758146270818248,seed=33|run_id=t5-r01-20260922T102410Z|producer=exec/figures.py
harmful_concept,1387,0.2967277746791386,0.15,0.02,True,0.5335255948089401,33,t5-r01-20260922T102410Z,0.3756308579668349,seed=33|run_id=t5-r01-20260922T102410Z|producer=exec/figures.py
harmful_concept,1393,0.2988496485865149,0.15,0.02,True,0.5348169418521177,33,t5-r01-20260922T102410Z,0.37760229720028715,seed=33|run_id=t5-r01-20260922T102410Z|producer=exec/figures.py
harmful_concept,1399,0.2995240980078383,0.15,0.02,True,0.5353824160114368,33,t5-r01-20260922T102410Z,0.3781272337383846,seed=33|run_id=t5-r01-20260922T102410Z|producer=exec/figures.py
