panel,e_min,latent_risk_stratum,observed_positive_rate,estimator_variant,replicate,sar_minus_truth_risk,absolute_bias,interval_width,stratum_n,seed,config_hash,run_id
pre,0.1,low,0.12253538163783718,,,,,,239743,20260921,182ef8c5541a964205a0ebe54a5f52745a45fb24ea527066a8d3ed954024f7a8,r1-182ef8c554-seed20260921-n1200-rep400
pre,0.1,high,0.4268720578380651,,,,,,240257,20260921,182ef8c5541a964205a0ebe54a5f52745a45fb24ea527066a8d3ed954024f7a8,r1-182ef8c554-seed20260921-n1200-rep400
pre,0.5,low,0.16851403345686167,,,,,,239891,20260921,182ef8c5541a964205a0ebe54a5f52745a45fb24ea527066a8d3ed954024f7a8,r1-182ef8c554-seed20260921-n1200-rep400
pre,0.5,high,0.5847011149103115,,,,,,240109,20260921,182ef8c5541a964205a0ebe54a5f52745a45fb24ea527066a8d3ed954024f7a8,r1-182ef8c554-seed20260921-n1200-rep400
mid,0.5,,,oracle,1,0.025084271192826663,,0.0022907416355167076,,20260921,182ef8c5541a964205a0ebe54a5f52745a45fb24ea527066a8d3ed954024f7a8,r1-182ef8c554-seed20260921-n1200-rep400
mid,0.5,,,estimated,1,0.0022619047619047705,,0.003137550913157228,,20260921,182ef8c5541a964205a0ebe54a5f52745a45fb24ea527066a8d3ed954024f7a8,r1-182ef8c554-seed20260921-n1200-rep400
mid,0.5,,,misspecified,1,-0.10916666666666668,,0.003693809995887724,,20260921,182ef8c5541a964205a0ebe54a5f52745a45fb24ea527066a8d3ed954024f7a8,r1-182ef8c554-seed20260921-n1200-rep400
mid,0.5,,,oracle,2,0.00470753844182023,,0.0022907416355167076,,20260921,182ef8c5541a964205a0ebe54a5f52745a45fb24ea527066a8d3ed954024f7a8,r1-182ef8c554-seed20260921-n1200-rep400
mid,0.5,,,estimated,2,0.011268115942028978,,0.003137550913157228,,20260921,182ef8c5541a964205a0ebe54a5f52745a45fb24ea527066a8d3ed954024f7a8,r1-182ef8c554-seed20260921-n1200-rep400
mid,0.5,,,misspecified,2,-0.1325,,0.003693809995887724,,20260921,182ef8c5541a964205a0ebe54a5f52745a45fb24ea527066a8d3ed954024f7a8,r1-182ef8c554-seed20260921-n1200-rep400
mid,0.5,,,oracle,3,-0.011000985013485703,,0.0022907416355167076,,20260921,182ef8c5541a964205a0ebe54a5f52745a45fb24ea527066a8d3ed954024f7a8,r1-182ef8c554-seed20260921-n1200-rep400
mid,0.5,,,estimated,3,-0.003586956521739154,,0.003137550913157228,,20260921,182ef8c5541a964205a0ebe54a5f52745a45fb24ea527066a8d3ed954024f7a8,r1-182ef8c554-seed20260921-n1200-rep400
mid,0.5,,,misspecified,3,-0.15083333333333332,,0.003693809995887724,,20260921,182ef8c5541a964205a0ebe54a5f52745a45fb24ea527066a8d3ed954024f7a8,r1-182ef8c554-seed20260921-n1200-rep400
mid,0.5,,,oracle,4,-0.01372740627333957,,0.0022907416355167076,,20260921,182ef8c5541a964205a0ebe54a5f52745a45fb24ea527066a8d3ed954024f7a8,r1-182ef8c554-seed20260921-n1200-rep400
mid,0.5,,,estimated,4,0.0002304964539006915,,0.003137550913157228,,20260921,182ef8c5541a964205a0ebe54a5f52745a45fb24ea527066a8d3ed954024f7a8,r1-182ef8c554-seed20260921-n1200-rep400
mid,0.5,,,misspecified,4,-0.1408333333333333,,0.003693809995887724,,20260921,182ef8c5541a964205a0ebe54a5f52745a45fb24ea527066a8d3ed954024f7a8,r1-182ef8c554-seed20260921-n1200-rep400
mid,0.5,,,oracle,5,0.016844784549108482,,0.0022907416355167076,,20260921,182ef8c5541a964205a0ebe54a5f52745a45fb24ea527066a8d3ed954024f7a8,r1-182ef8c554-seed20260921-n1200-rep400
mid,0.5,,,estimated,5,0.018855311355311377,,0.003137550913157228,,20260921,182ef8c5541a964205a0ebe54a5f52745a45fb24ea527066a8d3ed954024f7a8,r1-182ef8c554-seed20260921-n1200-rep400
mid,0.5,,,misspecified,5,-0.09583333333333333,,0.003693809995887724,,20260921,182ef8c5541a964205a0ebe54a5f52745a45fb24ea527066a8d3ed954024f7a8,r1-182ef8c554-seed20260921-n1200-rep400
mid,0.5,,,oracle,6,-0.00022260089456058174,,0.0022907416355167076,,20260921,182ef8c5541a964205a0ebe54a5f52745a45fb24ea527066a8d3ed954024f7a8,r1-182ef8c554-seed20260921-n1200-rep400
mid,0.5,,,estimated,6,0.007719298245613987,,0.003137550913157228,,20260921,182ef8c5541a964205a0ebe54a5f52745a45fb24ea527066a8d3ed954024f7a8,r1-182ef8c554-seed20260921-n1200-rep400
mid,0.5,,,misspecified,6,-0.1433333333333333,,0.003693809995887724,,20260921,182ef8c5541a964205a0ebe54a5f52745a45fb24ea527066a8d3ed954024f7a8,r1-182ef8c554-seed20260921-n1200-rep400
mid,0.5,,,oracle,7,0.010984108037859902,,0.0022907416355167076,,20260921,182ef8c5541a964205a0ebe54a5f52745a45fb24ea527066a8d3ed954024f7a8,r1-182ef8c554-seed20260921-n1200-rep400
mid,0.5,,,estimated,7,-0.0024418604651162967,,0.003137550913157228,,20260921,182ef8c5541a964205a0ebe54a5f52745a45fb24ea527066a8d3ed954024f7a8,r1-182ef8c554-seed20260921-n1200-rep400
mid,0.5,,,misspecified,7,-0.11833333333333333,,0.003693809995887724,,20260921,182ef8c5541a964205a0ebe54a5f52745a45fb24ea527066a8d3ed954024f7a8,r1-182ef8c554-seed20260921-n1200-rep400
mid,0.5,,,oracle,8,0.02864427764626362,,0.0022907416355167076,,20260921,182ef8c5541a964205a0ebe54a5f52745a45fb24ea527066a8d3ed954024f7a8,r1-182ef8c554-seed20260921-n1200-rep400
mid,0.5,,,estimated,8,-0.02190476190476187,,0.003137550913157228,,20260921,182ef8c5541a964205a0ebe54a5f52745a45fb24ea527066a8d3ed954024f7a8,r1-182ef8c554-seed20260921-n1200-rep400
mid,0.5,,,misspecified,8,-0.115,,0.003693809995887724,,20260921,182ef8c5541a964205a0ebe54a5f52745a45fb24ea527066a8d3ed954024f7a8,r1-182ef8c554-seed20260921-n1200-rep400
mid,0.5,,,oracle,9,-0.008343783156804091,,0.0022907416355167076,,20260921,182ef8c5541a964205a0ebe54a5f52745a45fb24ea527066a8d3ed954024f7a8,r1-182ef8c554-seed20260921-n1200-rep400
mid,0.5,,,estimated,9,-0.028055555555555528,,0.003137550913157228,,20260921,182ef8c5541a964205a0ebe54a5f52745a45fb24ea527066a8d3ed954024f7a8,r1-182ef8c554-seed20260921-n1200-rep400
mid,0.5,,,misspecified,9,-0.12916666666666665,,0.003693809995887724,,20260921,182ef8c5541a964205a0ebe54a5f52745a45fb24ea527066a8d3ed954024f7a8,r1-182ef8c554-seed20260921-n1200-rep400
mid,0.5,,,oracle,10,0.011846948111459699,,0.0022907416355167076,,20260921,182ef8c5541a964205a0ebe54a5f52745a45fb24ea527066a8d3ed954024f7a8,r1-182ef8c554-seed20260921-n1200-rep400
mid,0.5,,,estimated,10,-0.029583333333333323,,0.003137550913157228,,20260921,182ef8c5541a964205a0ebe54a5f52745a45fb24ea527066a8d3ed954024f7a8,r1-182ef8c554-seed20260921-n1200-rep400
mid,0.5,,,misspecified,10,-0.14166666666666666,,0.003693809995887724,,20260921,182ef8c5541a964205a0ebe54a5f52745a45fb24ea527066a8d3ed954024f7a8,r1-182ef8c554-seed20260921-n1200-rep400
mid,0.5,,,oracle,11,-0.004460350086688936,,0.0022907416355167076,,20260921,182ef8c5541a964205a0ebe54a5f52745a45fb24ea527066a8d3ed954024f7a8,r1-182ef8c554-seed20260921-n1200-rep400
mid,0.5,,,estimated,11,-0.026481481481481467,,0.003137550913157228,,20260921,182ef8c5541a964205a0ebe54a5f52745a45fb24ea527066a8d3ed954024f7a8,r1-182ef8c554-seed20260921-n1200-rep400
mid,0.5,,,misspecified,11,-0.12499999999999999,,0.003693809995887724,,20260921,182ef8c5541a964205a0ebe54a5f52745a45fb24ea527066a8d3ed954024f7a8,r1-182ef8c554-seed20260921-n1200-rep400
mid,0.5,,,oracle,12,0.010868622008338463,,0.0022907416355167076,,20260921,182ef8c5541a964205a0ebe54a5f52745a45fb24ea527066a8d3ed954024f7a8,r1-182ef8c554-seed20260921-n1200-rep400
mid,0.5,,,estimated,12,0.011775362318840576,,0.003137550913157228,,20260921,182ef8c5541a964205a0ebe54a5f52745a45fb24ea527066a8d3ed954024f7a8,r1-182ef8c554-seed20260921-n1200-rep400
mid,0.5,,,misspecified,12,-0.1175,,0.003693809995887724,,20260921,182ef8c5541a964205a0ebe54a5f52745a45fb24ea527066a8d3ed954024f7a8,r1-182ef8c554-seed20260921-n1200-rep400
mid,0.5,,,oracle,13,-0.001111690517301478,,0.0022907416355167076,,20260921,182ef8c5541a964205a0ebe54a5f52745a45fb24ea527066a8d3ed954024f7a8,r1-182ef8c554-seed20260921-n1200-rep400
mid,0.5,,,estimated,13,-0.004803370786516797,,0.003137550913157228,,20260921,182ef8c5541a964205a0ebe54a5f52745a45fb24ea527066a8d3ed954024f7a8,r1-182ef8c554-seed20260921-n1200-rep400
mid,0.5,,,misspecified,13,-0.12916666666666665,,0.003693809995887724,,20260921,182ef8c5541a964205a0ebe54a5f52745a45fb24ea527066a8d3ed954024f7a8,r1-182ef8c554-seed20260921-n1200-rep400
mid,0.5,,,oracle,14,0.01450768441379574,,0.0022907416355167076,,20260921,182ef8c5541a964205a0ebe54a5f52745a45fb24ea527066a8d3ed954024f7a8,r1-182ef8c554-seed20260921-n1200-rep400
mid,0.5,,,estimated,14,0.0005747126436781436,,0.003137550913157228,,20260921,182ef8c5541a964205a0ebe54a5f52745a45fb24ea527066a8d3ed954024f7a8,r1-182ef8c554-seed20260921-n1200-rep400
mid,0.5,,,misspecified,14,-0.12666666666666665,,0.003693809995887724,,20260921,182ef8c5541a964205a0ebe54a5f52745a45fb24ea527066a8d3ed954024f7a8,r1-182ef8c554-seed20260921-n1200-rep400
mid,0.5,,,oracle,15,0.0085690587578921,,0.0022907416355167076,,20260921,182ef8c5541a964205a0ebe54a5f52745a45fb24ea527066a8d3ed954024f7a8,r1-182ef8c554-seed20260921-n1200-rep400
mid,0.5,,,estimated,15,-0.010833333333333334,,0.003137550913157228,,20260921,182ef8c5541a964205a0ebe54a5f52745a45fb24ea527066a8d3ed954024f7a8,r1-182ef8c554-seed20260921-n1200-rep400
mid,0.5,,,misspecified,15,-0.09916666666666665,,0.003693809995887724,,20260921,182ef8c5541a964205a0ebe54a5f52745a45fb24ea527066a8d3ed954024f7a8,r1-182ef8c554-seed20260921-n1200-rep400
mid,0.5,,,oracle,16,-0.00045784478437391196,,0.0022907416355167076,,20260921,182ef8c5541a964205a0ebe54a5f52745a45fb24ea527066a8d3ed954024f7a8,r1-182ef8c554-seed20260921-n1200-rep400
mid,0.5,,,estimated,16,-0.020548780487804896,,0.003137550913157228,,20260921,182ef8c5541a964205a0ebe54a5f52745a45fb24ea527066a8d3ed954024f7a8,r1-182ef8c554-seed20260921-n1200-rep400
mid,0.5,,,misspecified,16,-0.1225,,0.003693809995887724,,20260921,182ef8c5541a964205a0ebe54a5f52745a45fb24ea527066a8d3ed954024f7a8,r1-182ef8c554-seed20260921-n1200-rep400
mid,0.5,,,oracle,17,0.007282610593793648,,0.0022907416355167076,,20260921,182ef8c5541a964205a0ebe54a5f52745a45fb24ea527066a8d3ed954024f7a8,r1-182ef8c554-seed20260921-n1200-rep400
mid,0.5,,,estimated,17,-0.015038759689922465,,0.003137550913157228,,20260921,182ef8c5541a964205a0ebe54a5f52745a45fb24ea527066a8d3ed954024f7a8,r1-182ef8c554-seed20260921-n1200-rep400
mid,0.5,,,misspecified,17,-0.14,,0.003693809995887724,,20260921,182ef8c5541a964205a0ebe54a5f52745a45fb24ea527066a8d3ed954024f7a8,r1-182ef8c554-seed20260921-n1200-rep400
mid,0.5,,,oracle,18,0.005773971268156569,,0.0022907416355167076,,20260921,182ef8c5541a964205a0ebe54a5f52745a45fb24ea527066a8d3ed954024f7a8,r1-182ef8c554-seed20260921-n1200-rep400
mid,0.5,,,estimated,18,-0.00755813953488374,,0.003137550913157228,,20260921,182ef8c5541a964205a0ebe54a5f52745a45fb24ea527066a8d3ed954024f7a8,r1-182ef8c554-seed20260921-n1200-rep400
mid,0.5,,,misspecified,18,-0.13,,0.003693809995887724,,20260921,182ef8c5541a964205a0ebe54a5f52745a45fb24ea527066a8d3ed954024f7a8,r1-182ef8c554-seed20260921-n1200-rep400
mid,0.5,,,oracle,19,0.00028615978695517574,,0.0022907416355167076,,20260921,182ef8c5541a964205a0ebe54a5f52745a45fb24ea527066a8d3ed954024f7a8,r1-182ef8c554-seed20260921-n1200-rep400
mid,0.5,,,estimated,19,-0.0075574712643678155,,0.003137550913157228,,20260921,182ef8c5541a964205a0ebe54a5f52745a45fb24ea527066a8d3ed954024f7a8,r1-182ef8c554-seed20260921-n1200-rep400
mid,0.5,,,misspecified,19,-0.1358333333333333,,0.003693809995887724,,20260921,182ef8c5541a964205a0ebe54a5f52745a45fb24ea527066a8d3ed954024f7a8,r1-182ef8c554-seed20260921-n1200-rep400
mid,0.5,,,oracle,20,0.002239795122540189,,0.0022907416355167076,,20260921,182ef8c5541a964205a0ebe54a5f52745a45fb24ea527066a8d3ed954024f7a8,r1-182ef8c554-seed20260921-n1200-rep400
mid,0.5,,,estimated,20,-0.012619047619047613,,0.003137550913157228,,20260921,182ef8c5541a964205a0ebe54a5f52745a45fb24ea527066a8d3ed954024f7a8,r1-182ef8c554-seed20260921-n1200-rep400
mid,0.5,,,misspecified,20,-0.12166666666666666,,0.003693809995887724,,20260921,182ef8c5541a964205a0ebe54a5f52745a45fb24ea527066a8d3ed954024f7a8,r1-182ef8c554-seed20260921-n1200-rep400
mid,0.5,,,oracle,21,0.008527094547572361,,0.0022907416355167076,,20260921,182ef8c5541a964205a0ebe54a5f52745a45fb24ea527066a8d3ed954024f7a8,r1-182ef8c554-seed20260921-n1200-rep400
mid,0.5,,,estimated,21,-0.014880952380952411,,0.003137550913157228,,20260921,182ef8c5541a964205a0ebe54a5f52745a45fb24ea527066a8d3ed954024f7a8,r1-182ef8c554-seed20260921-n1200-rep400
mid,0.5,,,misspecified,21,-0.13583333333333336,,0.003693809995887724,,20260921,182ef8c5541a964205a0ebe54a5f52745a45fb24ea527066a8d3ed954024f7a8,r1-182ef8c554-seed20260921-n1200-rep400
mid,0.5,,,oracle,22,0.027814822679845197,,0.0022907416355167076,,20260921,182ef8c5541a964205a0ebe54a5f52745a45fb24ea527066a8d3ed954024f7a8,r1-182ef8c554-seed20260921-n1200-rep400
mid,0.5,,,estimated,22,-0.021166666666666667,,0.003137550913157228,,20260921,182ef8c5541a964205a0ebe54a5f52745a45fb24ea527066a8d3ed954024f7a8,r1-182ef8c554-seed20260921-n1200-rep400
mid,0.5,,,misspecified,22,-0.08916666666666667,,0.003693809995887724,,20260921,182ef8c5541a964205a0ebe54a5f52745a45fb24ea527066a8d3ed954024f7a8,r1-182ef8c554-seed20260921-n1200-rep400
mid,0.5,,,oracle,23,-9.11264326497463e-06,,0.0022907416355167076,,20260921,182ef8c5541a964205a0ebe54a5f52745a45fb24ea527066a8d3ed954024f7a8,r1-182ef8c554-seed20260921-n1200-rep400
mid,0.5,,,estimated,23,0.0005430711610487082,,0.003137550913157228,,20260921,182ef8c5541a964205a0ebe54a5f52745a45fb24ea527066a8d3ed954024f7a8,r1-182ef8c554-seed20260921-n1200-rep400
mid,0.5,,,misspecified,23,-0.145,,0.003693809995887724,,20260921,182ef8c5541a964205a0ebe54a5f52745a45fb24ea527066a8d3ed954024f7a8,r1-182ef8c554-seed20260921-n1200-rep400
mid,0.5,,,oracle,24,0.0016456782378083679,,0.0022907416355167076,,20260921,182ef8c5541a964205a0ebe54a5f52745a45fb24ea527066a8d3ed954024f7a8,r1-182ef8c554-seed20260921-n1200-rep400
mid,0.5,,,estimated,24,-0.007500000000000007,,0.003137550913157228,,20260921,182ef8c5541a964205a0ebe54a5f52745a45fb24ea527066a8d3ed954024f7a8,r1-182ef8c554-seed20260921-n1200-rep400
mid,0.5,,,misspecified,24,-0.14166666666666666,,0.003693809995887724,,20260921,182ef8c5541a964205a0ebe54a5f52745a45fb24ea527066a8d3ed954024f7a8,r1-182ef8c554-seed20260921-n1200-rep400
mid,0.5,,,oracle,25,-0.01252006283489146,,0.0022907416355167076,,20260921,182ef8c5541a964205a0ebe54a5f52745a45fb24ea527066a8d3ed954024f7a8,r1-182ef8c554-seed20260921-n1200-rep400
mid,0.5,,,estimated,25,-0.014545454545454584,,0.003137550913157228,,20260921,182ef8c5541a964205a0ebe54a5f52745a45fb24ea527066a8d3ed954024f7a8,r1-182ef8c554-seed20260921-n1200-rep400
mid,0.5,,,misspecified,25,-0.15083333333333335,,0.003693809995887724,,20260921,182ef8c5541a964205a0ebe54a5f52745a45fb24ea527066a8d3ed954024f7a8,r1-182ef8c554-seed20260921-n1200-rep400
mid,0.5,,,oracle,26,0.013633821107395638,,0.0022907416355167076,,20260921,182ef8c5541a964205a0ebe54a5f52745a45fb24ea527066a8d3ed954024f7a8,r1-182ef8c554-seed20260921-n1200-rep400
mid,0.5,,,estimated,26,-0.007380952380952405,,0.003137550913157228,,20260921,182ef8c5541a964205a0ebe54a5f52745a45fb24ea527066a8d3ed954024f7a8,r1-182ef8c554-seed20260921-n1200-rep400
mid,0.5,,,misspecified,26,-0.12833333333333335,,0.003693809995887724,,20260921,182ef8c5541a964205a0ebe54a5f52745a45fb24ea527066a8d3ed954024f7a8,r1-182ef8c554-seed20260921-n1200-rep400
mid,0.5,,,oracle,27,-0.02199336823371892,,0.0022907416355167076,,20260921,182ef8c5541a964205a0ebe54a5f52745a45fb24ea527066a8d3ed954024f7a8,r1-182ef8c554-seed20260921-n1200-rep400
mid,0.5,,,estimated,27,-0.015786516853932564,,0.003137550913157228,,20260921,182ef8c5541a964205a0ebe54a5f52745a45fb24ea527066a8d3ed954024f7a8,r1-182ef8c554-seed20260921-n1200-rep400
mid,0.5,,,misspecified,27,-0.14666666666666667,,0.003693809995887724,,20260921,182ef8c5541a964205a0ebe54a5f52745a45fb24ea527066a8d3ed954024f7a8,r1-182ef8c554-seed20260921-n1200-rep400
mid,0.5,,,oracle,28,-0.006714251046883474,,0.0022907416355167076,,20260921,182ef8c5541a964205a0ebe54a5f52745a45fb24ea527066a8d3ed954024f7a8,r1-182ef8c554-seed20260921-n1200-rep400
mid,0.5,,,estimated,28,0.00835106382978723,,0.003137550913157228,,20260921,182ef8c5541a964205a0ebe54a5f52745a45fb24ea527066a8d3ed954024f7a8,r1-182ef8c554-seed20260921-n1200-rep400
mid,0.5,,,misspecified,28,-0.14416666666666667,,0.003693809995887724,,20260921,182ef8c5541a964205a0ebe54a5f52745a45fb24ea527066a8d3ed954024f7a8,r1-182ef8c554-seed20260921-n1200-rep400
mid,0.5,,,oracle,29,-0.0033600310024259616,,0.0022907416355167076,,20260921,182ef8c5541a964205a0ebe54a5f52745a45fb24ea527066a8d3ed954024f7a8,r1-182ef8c554-seed20260921-n1200-rep400
mid,0.5,,,estimated,29,0.0028225806451613045,,0.003137550913157228,,20260921,182ef8c5541a964205a0ebe54a5f52745a45fb24ea527066a8d3ed954024f7a8,r1-182ef8c554-seed20260921-n1200-rep400
mid,0.5,,,misspecified,29,-0.1675,,0.003693809995887724,,20260921,182ef8c5541a964205a0ebe54a5f52745a45fb24ea527066a8d3ed954024f7a8,r1-182ef8c554-seed20260921-n1200-rep400
mid,0.5,,,oracle,30,0.003091311529235724,,0.0022907416355167076,,20260921,182ef8c5541a964205a0ebe54a5f52745a45fb24ea527066a8d3ed954024f7a8,r1-182ef8c554-seed20260921-n1200-rep400
mid,0.5,,,estimated,30,-0.015742971887550222,,0.003137550913157228,,20260921,182ef8c5541a964205a0ebe54a5f52745a45fb24ea527066a8d3ed954024f7a8,r1-182ef8c554-seed20260921-n1200-rep400
mid,0.5,,,misspecified,30,-0.13166666666666665,,0.003693809995887724,,20260921,182ef8c5541a964205a0ebe54a5f52745a45fb24ea527066a8d3ed954024f7a8,r1-182ef8c554-seed20260921-n1200-rep400
mid,0.5,,,oracle,31,0.012434940157108137,,0.0022907416355167076,,20260921,182ef8c5541a964205a0ebe54a5f52745a45fb24ea527066a8d3ed954024f7a8,r1-182ef8c554-seed20260921-n1200-rep400
mid,0.5,,,estimated,31,0.007847985347985337,,0.003137550913157228,,20260921,182ef8c5541a964205a0ebe54a5f52745a45fb24ea527066a8d3ed954024f7a8,r1-182ef8c554-seed20260921-n1200-rep400
mid,0.5,,,misspecified,31,-0.1375,,0.003693809995887724,,20260921,182ef8c5541a964205a0ebe54a5f52745a45fb24ea527066a8d3ed954024f7a8,r1-182ef8c554-seed20260921-n1200-rep400
mid,0.5,,,oracle,32,-0.00010815355320115128,,0.0022907416355167076,,20260921,182ef8c5541a964205a0ebe54a5f52745a45fb24ea527066a8d3ed954024f7a8,r1-182ef8c554-seed20260921-n1200-rep400
mid,0.5,,,estimated,32,-0.04121794871794873,,0.003137550913157228,,20260921,182ef8c5541a964205a0ebe54a5f52745a45fb24ea527066a8d3ed954024f7a8,r1-182ef8c554-seed20260921-n1200-rep400
mid,0.5,,,misspecified,32,-0.13583333333333336,,0.003693809995887724,,20260921,182ef8c5541a964205a0ebe54a5f52745a45fb24ea527066a8d3ed954024f7a8,r1-182ef8c554-seed20260921-n1200-rep400
mid,0.5,,,oracle,33,-0.0002338191028033454,,0.0022907416355167076,,20260921,182ef8c5541a964205a0ebe54a5f52745a45fb24ea527066a8d3ed954024f7a8,r1-182ef8c554-seed20260921-n1200-rep400
mid,0.5,,,estimated,33,0.010953608247422697,,0.003137550913157228,,20260921,182ef8c5541a964205a0ebe54a5f52745a45fb24ea527066a8d3ed954024f7a8,r1-182ef8c554-seed20260921-n1200-rep400
mid,0.5,,,misspecified,33,-0.14416666666666667,,0.003693809995887724,,20260921,182ef8c5541a964205a0ebe54a5f52745a45fb24ea527066a8d3ed954024f7a8,r1-182ef8c554-seed20260921-n1200-rep400
mid,0.5,,,oracle,34,-0.0063015056608418385,,0.0022907416355167076,,20260921,182ef8c5541a964205a0ebe54a5f52745a45fb24ea527066a8d3ed954024f7a8,r1-182ef8c554-seed20260921-n1200-rep400
mid,0.5,,,estimated,34,-0.004722222222222183,,0.003137550913157228,,20260921,182ef8c5541a964205a0ebe54a5f52745a45fb24ea527066a8d3ed954024f7a8,r1-182ef8c554-seed20260921-n1200-rep400
mid,0.5,,,misspecified,34,-0.16083333333333333,,0.003693809995887724,,20260921,182ef8c5541a964205a0ebe54a5f52745a45fb24ea527066a8d3ed954024f7a8,r1-182ef8c554-seed20260921-n1200-rep400
mid,0.5,,,oracle,35,0.0024334340194177573,,0.0022907416355167076,,20260921,182ef8c5541a964205a0ebe54a5f52745a45fb24ea527066a8d3ed954024f7a8,r1-182ef8c554-seed20260921-n1200-rep400
mid,0.5,,,estimated,35,-0.020461847389558252,,0.003137550913157228,,20260921,182ef8c5541a964205a0ebe54a5f52745a45fb24ea527066a8d3ed954024f7a8,r1-182ef8c554-seed20260921-n1200-rep400
mid,0.5,,,misspecified,35,-0.135,,0.003693809995887724,,20260921,182ef8c5541a964205a0ebe54a5f52745a45fb24ea527066a8d3ed954024f7a8,r1-182ef8c554-seed20260921-n1200-rep400
mid,0.5,,,oracle,36,-0.0019422497282349516,,0.0022907416355167076,,20260921,182ef8c5541a964205a0ebe54a5f52745a45fb24ea527066a8d3ed954024f7a8,r1-182ef8c554-seed20260921-n1200-rep400
mid,0.5,,,estimated,36,-0.0023850574712643846,,0.003137550913157228,,20260921,182ef8c5541a964205a0ebe54a5f52745a45fb24ea527066a8d3ed954024f7a8,r1-182ef8c554-seed20260921-n1200-rep400
mid,0.5,,,misspecified,36,-0.12083333333333332,,0.003693809995887724,,20260921,182ef8c5541a964205a0ebe54a5f52745a45fb24ea527066a8d3ed954024f7a8,r1-182ef8c554-seed20260921-n1200-rep400
mid,0.5,,,oracle,37,0.013268960471963714,,0.0022907416355167076,,20260921,182ef8c5541a964205a0ebe54a5f52745a45fb24ea527066a8d3ed954024f7a8,r1-182ef8c554-seed20260921-n1200-rep400
mid,0.5,,,estimated,37,-0.016485943775100403,,0.003137550913157228,,20260921,182ef8c5541a964205a0ebe54a5f52745a45fb24ea527066a8d3ed954024f7a8,r1-182ef8c554-seed20260921-n1200-rep400
mid,0.5,,,misspecified,37,-0.13333333333333333,,0.003693809995887724,,20260921,182ef8c5541a964205a0ebe54a5f52745a45fb24ea527066a8d3ed954024f7a8,r1-182ef8c554-seed20260921-n1200-rep400
mid,0.5,,,oracle,38,-0.009539106749304416,,0.0022907416355167076,,20260921,182ef8c5541a964205a0ebe54a5f52745a45fb24ea527066a8d3ed954024f7a8,r1-182ef8c554-seed20260921-n1200-rep400
mid,0.5,,,estimated,38,-0.017844827586206924,,0.003137550913157228,,20260921,182ef8c5541a964205a0ebe54a5f52745a45fb24ea527066a8d3ed954024f7a8,r1-182ef8c554-seed20260921-n1200-rep400
mid,0.5,,,misspecified,38,-0.1575,,0.003693809995887724,,20260921,182ef8c5541a964205a0ebe54a5f52745a45fb24ea527066a8d3ed954024f7a8,r1-182ef8c554-seed20260921-n1200-rep400
mid,0.5,,,oracle,39,-0.01313208141328856,,0.0022907416355167076,,20260921,182ef8c5541a964205a0ebe54a5f52745a45fb24ea527066a8d3ed954024f7a8,r1-182ef8c554-seed20260921-n1200-rep400
mid,0.5,,,estimated,39,-0.031777108433734935,,0.003137550913157228,,20260921,182ef8c5541a964205a0ebe54a5f52745a45fb24ea527066a8d3ed954024f7a8,r1-182ef8c554-seed20260921-n1200-rep400
mid,0.5,,,misspecified,39,-0.15416666666666667,,0.003693809995887724,,20260921,182ef8c5541a964205a0ebe54a5f52745a45fb24ea527066a8d3ed954024f7a8,r1-182ef8c554-seed20260921-n1200-rep400
mid,0.5,,,oracle,40,-0.007462625679386853,,0.0022907416355167076,,20260921,182ef8c5541a964205a0ebe54a5f52745a45fb24ea527066a8d3ed954024f7a8,r1-182ef8c554-seed20260921-n1200-rep400
mid,0.5,,,estimated,40,-0.017751937984496174,,0.003137550913157228,,20260921,182ef8c5541a964205a0ebe54a5f52745a45fb24ea527066a8d3ed954024f7a8,r1-182ef8c554-seed20260921-n1200-rep400
mid,0.5,,,misspecified,40,-0.13666666666666666,,0.003693809995887724,,20260921,182ef8c5541a964205a0ebe54a5f52745a45fb24ea527066a8d3ed954024f7a8,r1-182ef8c554-seed20260921-n1200-rep400
mid,0.5,,,oracle,41,-0.0005543870168358833,,0.0022907416355167076,,20260921,182ef8c5541a964205a0ebe54a5f52745a45fb24ea527066a8d3ed954024f7a8,r1-182ef8c554-seed20260921-n1200-rep400
mid,0.5,,,estimated,41,-0.01812015503875969,,0.003137550913157228,,20260921,182ef8c5541a964205a0ebe54a5f52745a45fb24ea527066a8d3ed954024f7a8,r1-182ef8c554-seed20260921-n1200-rep400
mid,0.5,,,misspecified,41,-0.15416666666666667,,0.003693809995887724,,20260921,182ef8c5541a964205a0ebe54a5f52745a45fb24ea527066a8d3ed954024f7a8,r1-182ef8c554-seed20260921-n1200-rep400
mid,0.5,,,oracle,42,-0.028356379903593326,,0.0022907416355167076,,20260921,182ef8c5541a964205a0ebe54a5f52745a45fb24ea527066a8d3ed954024f7a8,r1-182ef8c554-seed20260921-n1200-rep400
mid,0.5,,,estimated,42,-0.028408239700374538,,0.003137550913157228,,20260921,182ef8c5541a964205a0ebe54a5f52745a45fb24ea527066a8d3ed954024f7a8,r1-182ef8c554-seed20260921-n1200-rep400
mid,0.5,,,misspecified,42,-0.17666666666666667,,0.003693809995887724,,20260921,182ef8c5541a964205a0ebe54a5f52745a45fb24ea527066a8d3ed954024f7a8,r1-182ef8c554-seed20260921-n1200-rep400
mid,0.5,,,oracle,43,-0.004143081695541034,,0.0022907416355167076,,20260921,182ef8c5541a964205a0ebe54a5f52745a45fb24ea527066a8d3ed954024f7a8,r1-182ef8c554-seed20260921-n1200-rep400
mid,0.5,,,estimated,43,-0.019166666666666665,,0.003137550913157228,,20260921,182ef8c5541a964205a0ebe54a5f52745a45fb24ea527066a8d3ed954024f7a8,r1-182ef8c554-seed20260921-n1200-rep400
mid,0.5,,,misspecified,43,-0.1425,,0.003693809995887724,,20260921,182ef8c5541a964205a0ebe54a5f52745a45fb24ea527066a8d3ed954024f7a8,r1-182ef8c554-seed20260921-n1200-rep400
mid,0.5,,,oracle,44,0.002336605570132766,,0.0022907416355167076,,20260921,182ef8c5541a964205a0ebe54a5f52745a45fb24ea527066a8d3ed954024f7a8,r1-182ef8c554-seed20260921-n1200-rep400
mid,0.5,,,estimated,44,-0.009166666666666656,,0.003137550913157228,,20260921,182ef8c5541a964205a0ebe54a5f52745a45fb24ea527066a8d3ed954024f7a8,r1-182ef8c554-seed20260921-n1200-rep400
mid,0.5,,,misspecified,44,-0.13916666666666666,,0.003693809995887724,,20260921,182ef8c5541a964205a0ebe54a5f52745a45fb24ea527066a8d3ed954024f7a8,r1-182ef8c554-seed20260921-n1200-rep400
mid,0.5,,,oracle,45,-0.012752775683658596,,0.0022907416355167076,,20260921,182ef8c5541a964205a0ebe54a5f52745a45fb24ea527066a8d3ed954024f7a8,r1-182ef8c554-seed20260921-n1200-rep400
mid,0.5,,,estimated,45,-0.004999999999999977,,0.003137550913157228,,20260921,182ef8c5541a964205a0ebe54a5f52745a45fb24ea527066a8d3ed954024f7a8,r1-182ef8c554-seed20260921-n1200-rep400
mid,0.5,,,misspecified,45,-0.12666666666666665,,0.003693809995887724,,20260921,182ef8c5541a964205a0ebe54a5f52745a45fb24ea527066a8d3ed954024f7a8,r1-182ef8c554-seed20260921-n1200-rep400
mid,0.5,,,oracle,46,0.0022654844670738916,,0.0022907416355167076,,20260921,182ef8c5541a964205a0ebe54a5f52745a45fb24ea527066a8d3ed954024f7a8,r1-182ef8c554-seed20260921-n1200-rep400
mid,0.5,,,estimated,46,-0.0008333333333333248,,0.003137550913157228,,20260921,182ef8c5541a964205a0ebe54a5f52745a45fb24ea527066a8d3ed954024f7a8,r1-182ef8c554-seed20260921-n1200-rep400
mid,0.5,,,misspecified,46,-0.12916666666666665,,0.003693809995887724,,20260921,182ef8c5541a964205a0ebe54a5f52745a45fb24ea527066a8d3ed954024f7a8,r1-182ef8c554-seed20260921-n1200-rep400
mid,0.5,,,oracle,47,0.007134561533282291,,0.0022907416355167076,,20260921,182ef8c5541a964205a0ebe54a5f52745a45fb24ea527066a8d3ed954024f7a8,r1-182ef8c554-seed20260921-n1200-rep400
mid,0.5,,,estimated,47,-0.005077519379844936,,0.003137550913157228,,20260921,182ef8c5541a964205a0ebe54a5f52745a45fb24ea527066a8d3ed954024f7a8,r1-182ef8c554-seed20260921-n1200-rep400
mid,0.5,,,misspecified,47,-0.125,,0.003693809995887724,,20260921,182ef8c5541a964205a0ebe54a5f52745a45fb24ea527066a8d3ed954024f7a8,r1-182ef8c554-seed20260921-n1200-rep400
mid,0.5,,,oracle,48,0.006230753162915409,,0.0022907416355167076,,20260921,182ef8c5541a964205a0ebe54a5f52745a45fb24ea527066a8d3ed954024f7a8,r1-182ef8c554-seed20260921-n1200-rep400
mid,0.5,,,estimated,48,-0.026056910569105696,,0.003137550913157228,,20260921,182ef8c5541a964205a0ebe54a5f52745a45fb24ea527066a8d3ed954024f7a8,r1-182ef8c554-seed20260921-n1200-rep400
mid,0.5,,,misspecified,48,-0.14500000000000002,,0.003693809995887724,,20260921,182ef8c5541a964205a0ebe54a5f52745a45fb24ea527066a8d3ed954024f7a8,r1-182ef8c554-seed20260921-n1200-rep400
mid,0.5,,,oracle,49,0.0060679102484424985,,0.0022907416355167076,,20260921,182ef8c5541a964205a0ebe54a5f52745a45fb24ea527066a8d3ed954024f7a8,r1-182ef8c554-seed20260921-n1200-rep400
mid,0.5,,,estimated,49,-0.002121212121212135,,0.003137550913157228,,20260921,182ef8c5541a964205a0ebe54a5f52745a45fb24ea527066a8d3ed954024f7a8,r1-182ef8c554-seed20260921-n1200-rep400
mid,0.5,,,misspecified,49,-0.12833333333333335,,0.003693809995887724,,20260921,182ef8c5541a964205a0ebe54a5f52745a45fb24ea527066a8d3ed954024f7a8,r1-182ef8c554-seed20260921-n1200-rep400
mid,0.5,,,oracle,50,-0.009914731421996947,,0.0022907416355167076,,20260921,182ef8c5541a964205a0ebe54a5f52745a45fb24ea527066a8d3ed954024f7a8,r1-182ef8c554-seed20260921-n1200-rep400
mid,0.5,,,estimated,50,0.018000000000000016,,0.003137550913157228,,20260921,182ef8c5541a964205a0ebe54a5f52745a45fb24ea527066a8d3ed954024f7a8,r1-182ef8c554-seed20260921-n1200-rep400
mid,0.5,,,misspecified,50,-0.16,,0.003693809995887724,,20260921,182ef8c5541a964205a0ebe54a5f52745a45fb24ea527066a8d3ed954024f7a8,r1-182ef8c554-seed20260921-n1200-rep400
mid,0.5,,,oracle,51,0.001209300242504402,,0.0022907416355167076,,20260921,182ef8c5541a964205a0ebe54a5f52745a45fb24ea527066a8d3ed954024f7a8,r1-182ef8c554-seed20260921-n1200-rep400
mid,0.5,,,estimated,51,-0.011428571428571482,,0.003137550913157228,,20260921,182ef8c5541a964205a0ebe54a5f52745a45fb24ea527066a8d3ed954024f7a8,r1-182ef8c554-seed20260921-n1200-rep400
mid,0.5,,,misspecified,51,-0.12000000000000001,,0.003693809995887724,,20260921,182ef8c5541a964205a0ebe54a5f52745a45fb24ea527066a8d3ed954024f7a8,r1-182ef8c554-seed20260921-n1200-rep400
mid,0.5,,,oracle,52,-0.0005273458475797133,,0.0022907416355167076,,20260921,182ef8c5541a964205a0ebe54a5f52745a45fb24ea527066a8d3ed954024f7a8,r1-182ef8c554-seed20260921-n1200-rep400
mid,0.5,,,estimated,52,-0.022023809523809557,,0.003137550913157228,,20260921,182ef8c5541a964205a0ebe54a5f52745a45fb24ea527066a8d3ed954024f7a8,r1-182ef8c554-seed20260921-n1200-rep400
mid,0.5,,,misspecified,52,-0.13916666666666666,,0.003693809995887724,,20260921,182ef8c5541a964205a0ebe54a5f52745a45fb24ea527066a8d3ed954024f7a8,r1-182ef8c554-seed20260921-n1200-rep400
mid,0.5,,,oracle,53,-0.020672703217641142,,0.0022907416355167076,,20260921,182ef8c5541a964205a0ebe54a5f52745a45fb24ea527066a8d3ed954024f7a8,r1-182ef8c554-seed20260921-n1200-rep400
mid,0.5,,,estimated,53,-0.018155430711610493,,0.003137550913157228,,20260921,182ef8c5541a964205a0ebe54a5f52745a45fb24ea527066a8d3ed954024f7a8,r1-182ef8c554-seed20260921-n1200-rep400
mid,0.5,,,misspecified,53,-0.1675,,0.003693809995887724,,20260921,182ef8c5541a964205a0ebe54a5f52745a45fb24ea527066a8d3ed954024f7a8,r1-182ef8c554-seed20260921-n1200-rep400
mid,0.5,,,oracle,54,0.012026897027496292,,0.0022907416355167076,,20260921,182ef8c5541a964205a0ebe54a5f52745a45fb24ea527066a8d3ed954024f7a8,r1-182ef8c554-seed20260921-n1200-rep400
mid,0.5,,,estimated,54,-0.005637254901960764,,0.003137550913157228,,20260921,182ef8c5541a964205a0ebe54a5f52745a45fb24ea527066a8d3ed954024f7a8,r1-182ef8c554-seed20260921-n1200-rep400
mid,0.5,,,misspecified,54,-0.13749999999999998,,0.003693809995887724,,20260921,182ef8c5541a964205a0ebe54a5f52745a45fb24ea527066a8d3ed954024f7a8,r1-182ef8c554-seed20260921-n1200-rep400
mid,0.5,,,oracle,55,-0.0046217870026903085,,0.0022907416355167076,,20260921,182ef8c5541a964205a0ebe54a5f52745a45fb24ea527066a8d3ed954024f7a8,r1-182ef8c554-seed20260921-n1200-rep400
mid,0.5,,,estimated,55,-0.014015151515151564,,0.003137550913157228,,20260921,182ef8c5541a964205a0ebe54a5f52745a45fb24ea527066a8d3ed954024f7a8,r1-182ef8c554-seed20260921-n1200-rep400
mid,0.5,,,misspecified,55,-0.15666666666666668,,0.003693809995887724,,20260921,182ef8c5541a964205a0ebe54a5f52745a45fb24ea527066a8d3ed954024f7a8,r1-182ef8c554-seed20260921-n1200-rep400
mid,0.5,,,oracle,56,-0.0017703734538124238,,0.0022907416355167076,,20260921,182ef8c5541a964205a0ebe54a5f52745a45fb24ea527066a8d3ed954024f7a8,r1-182ef8c554-seed20260921-n1200-rep400
mid,0.5,,,estimated,56,0.011874999999999997,,0.003137550913157228,,20260921,182ef8c5541a964205a0ebe54a5f52745a45fb24ea527066a8d3ed954024f7a8,r1-182ef8c554-seed20260921-n1200-rep400
mid,0.5,,,misspecified,56,-0.14,,0.003693809995887724,,20260921,182ef8c5541a964205a0ebe54a5f52745a45fb24ea527066a8d3ed954024f7a8,r1-182ef8c554-seed20260921-n1200-rep400
mid,0.5,,,oracle,57,0.010423588992325206,,0.0022907416355167076,,20260921,182ef8c5541a964205a0ebe54a5f52745a45fb24ea527066a8d3ed954024f7a8,r1-182ef8c554-seed20260921-n1200-rep400
mid,0.5,,,estimated,57,0.00399425287356317,,0.003137550913157228,,20260921,182ef8c5541a964205a0ebe54a5f52745a45fb24ea527066a8d3ed954024f7a8,r1-182ef8c554-seed20260921-n1200-rep400
mid,0.5,,,misspecified,57,-0.12583333333333335,,0.003693809995887724,,20260921,182ef8c5541a964205a0ebe54a5f52745a45fb24ea527066a8d3ed954024f7a8,r1-182ef8c554-seed20260921-n1200-rep400
mid,0.5,,,oracle,58,-0.005151450223344456,,0.0022907416355167076,,20260921,182ef8c5541a964205a0ebe54a5f52745a45fb24ea527066a8d3ed954024f7a8,r1-182ef8c554-seed20260921-n1200-rep400
mid,0.5,,,estimated,58,0.007198581560283662,,0.003137550913157228,,20260921,182ef8c5541a964205a0ebe54a5f52745a45fb24ea527066a8d3ed954024f7a8,r1-182ef8c554-seed20260921-n1200-rep400
mid,0.5,,,misspecified,58,-0.14833333333333332,,0.003693809995887724,,20260921,182ef8c5541a964205a0ebe54a5f52745a45fb24ea527066a8d3ed954024f7a8,r1-182ef8c554-seed20260921-n1200-rep400
mid,0.5,,,oracle,59,-0.008054844097604125,,0.0022907416355167076,,20260921,182ef8c5541a964205a0ebe54a5f52745a45fb24ea527066a8d3ed954024f7a8,r1-182ef8c554-seed20260921-n1200-rep400
mid,0.5,,,estimated,59,0.01145833333333332,,0.003137550913157228,,20260921,182ef8c5541a964205a0ebe54a5f52745a45fb24ea527066a8d3ed954024f7a8,r1-182ef8c554-seed20260921-n1200-rep400
mid,0.5,,,misspecified,59,-0.16666666666666666,,0.003693809995887724,,20260921,182ef8c5541a964205a0ebe54a5f52745a45fb24ea527066a8d3ed954024f7a8,r1-182ef8c554-seed20260921-n1200-rep400
mid,0.5,,,oracle,60,-0.004123725001169309,,0.0022907416355167076,,20260921,182ef8c5541a964205a0ebe54a5f52745a45fb24ea527066a8d3ed954024f7a8,r1-182ef8c554-seed20260921-n1200-rep400
mid,0.5,,,estimated,60,-0.009631782945736411,,0.003137550913157228,,20260921,182ef8c5541a964205a0ebe54a5f52745a45fb24ea527066a8d3ed954024f7a8,r1-182ef8c554-seed20260921-n1200-rep400
mid,0.5,,,misspecified,60,-0.14416666666666667,,0.003693809995887724,,20260921,182ef8c5541a964205a0ebe54a5f52745a45fb24ea527066a8d3ed954024f7a8,r1-182ef8c554-seed20260921-n1200-rep400
mid,0.5,,,oracle,61,-0.012733315623976837,,0.0022907416355167076,,20260921,182ef8c5541a964205a0ebe54a5f52745a45fb24ea527066a8d3ed954024f7a8,r1-182ef8c554-seed20260921-n1200-rep400
mid,0.5,,,estimated,61,-0.012356321839080503,,0.003137550913157228,,20260921,182ef8c5541a964205a0ebe54a5f52745a45fb24ea527066a8d3ed954024f7a8,r1-182ef8c554-seed20260921-n1200-rep400
mid,0.5,,,misspecified,61,-0.12666666666666668,,0.003693809995887724,,20260921,182ef8c5541a964205a0ebe54a5f52745a45fb24ea527066a8d3ed954024f7a8,r1-182ef8c554-seed20260921-n1200-rep400
mid,0.5,,,oracle,62,0.008071627122099412,,0.0022907416355167076,,20260921,182ef8c5541a964205a0ebe54a5f52745a45fb24ea527066a8d3ed954024f7a8,r1-182ef8c554-seed20260921-n1200-rep400
mid,0.5,,,estimated,62,0.005689655172413766,,0.003137550913157228,,20260921,182ef8c5541a964205a0ebe54a5f52745a45fb24ea527066a8d3ed954024f7a8,r1-182ef8c554-seed20260921-n1200-rep400
mid,0.5,,,misspecified,62,-0.105,,0.003693809995887724,,20260921,182ef8c5541a964205a0ebe54a5f52745a45fb24ea527066a8d3ed954024f7a8,r1-182ef8c554-seed20260921-n1200-rep400
mid,0.5,,,oracle,63,-0.028274407256345307,,0.0022907416355167076,,20260921,182ef8c5541a964205a0ebe54a5f52745a45fb24ea527066a8d3ed954024f7a8,r1-182ef8c554-seed20260921-n1200-rep400
mid,0.5,,,estimated,63,0.0027920962199312616,,0.003137550913157228,,20260921,182ef8c5541a964205a0ebe54a5f52745a45fb24ea527066a8d3ed954024f7a8,r1-182ef8c554-seed20260921-n1200-rep400
mid,0.5,,,misspecified,63,-0.1625,,0.003693809995887724,,20260921,182ef8c5541a964205a0ebe54a5f52745a45fb24ea527066a8d3ed954024f7a8,r1-182ef8c554-seed20260921-n1200-rep400
mid,0.5,,,oracle,64,-0.008127377382814993,,0.0022907416355167076,,20260921,182ef8c5541a964205a0ebe54a5f52745a45fb24ea527066a8d3ed954024f7a8,r1-182ef8c554-seed20260921-n1200-rep400
mid,0.5,,,estimated,64,-0.009652014652014651,,0.003137550913157228,,20260921,182ef8c5541a964205a0ebe54a5f52745a45fb24ea527066a8d3ed954024f7a8,r1-182ef8c554-seed20260921-n1200-rep400
mid,0.5,,,misspecified,64,-0.15500000000000003,,0.003693809995887724,,20260921,182ef8c5541a964205a0ebe54a5f52745a45fb24ea527066a8d3ed954024f7a8,r1-182ef8c554-seed20260921-n1200-rep400
mid,0.5,,,oracle,65,-0.006334500534741827,,0.0022907416355167076,,20260921,182ef8c5541a964205a0ebe54a5f52745a45fb24ea527066a8d3ed954024f7a8,r1-182ef8c554-seed20260921-n1200-rep400
mid,0.5,,,estimated,65,0.0024725274725274915,,0.003137550913157228,,20260921,182ef8c5541a964205a0ebe54a5f52745a45fb24ea527066a8d3ed954024f7a8,r1-182ef8c554-seed20260921-n1200-rep400
mid,0.5,,,misspecified,65,-0.13833333333333334,,0.003693809995887724,,20260921,182ef8c5541a964205a0ebe54a5f52745a45fb24ea527066a8d3ed954024f7a8,r1-182ef8c554-seed20260921-n1200-rep400
mid,0.5,,,oracle,66,0.00587735130115713,,0.0022907416355167076,,20260921,182ef8c5541a964205a0ebe54a5f52745a45fb24ea527066a8d3ed954024f7a8,r1-182ef8c554-seed20260921-n1200-rep400
mid,0.5,,,estimated,66,-0.0027586206896551835,,0.003137550913157228,,20260921,182ef8c5541a964205a0ebe54a5f52745a45fb24ea527066a8d3ed954024f7a8,r1-182ef8c554-seed20260921-n1200-rep400
mid,0.5,,,misspecified,66,-0.13,,0.003693809995887724,,20260921,182ef8c5541a964205a0ebe54a5f52745a45fb24ea527066a8d3ed954024f7a8,r1-182ef8c554-seed20260921-n1200-rep400
mid,0.5,,,oracle,67,0.007649504819922631,,0.0022907416355167076,,20260921,182ef8c5541a964205a0ebe54a5f52745a45fb24ea527066a8d3ed954024f7a8,r1-182ef8c554-seed20260921-n1200-rep400
mid,0.5,,,estimated,67,-0.023749999999999993,,0.003137550913157228,,20260921,182ef8c5541a964205a0ebe54a5f52745a45fb24ea527066a8d3ed954024f7a8,r1-182ef8c554-seed20260921-n1200-rep400
mid,0.5,,,misspecified,67,-0.13833333333333334,,0.003693809995887724,,20260921,182ef8c5541a964205a0ebe54a5f52745a45fb24ea527066a8d3ed954024f7a8,r1-182ef8c554-seed20260921-n1200-rep400
mid,0.5,,,oracle,68,-0.0043557869652536,,0.0022907416355167076,,20260921,182ef8c5541a964205a0ebe54a5f52745a45fb24ea527066a8d3ed954024f7a8,r1-182ef8c554-seed20260921-n1200-rep400
mid,0.5,,,estimated,68,-0.008764367816091967,,0.003137550913157228,,20260921,182ef8c5541a964205a0ebe54a5f52745a45fb24ea527066a8d3ed954024f7a8,r1-182ef8c554-seed20260921-n1200-rep400
mid,0.5,,,misspecified,68,-0.13083333333333336,,0.003693809995887724,,20260921,182ef8c5541a964205a0ebe54a5f52745a45fb24ea527066a8d3ed954024f7a8,r1-182ef8c554-seed20260921-n1200-rep400
mid,0.5,,,oracle,69,0.005773730954712675,,0.0022907416355167076,,20260921,182ef8c5541a964205a0ebe54a5f52745a45fb24ea527066a8d3ed954024f7a8,r1-182ef8c554-seed20260921-n1200-rep400
mid,0.5,,,estimated,69,-0.0184803921568627,,0.003137550913157228,,20260921,182ef8c5541a964205a0ebe54a5f52745a45fb24ea527066a8d3ed954024f7a8,r1-182ef8c554-seed20260921-n1200-rep400
mid,0.5,,,misspecified,69,-0.13416666666666666,,0.003693809995887724,,20260921,182ef8c5541a964205a0ebe54a5f52745a45fb24ea527066a8d3ed954024f7a8,r1-182ef8c554-seed20260921-n1200-rep400
mid,0.5,,,oracle,70,-0.007729812360723898,,0.0022907416355167076,,20260921,182ef8c5541a964205a0ebe54a5f52745a45fb24ea527066a8d3ed954024f7a8,r1-182ef8c554-seed20260921-n1200-rep400
mid,0.5,,,estimated,70,-0.028796296296296292,,0.003137550913157228,,20260921,182ef8c5541a964205a0ebe54a5f52745a45fb24ea527066a8d3ed954024f7a8,r1-182ef8c554-seed20260921-n1200-rep400
mid,0.5,,,misspecified,70,-0.12083333333333335,,0.003693809995887724,,20260921,182ef8c5541a964205a0ebe54a5f52745a45fb24ea527066a8d3ed954024f7a8,r1-182ef8c554-seed20260921-n1200-rep400
mid,0.5,,,oracle,71,-0.0032727540506548025,,0.0022907416355167076,,20260921,182ef8c5541a964205a0ebe54a5f52745a45fb24ea527066a8d3ed954024f7a8,r1-182ef8c554-seed20260921-n1200-rep400
mid,0.5,,,estimated,71,-0.002826086956521784,,0.003137550913157228,,20260921,182ef8c5541a964205a0ebe54a5f52745a45fb24ea527066a8d3ed954024f7a8,r1-182ef8c554-seed20260921-n1200-rep400
mid,0.5,,,misspecified,71,-0.16166666666666668,,0.003693809995887724,,20260921,182ef8c5541a964205a0ebe54a5f52745a45fb24ea527066a8d3ed954024f7a8,r1-182ef8c554-seed20260921-n1200-rep400
mid,0.5,,,oracle,72,-0.017091470768837186,,0.0022907416355167076,,20260921,182ef8c5541a964205a0ebe54a5f52745a45fb24ea527066a8d3ed954024f7a8,r1-182ef8c554-seed20260921-n1200-rep400
mid,0.5,,,estimated,72,-0.02058052434456928,,0.003137550913157228,,20260921,182ef8c5541a964205a0ebe54a5f52745a45fb24ea527066a8d3ed954024f7a8,r1-182ef8c554-seed20260921-n1200-rep400
mid,0.5,,,misspecified,72,-0.16666666666666669,,0.003693809995887724,,20260921,182ef8c5541a964205a0ebe54a5f52745a45fb24ea527066a8d3ed954024f7a8,r1-182ef8c554-seed20260921-n1200-rep400
mid,0.5,,,oracle,73,0.009730743285779803,,0.0022907416355167076,,20260921,182ef8c5541a964205a0ebe54a5f52745a45fb24ea527066a8d3ed954024f7a8,r1-182ef8c554-seed20260921-n1200-rep400
mid,0.5,,,estimated,73,0.003445692883895124,,0.003137550913157228,,20260921,182ef8c5541a964205a0ebe54a5f52745a45fb24ea527066a8d3ed954024f7a8,r1-182ef8c554-seed20260921-n1200-rep400
mid,0.5,,,misspecified,73,-0.13666666666666666,,0.003693809995887724,,20260921,182ef8c5541a964205a0ebe54a5f52745a45fb24ea527066a8d3ed954024f7a8,r1-182ef8c554-seed20260921-n1200-rep400
mid,0.5,,,oracle,74,-0.01890456029650553,,0.0022907416355167076,,20260921,182ef8c5541a964205a0ebe54a5f52745a45fb24ea527066a8d3ed954024f7a8,r1-182ef8c554-seed20260921-n1200-rep400
mid,0.5,,,estimated,74,-0.025290697674418577,,0.003137550913157228,,20260921,182ef8c5541a964205a0ebe54a5f52745a45fb24ea527066a8d3ed954024f7a8,r1-182ef8c554-seed20260921-n1200-rep400
mid,0.5,,,misspecified,74,-0.16083333333333333,,0.003693809995887724,,20260921,182ef8c5541a964205a0ebe54a5f52745a45fb24ea527066a8d3ed954024f7a8,r1-182ef8c554-seed20260921-n1200-rep400
mid,0.5,,,oracle,75,-0.015268125924197573,,0.0022907416355167076,,20260921,182ef8c5541a964205a0ebe54a5f52745a45fb24ea527066a8d3ed954024f7a8,r1-182ef8c554-seed20260921-n1200-rep400
mid,0.5,,,estimated,75,-0.03406862745098038,,0.003137550913157228,,20260921,182ef8c5541a964205a0ebe54a5f52745a45fb24ea527066a8d3ed954024f7a8,r1-182ef8c554-seed20260921-n1200-rep400
mid,0.5,,,misspecified,75,-0.15416666666666667,,0.003693809995887724,,20260921,182ef8c5541a964205a0ebe54a5f52745a45fb24ea527066a8d3ed954024f7a8,r1-182ef8c554-seed20260921-n1200-rep400
mid,0.5,,,oracle,76,0.0053807150687100735,,0.0022907416355167076,,20260921,182ef8c5541a964205a0ebe54a5f52745a45fb24ea527066a8d3ed954024f7a8,r1-182ef8c554-seed20260921-n1200-rep400
mid,0.5,,,estimated,76,-0.030000000000000027,,0.003137550913157228,,20260921,182ef8c5541a964205a0ebe54a5f52745a45fb24ea527066a8d3ed954024f7a8,r1-182ef8c554-seed20260921-n1200-rep400
mid,0.5,,,misspecified,76,-0.125,,0.003693809995887724,,20260921,182ef8c5541a964205a0ebe54a5f52745a45fb24ea527066a8d3ed954024f7a8,r1-182ef8c554-seed20260921-n1200-rep400
mid,0.5,,,oracle,77,-0.015740307982796548,,0.0022907416355167076,,20260921,182ef8c5541a964205a0ebe54a5f52745a45fb24ea527066a8d3ed954024f7a8,r1-182ef8c554-seed20260921-n1200-rep400
mid,0.5,,,estimated,77,-0.013525641025641022,,0.003137550913157228,,20260921,182ef8c5541a964205a0ebe54a5f52745a45fb24ea527066a8d3ed954024f7a8,r1-182ef8c554-seed20260921-n1200-rep400
mid,0.5,,,misspecified,77,-0.1725,,0.003693809995887724,,20260921,182ef8c5541a964205a0ebe54a5f52745a45fb24ea527066a8d3ed954024f7a8,r1-182ef8c554-seed20260921-n1200-rep400
mid,0.5,,,oracle,78,-0.0013145946124153152,,0.0022907416355167076,,20260921,182ef8c5541a964205a0ebe54a5f52745a45fb24ea527066a8d3ed954024f7a8,r1-182ef8c554-seed20260921-n1200-rep400
mid,0.5,,,estimated,78,-0.029351851851851823,,0.003137550913157228,,20260921,182ef8c5541a964205a0ebe54a5f52745a45fb24ea527066a8d3ed954024f7a8,r1-182ef8c554-seed20260921-n1200-rep400
mid,0.5,,,misspecified,78,-0.1408333333333333,,0.003693809995887724,,20260921,182ef8c5541a964205a0ebe54a5f52745a45fb24ea527066a8d3ed954024f7a8,r1-182ef8c554-seed20260921-n1200-rep400
mid,0.5,,,oracle,79,0.02268471327977628,,0.0022907416355167076,,20260921,182ef8c5541a964205a0ebe54a5f52745a45fb24ea527066a8d3ed954024f7a8,r1-182ef8c554-seed20260921-n1200-rep400
mid,0.5,,,estimated,79,0.015833333333333338,,0.003137550913157228,,20260921,182ef8c5541a964205a0ebe54a5f52745a45fb24ea527066a8d3ed954024f7a8,r1-182ef8c554-seed20260921-n1200-rep400
mid,0.5,,,misspecified,79,-0.1225,,0.003693809995887724,,20260921,182ef8c5541a964205a0ebe54a5f52745a45fb24ea527066a8d3ed954024f7a8,r1-182ef8c554-seed20260921-n1200-rep400
mid,0.5,,,oracle,80,-0.022930860950407722,,0.0022907416355167076,,20260921,182ef8c5541a964205a0ebe54a5f52745a45fb24ea527066a8d3ed954024f7a8,r1-182ef8c554-seed20260921-n1200-rep400
mid,0.5,,,estimated,80,-0.001041666666666663,,0.003137550913157228,,20260921,182ef8c5541a964205a0ebe54a5f52745a45fb24ea527066a8d3ed954024f7a8,r1-182ef8c554-seed20260921-n1200-rep400
mid,0.5,,,misspecified,80,-0.16916666666666666,,0.003693809995887724,,20260921,182ef8c5541a964205a0ebe54a5f52745a45fb24ea527066a8d3ed954024f7a8,r1-182ef8c554-seed20260921-n1200-rep400
mid,0.5,,,oracle,81,0.00881277155237642,,0.0022907416355167076,,20260921,182ef8c5541a964205a0ebe54a5f52745a45fb24ea527066a8d3ed954024f7a8,r1-182ef8c554-seed20260921-n1200-rep400
mid,0.5,,,estimated,81,-0.0006782945736433788,,0.003137550913157228,,20260921,182ef8c5541a964205a0ebe54a5f52745a45fb24ea527066a8d3ed954024f7a8,r1-182ef8c554-seed20260921-n1200-rep400
mid,0.5,,,misspecified,81,-0.12916666666666665,,0.003693809995887724,,20260921,182ef8c5541a964205a0ebe54a5f52745a45fb24ea527066a8d3ed954024f7a8,r1-182ef8c554-seed20260921-n1200-rep400
mid,0.5,,,oracle,82,-0.011096827956633665,,0.0022907416355167076,,20260921,182ef8c5541a964205a0ebe54a5f52745a45fb24ea527066a8d3ed954024f7a8,r1-182ef8c554-seed20260921-n1200-rep400
mid,0.5,,,estimated,82,-0.03325301204819278,,0.003137550913157228,,20260921,182ef8c5541a964205a0ebe54a5f52745a45fb24ea527066a8d3ed954024f7a8,r1-182ef8c554-seed20260921-n1200-rep400
mid,0.5,,,misspecified,82,-0.15333333333333332,,0.003693809995887724,,20260921,182ef8c5541a964205a0ebe54a5f52745a45fb24ea527066a8d3ed954024f7a8,r1-182ef8c554-seed20260921-n1200-rep400
mid,0.5,,,oracle,83,0.001988983202202421,,0.0022907416355167076,,20260921,182ef8c5541a964205a0ebe54a5f52745a45fb24ea527066a8d3ed954024f7a8,r1-182ef8c554-seed20260921-n1200-rep400
mid,0.5,,,estimated,83,8.426966292141014e-05,,0.003137550913157228,,20260921,182ef8c5541a964205a0ebe54a5f52745a45fb24ea527066a8d3ed954024f7a8,r1-182ef8c554-seed20260921-n1200-rep400
mid,0.5,,,misspecified,83,-0.12916666666666665,,0.003693809995887724,,20260921,182ef8c5541a964205a0ebe54a5f52745a45fb24ea527066a8d3ed954024f7a8,r1-182ef8c554-seed20260921-n1200-rep400
mid,0.5,,,oracle,84,-0.003112025348107561,,0.0022907416355167076,,20260921,182ef8c5541a964205a0ebe54a5f52745a45fb24ea527066a8d3ed954024f7a8,r1-182ef8c554-seed20260921-n1200-rep400
mid,0.5,,,estimated,84,0.005507246376811575,,0.003137550913157228,,20260921,182ef8c5541a964205a0ebe54a5f52745a45fb24ea527066a8d3ed954024f7a8,r1-182ef8c554-seed20260921-n1200-rep400
mid,0.5,,,misspecified,84,-0.14,,0.003693809995887724,,20260921,182ef8c5541a964205a0ebe54a5f52745a45fb24ea527066a8d3ed954024f7a8,r1-182ef8c554-seed20260921-n1200-rep400
mid,0.5,,,oracle,85,-0.005564429387623998,,0.0022907416355167076,,20260921,182ef8c5541a964205a0ebe54a5f52745a45fb24ea527066a8d3ed954024f7a8,r1-182ef8c554-seed20260921-n1200-rep400
mid,0.5,,,estimated,85,-0.00036231884057968955,,0.003137550913157228,,20260921,182ef8c5541a964205a0ebe54a5f52745a45fb24ea527066a8d3ed954024f7a8,r1-182ef8c554-seed20260921-n1200-rep400
mid,0.5,,,misspecified,85,-0.16499999999999998,,0.003693809995887724,,20260921,182ef8c5541a964205a0ebe54a5f52745a45fb24ea527066a8d3ed954024f7a8,r1-182ef8c554-seed20260921-n1200-rep400
mid,0.5,,,oracle,86,-0.012328250991649387,,0.0022907416355167076,,20260921,182ef8c5541a964205a0ebe54a5f52745a45fb24ea527066a8d3ed954024f7a8,r1-182ef8c554-seed20260921-n1200-rep400
mid,0.5,,,estimated,86,-0.025952380952380977,,0.003137550913157228,,20260921,182ef8c5541a964205a0ebe54a5f52745a45fb24ea527066a8d3ed954024f7a8,r1-182ef8c554-seed20260921-n1200-rep400
mid,0.5,,,misspecified,86,-0.14500000000000002,,0.003693809995887724,,20260921,182ef8c5541a964205a0ebe54a5f52745a45fb24ea527066a8d3ed954024f7a8,r1-182ef8c554-seed20260921-n1200-rep400
mid,0.5,,,oracle,87,-0.010390711148739518,,0.0022907416355167076,,20260921,182ef8c5541a964205a0ebe54a5f52745a45fb24ea527066a8d3ed954024f7a8,r1-182ef8c554-seed20260921-n1200-rep400
mid,0.5,,,estimated,87,0.011056701030927818,,0.003137550913157228,,20260921,182ef8c5541a964205a0ebe54a5f52745a45fb24ea527066a8d3ed954024f7a8,r1-182ef8c554-seed20260921-n1200-rep400
mid,0.5,,,misspecified,87,-0.1625,,0.003693809995887724,,20260921,182ef8c5541a964205a0ebe54a5f52745a45fb24ea527066a8d3ed954024f7a8,r1-182ef8c554-seed20260921-n1200-rep400
mid,0.5,,,oracle,88,0.018115289870207857,,0.0022907416355167076,,20260921,182ef8c5541a964205a0ebe54a5f52745a45fb24ea527066a8d3ed954024f7a8,r1-182ef8c554-seed20260921-n1200-rep400
mid,0.5,,,estimated,88,-0.003965863453815249,,0.003137550913157228,,20260921,182ef8c5541a964205a0ebe54a5f52745a45fb24ea527066a8d3ed954024f7a8,r1-182ef8c554-seed20260921-n1200-rep400
mid,0.5,,,misspecified,88,-0.11249999999999999,,0.003693809995887724,,20260921,182ef8c5541a964205a0ebe54a5f52745a45fb24ea527066a8d3ed954024f7a8,r1-182ef8c554-seed20260921-n1200-rep400
mid,0.5,,,oracle,89,-0.026005692056765756,,0.0022907416355167076,,20260921,182ef8c5541a964205a0ebe54a5f52745a45fb24ea527066a8d3ed954024f7a8,r1-182ef8c554-seed20260921-n1200-rep400
mid,0.5,,,estimated,89,-0.025805243445692905,,0.003137550913157228,,20260921,182ef8c5541a964205a0ebe54a5f52745a45fb24ea527066a8d3ed954024f7a8,r1-182ef8c554-seed20260921-n1200-rep400
mid,0.5,,,misspecified,89,-0.18166666666666667,,0.003693809995887724,,20260921,182ef8c5541a964205a0ebe54a5f52745a45fb24ea527066a8d3ed954024f7a8,r1-182ef8c554-seed20260921-n1200-rep400
mid,0.5,,,oracle,90,0.00030134867889397565,,0.0022907416355167076,,20260921,182ef8c5541a964205a0ebe54a5f52745a45fb24ea527066a8d3ed954024f7a8,r1-182ef8c554-seed20260921-n1200-rep400
mid,0.5,,,estimated,90,0.004597069597069597,,0.003137550913157228,,20260921,182ef8c5541a964205a0ebe54a5f52745a45fb24ea527066a8d3ed954024f7a8,r1-182ef8c554-seed20260921-n1200-rep400
mid,0.5,,,misspecified,90,-0.13166666666666665,,0.003693809995887724,,20260921,182ef8c5541a964205a0ebe54a5f52745a45fb24ea527066a8d3ed954024f7a8,r1-182ef8c554-seed20260921-n1200-rep400
mid,0.5,,,oracle,91,0.01133441239804106,,0.0022907416355167076,,20260921,182ef8c5541a964205a0ebe54a5f52745a45fb24ea527066a8d3ed954024f7a8,r1-182ef8c554-seed20260921-n1200-rep400
mid,0.5,,,estimated,91,0.01100732600732604,,0.003137550913157228,,20260921,182ef8c5541a964205a0ebe54a5f52745a45fb24ea527066a8d3ed954024f7a8,r1-182ef8c554-seed20260921-n1200-rep400
mid,0.5,,,misspecified,91,-0.11333333333333331,,0.003693809995887724,,20260921,182ef8c5541a964205a0ebe54a5f52745a45fb24ea527066a8d3ed954024f7a8,r1-182ef8c554-seed20260921-n1200-rep400
mid,0.5,,,oracle,92,-0.0006389705373633647,,0.0022907416355167076,,20260921,182ef8c5541a964205a0ebe54a5f52745a45fb24ea527066a8d3ed954024f7a8,r1-182ef8c554-seed20260921-n1200-rep400
mid,0.5,,,estimated,92,-0.011372549019607825,,0.003137550913157228,,20260921,182ef8c5541a964205a0ebe54a5f52745a45fb24ea527066a8d3ed954024f7a8,r1-182ef8c554-seed20260921-n1200-rep400
mid,0.5,,,misspecified,92,-0.13,,0.003693809995887724,,20260921,182ef8c5541a964205a0ebe54a5f52745a45fb24ea527066a8d3ed954024f7a8,r1-182ef8c554-seed20260921-n1200-rep400
mid,0.5,,,oracle,93,-0.00670323653013527,,0.0022907416355167076,,20260921,182ef8c5541a964205a0ebe54a5f52745a45fb24ea527066a8d3ed954024f7a8,r1-182ef8c554-seed20260921-n1200-rep400
mid,0.5,,,estimated,93,-0.021911764705882325,,0.003137550913157228,,20260921,182ef8c5541a964205a0ebe54a5f52745a45fb24ea527066a8d3ed954024f7a8,r1-182ef8c554-seed20260921-n1200-rep400
mid,0.5,,,misspecified,93,-0.15083333333333332,,0.003693809995887724,,20260921,182ef8c5541a964205a0ebe54a5f52745a45fb24ea527066a8d3ed954024f7a8,r1-182ef8c554-seed20260921-n1200-rep400
mid,0.5,,,oracle,94,-0.017403451285269517,,0.0022907416355167076,,20260921,182ef8c5541a964205a0ebe54a5f52745a45fb24ea527066a8d3ed954024f7a8,r1-182ef8c554-seed20260921-n1200-rep400
mid,0.5,,,estimated,94,-0.04708333333333331,,0.003137550913157228,,20260921,182ef8c5541a964205a0ebe54a5f52745a45fb24ea527066a8d3ed954024f7a8,r1-182ef8c554-seed20260921-n1200-rep400
mid,0.5,,,misspecified,94,-0.14833333333333332,,0.003693809995887724,,20260921,182ef8c5541a964205a0ebe54a5f52745a45fb24ea527066a8d3ed954024f7a8,r1-182ef8c554-seed20260921-n1200-rep400
mid,0.5,,,oracle,95,0.00024692976587131765,,0.0022907416355167076,,20260921,182ef8c5541a964205a0ebe54a5f52745a45fb24ea527066a8d3ed954024f7a8,r1-182ef8c554-seed20260921-n1200-rep400
mid,0.5,,,estimated,95,0.004924242424242442,,0.003137550913157228,,20260921,182ef8c5541a964205a0ebe54a5f52745a45fb24ea527066a8d3ed954024f7a8,r1-182ef8c554-seed20260921-n1200-rep400
mid,0.5,,,misspecified,95,-0.10750000000000001,,0.003693809995887724,,20260921,182ef8c5541a964205a0ebe54a5f52745a45fb24ea527066a8d3ed954024f7a8,r1-182ef8c554-seed20260921-n1200-rep400
mid,0.5,,,oracle,96,-0.002470587571136773,,0.0022907416355167076,,20260921,182ef8c5541a964205a0ebe54a5f52745a45fb24ea527066a8d3ed954024f7a8,r1-182ef8c554-seed20260921-n1200-rep400
mid,0.5,,,estimated,96,-0.03624999999999998,,0.003137550913157228,,20260921,182ef8c5541a964205a0ebe54a5f52745a45fb24ea527066a8d3ed954024f7a8,r1-182ef8c554-seed20260921-n1200-rep400
mid,0.5,,,misspecified,96,-0.14416666666666667,,0.003693809995887724,,20260921,182ef8c5541a964205a0ebe54a5f52745a45fb24ea527066a8d3ed954024f7a8,r1-182ef8c554-seed20260921-n1200-rep400
mid,0.5,,,oracle,97,0.0034790208512444076,,0.0022907416355167076,,20260921,182ef8c5541a964205a0ebe54a5f52745a45fb24ea527066a8d3ed954024f7a8,r1-182ef8c554-seed20260921-n1200-rep400
mid,0.5,,,estimated,97,-0.0069117647058823395,,0.003137550913157228,,20260921,182ef8c5541a964205a0ebe54a5f52745a45fb24ea527066a8d3ed954024f7a8,r1-182ef8c554-seed20260921-n1200-rep400
mid,0.5,,,misspecified,97,-0.13583333333333336,,0.003693809995887724,,20260921,182ef8c5541a964205a0ebe54a5f52745a45fb24ea527066a8d3ed954024f7a8,r1-182ef8c554-seed20260921-n1200-rep400
mid,0.5,,,oracle,98,0.019267581754552426,,0.0022907416355167076,,20260921,182ef8c5541a964205a0ebe54a5f52745a45fb24ea527066a8d3ed954024f7a8,r1-182ef8c554-seed20260921-n1200-rep400
mid,0.5,,,estimated,98,-0.01599593495934956,,0.003137550913157228,,20260921,182ef8c5541a964205a0ebe54a5f52745a45fb24ea527066a8d3ed954024f7a8,r1-182ef8c554-seed20260921-n1200-rep400
mid,0.5,,,misspecified,98,-0.11750000000000001,,0.003693809995887724,,20260921,182ef8c5541a964205a0ebe54a5f52745a45fb24ea527066a8d3ed954024f7a8,r1-182ef8c554-seed20260921-n1200-rep400
mid,0.5,,,oracle,99,0.015984028118241456,,0.0022907416355167076,,20260921,182ef8c5541a964205a0ebe54a5f52745a45fb24ea527066a8d3ed954024f7a8,r1-182ef8c554-seed20260921-n1200-rep400
mid,0.5,,,estimated,99,-0.021951476793248964,,0.003137550913157228,,20260921,182ef8c5541a964205a0ebe54a5f52745a45fb24ea527066a8d3ed954024f7a8,r1-182ef8c554-seed20260921-n1200-rep400
mid,0.5,,,misspecified,99,-0.12416666666666666,,0.003693809995887724,,20260921,182ef8c5541a964205a0ebe54a5f52745a45fb24ea527066a8d3ed954024f7a8,r1-182ef8c554-seed20260921-n1200-rep400
mid,0.5,,,oracle,100,0.008113358152272376,,0.0022907416355167076,,20260921,182ef8c5541a964205a0ebe54a5f52745a45fb24ea527066a8d3ed954024f7a8,r1-182ef8c554-seed20260921-n1200-rep400
mid,0.5,,,estimated,100,0.003888888888888914,,0.003137550913157228,,20260921,182ef8c5541a964205a0ebe54a5f52745a45fb24ea527066a8d3ed954024f7a8,r1-182ef8c554-seed20260921-n1200-rep400
mid,0.5,,,misspecified,100,-0.14166666666666666,,0.003693809995887724,,20260921,182ef8c5541a964205a0ebe54a5f52745a45fb24ea527066a8d3ed954024f7a8,r1-182ef8c554-seed20260921-n1200-rep400
mid,0.5,,,oracle,101,4.1953633793057055e-05,,0.0022907416355167076,,20260921,182ef8c5541a964205a0ebe54a5f52745a45fb24ea527066a8d3ed954024f7a8,r1-182ef8c554-seed20260921-n1200-rep400
mid,0.5,,,estimated,101,0.023622448979591898,,0.003137550913157228,,20260921,182ef8c5541a964205a0ebe54a5f52745a45fb24ea527066a8d3ed954024f7a8,r1-182ef8c554-seed20260921-n1200-rep400
mid,0.5,,,misspecified,101,-0.13083333333333333,,0.003693809995887724,,20260921,182ef8c5541a964205a0ebe54a5f52745a45fb24ea527066a8d3ed954024f7a8,r1-182ef8c554-seed20260921-n1200-rep400
mid,0.5,,,oracle,102,-0.029563540842061975,,0.0022907416355167076,,20260921,182ef8c5541a964205a0ebe54a5f52745a45fb24ea527066a8d3ed954024f7a8,r1-182ef8c554-seed20260921-n1200-rep400
mid,0.5,,,estimated,102,-0.02194139194139194,,0.003137550913157228,,20260921,182ef8c5541a964205a0ebe54a5f52745a45fb24ea527066a8d3ed954024f7a8,r1-182ef8c554-seed20260921-n1200-rep400
mid,0.5,,,misspecified,102,-0.19,,0.003693809995887724,,20260921,182ef8c5541a964205a0ebe54a5f52745a45fb24ea527066a8d3ed954024f7a8,r1-182ef8c554-seed20260921-n1200-rep400
mid,0.5,,,oracle,103,0.004002771450842407,,0.0022907416355167076,,20260921,182ef8c5541a964205a0ebe54a5f52745a45fb24ea527066a8d3ed954024f7a8,r1-182ef8c554-seed20260921-n1200-rep400
mid,0.5,,,estimated,103,-0.009318181818181837,,0.003137550913157228,,20260921,182ef8c5541a964205a0ebe54a5f52745a45fb24ea527066a8d3ed954024f7a8,r1-182ef8c554-seed20260921-n1200-rep400
mid,0.5,,,misspecified,103,-0.14083333333333334,,0.003693809995887724,,20260921,182ef8c5541a964205a0ebe54a5f52745a45fb24ea527066a8d3ed954024f7a8,r1-182ef8c554-seed20260921-n1200-rep400
mid,0.5,,,oracle,104,-0.017279861299001803,,0.0022907416355167076,,20260921,182ef8c5541a964205a0ebe54a5f52745a45fb24ea527066a8d3ed954024f7a8,r1-182ef8c554-seed20260921-n1200-rep400
mid,0.5,,,estimated,104,-0.020833333333333287,,0.003137550913157228,,20260921,182ef8c5541a964205a0ebe54a5f52745a45fb24ea527066a8d3ed954024f7a8,r1-182ef8c554-seed20260921-n1200-rep400
mid,0.5,,,misspecified,104,-0.1825,,0.003693809995887724,,20260921,182ef8c5541a964205a0ebe54a5f52745a45fb24ea527066a8d3ed954024f7a8,r1-182ef8c554-seed20260921-n1200-rep400
mid,0.5,,,oracle,105,-0.0041596839088046955,,0.0022907416355167076,,20260921,182ef8c5541a964205a0ebe54a5f52745a45fb24ea527066a8d3ed954024f7a8,r1-182ef8c554-seed20260921-n1200-rep400
mid,0.5,,,estimated,105,0.019298245614035092,,0.003137550913157228,,20260921,182ef8c5541a964205a0ebe54a5f52745a45fb24ea527066a8d3ed954024f7a8,r1-182ef8c554-seed20260921-n1200-rep400
mid,0.5,,,misspecified,105,-0.12499999999999999,,0.003693809995887724,,20260921,182ef8c5541a964205a0ebe54a5f52745a45fb24ea527066a8d3ed954024f7a8,r1-182ef8c554-seed20260921-n1200-rep400
mid,0.5,,,oracle,106,-0.012688630227430109,,0.0022907416355167076,,20260921,182ef8c5541a964205a0ebe54a5f52745a45fb24ea527066a8d3ed954024f7a8,r1-182ef8c554-seed20260921-n1200-rep400
mid,0.5,,,estimated,106,-0.02004681647940071,,0.003137550913157228,,20260921,182ef8c5541a964205a0ebe54a5f52745a45fb24ea527066a8d3ed954024f7a8,r1-182ef8c554-seed20260921-n1200-rep400
mid,0.5,,,misspecified,106,-0.17916666666666667,,0.003693809995887724,,20260921,182ef8c5541a964205a0ebe54a5f52745a45fb24ea527066a8d3ed954024f7a8,r1-182ef8c554-seed20260921-n1200-rep400
mid,0.5,,,oracle,107,-0.014925295636862151,,0.0022907416355167076,,20260921,182ef8c5541a964205a0ebe54a5f52745a45fb24ea527066a8d3ed954024f7a8,r1-182ef8c554-seed20260921-n1200-rep400
mid,0.5,,,estimated,107,-0.023936781609195434,,0.003137550913157228,,20260921,182ef8c5541a964205a0ebe54a5f52745a45fb24ea527066a8d3ed954024f7a8,r1-182ef8c554-seed20260921-n1200-rep400
mid,0.5,,,misspecified,107,-0.15583333333333332,,0.003693809995887724,,20260921,182ef8c5541a964205a0ebe54a5f52745a45fb24ea527066a8d3ed954024f7a8,r1-182ef8c554-seed20260921-n1200-rep400
mid,0.5,,,oracle,108,0.004617338433146517,,0.0022907416355167076,,20260921,182ef8c5541a964205a0ebe54a5f52745a45fb24ea527066a8d3ed954024f7a8,r1-182ef8c554-seed20260921-n1200-rep400
mid,0.5,,,estimated,108,-0.01649224806201549,,0.003137550913157228,,20260921,182ef8c5541a964205a0ebe54a5f52745a45fb24ea527066a8d3ed954024f7a8,r1-182ef8c554-seed20260921-n1200-rep400
mid,0.5,,,misspecified,108,-0.1475,,0.003693809995887724,,20260921,182ef8c5541a964205a0ebe54a5f52745a45fb24ea527066a8d3ed954024f7a8,r1-182ef8c554-seed20260921-n1200-rep400
mid,0.5,,,oracle,109,-0.03254035001218536,,0.0022907416355167076,,20260921,182ef8c5541a964205a0ebe54a5f52745a45fb24ea527066a8d3ed954024f7a8,r1-182ef8c554-seed20260921-n1200-rep400
mid,0.5,,,estimated,109,-0.034310344827586214,,0.003137550913157228,,20260921,182ef8c5541a964205a0ebe54a5f52745a45fb24ea527066a8d3ed954024f7a8,r1-182ef8c554-seed20260921-n1200-rep400
mid,0.5,,,misspecified,109,-0.16,,0.003693809995887724,,20260921,182ef8c5541a964205a0ebe54a5f52745a45fb24ea527066a8d3ed954024f7a8,r1-182ef8c554-seed20260921-n1200-rep400
mid,0.5,,,oracle,110,-0.015798874853573702,,0.0022907416355167076,,20260921,182ef8c5541a964205a0ebe54a5f52745a45fb24ea527066a8d3ed954024f7a8,r1-182ef8c554-seed20260921-n1200-rep400
mid,0.5,,,estimated,110,-0.025581395348837216,,0.003137550913157228,,20260921,182ef8c5541a964205a0ebe54a5f52745a45fb24ea527066a8d3ed954024f7a8,r1-182ef8c554-seed20260921-n1200-rep400
mid,0.5,,,misspecified,110,-0.16666666666666666,,0.003693809995887724,,20260921,182ef8c5541a964205a0ebe54a5f52745a45fb24ea527066a8d3ed954024f7a8,r1-182ef8c554-seed20260921-n1200-rep400
mid,0.5,,,oracle,111,-0.010427219647587055,,0.0022907416355167076,,20260921,182ef8c5541a964205a0ebe54a5f52745a45fb24ea527066a8d3ed954024f7a8,r1-182ef8c554-seed20260921-n1200-rep400
mid,0.5,,,estimated,111,-0.046181434599156135,,0.003137550913157228,,20260921,182ef8c5541a964205a0ebe54a5f52745a45fb24ea527066a8d3ed954024f7a8,r1-182ef8c554-seed20260921-n1200-rep400
mid,0.5,,,misspecified,111,-0.15,,0.003693809995887724,,20260921,182ef8c5541a964205a0ebe54a5f52745a45fb24ea527066a8d3ed954024f7a8,r1-182ef8c554-seed20260921-n1200-rep400
mid,0.5,,,oracle,112,0.018022324207796037,,0.0022907416355167076,,20260921,182ef8c5541a964205a0ebe54a5f52745a45fb24ea527066a8d3ed954024f7a8,r1-182ef8c554-seed20260921-n1200-rep400
mid,0.5,,,estimated,112,-0.013227848101265843,,0.003137550913157228,,20260921,182ef8c5541a964205a0ebe54a5f52745a45fb24ea527066a8d3ed954024f7a8,r1-182ef8c554-seed20260921-n1200-rep400
mid,0.5,,,misspecified,112,-0.095,,0.003693809995887724,,20260921,182ef8c5541a964205a0ebe54a5f52745a45fb24ea527066a8d3ed954024f7a8,r1-182ef8c554-seed20260921-n1200-rep400
mid,0.5,,,oracle,113,-0.005642833316108542,,0.0022907416355167076,,20260921,182ef8c5541a964205a0ebe54a5f52745a45fb24ea527066a8d3ed954024f7a8,r1-182ef8c554-seed20260921-n1200-rep400
mid,0.5,,,estimated,113,-0.041388888888888864,,0.003137550913157228,,20260921,182ef8c5541a964205a0ebe54a5f52745a45fb24ea527066a8d3ed954024f7a8,r1-182ef8c554-seed20260921-n1200-rep400
mid,0.5,,,misspecified,113,-0.15416666666666667,,0.003693809995887724,,20260921,182ef8c5541a964205a0ebe54a5f52745a45fb24ea527066a8d3ed954024f7a8,r1-182ef8c554-seed20260921-n1200-rep400
mid,0.5,,,oracle,114,0.001399474370252285,,0.0022907416355167076,,20260921,182ef8c5541a964205a0ebe54a5f52745a45fb24ea527066a8d3ed954024f7a8,r1-182ef8c554-seed20260921-n1200-rep400
mid,0.5,,,estimated,114,0.0003021978021978122,,0.003137550913157228,,20260921,182ef8c5541a964205a0ebe54a5f52745a45fb24ea527066a8d3ed954024f7a8,r1-182ef8c554-seed20260921-n1200-rep400
mid,0.5,,,misspecified,114,-0.15583333333333332,,0.003693809995887724,,20260921,182ef8c5541a964205a0ebe54a5f52745a45fb24ea527066a8d3ed954024f7a8,r1-182ef8c554-seed20260921-n1200-rep400
mid,0.5,,,oracle,115,-0.0007362974472866213,,0.0022907416355167076,,20260921,182ef8c5541a964205a0ebe54a5f52745a45fb24ea527066a8d3ed954024f7a8,r1-182ef8c554-seed20260921-n1200-rep400
mid,0.5,,,estimated,115,0.001418439716312031,,0.003137550913157228,,20260921,182ef8c5541a964205a0ebe54a5f52745a45fb24ea527066a8d3ed954024f7a8,r1-182ef8c554-seed20260921-n1200-rep400
mid,0.5,,,misspecified,115,-0.15833333333333333,,0.003693809995887724,,20260921,182ef8c5541a964205a0ebe54a5f52745a45fb24ea527066a8d3ed954024f7a8,r1-182ef8c554-seed20260921-n1200-rep400
mid,0.5,,,oracle,116,0.0081616883228465,,0.0022907416355167076,,20260921,182ef8c5541a964205a0ebe54a5f52745a45fb24ea527066a8d3ed954024f7a8,r1-182ef8c554-seed20260921-n1200-rep400
mid,0.5,,,estimated,116,0.005555555555555619,,0.003137550913157228,,20260921,182ef8c5541a964205a0ebe54a5f52745a45fb24ea527066a8d3ed954024f7a8,r1-182ef8c554-seed20260921-n1200-rep400
mid,0.5,,,misspecified,116,-0.125,,0.003693809995887724,,20260921,182ef8c5541a964205a0ebe54a5f52745a45fb24ea527066a8d3ed954024f7a8,r1-182ef8c554-seed20260921-n1200-rep400
mid,0.5,,,oracle,117,0.01090923462305829,,0.0022907416355167076,,20260921,182ef8c5541a964205a0ebe54a5f52745a45fb24ea527066a8d3ed954024f7a8,r1-182ef8c554-seed20260921-n1200-rep400
mid,0.5,,,estimated,117,-0.031096491228070178,,0.003137550913157228,,20260921,182ef8c5541a964205a0ebe54a5f52745a45fb24ea527066a8d3ed954024f7a8,r1-182ef8c554-seed20260921-n1200-rep400
mid,0.5,,,misspecified,117,-0.10583333333333333,,0.003693809995887724,,20260921,182ef8c5541a964205a0ebe54a5f52745a45fb24ea527066a8d3ed954024f7a8,r1-182ef8c554-seed20260921-n1200-rep400
mid,0.5,,,oracle,118,-0.0009612917813761057,,0.0022907416355167076,,20260921,182ef8c5541a964205a0ebe54a5f52745a45fb24ea527066a8d3ed954024f7a8,r1-182ef8c554-seed20260921-n1200-rep400
mid,0.5,,,estimated,118,-0.015714285714285736,,0.003137550913157228,,20260921,182ef8c5541a964205a0ebe54a5f52745a45fb24ea527066a8d3ed954024f7a8,r1-182ef8c554-seed20260921-n1200-rep400
mid,0.5,,,misspecified,118,-0.13999999999999999,,0.003693809995887724,,20260921,182ef8c5541a964205a0ebe54a5f52745a45fb24ea527066a8d3ed954024f7a8,r1-182ef8c554-seed20260921-n1200-rep400
mid,0.5,,,oracle,119,-0.008050638412148509,,0.0022907416355167076,,20260921,182ef8c5541a964205a0ebe54a5f52745a45fb24ea527066a8d3ed954024f7a8,r1-182ef8c554-seed20260921-n1200-rep400
mid,0.5,,,estimated,119,-0.014511494252873569,,0.003137550913157228,,20260921,182ef8c5541a964205a0ebe54a5f52745a45fb24ea527066a8d3ed954024f7a8,r1-182ef8c554-seed20260921-n1200-rep400
mid,0.5,,,misspecified,119,-0.16916666666666666,,0.003693809995887724,,20260921,182ef8c5541a964205a0ebe54a5f52745a45fb24ea527066a8d3ed954024f7a8,r1-182ef8c554-seed20260921-n1200-rep400
mid,0.5,,,oracle,120,-0.013314934951924123,,0.0022907416355167076,,20260921,182ef8c5541a964205a0ebe54a5f52745a45fb24ea527066a8d3ed954024f7a8,r1-182ef8c554-seed20260921-n1200-rep400
mid,0.5,,,estimated,120,-0.005833333333333329,,0.003137550913157228,,20260921,182ef8c5541a964205a0ebe54a5f52745a45fb24ea527066a8d3ed954024f7a8,r1-182ef8c554-seed20260921-n1200-rep400
mid,0.5,,,misspecified,120,-0.15583333333333332,,0.003693809995887724,,20260921,182ef8c5541a964205a0ebe54a5f52745a45fb24ea527066a8d3ed954024f7a8,r1-182ef8c554-seed20260921-n1200-rep400
mid,0.5,,,oracle,121,0.021651538328740588,,0.0022907416355167076,,20260921,182ef8c5541a964205a0ebe54a5f52745a45fb24ea527066a8d3ed954024f7a8,r1-182ef8c554-seed20260921-n1200-rep400
mid,0.5,,,estimated,121,-0.001463414634146315,,0.003137550913157228,,20260921,182ef8c5541a964205a0ebe54a5f52745a45fb24ea527066a8d3ed954024f7a8,r1-182ef8c554-seed20260921-n1200-rep400
mid,0.5,,,misspecified,121,-0.10833333333333332,,0.003693809995887724,,20260921,182ef8c5541a964205a0ebe54a5f52745a45fb24ea527066a8d3ed954024f7a8,r1-182ef8c554-seed20260921-n1200-rep400
mid,0.5,,,oracle,122,-0.0013230866905053207,,0.0022907416355167076,,20260921,182ef8c5541a964205a0ebe54a5f52745a45fb24ea527066a8d3ed954024f7a8,r1-182ef8c554-seed20260921-n1200-rep400
mid,0.5,,,estimated,122,-0.010287356321839108,,0.003137550913157228,,20260921,182ef8c5541a964205a0ebe54a5f52745a45fb24ea527066a8d3ed954024f7a8,r1-182ef8c554-seed20260921-n1200-rep400
mid,0.5,,,misspecified,122,-0.14166666666666666,,0.003693809995887724,,20260921,182ef8c5541a964205a0ebe54a5f52745a45fb24ea527066a8d3ed954024f7a8,r1-182ef8c554-seed20260921-n1200-rep400
mid,0.5,,,oracle,123,0.00120833629001596,,0.0022907416355167076,,20260921,182ef8c5541a964205a0ebe54a5f52745a45fb24ea527066a8d3ed954024f7a8,r1-182ef8c554-seed20260921-n1200-rep400
mid,0.5,,,estimated,123,-0.023780487804878042,,0.003137550913157228,,20260921,182ef8c5541a964205a0ebe54a5f52745a45fb24ea527066a8d3ed954024f7a8,r1-182ef8c554-seed20260921-n1200-rep400
mid,0.5,,,misspecified,123,-0.13333333333333333,,0.003693809995887724,,20260921,182ef8c5541a964205a0ebe54a5f52745a45fb24ea527066a8d3ed954024f7a8,r1-182ef8c554-seed20260921-n1200-rep400
mid,0.5,,,oracle,124,-0.019885217427333818,,0.0022907416355167076,,20260921,182ef8c5541a964205a0ebe54a5f52745a45fb24ea527066a8d3ed954024f7a8,r1-182ef8c554-seed20260921-n1200-rep400
mid,0.5,,,estimated,124,-0.011666666666666659,,0.003137550913157228,,20260921,182ef8c5541a964205a0ebe54a5f52745a45fb24ea527066a8d3ed954024f7a8,r1-182ef8c554-seed20260921-n1200-rep400
mid,0.5,,,misspecified,124,-0.14666666666666667,,0.003693809995887724,,20260921,182ef8c5541a964205a0ebe54a5f52745a45fb24ea527066a8d3ed954024f7a8,r1-182ef8c554-seed20260921-n1200-rep400
mid,0.5,,,oracle,125,0.006940043585642208,,0.0022907416355167076,,20260921,182ef8c5541a964205a0ebe54a5f52745a45fb24ea527066a8d3ed954024f7a8,r1-182ef8c554-seed20260921-n1200-rep400
mid,0.5,,,estimated,125,0.008055555555555594,,0.003137550913157228,,20260921,182ef8c5541a964205a0ebe54a5f52745a45fb24ea527066a8d3ed954024f7a8,r1-182ef8c554-seed20260921-n1200-rep400
mid,0.5,,,misspecified,125,-0.1308333333333333,,0.003693809995887724,,20260921,182ef8c5541a964205a0ebe54a5f52745a45fb24ea527066a8d3ed954024f7a8,r1-182ef8c554-seed20260921-n1200-rep400
mid,0.5,,,oracle,126,0.003939513286196239,,0.0022907416355167076,,20260921,182ef8c5541a964205a0ebe54a5f52745a45fb24ea527066a8d3ed954024f7a8,r1-182ef8c554-seed20260921-n1200-rep400
mid,0.5,,,estimated,126,-0.013313253012048193,,0.003137550913157228,,20260921,182ef8c5541a964205a0ebe54a5f52745a45fb24ea527066a8d3ed954024f7a8,r1-182ef8c554-seed20260921-n1200-rep400
mid,0.5,,,misspecified,126,-0.12000000000000001,,0.003693809995887724,,20260921,182ef8c5541a964205a0ebe54a5f52745a45fb24ea527066a8d3ed954024f7a8,r1-182ef8c554-seed20260921-n1200-rep400
mid,0.5,,,oracle,127,0.007861065787102772,,0.0022907416355167076,,20260921,182ef8c5541a964205a0ebe54a5f52745a45fb24ea527066a8d3ed954024f7a8,r1-182ef8c554-seed20260921-n1200-rep400
mid,0.5,,,estimated,127,0.008442028985507222,,0.003137550913157228,,20260921,182ef8c5541a964205a0ebe54a5f52745a45fb24ea527066a8d3ed954024f7a8,r1-182ef8c554-seed20260921-n1200-rep400
mid,0.5,,,misspecified,127,-0.13416666666666666,,0.003693809995887724,,20260921,182ef8c5541a964205a0ebe54a5f52745a45fb24ea527066a8d3ed954024f7a8,r1-182ef8c554-seed20260921-n1200-rep400
mid,0.5,,,oracle,128,0.0031804727123836696,,0.0022907416355167076,,20260921,182ef8c5541a964205a0ebe54a5f52745a45fb24ea527066a8d3ed954024f7a8,r1-182ef8c554-seed20260921-n1200-rep400
mid,0.5,,,estimated,128,0.00887096774193552,,0.003137550913157228,,20260921,182ef8c5541a964205a0ebe54a5f52745a45fb24ea527066a8d3ed954024f7a8,r1-182ef8c554-seed20260921-n1200-rep400
mid,0.5,,,misspecified,128,-0.14666666666666667,,0.003693809995887724,,20260921,182ef8c5541a964205a0ebe54a5f52745a45fb24ea527066a8d3ed954024f7a8,r1-182ef8c554-seed20260921-n1200-rep400
mid,0.5,,,oracle,129,-0.00606753668377108,,0.0022907416355167076,,20260921,182ef8c5541a964205a0ebe54a5f52745a45fb24ea527066a8d3ed954024f7a8,r1-182ef8c554-seed20260921-n1200-rep400
mid,0.5,,,estimated,129,0.0027173913043478104,,0.003137550913157228,,20260921,182ef8c5541a964205a0ebe54a5f52745a45fb24ea527066a8d3ed954024f7a8,r1-182ef8c554-seed20260921-n1200-rep400
mid,0.5,,,misspecified,129,-0.1358333333333333,,0.003693809995887724,,20260921,182ef8c5541a964205a0ebe54a5f52745a45fb24ea527066a8d3ed954024f7a8,r1-182ef8c554-seed20260921-n1200-rep400
mid,0.5,,,oracle,130,0.011987848892769049,,0.0022907416355167076,,20260921,182ef8c5541a964205a0ebe54a5f52745a45fb24ea527066a8d3ed954024f7a8,r1-182ef8c554-seed20260921-n1200-rep400
mid,0.5,,,estimated,130,-0.014404761904761892,,0.003137550913157228,,20260921,182ef8c5541a964205a0ebe54a5f52745a45fb24ea527066a8d3ed954024f7a8,r1-182ef8c554-seed20260921-n1200-rep400
mid,0.5,,,misspecified,130,-0.14583333333333331,,0.003693809995887724,,20260921,182ef8c5541a964205a0ebe54a5f52745a45fb24ea527066a8d3ed954024f7a8,r1-182ef8c554-seed20260921-n1200-rep400
mid,0.5,,,oracle,131,-0.007538373177867347,,0.0022907416355167076,,20260921,182ef8c5541a964205a0ebe54a5f52745a45fb24ea527066a8d3ed954024f7a8,r1-182ef8c554-seed20260921-n1200-rep400
mid,0.5,,,estimated,131,-0.015378787878787908,,0.003137550913157228,,20260921,182ef8c5541a964205a0ebe54a5f52745a45fb24ea527066a8d3ed954024f7a8,r1-182ef8c554-seed20260921-n1200-rep400
mid,0.5,,,misspecified,131,-0.15166666666666667,,0.003693809995887724,,20260921,182ef8c5541a964205a0ebe54a5f52745a45fb24ea527066a8d3ed954024f7a8,r1-182ef8c554-seed20260921-n1200-rep400
mid,0.5,,,oracle,132,-0.0184195283708172,,0.0022907416355167076,,20260921,182ef8c5541a964205a0ebe54a5f52745a45fb24ea527066a8d3ed954024f7a8,r1-182ef8c554-seed20260921-n1200-rep400
mid,0.5,,,estimated,132,-0.005455326460481108,,0.003137550913157228,,20260921,182ef8c5541a964205a0ebe54a5f52745a45fb24ea527066a8d3ed954024f7a8,r1-182ef8c554-seed20260921-n1200-rep400
mid,0.5,,,misspecified,132,-0.17583333333333334,,0.003693809995887724,,20260921,182ef8c5541a964205a0ebe54a5f52745a45fb24ea527066a8d3ed954024f7a8,r1-182ef8c554-seed20260921-n1200-rep400
mid,0.5,,,oracle,133,0.0023331438820976824,,0.0022907416355167076,,20260921,182ef8c5541a964205a0ebe54a5f52745a45fb24ea527066a8d3ed954024f7a8,r1-182ef8c554-seed20260921-n1200-rep400
mid,0.5,,,estimated,133,0.0003448275862068806,,0.003137550913157228,,20260921,182ef8c5541a964205a0ebe54a5f52745a45fb24ea527066a8d3ed954024f7a8,r1-182ef8c554-seed20260921-n1200-rep400
mid,0.5,,,misspecified,133,-0.11499999999999999,,0.003693809995887724,,20260921,182ef8c5541a964205a0ebe54a5f52745a45fb24ea527066a8d3ed954024f7a8,r1-182ef8c554-seed20260921-n1200-rep400
mid,0.5,,,oracle,134,-0.0004938080263923728,,0.0022907416355167076,,20260921,182ef8c5541a964205a0ebe54a5f52745a45fb24ea527066a8d3ed954024f7a8,r1-182ef8c554-seed20260921-n1200-rep400
mid,0.5,,,estimated,134,-0.032962962962962944,,0.003137550913157228,,20260921,182ef8c5541a964205a0ebe54a5f52745a45fb24ea527066a8d3ed954024f7a8,r1-182ef8c554-seed20260921-n1200-rep400
mid,0.5,,,misspecified,134,-0.14833333333333332,,0.003693809995887724,,20260921,182ef8c5541a964205a0ebe54a5f52745a45fb24ea527066a8d3ed954024f7a8,r1-182ef8c554-seed20260921-n1200-rep400
mid,0.5,,,oracle,135,0.01101737019215751,,0.0022907416355167076,,20260921,182ef8c5541a964205a0ebe54a5f52745a45fb24ea527066a8d3ed954024f7a8,r1-182ef8c554-seed20260921-n1200-rep400
mid,0.5,,,estimated,135,0.010908239700374522,,0.003137550913157228,,20260921,182ef8c5541a964205a0ebe54a5f52745a45fb24ea527066a8d3ed954024f7a8,r1-182ef8c554-seed20260921-n1200-rep400
mid,0.5,,,misspecified,135,-0.13083333333333333,,0.003693809995887724,,20260921,182ef8c5541a964205a0ebe54a5f52745a45fb24ea527066a8d3ed954024f7a8,r1-182ef8c554-seed20260921-n1200-rep400
mid,0.5,,,oracle,136,-0.002106880026687241,,0.0022907416355167076,,20260921,182ef8c5541a964205a0ebe54a5f52745a45fb24ea527066a8d3ed954024f7a8,r1-182ef8c554-seed20260921-n1200-rep400
mid,0.5,,,estimated,136,0.02533333333333332,,0.003137550913157228,,20260921,182ef8c5541a964205a0ebe54a5f52745a45fb24ea527066a8d3ed954024f7a8,r1-182ef8c554-seed20260921-n1200-rep400
mid,0.5,,,misspecified,136,-0.15666666666666668,,0.003693809995887724,,20260921,182ef8c5541a964205a0ebe54a5f52745a45fb24ea527066a8d3ed954024f7a8,r1-182ef8c554-seed20260921-n1200-rep400
mid,0.5,,,oracle,137,-0.0026545769572701716,,0.0022907416355167076,,20260921,182ef8c5541a964205a0ebe54a5f52745a45fb24ea527066a8d3ed954024f7a8,r1-182ef8c554-seed20260921-n1200-rep400
mid,0.5,,,estimated,137,-0.013235294117647067,,0.003137550913157228,,20260921,182ef8c5541a964205a0ebe54a5f52745a45fb24ea527066a8d3ed954024f7a8,r1-182ef8c554-seed20260921-n1200-rep400
mid,0.5,,,misspecified,137,-0.125,,0.003693809995887724,,20260921,182ef8c5541a964205a0ebe54a5f52745a45fb24ea527066a8d3ed954024f7a8,r1-182ef8c554-seed20260921-n1200-rep400
mid,0.5,,,oracle,138,-0.00954670225782156,,0.0022907416355167076,,20260921,182ef8c5541a964205a0ebe54a5f52745a45fb24ea527066a8d3ed954024f7a8,r1-182ef8c554-seed20260921-n1200-rep400
mid,0.5,,,estimated,138,-0.0018478260869564944,,0.003137550913157228,,20260921,182ef8c5541a964205a0ebe54a5f52745a45fb24ea527066a8d3ed954024f7a8,r1-182ef8c554-seed20260921-n1200-rep400
mid,0.5,,,misspecified,138,-0.15083333333333332,,0.003693809995887724,,20260921,182ef8c5541a964205a0ebe54a5f52745a45fb24ea527066a8d3ed954024f7a8,r1-182ef8c554-seed20260921-n1200-rep400
mid,0.5,,,oracle,139,-0.0013847756454156146,,0.0022907416355167076,,20260921,182ef8c5541a964205a0ebe54a5f52745a45fb24ea527066a8d3ed954024f7a8,r1-182ef8c554-seed20260921-n1200-rep400
mid,0.5,,,estimated,139,-0.019285714285714323,,0.003137550913157228,,20260921,182ef8c5541a964205a0ebe54a5f52745a45fb24ea527066a8d3ed954024f7a8,r1-182ef8c554-seed20260921-n1200-rep400
mid,0.5,,,misspecified,139,-0.135,,0.003693809995887724,,20260921,182ef8c5541a964205a0ebe54a5f52745a45fb24ea527066a8d3ed954024f7a8,r1-182ef8c554-seed20260921-n1200-rep400
mid,0.5,,,oracle,140,-0.009403194466086423,,0.0022907416355167076,,20260921,182ef8c5541a964205a0ebe54a5f52745a45fb24ea527066a8d3ed954024f7a8,r1-182ef8c554-seed20260921-n1200-rep400
mid,0.5,,,estimated,140,0.0012943262411347634,,0.003137550913157228,,20260921,182ef8c5541a964205a0ebe54a5f52745a45fb24ea527066a8d3ed954024f7a8,r1-182ef8c554-seed20260921-n1200-rep400
mid,0.5,,,misspecified,140,-0.13916666666666666,,0.003693809995887724,,20260921,182ef8c5541a964205a0ebe54a5f52745a45fb24ea527066a8d3ed954024f7a8,r1-182ef8c554-seed20260921-n1200-rep400
mid,0.5,,,oracle,141,-0.0035094594342004737,,0.0022907416355167076,,20260921,182ef8c5541a964205a0ebe54a5f52745a45fb24ea527066a8d3ed954024f7a8,r1-182ef8c554-seed20260921-n1200-rep400
mid,0.5,,,estimated,141,-0.020459770114942544,,0.003137550913157228,,20260921,182ef8c5541a964205a0ebe54a5f52745a45fb24ea527066a8d3ed954024f7a8,r1-182ef8c554-seed20260921-n1200-rep400
mid,0.5,,,misspecified,141,-0.16166666666666665,,0.003693809995887724,,20260921,182ef8c5541a964205a0ebe54a5f52745a45fb24ea527066a8d3ed954024f7a8,r1-182ef8c554-seed20260921-n1200-rep400
mid,0.5,,,oracle,142,-0.01646165721653886,,0.0022907416355167076,,20260921,182ef8c5541a964205a0ebe54a5f52745a45fb24ea527066a8d3ed954024f7a8,r1-182ef8c554-seed20260921-n1200-rep400
mid,0.5,,,estimated,142,-0.01771317829457364,,0.003137550913157228,,20260921,182ef8c5541a964205a0ebe54a5f52745a45fb24ea527066a8d3ed954024f7a8,r1-182ef8c554-seed20260921-n1200-rep400
mid,0.5,,,misspecified,142,-0.14166666666666666,,0.003693809995887724,,20260921,182ef8c5541a964205a0ebe54a5f52745a45fb24ea527066a8d3ed954024f7a8,r1-182ef8c554-seed20260921-n1200-rep400
mid,0.5,,,oracle,143,-0.0012182033836143913,,0.0022907416355167076,,20260921,182ef8c5541a964205a0ebe54a5f52745a45fb24ea527066a8d3ed954024f7a8,r1-182ef8c554-seed20260921-n1200-rep400
mid,0.5,,,estimated,143,-0.0061821705426356455,,0.003137550913157228,,20260921,182ef8c5541a964205a0ebe54a5f52745a45fb24ea527066a8d3ed954024f7a8,r1-182ef8c554-seed20260921-n1200-rep400
mid,0.5,,,misspecified,143,-0.13416666666666666,,0.003693809995887724,,20260921,182ef8c5541a964205a0ebe54a5f52745a45fb24ea527066a8d3ed954024f7a8,r1-182ef8c554-seed20260921-n1200-rep400
mid,0.5,,,oracle,144,0.008425525847790133,,0.0022907416355167076,,20260921,182ef8c5541a964205a0ebe54a5f52745a45fb24ea527066a8d3ed954024f7a8,r1-182ef8c554-seed20260921-n1200-rep400
mid,0.5,,,estimated,144,-0.0012643678160919603,,0.003137550913157228,,20260921,182ef8c5541a964205a0ebe54a5f52745a45fb24ea527066a8d3ed954024f7a8,r1-182ef8c554-seed20260921-n1200-rep400
mid,0.5,,,misspecified,144,-0.12333333333333334,,0.003693809995887724,,20260921,182ef8c5541a964205a0ebe54a5f52745a45fb24ea527066a8d3ed954024f7a8,r1-182ef8c554-seed20260921-n1200-rep400
mid,0.5,,,oracle,145,0.00033068440836142576,,0.0022907416355167076,,20260921,182ef8c5541a964205a0ebe54a5f52745a45fb24ea527066a8d3ed954024f7a8,r1-182ef8c554-seed20260921-n1200-rep400
mid,0.5,,,estimated,145,-0.006436781609195391,,0.003137550913157228,,20260921,182ef8c5541a964205a0ebe54a5f52745a45fb24ea527066a8d3ed954024f7a8,r1-182ef8c554-seed20260921-n1200-rep400
mid,0.5,,,misspecified,145,-0.13833333333333334,,0.003693809995887724,,20260921,182ef8c5541a964205a0ebe54a5f52745a45fb24ea527066a8d3ed954024f7a8,r1-182ef8c554-seed20260921-n1200-rep400
mid,0.5,,,oracle,146,-0.006554704393887029,,0.0022907416355167076,,20260921,182ef8c5541a964205a0ebe54a5f52745a45fb24ea527066a8d3ed954024f7a8,r1-182ef8c554-seed20260921-n1200-rep400
mid,0.5,,,estimated,146,-0.006016483516483512,,0.003137550913157228,,20260921,182ef8c5541a964205a0ebe54a5f52745a45fb24ea527066a8d3ed954024f7a8,r1-182ef8c554-seed20260921-n1200-rep400
mid,0.5,,,misspecified,146,-0.1525,,0.003693809995887724,,20260921,182ef8c5541a964205a0ebe54a5f52745a45fb24ea527066a8d3ed954024f7a8,r1-182ef8c554-seed20260921-n1200-rep400
mid,0.5,,,oracle,147,0.003194431045444812,,0.0022907416355167076,,20260921,182ef8c5541a964205a0ebe54a5f52745a45fb24ea527066a8d3ed954024f7a8,r1-182ef8c554-seed20260921-n1200-rep400
mid,0.5,,,estimated,147,-0.014264705882352902,,0.003137550913157228,,20260921,182ef8c5541a964205a0ebe54a5f52745a45fb24ea527066a8d3ed954024f7a8,r1-182ef8c554-seed20260921-n1200-rep400
mid,0.5,,,misspecified,147,-0.1275,,0.003693809995887724,,20260921,182ef8c5541a964205a0ebe54a5f52745a45fb24ea527066a8d3ed954024f7a8,r1-182ef8c554-seed20260921-n1200-rep400
mid,0.5,,,oracle,148,0.003974924788543555,,0.0022907416355167076,,20260921,182ef8c5541a964205a0ebe54a5f52745a45fb24ea527066a8d3ed954024f7a8,r1-182ef8c554-seed20260921-n1200-rep400
mid,0.5,,,estimated,148,0.006944444444444475,,0.003137550913157228,,20260921,182ef8c5541a964205a0ebe54a5f52745a45fb24ea527066a8d3ed954024f7a8,r1-182ef8c554-seed20260921-n1200-rep400
mid,0.5,,,misspecified,148,-0.11583333333333333,,0.003693809995887724,,20260921,182ef8c5541a964205a0ebe54a5f52745a45fb24ea527066a8d3ed954024f7a8,r1-182ef8c554-seed20260921-n1200-rep400
mid,0.5,,,oracle,149,0.01964096920900668,,0.0022907416355167076,,20260921,182ef8c5541a964205a0ebe54a5f52745a45fb24ea527066a8d3ed954024f7a8,r1-182ef8c554-seed20260921-n1200-rep400
mid,0.5,,,estimated,149,-0.0205411255411255,,0.003137550913157228,,20260921,182ef8c5541a964205a0ebe54a5f52745a45fb24ea527066a8d3ed954024f7a8,r1-182ef8c554-seed20260921-n1200-rep400
mid,0.5,,,misspecified,149,-0.10333333333333335,,0.003693809995887724,,20260921,182ef8c5541a964205a0ebe54a5f52745a45fb24ea527066a8d3ed954024f7a8,r1-182ef8c554-seed20260921-n1200-rep400
mid,0.5,,,oracle,150,-0.009346064863099718,,0.0022907416355167076,,20260921,182ef8c5541a964205a0ebe54a5f52745a45fb24ea527066a8d3ed954024f7a8,r1-182ef8c554-seed20260921-n1200-rep400
mid,0.5,,,estimated,150,-0.01222222222222219,,0.003137550913157228,,20260921,182ef8c5541a964205a0ebe54a5f52745a45fb24ea527066a8d3ed954024f7a8,r1-182ef8c554-seed20260921-n1200-rep400
mid,0.5,,,misspecified,150,-0.15166666666666667,,0.003693809995887724,,20260921,182ef8c5541a964205a0ebe54a5f52745a45fb24ea527066a8d3ed954024f7a8,r1-182ef8c554-seed20260921-n1200-rep400
mid,0.5,,,oracle,151,-0.006466784672617215,,0.0022907416355167076,,20260921,182ef8c5541a964205a0ebe54a5f52745a45fb24ea527066a8d3ed954024f7a8,r1-182ef8c554-seed20260921-n1200-rep400
mid,0.5,,,estimated,151,-0.03385802469135801,,0.003137550913157228,,20260921,182ef8c5541a964205a0ebe54a5f52745a45fb24ea527066a8d3ed954024f7a8,r1-182ef8c554-seed20260921-n1200-rep400
mid,0.5,,,misspecified,151,-0.1475,,0.003693809995887724,,20260921,182ef8c5541a964205a0ebe54a5f52745a45fb24ea527066a8d3ed954024f7a8,r1-182ef8c554-seed20260921-n1200-rep400
mid,0.5,,,oracle,152,0.003122336853730867,,0.0022907416355167076,,20260921,182ef8c5541a964205a0ebe54a5f52745a45fb24ea527066a8d3ed954024f7a8,r1-182ef8c554-seed20260921-n1200-rep400
mid,0.5,,,estimated,152,0.0022222222222222365,,0.003137550913157228,,20260921,182ef8c5541a964205a0ebe54a5f52745a45fb24ea527066a8d3ed954024f7a8,r1-182ef8c554-seed20260921-n1200-rep400
mid,0.5,,,misspecified,152,-0.13666666666666666,,0.003693809995887724,,20260921,182ef8c5541a964205a0ebe54a5f52745a45fb24ea527066a8d3ed954024f7a8,r1-182ef8c554-seed20260921-n1200-rep400
mid,0.5,,,oracle,153,0.005939145782078381,,0.0022907416355167076,,20260921,182ef8c5541a964205a0ebe54a5f52745a45fb24ea527066a8d3ed954024f7a8,r1-182ef8c554-seed20260921-n1200-rep400
mid,0.5,,,estimated,153,-0.01449186991869919,,0.003137550913157228,,20260921,182ef8c5541a964205a0ebe54a5f52745a45fb24ea527066a8d3ed954024f7a8,r1-182ef8c554-seed20260921-n1200-rep400
mid,0.5,,,misspecified,153,-0.12583333333333335,,0.003693809995887724,,20260921,182ef8c5541a964205a0ebe54a5f52745a45fb24ea527066a8d3ed954024f7a8,r1-182ef8c554-seed20260921-n1200-rep400
mid,0.5,,,oracle,154,0.02277888420474289,,0.0022907416355167076,,20260921,182ef8c5541a964205a0ebe54a5f52745a45fb24ea527066a8d3ed954024f7a8,r1-182ef8c554-seed20260921-n1200-rep400
mid,0.5,,,estimated,154,-0.010416666666666685,,0.003137550913157228,,20260921,182ef8c5541a964205a0ebe54a5f52745a45fb24ea527066a8d3ed954024f7a8,r1-182ef8c554-seed20260921-n1200-rep400
mid,0.5,,,misspecified,154,-0.11416666666666667,,0.003693809995887724,,20260921,182ef8c5541a964205a0ebe54a5f52745a45fb24ea527066a8d3ed954024f7a8,r1-182ef8c554-seed20260921-n1200-rep400
mid,0.5,,,oracle,155,-0.018209599754736322,,0.0022907416355167076,,20260921,182ef8c5541a964205a0ebe54a5f52745a45fb24ea527066a8d3ed954024f7a8,r1-182ef8c554-seed20260921-n1200-rep400
mid,0.5,,,estimated,155,-0.030532128514056234,,0.003137550913157228,,20260921,182ef8c5541a964205a0ebe54a5f52745a45fb24ea527066a8d3ed954024f7a8,r1-182ef8c554-seed20260921-n1200-rep400
mid,0.5,,,misspecified,155,-0.1358333333333333,,0.003693809995887724,,20260921,182ef8c5541a964205a0ebe54a5f52745a45fb24ea527066a8d3ed954024f7a8,r1-182ef8c554-seed20260921-n1200-rep400
mid,0.5,,,oracle,156,-0.005642404108885862,,0.0022907416355167076,,20260921,182ef8c5541a964205a0ebe54a5f52745a45fb24ea527066a8d3ed954024f7a8,r1-182ef8c554-seed20260921-n1200-rep400
mid,0.5,,,estimated,156,0.021955782312925193,,0.003137550913157228,,20260921,182ef8c5541a964205a0ebe54a5f52745a45fb24ea527066a8d3ed954024f7a8,r1-182ef8c554-seed20260921-n1200-rep400
mid,0.5,,,misspecified,156,-0.1325,,0.003693809995887724,,20260921,182ef8c5541a964205a0ebe54a5f52745a45fb24ea527066a8d3ed954024f7a8,r1-182ef8c554-seed20260921-n1200-rep400
mid,0.5,,,oracle,157,0.0005932092933157163,,0.0022907416355167076,,20260921,182ef8c5541a964205a0ebe54a5f52745a45fb24ea527066a8d3ed954024f7a8,r1-182ef8c554-seed20260921-n1200-rep400
mid,0.5,,,estimated,157,-0.007758620689655188,,0.003137550913157228,,20260921,182ef8c5541a964205a0ebe54a5f52745a45fb24ea527066a8d3ed954024f7a8,r1-182ef8c554-seed20260921-n1200-rep400
mid,0.5,,,misspecified,157,-0.135,,0.003693809995887724,,20260921,182ef8c5541a964205a0ebe54a5f52745a45fb24ea527066a8d3ed954024f7a8,r1-182ef8c554-seed20260921-n1200-rep400
mid,0.5,,,oracle,158,-0.030053980331530922,,0.0022907416355167076,,20260921,182ef8c5541a964205a0ebe54a5f52745a45fb24ea527066a8d3ed954024f7a8,r1-182ef8c554-seed20260921-n1200-rep400
mid,0.5,,,estimated,158,0.014183168316831724,,0.003137550913157228,,20260921,182ef8c5541a964205a0ebe54a5f52745a45fb24ea527066a8d3ed954024f7a8,r1-182ef8c554-seed20260921-n1200-rep400
mid,0.5,,,misspecified,158,-0.16916666666666666,,0.003693809995887724,,20260921,182ef8c5541a964205a0ebe54a5f52745a45fb24ea527066a8d3ed954024f7a8,r1-182ef8c554-seed20260921-n1200-rep400
mid,0.5,,,oracle,159,-0.008037915530078876,,0.0022907416355167076,,20260921,182ef8c5541a964205a0ebe54a5f52745a45fb24ea527066a8d3ed954024f7a8,r1-182ef8c554-seed20260921-n1200-rep400
mid,0.5,,,estimated,159,-0.015205992509363303,,0.003137550913157228,,20260921,182ef8c5541a964205a0ebe54a5f52745a45fb24ea527066a8d3ed954024f7a8,r1-182ef8c554-seed20260921-n1200-rep400
mid,0.5,,,misspecified,159,-0.14500000000000002,,0.003693809995887724,,20260921,182ef8c5541a964205a0ebe54a5f52745a45fb24ea527066a8d3ed954024f7a8,r1-182ef8c554-seed20260921-n1200-rep400
mid,0.5,,,oracle,160,0.01837234677119068,,0.0022907416355167076,,20260921,182ef8c5541a964205a0ebe54a5f52745a45fb24ea527066a8d3ed954024f7a8,r1-182ef8c554-seed20260921-n1200-rep400
mid,0.5,,,estimated,160,-9.803921568626861e-05,,0.003137550913157228,,20260921,182ef8c5541a964205a0ebe54a5f52745a45fb24ea527066a8d3ed954024f7a8,r1-182ef8c554-seed20260921-n1200-rep400
mid,0.5,,,misspecified,160,-0.105,,0.003693809995887724,,20260921,182ef8c5541a964205a0ebe54a5f52745a45fb24ea527066a8d3ed954024f7a8,r1-182ef8c554-seed20260921-n1200-rep400
mid,0.5,,,oracle,161,0.020709205871266484,,0.0022907416355167076,,20260921,182ef8c5541a964205a0ebe54a5f52745a45fb24ea527066a8d3ed954024f7a8,r1-182ef8c554-seed20260921-n1200-rep400
mid,0.5,,,estimated,161,0.00784313725490196,,0.003137550913157228,,20260921,182ef8c5541a964205a0ebe54a5f52745a45fb24ea527066a8d3ed954024f7a8,r1-182ef8c554-seed20260921-n1200-rep400
mid,0.5,,,misspecified,161,-0.1,,0.003693809995887724,,20260921,182ef8c5541a964205a0ebe54a5f52745a45fb24ea527066a8d3ed954024f7a8,r1-182ef8c554-seed20260921-n1200-rep400
mid,0.5,,,oracle,162,-0.00852676903569996,,0.0022907416355167076,,20260921,182ef8c5541a964205a0ebe54a5f52745a45fb24ea527066a8d3ed954024f7a8,r1-182ef8c554-seed20260921-n1200-rep400
mid,0.5,,,estimated,162,0.02197278911564618,,0.003137550913157228,,20260921,182ef8c5541a964205a0ebe54a5f52745a45fb24ea527066a8d3ed954024f7a8,r1-182ef8c554-seed20260921-n1200-rep400
mid,0.5,,,misspecified,162,-0.15833333333333333,,0.003693809995887724,,20260921,182ef8c5541a964205a0ebe54a5f52745a45fb24ea527066a8d3ed954024f7a8,r1-182ef8c554-seed20260921-n1200-rep400
mid,0.5,,,oracle,163,-0.004874676212556994,,0.0022907416355167076,,20260921,182ef8c5541a964205a0ebe54a5f52745a45fb24ea527066a8d3ed954024f7a8,r1-182ef8c554-seed20260921-n1200-rep400
mid,0.5,,,estimated,163,-0.016563670411985032,,0.003137550913157228,,20260921,182ef8c5541a964205a0ebe54a5f52745a45fb24ea527066a8d3ed954024f7a8,r1-182ef8c554-seed20260921-n1200-rep400
mid,0.5,,,misspecified,163,-0.1691666666666667,,0.003693809995887724,,20260921,182ef8c5541a964205a0ebe54a5f52745a45fb24ea527066a8d3ed954024f7a8,r1-182ef8c554-seed20260921-n1200-rep400
mid,0.5,,,oracle,164,0.03133222408127681,,0.0022907416355167076,,20260921,182ef8c5541a964205a0ebe54a5f52745a45fb24ea527066a8d3ed954024f7a8,r1-182ef8c554-seed20260921-n1200-rep400
mid,0.5,,,estimated,164,-0.008012820512820457,,0.003137550913157228,,20260921,182ef8c5541a964205a0ebe54a5f52745a45fb24ea527066a8d3ed954024f7a8,r1-182ef8c554-seed20260921-n1200-rep400
mid,0.5,,,misspecified,164,-0.08416666666666667,,0.003693809995887724,,20260921,182ef8c5541a964205a0ebe54a5f52745a45fb24ea527066a8d3ed954024f7a8,r1-182ef8c554-seed20260921-n1200-rep400
mid,0.5,,,oracle,165,-0.011687252127627917,,0.0022907416355167076,,20260921,182ef8c5541a964205a0ebe54a5f52745a45fb24ea527066a8d3ed954024f7a8,r1-182ef8c554-seed20260921-n1200-rep400
mid,0.5,,,estimated,165,0.006041666666666667,,0.003137550913157228,,20260921,182ef8c5541a964205a0ebe54a5f52745a45fb24ea527066a8d3ed954024f7a8,r1-182ef8c554-seed20260921-n1200-rep400
mid,0.5,,,misspecified,165,-0.16583333333333333,,0.003693809995887724,,20260921,182ef8c5541a964205a0ebe54a5f52745a45fb24ea527066a8d3ed954024f7a8,r1-182ef8c554-seed20260921-n1200-rep400
mid,0.5,,,oracle,166,-0.010835372042070135,,0.0022907416355167076,,20260921,182ef8c5541a964205a0ebe54a5f52745a45fb24ea527066a8d3ed954024f7a8,r1-182ef8c554-seed20260921-n1200-rep400
mid,0.5,,,estimated,166,0.004804964539007084,,0.003137550913157228,,20260921,182ef8c5541a964205a0ebe54a5f52745a45fb24ea527066a8d3ed954024f7a8,r1-182ef8c554-seed20260921-n1200-rep400
mid,0.5,,,misspecified,166,-0.15916666666666665,,0.003693809995887724,,20260921,182ef8c5541a964205a0ebe54a5f52745a45fb24ea527066a8d3ed954024f7a8,r1-182ef8c554-seed20260921-n1200-rep400
mid,0.5,,,oracle,167,-0.0009470492107153394,,0.0022907416355167076,,20260921,182ef8c5541a964205a0ebe54a5f52745a45fb24ea527066a8d3ed954024f7a8,r1-182ef8c554-seed20260921-n1200-rep400
mid,0.5,,,estimated,167,-0.014950980392156837,,0.003137550913157228,,20260921,182ef8c5541a964205a0ebe54a5f52745a45fb24ea527066a8d3ed954024f7a8,r1-182ef8c554-seed20260921-n1200-rep400
mid,0.5,,,misspecified,167,-0.12916666666666665,,0.003693809995887724,,20260921,182ef8c5541a964205a0ebe54a5f52745a45fb24ea527066a8d3ed954024f7a8,r1-182ef8c554-seed20260921-n1200-rep400
mid,0.5,,,oracle,168,-0.028134766763767083,,0.0022907416355167076,,20260921,182ef8c5541a964205a0ebe54a5f52745a45fb24ea527066a8d3ed954024f7a8,r1-182ef8c554-seed20260921-n1200-rep400
mid,0.5,,,estimated,168,-0.0001666666666666483,,0.003137550913157228,,20260921,182ef8c5541a964205a0ebe54a5f52745a45fb24ea527066a8d3ed954024f7a8,r1-182ef8c554-seed20260921-n1200-rep400
mid,0.5,,,misspecified,168,-0.18083333333333332,,0.003693809995887724,,20260921,182ef8c5541a964205a0ebe54a5f52745a45fb24ea527066a8d3ed954024f7a8,r1-182ef8c554-seed20260921-n1200-rep400
mid,0.5,,,oracle,169,0.005969706012865006,,0.0022907416355167076,,20260921,182ef8c5541a964205a0ebe54a5f52745a45fb24ea527066a8d3ed954024f7a8,r1-182ef8c554-seed20260921-n1200-rep400
mid,0.5,,,estimated,169,-0.006114232209737808,,0.003137550913157228,,20260921,182ef8c5541a964205a0ebe54a5f52745a45fb24ea527066a8d3ed954024f7a8,r1-182ef8c554-seed20260921-n1200-rep400
mid,0.5,,,misspecified,169,-0.13916666666666666,,0.003693809995887724,,20260921,182ef8c5541a964205a0ebe54a5f52745a45fb24ea527066a8d3ed954024f7a8,r1-182ef8c554-seed20260921-n1200-rep400
mid,0.5,,,oracle,170,-0.0038366002299230206,,0.0022907416355167076,,20260921,182ef8c5541a964205a0ebe54a5f52745a45fb24ea527066a8d3ed954024f7a8,r1-182ef8c554-seed20260921-n1200-rep400
mid,0.5,,,estimated,170,-0.008484848484848512,,0.003137550913157228,,20260921,182ef8c5541a964205a0ebe54a5f52745a45fb24ea527066a8d3ed954024f7a8,r1-182ef8c554-seed20260921-n1200-rep400
mid,0.5,,,misspecified,170,-0.15166666666666667,,0.003693809995887724,,20260921,182ef8c5541a964205a0ebe54a5f52745a45fb24ea527066a8d3ed954024f7a8,r1-182ef8c554-seed20260921-n1200-rep400
mid,0.5,,,oracle,171,0.005100958956392232,,0.0022907416355167076,,20260921,182ef8c5541a964205a0ebe54a5f52745a45fb24ea527066a8d3ed954024f7a8,r1-182ef8c554-seed20260921-n1200-rep400
mid,0.5,,,estimated,171,0.006048689138576785,,0.003137550913157228,,20260921,182ef8c5541a964205a0ebe54a5f52745a45fb24ea527066a8d3ed954024f7a8,r1-182ef8c554-seed20260921-n1200-rep400
mid,0.5,,,misspecified,171,-0.14166666666666666,,0.003693809995887724,,20260921,182ef8c5541a964205a0ebe54a5f52745a45fb24ea527066a8d3ed954024f7a8,r1-182ef8c554-seed20260921-n1200-rep400
mid,0.5,,,oracle,172,0.01510416423009256,,0.0022907416355167076,,20260921,182ef8c5541a964205a0ebe54a5f52745a45fb24ea527066a8d3ed954024f7a8,r1-182ef8c554-seed20260921-n1200-rep400
mid,0.5,,,estimated,172,-0.0015476190476190754,,0.003137550913157228,,20260921,182ef8c5541a964205a0ebe54a5f52745a45fb24ea527066a8d3ed954024f7a8,r1-182ef8c554-seed20260921-n1200-rep400
mid,0.5,,,misspecified,172,-0.10916666666666668,,0.003693809995887724,,20260921,182ef8c5541a964205a0ebe54a5f52745a45fb24ea527066a8d3ed954024f7a8,r1-182ef8c554-seed20260921-n1200-rep400
mid,0.5,,,oracle,173,-0.003999547257681313,,0.0022907416355167076,,20260921,182ef8c5541a964205a0ebe54a5f52745a45fb24ea527066a8d3ed954024f7a8,r1-182ef8c554-seed20260921-n1200-rep400
mid,0.5,,,estimated,173,-0.0008146067415730207,,0.003137550913157228,,20260921,182ef8c5541a964205a0ebe54a5f52745a45fb24ea527066a8d3ed954024f7a8,r1-182ef8c554-seed20260921-n1200-rep400
mid,0.5,,,misspecified,173,-0.12083333333333333,,0.003693809995887724,,20260921,182ef8c5541a964205a0ebe54a5f52745a45fb24ea527066a8d3ed954024f7a8,r1-182ef8c554-seed20260921-n1200-rep400
mid,0.5,,,oracle,174,0.02014898282901345,,0.0022907416355167076,,20260921,182ef8c5541a964205a0ebe54a5f52745a45fb24ea527066a8d3ed954024f7a8,r1-182ef8c554-seed20260921-n1200-rep400
mid,0.5,,,estimated,174,-0.007654320987654312,,0.003137550913157228,,20260921,182ef8c5541a964205a0ebe54a5f52745a45fb24ea527066a8d3ed954024f7a8,r1-182ef8c554-seed20260921-n1200-rep400
mid,0.5,,,misspecified,174,-0.12000000000000001,,0.003693809995887724,,20260921,182ef8c5541a964205a0ebe54a5f52745a45fb24ea527066a8d3ed954024f7a8,r1-182ef8c554-seed20260921-n1200-rep400
mid,0.5,,,oracle,175,-0.011909715319400993,,0.0022907416355167076,,20260921,182ef8c5541a964205a0ebe54a5f52745a45fb24ea527066a8d3ed954024f7a8,r1-182ef8c554-seed20260921-n1200-rep400
mid,0.5,,,estimated,175,-0.03422839506172837,,0.003137550913157228,,20260921,182ef8c5541a964205a0ebe54a5f52745a45fb24ea527066a8d3ed954024f7a8,r1-182ef8c554-seed20260921-n1200-rep400
mid,0.5,,,misspecified,175,-0.14916666666666667,,0.003693809995887724,,20260921,182ef8c5541a964205a0ebe54a5f52745a45fb24ea527066a8d3ed954024f7a8,r1-182ef8c554-seed20260921-n1200-rep400
mid,0.5,,,oracle,176,0.01741294940402932,,0.0022907416355167076,,20260921,182ef8c5541a964205a0ebe54a5f52745a45fb24ea527066a8d3ed954024f7a8,r1-182ef8c554-seed20260921-n1200-rep400
mid,0.5,,,estimated,176,-0.020864978902953607,,0.003137550913157228,,20260921,182ef8c5541a964205a0ebe54a5f52745a45fb24ea527066a8d3ed954024f7a8,r1-182ef8c554-seed20260921-n1200-rep400
mid,0.5,,,misspecified,176,-0.11666666666666668,,0.003693809995887724,,20260921,182ef8c5541a964205a0ebe54a5f52745a45fb24ea527066a8d3ed954024f7a8,r1-182ef8c554-seed20260921-n1200-rep400
mid,0.5,,,oracle,177,-0.02107151839933727,,0.0022907416355167076,,20260921,182ef8c5541a964205a0ebe54a5f52745a45fb24ea527066a8d3ed954024f7a8,r1-182ef8c554-seed20260921-n1200-rep400
mid,0.5,,,estimated,177,-0.004926739926739948,,0.003137550913157228,,20260921,182ef8c5541a964205a0ebe54a5f52745a45fb24ea527066a8d3ed954024f7a8,r1-182ef8c554-seed20260921-n1200-rep400
mid,0.5,,,misspecified,177,-0.16333333333333333,,0.003693809995887724,,20260921,182ef8c5541a964205a0ebe54a5f52745a45fb24ea527066a8d3ed954024f7a8,r1-182ef8c554-seed20260921-n1200-rep400
mid,0.5,,,oracle,178,0.004733419624973589,,0.0022907416355167076,,20260921,182ef8c5541a964205a0ebe54a5f52745a45fb24ea527066a8d3ed954024f7a8,r1-182ef8c554-seed20260921-n1200-rep400
mid,0.5,,,estimated,178,-0.0012121212121212477,,0.003137550913157228,,20260921,182ef8c5541a964205a0ebe54a5f52745a45fb24ea527066a8d3ed954024f7a8,r1-182ef8c554-seed20260921-n1200-rep400
mid,0.5,,,misspecified,178,-0.1433333333333333,,0.003693809995887724,,20260921,182ef8c5541a964205a0ebe54a5f52745a45fb24ea527066a8d3ed954024f7a8,r1-182ef8c554-seed20260921-n1200-rep400
mid,0.5,,,oracle,179,-0.007502163866362349,,0.0022907416355167076,,20260921,182ef8c5541a964205a0ebe54a5f52745a45fb24ea527066a8d3ed954024f7a8,r1-182ef8c554-seed20260921-n1200-rep400
mid,0.5,,,estimated,179,-0.0016666666666666774,,0.003137550913157228,,20260921,182ef8c5541a964205a0ebe54a5f52745a45fb24ea527066a8d3ed954024f7a8,r1-182ef8c554-seed20260921-n1200-rep400
mid,0.5,,,misspecified,179,-0.16166666666666668,,0.003693809995887724,,20260921,182ef8c5541a964205a0ebe54a5f52745a45fb24ea527066a8d3ed954024f7a8,r1-182ef8c554-seed20260921-n1200-rep400
mid,0.5,,,oracle,180,-0.017803114725996744,,0.0022907416355167076,,20260921,182ef8c5541a964205a0ebe54a5f52745a45fb24ea527066a8d3ed954024f7a8,r1-182ef8c554-seed20260921-n1200-rep400
mid,0.5,,,estimated,180,-0.0418975903614458,,0.003137550913157228,,20260921,182ef8c5541a964205a0ebe54a5f52745a45fb24ea527066a8d3ed954024f7a8,r1-182ef8c554-seed20260921-n1200-rep400
mid,0.5,,,misspecified,180,-0.17583333333333334,,0.003693809995887724,,20260921,182ef8c5541a964205a0ebe54a5f52745a45fb24ea527066a8d3ed954024f7a8,r1-182ef8c554-seed20260921-n1200-rep400
mid,0.5,,,oracle,181,-0.0012585004667476363,,0.0022907416355167076,,20260921,182ef8c5541a964205a0ebe54a5f52745a45fb24ea527066a8d3ed954024f7a8,r1-182ef8c554-seed20260921-n1200-rep400
mid,0.5,,,estimated,181,-0.005984848484848537,,0.003137550913157228,,20260921,182ef8c5541a964205a0ebe54a5f52745a45fb24ea527066a8d3ed954024f7a8,r1-182ef8c554-seed20260921-n1200-rep400
mid,0.5,,,misspecified,181,-0.14333333333333334,,0.003693809995887724,,20260921,182ef8c5541a964205a0ebe54a5f52745a45fb24ea527066a8d3ed954024f7a8,r1-182ef8c554-seed20260921-n1200-rep400
mid,0.5,,,oracle,182,-0.005531547238180501,,0.0022907416355167076,,20260921,182ef8c5541a964205a0ebe54a5f52745a45fb24ea527066a8d3ed954024f7a8,r1-182ef8c554-seed20260921-n1200-rep400
mid,0.5,,,estimated,182,-0.023217054263565934,,0.003137550913157228,,20260921,182ef8c5541a964205a0ebe54a5f52745a45fb24ea527066a8d3ed954024f7a8,r1-182ef8c554-seed20260921-n1200-rep400
mid,0.5,,,misspecified,182,-0.14666666666666667,,0.003693809995887724,,20260921,182ef8c5541a964205a0ebe54a5f52745a45fb24ea527066a8d3ed954024f7a8,r1-182ef8c554-seed20260921-n1200-rep400
mid,0.5,,,oracle,183,-0.0006361197952613473,,0.0022907416355167076,,20260921,182ef8c5541a964205a0ebe54a5f52745a45fb24ea527066a8d3ed954024f7a8,r1-182ef8c554-seed20260921-n1200-rep400
mid,0.5,,,estimated,183,-0.0012121212121212477,,0.003137550913157228,,20260921,182ef8c5541a964205a0ebe54a5f52745a45fb24ea527066a8d3ed954024f7a8,r1-182ef8c554-seed20260921-n1200-rep400
mid,0.5,,,misspecified,183,-0.12583333333333335,,0.003693809995887724,,20260921,182ef8c5541a964205a0ebe54a5f52745a45fb24ea527066a8d3ed954024f7a8,r1-182ef8c554-seed20260921-n1200-rep400
mid,0.5,,,oracle,184,-0.006458366118720221,,0.0022907416355167076,,20260921,182ef8c5541a964205a0ebe54a5f52745a45fb24ea527066a8d3ed954024f7a8,r1-182ef8c554-seed20260921-n1200-rep400
mid,0.5,,,estimated,184,-0.010606060606060619,,0.003137550913157228,,20260921,182ef8c5541a964205a0ebe54a5f52745a45fb24ea527066a8d3ed954024f7a8,r1-182ef8c554-seed20260921-n1200-rep400
mid,0.5,,,misspecified,184,-0.15166666666666667,,0.003693809995887724,,20260921,182ef8c5541a964205a0ebe54a5f52745a45fb24ea527066a8d3ed954024f7a8,r1-182ef8c554-seed20260921-n1200-rep400
mid,0.5,,,oracle,185,0.005202626530023041,,0.0022907416355167076,,20260921,182ef8c5541a964205a0ebe54a5f52745a45fb24ea527066a8d3ed954024f7a8,r1-182ef8c554-seed20260921-n1200-rep400
mid,0.5,,,estimated,185,-0.03951754385964912,,0.003137550913157228,,20260921,182ef8c5541a964205a0ebe54a5f52745a45fb24ea527066a8d3ed954024f7a8,r1-182ef8c554-seed20260921-n1200-rep400
mid,0.5,,,misspecified,185,-0.11916666666666664,,0.003693809995887724,,20260921,182ef8c5541a964205a0ebe54a5f52745a45fb24ea527066a8d3ed954024f7a8,r1-182ef8c554-seed20260921-n1200-rep400
mid,0.5,,,oracle,186,0.0009625096496721774,,0.0022907416355167076,,20260921,182ef8c5541a964205a0ebe54a5f52745a45fb24ea527066a8d3ed954024f7a8,r1-182ef8c554-seed20260921-n1200-rep400
mid,0.5,,,estimated,186,-0.021158536585365845,,0.003137550913157228,,20260921,182ef8c5541a964205a0ebe54a5f52745a45fb24ea527066a8d3ed954024f7a8,r1-182ef8c554-seed20260921-n1200-rep400
mid,0.5,,,misspecified,186,-0.1325,,0.003693809995887724,,20260921,182ef8c5541a964205a0ebe54a5f52745a45fb24ea527066a8d3ed954024f7a8,r1-182ef8c554-seed20260921-n1200-rep400
mid,0.5,,,oracle,187,-0.004335146726216876,,0.0022907416355167076,,20260921,182ef8c5541a964205a0ebe54a5f52745a45fb24ea527066a8d3ed954024f7a8,r1-182ef8c554-seed20260921-n1200-rep400
mid,0.5,,,estimated,187,-0.03958333333333333,,0.003137550913157228,,20260921,182ef8c5541a964205a0ebe54a5f52745a45fb24ea527066a8d3ed954024f7a8,r1-182ef8c554-seed20260921-n1200-rep400
mid,0.5,,,misspecified,187,-0.14666666666666667,,0.003693809995887724,,20260921,182ef8c5541a964205a0ebe54a5f52745a45fb24ea527066a8d3ed954024f7a8,r1-182ef8c554-seed20260921-n1200-rep400
mid,0.5,,,oracle,188,-0.002767816496158454,,0.0022907416355167076,,20260921,182ef8c5541a964205a0ebe54a5f52745a45fb24ea527066a8d3ed954024f7a8,r1-182ef8c554-seed20260921-n1200-rep400
mid,0.5,,,estimated,188,-0.04568181818181813,,0.003137550913157228,,20260921,182ef8c5541a964205a0ebe54a5f52745a45fb24ea527066a8d3ed954024f7a8,r1-182ef8c554-seed20260921-n1200-rep400
mid,0.5,,,misspecified,188,-0.1358333333333333,,0.003693809995887724,,20260921,182ef8c5541a964205a0ebe54a5f52745a45fb24ea527066a8d3ed954024f7a8,r1-182ef8c554-seed20260921-n1200-rep400
mid,0.5,,,oracle,189,0.019331837660866436,,0.0022907416355167076,,20260921,182ef8c5541a964205a0ebe54a5f52745a45fb24ea527066a8d3ed954024f7a8,r1-182ef8c554-seed20260921-n1200-rep400
mid,0.5,,,estimated,189,0.017934782608695632,,0.003137550913157228,,20260921,182ef8c5541a964205a0ebe54a5f52745a45fb24ea527066a8d3ed954024f7a8,r1-182ef8c554-seed20260921-n1200-rep400
mid,0.5,,,misspecified,189,-0.11249999999999999,,0.003693809995887724,,20260921,182ef8c5541a964205a0ebe54a5f52745a45fb24ea527066a8d3ed954024f7a8,r1-182ef8c554-seed20260921-n1200-rep400
mid,0.5,,,oracle,190,-0.012644741960348177,,0.0022907416355167076,,20260921,182ef8c5541a964205a0ebe54a5f52745a45fb24ea527066a8d3ed954024f7a8,r1-182ef8c554-seed20260921-n1200-rep400
mid,0.5,,,estimated,190,-0.002912087912087885,,0.003137550913157228,,20260921,182ef8c5541a964205a0ebe54a5f52745a45fb24ea527066a8d3ed954024f7a8,r1-182ef8c554-seed20260921-n1200-rep400
mid,0.5,,,misspecified,190,-0.15166666666666667,,0.003693809995887724,,20260921,182ef8c5541a964205a0ebe54a5f52745a45fb24ea527066a8d3ed954024f7a8,r1-182ef8c554-seed20260921-n1200-rep400
mid,0.5,,,oracle,191,-0.0021096180300760603,,0.0022907416355167076,,20260921,182ef8c5541a964205a0ebe54a5f52745a45fb24ea527066a8d3ed954024f7a8,r1-182ef8c554-seed20260921-n1200-rep400
mid,0.5,,,estimated,191,-0.022419678714859448,,0.003137550913157228,,20260921,182ef8c5541a964205a0ebe54a5f52745a45fb24ea527066a8d3ed954024f7a8,r1-182ef8c554-seed20260921-n1200-rep400
mid,0.5,,,misspecified,191,-0.14250000000000002,,0.003693809995887724,,20260921,182ef8c5541a964205a0ebe54a5f52745a45fb24ea527066a8d3ed954024f7a8,r1-182ef8c554-seed20260921-n1200-rep400
mid,0.5,,,oracle,192,0.008488849978383062,,0.0022907416355167076,,20260921,182ef8c5541a964205a0ebe54a5f52745a45fb24ea527066a8d3ed954024f7a8,r1-182ef8c554-seed20260921-n1200-rep400
mid,0.5,,,estimated,192,-0.012500000000000039,,0.003137550913157228,,20260921,182ef8c5541a964205a0ebe54a5f52745a45fb24ea527066a8d3ed954024f7a8,r1-182ef8c554-seed20260921-n1200-rep400
mid,0.5,,,misspecified,192,-0.10916666666666666,,0.003693809995887724,,20260921,182ef8c5541a964205a0ebe54a5f52745a45fb24ea527066a8d3ed954024f7a8,r1-182ef8c554-seed20260921-n1200-rep400
mid,0.5,,,oracle,193,-0.027233141169337366,,0.0022907416355167076,,20260921,182ef8c5541a964205a0ebe54a5f52745a45fb24ea527066a8d3ed954024f7a8,r1-182ef8c554-seed20260921-n1200-rep400
mid,0.5,,,estimated,193,-0.022282608695652184,,0.003137550913157228,,20260921,182ef8c5541a964205a0ebe54a5f52745a45fb24ea527066a8d3ed954024f7a8,r1-182ef8c554-seed20260921-n1200-rep400
mid,0.5,,,misspecified,193,-0.17416666666666666,,0.003693809995887724,,20260921,182ef8c5541a964205a0ebe54a5f52745a45fb24ea527066a8d3ed954024f7a8,r1-182ef8c554-seed20260921-n1200-rep400
mid,0.5,,,oracle,194,0.009779698636346201,,0.0022907416355167076,,20260921,182ef8c5541a964205a0ebe54a5f52745a45fb24ea527066a8d3ed954024f7a8,r1-182ef8c554-seed20260921-n1200-rep400
mid,0.5,,,estimated,194,-0.002574906367041191,,0.003137550913157228,,20260921,182ef8c5541a964205a0ebe54a5f52745a45fb24ea527066a8d3ed954024f7a8,r1-182ef8c554-seed20260921-n1200-rep400
mid,0.5,,,misspecified,194,-0.15083333333333335,,0.003693809995887724,,20260921,182ef8c5541a964205a0ebe54a5f52745a45fb24ea527066a8d3ed954024f7a8,r1-182ef8c554-seed20260921-n1200-rep400
mid,0.5,,,oracle,195,0.006797600968175527,,0.0022907416355167076,,20260921,182ef8c5541a964205a0ebe54a5f52745a45fb24ea527066a8d3ed954024f7a8,r1-182ef8c554-seed20260921-n1200-rep400
mid,0.5,,,estimated,195,-0.043474025974025915,,0.003137550913157228,,20260921,182ef8c5541a964205a0ebe54a5f52745a45fb24ea527066a8d3ed954024f7a8,r1-182ef8c554-seed20260921-n1200-rep400
mid,0.5,,,misspecified,195,-0.1358333333333333,,0.003693809995887724,,20260921,182ef8c5541a964205a0ebe54a5f52745a45fb24ea527066a8d3ed954024f7a8,r1-182ef8c554-seed20260921-n1200-rep400
mid,0.5,,,oracle,196,-0.003072520688829794,,0.0022907416355167076,,20260921,182ef8c5541a964205a0ebe54a5f52745a45fb24ea527066a8d3ed954024f7a8,r1-182ef8c554-seed20260921-n1200-rep400
mid,0.5,,,estimated,196,0.008404255319148873,,0.003137550913157228,,20260921,182ef8c5541a964205a0ebe54a5f52745a45fb24ea527066a8d3ed954024f7a8,r1-182ef8c554-seed20260921-n1200-rep400
mid,0.5,,,misspecified,196,-0.14833333333333334,,0.003693809995887724,,20260921,182ef8c5541a964205a0ebe54a5f52745a45fb24ea527066a8d3ed954024f7a8,r1-182ef8c554-seed20260921-n1200-rep400
mid,0.5,,,oracle,197,-0.018798116314554164,,0.0022907416355167076,,20260921,182ef8c5541a964205a0ebe54a5f52745a45fb24ea527066a8d3ed954024f7a8,r1-182ef8c554-seed20260921-n1200-rep400
mid,0.5,,,estimated,197,-0.046686991869918676,,0.003137550913157228,,20260921,182ef8c5541a964205a0ebe54a5f52745a45fb24ea527066a8d3ed954024f7a8,r1-182ef8c554-seed20260921-n1200-rep400
mid,0.5,,,misspecified,197,-0.1625,,0.003693809995887724,,20260921,182ef8c5541a964205a0ebe54a5f52745a45fb24ea527066a8d3ed954024f7a8,r1-182ef8c554-seed20260921-n1200-rep400
mid,0.5,,,oracle,198,-0.0041691651619228665,,0.0022907416355167076,,20260921,182ef8c5541a964205a0ebe54a5f52745a45fb24ea527066a8d3ed954024f7a8,r1-182ef8c554-seed20260921-n1200-rep400
mid,0.5,,,estimated,198,-0.005658914728682157,,0.003137550913157228,,20260921,182ef8c5541a964205a0ebe54a5f52745a45fb24ea527066a8d3ed954024f7a8,r1-182ef8c554-seed20260921-n1200-rep400
mid,0.5,,,misspecified,198,-0.115,,0.003693809995887724,,20260921,182ef8c5541a964205a0ebe54a5f52745a45fb24ea527066a8d3ed954024f7a8,r1-182ef8c554-seed20260921-n1200-rep400
mid,0.5,,,oracle,199,-0.017895392088855294,,0.0022907416355167076,,20260921,182ef8c5541a964205a0ebe54a5f52745a45fb24ea527066a8d3ed954024f7a8,r1-182ef8c554-seed20260921-n1200-rep400
mid,0.5,,,estimated,199,-0.003918439716312061,,0.003137550913157228,,20260921,182ef8c5541a964205a0ebe54a5f52745a45fb24ea527066a8d3ed954024f7a8,r1-182ef8c554-seed20260921-n1200-rep400
mid,0.5,,,misspecified,199,-0.15583333333333332,,0.003693809995887724,,20260921,182ef8c5541a964205a0ebe54a5f52745a45fb24ea527066a8d3ed954024f7a8,r1-182ef8c554-seed20260921-n1200-rep400
mid,0.5,,,oracle,200,0.016846800429774322,,0.0022907416355167076,,20260921,182ef8c5541a964205a0ebe54a5f52745a45fb24ea527066a8d3ed954024f7a8,r1-182ef8c554-seed20260921-n1200-rep400
mid,0.5,,,estimated,200,-0.003823529411764698,,0.003137550913157228,,20260921,182ef8c5541a964205a0ebe54a5f52745a45fb24ea527066a8d3ed954024f7a8,r1-182ef8c554-seed20260921-n1200-rep400
mid,0.5,,,misspecified,200,-0.12833333333333335,,0.003693809995887724,,20260921,182ef8c5541a964205a0ebe54a5f52745a45fb24ea527066a8d3ed954024f7a8,r1-182ef8c554-seed20260921-n1200-rep400
mid,0.5,,,oracle,201,0.004755319798931901,,0.0022907416355167076,,20260921,182ef8c5541a964205a0ebe54a5f52745a45fb24ea527066a8d3ed954024f7a8,r1-182ef8c554-seed20260921-n1200-rep400
mid,0.5,,,estimated,201,-0.03308441558441552,,0.003137550913157228,,20260921,182ef8c5541a964205a0ebe54a5f52745a45fb24ea527066a8d3ed954024f7a8,r1-182ef8c554-seed20260921-n1200-rep400
mid,0.5,,,misspecified,201,-0.1225,,0.003693809995887724,,20260921,182ef8c5541a964205a0ebe54a5f52745a45fb24ea527066a8d3ed954024f7a8,r1-182ef8c554-seed20260921-n1200-rep400
mid,0.5,,,oracle,202,0.009585192055622277,,0.0022907416355167076,,20260921,182ef8c5541a964205a0ebe54a5f52745a45fb24ea527066a8d3ed954024f7a8,r1-182ef8c554-seed20260921-n1200-rep400
mid,0.5,,,estimated,202,-0.00303030303030305,,0.003137550913157228,,20260921,182ef8c5541a964205a0ebe54a5f52745a45fb24ea527066a8d3ed954024f7a8,r1-182ef8c554-seed20260921-n1200-rep400
mid,0.5,,,misspecified,202,-0.14833333333333332,,0.003693809995887724,,20260921,182ef8c5541a964205a0ebe54a5f52745a45fb24ea527066a8d3ed954024f7a8,r1-182ef8c554-seed20260921-n1200-rep400
mid,0.5,,,oracle,203,0.021418973416375747,,0.0022907416355167076,,20260921,182ef8c5541a964205a0ebe54a5f52745a45fb24ea527066a8d3ed954024f7a8,r1-182ef8c554-seed20260921-n1200-rep400
mid,0.5,,,estimated,203,-0.0036144578313253295,,0.003137550913157228,,20260921,182ef8c5541a964205a0ebe54a5f52745a45fb24ea527066a8d3ed954024f7a8,r1-182ef8c554-seed20260921-n1200-rep400
mid,0.5,,,misspecified,203,-0.12,,0.003693809995887724,,20260921,182ef8c5541a964205a0ebe54a5f52745a45fb24ea527066a8d3ed954024f7a8,r1-182ef8c554-seed20260921-n1200-rep400
mid,0.5,,,oracle,204,-0.0004017980434599666,,0.0022907416355167076,,20260921,182ef8c5541a964205a0ebe54a5f52745a45fb24ea527066a8d3ed954024f7a8,r1-182ef8c554-seed20260921-n1200-rep400
mid,0.5,,,estimated,204,-0.0028932584269662776,,0.003137550913157228,,20260921,182ef8c5541a964205a0ebe54a5f52745a45fb24ea527066a8d3ed954024f7a8,r1-182ef8c554-seed20260921-n1200-rep400
mid,0.5,,,misspecified,204,-0.14083333333333334,,0.003693809995887724,,20260921,182ef8c5541a964205a0ebe54a5f52745a45fb24ea527066a8d3ed954024f7a8,r1-182ef8c554-seed20260921-n1200-rep400
mid,0.5,,,oracle,205,0.002694963698244901,,0.0022907416355167076,,20260921,182ef8c5541a964205a0ebe54a5f52745a45fb24ea527066a8d3ed954024f7a8,r1-182ef8c554-seed20260921-n1200-rep400
mid,0.5,,,estimated,205,0.00610215053763441,,0.003137550913157228,,20260921,182ef8c5541a964205a0ebe54a5f52745a45fb24ea527066a8d3ed954024f7a8,r1-182ef8c554-seed20260921-n1200-rep400
mid,0.5,,,misspecified,205,-0.13583333333333333,,0.003693809995887724,,20260921,182ef8c5541a964205a0ebe54a5f52745a45fb24ea527066a8d3ed954024f7a8,r1-182ef8c554-seed20260921-n1200-rep400
mid,0.5,,,oracle,206,0.0011760618335543704,,0.0022907416355167076,,20260921,182ef8c5541a964205a0ebe54a5f52745a45fb24ea527066a8d3ed954024f7a8,r1-182ef8c554-seed20260921-n1200-rep400
mid,0.5,,,estimated,206,0.0003651685393258608,,0.003137550913157228,,20260921,182ef8c5541a964205a0ebe54a5f52745a45fb24ea527066a8d3ed954024f7a8,r1-182ef8c554-seed20260921-n1200-rep400
mid,0.5,,,misspecified,206,-0.14083333333333334,,0.003693809995887724,,20260921,182ef8c5541a964205a0ebe54a5f52745a45fb24ea527066a8d3ed954024f7a8,r1-182ef8c554-seed20260921-n1200-rep400
mid,0.5,,,oracle,207,-0.011452943473876237,,0.0022907416355167076,,20260921,182ef8c5541a964205a0ebe54a5f52745a45fb24ea527066a8d3ed954024f7a8,r1-182ef8c554-seed20260921-n1200-rep400
mid,0.5,,,estimated,207,-0.024215686274509762,,0.003137550913157228,,20260921,182ef8c5541a964205a0ebe54a5f52745a45fb24ea527066a8d3ed954024f7a8,r1-182ef8c554-seed20260921-n1200-rep400
mid,0.5,,,misspecified,207,-0.15166666666666667,,0.003693809995887724,,20260921,182ef8c5541a964205a0ebe54a5f52745a45fb24ea527066a8d3ed954024f7a8,r1-182ef8c554-seed20260921-n1200-rep400
mid,0.5,,,oracle,208,-0.006368143105422358,,0.0022907416355167076,,20260921,182ef8c5541a964205a0ebe54a5f52745a45fb24ea527066a8d3ed954024f7a8,r1-182ef8c554-seed20260921-n1200-rep400
mid,0.5,,,estimated,208,0.011535087719298176,,0.003137550913157228,,20260921,182ef8c5541a964205a0ebe54a5f52745a45fb24ea527066a8d3ed954024f7a8,r1-182ef8c554-seed20260921-n1200-rep400
mid,0.5,,,misspecified,208,-0.14750000000000002,,0.003693809995887724,,20260921,182ef8c5541a964205a0ebe54a5f52745a45fb24ea527066a8d3ed954024f7a8,r1-182ef8c554-seed20260921-n1200-rep400
mid,0.5,,,oracle,209,-0.006299820296011893,,0.0022907416355167076,,20260921,182ef8c5541a964205a0ebe54a5f52745a45fb24ea527066a8d3ed954024f7a8,r1-182ef8c554-seed20260921-n1200-rep400
mid,0.5,,,estimated,209,-0.005277777777777742,,0.003137550913157228,,20260921,182ef8c5541a964205a0ebe54a5f52745a45fb24ea527066a8d3ed954024f7a8,r1-182ef8c554-seed20260921-n1200-rep400
mid,0.5,,,misspecified,209,-0.1408333333333333,,0.003693809995887724,,20260921,182ef8c5541a964205a0ebe54a5f52745a45fb24ea527066a8d3ed954024f7a8,r1-182ef8c554-seed20260921-n1200-rep400
mid,0.5,,,oracle,210,0.017240116392398946,,0.0022907416355167076,,20260921,182ef8c5541a964205a0ebe54a5f52745a45fb24ea527066a8d3ed954024f7a8,r1-182ef8c554-seed20260921-n1200-rep400
mid,0.5,,,estimated,210,-0.04475225225225221,,0.003137550913157228,,20260921,182ef8c5541a964205a0ebe54a5f52745a45fb24ea527066a8d3ed954024f7a8,r1-182ef8c554-seed20260921-n1200-rep400
mid,0.5,,,misspecified,210,-0.11916666666666667,,0.003693809995887724,,20260921,182ef8c5541a964205a0ebe54a5f52745a45fb24ea527066a8d3ed954024f7a8,r1-182ef8c554-seed20260921-n1200-rep400
mid,0.5,,,oracle,211,-0.008093336842549231,,0.0022907416355167076,,20260921,182ef8c5541a964205a0ebe54a5f52745a45fb24ea527066a8d3ed954024f7a8,r1-182ef8c554-seed20260921-n1200-rep400
mid,0.5,,,estimated,211,-0.013994252873563234,,0.003137550913157228,,20260921,182ef8c5541a964205a0ebe54a5f52745a45fb24ea527066a8d3ed954024f7a8,r1-182ef8c554-seed20260921-n1200-rep400
mid,0.5,,,misspecified,211,-0.1691666666666667,,0.003693809995887724,,20260921,182ef8c5541a964205a0ebe54a5f52745a45fb24ea527066a8d3ed954024f7a8,r1-182ef8c554-seed20260921-n1200-rep400
mid,0.5,,,oracle,212,0.000426631395812227,,0.0022907416355167076,,20260921,182ef8c5541a964205a0ebe54a5f52745a45fb24ea527066a8d3ed954024f7a8,r1-182ef8c554-seed20260921-n1200-rep400
mid,0.5,,,estimated,212,-0.01777108433734939,,0.003137550913157228,,20260921,182ef8c5541a964205a0ebe54a5f52745a45fb24ea527066a8d3ed954024f7a8,r1-182ef8c554-seed20260921-n1200-rep400
mid,0.5,,,misspecified,212,-0.13,,0.003693809995887724,,20260921,182ef8c5541a964205a0ebe54a5f52745a45fb24ea527066a8d3ed954024f7a8,r1-182ef8c554-seed20260921-n1200-rep400
mid,0.5,,,oracle,213,-0.012930810417331295,,0.0022907416355167076,,20260921,182ef8c5541a964205a0ebe54a5f52745a45fb24ea527066a8d3ed954024f7a8,r1-182ef8c554-seed20260921-n1200-rep400
mid,0.5,,,estimated,213,-0.02416666666666667,,0.003137550913157228,,20260921,182ef8c5541a964205a0ebe54a5f52745a45fb24ea527066a8d3ed954024f7a8,r1-182ef8c554-seed20260921-n1200-rep400
mid,0.5,,,misspecified,213,-0.1375,,0.003693809995887724,,20260921,182ef8c5541a964205a0ebe54a5f52745a45fb24ea527066a8d3ed954024f7a8,r1-182ef8c554-seed20260921-n1200-rep400
mid,0.5,,,oracle,214,0.006306998838285949,,0.0022907416355167076,,20260921,182ef8c5541a964205a0ebe54a5f52745a45fb24ea527066a8d3ed954024f7a8,r1-182ef8c554-seed20260921-n1200-rep400
mid,0.5,,,estimated,214,-0.02071428571428574,,0.003137550913157228,,20260921,182ef8c5541a964205a0ebe54a5f52745a45fb24ea527066a8d3ed954024f7a8,r1-182ef8c554-seed20260921-n1200-rep400
mid,0.5,,,misspecified,214,-0.14833333333333332,,0.003693809995887724,,20260921,182ef8c5541a964205a0ebe54a5f52745a45fb24ea527066a8d3ed954024f7a8,r1-182ef8c554-seed20260921-n1200-rep400
mid,0.5,,,oracle,215,0.01041986659566363,,0.0022907416355167076,,20260921,182ef8c5541a964205a0ebe54a5f52745a45fb24ea527066a8d3ed954024f7a8,r1-182ef8c554-seed20260921-n1200-rep400
mid,0.5,,,estimated,215,0.010277777777777802,,0.003137550913157228,,20260921,182ef8c5541a964205a0ebe54a5f52745a45fb24ea527066a8d3ed954024f7a8,r1-182ef8c554-seed20260921-n1200-rep400
mid,0.5,,,misspecified,215,-0.13083333333333336,,0.003693809995887724,,20260921,182ef8c5541a964205a0ebe54a5f52745a45fb24ea527066a8d3ed954024f7a8,r1-182ef8c554-seed20260921-n1200-rep400
mid,0.5,,,oracle,216,-0.005454347084498351,,0.0022907416355167076,,20260921,182ef8c5541a964205a0ebe54a5f52745a45fb24ea527066a8d3ed954024f7a8,r1-182ef8c554-seed20260921-n1200-rep400
mid,0.5,,,estimated,216,-0.007348484848484882,,0.003137550913157228,,20260921,182ef8c5541a964205a0ebe54a5f52745a45fb24ea527066a8d3ed954024f7a8,r1-182ef8c554-seed20260921-n1200-rep400
mid,0.5,,,misspecified,216,-0.14416666666666667,,0.003693809995887724,,20260921,182ef8c5541a964205a0ebe54a5f52745a45fb24ea527066a8d3ed954024f7a8,r1-182ef8c554-seed20260921-n1200-rep400
mid,0.5,,,oracle,217,-0.008201021474970427,,0.0022907416355167076,,20260921,182ef8c5541a964205a0ebe54a5f52745a45fb24ea527066a8d3ed954024f7a8,r1-182ef8c554-seed20260921-n1200-rep400
mid,0.5,,,estimated,217,-0.001397849462365569,,0.003137550913157228,,20260921,182ef8c5541a964205a0ebe54a5f52745a45fb24ea527066a8d3ed954024f7a8,r1-182ef8c554-seed20260921-n1200-rep400
mid,0.5,,,misspecified,217,-0.16166666666666668,,0.003693809995887724,,20260921,182ef8c5541a964205a0ebe54a5f52745a45fb24ea527066a8d3ed954024f7a8,r1-182ef8c554-seed20260921-n1200-rep400
mid,0.5,,,oracle,218,-0.011186868717585063,,0.0022907416355167076,,20260921,182ef8c5541a964205a0ebe54a5f52745a45fb24ea527066a8d3ed954024f7a8,r1-182ef8c554-seed20260921-n1200-rep400
mid,0.5,,,estimated,218,-0.02497991967871485,,0.003137550913157228,,20260921,182ef8c5541a964205a0ebe54a5f52745a45fb24ea527066a8d3ed954024f7a8,r1-182ef8c554-seed20260921-n1200-rep400
mid,0.5,,,misspecified,218,-0.13166666666666665,,0.003693809995887724,,20260921,182ef8c5541a964205a0ebe54a5f52745a45fb24ea527066a8d3ed954024f7a8,r1-182ef8c554-seed20260921-n1200-rep400
mid,0.5,,,oracle,219,-0.012486651667339671,,0.0022907416355167076,,20260921,182ef8c5541a964205a0ebe54a5f52745a45fb24ea527066a8d3ed954024f7a8,r1-182ef8c554-seed20260921-n1200-rep400
mid,0.5,,,estimated,219,-0.005797872340425558,,0.003137550913157228,,20260921,182ef8c5541a964205a0ebe54a5f52745a45fb24ea527066a8d3ed954024f7a8,r1-182ef8c554-seed20260921-n1200-rep400
mid,0.5,,,misspecified,219,-0.16916666666666666,,0.003693809995887724,,20260921,182ef8c5541a964205a0ebe54a5f52745a45fb24ea527066a8d3ed954024f7a8,r1-182ef8c554-seed20260921-n1200-rep400
mid,0.5,,,oracle,220,0.016542980153305076,,0.0022907416355167076,,20260921,182ef8c5541a964205a0ebe54a5f52745a45fb24ea527066a8d3ed954024f7a8,r1-182ef8c554-seed20260921-n1200-rep400
mid,0.5,,,estimated,220,-0.0039024390243902474,,0.003137550913157228,,20260921,182ef8c5541a964205a0ebe54a5f52745a45fb24ea527066a8d3ed954024f7a8,r1-182ef8c554-seed20260921-n1200-rep400
mid,0.5,,,misspecified,220,-0.09333333333333332,,0.003693809995887724,,20260921,182ef8c5541a964205a0ebe54a5f52745a45fb24ea527066a8d3ed954024f7a8,r1-182ef8c554-seed20260921-n1200-rep400
mid,0.5,,,oracle,221,0.011857855239155835,,0.0022907416355167076,,20260921,182ef8c5541a964205a0ebe54a5f52745a45fb24ea527066a8d3ed954024f7a8,r1-182ef8c554-seed20260921-n1200-rep400
mid,0.5,,,estimated,221,-0.05000000000000002,,0.003137550913157228,,20260921,182ef8c5541a964205a0ebe54a5f52745a45fb24ea527066a8d3ed954024f7a8,r1-182ef8c554-seed20260921-n1200-rep400
mid,0.5,,,misspecified,221,-0.11416666666666667,,0.003693809995887724,,20260921,182ef8c5541a964205a0ebe54a5f52745a45fb24ea527066a8d3ed954024f7a8,r1-182ef8c554-seed20260921-n1200-rep400
mid,0.5,,,oracle,222,0.0010539976952041175,,0.0022907416355167076,,20260921,182ef8c5541a964205a0ebe54a5f52745a45fb24ea527066a8d3ed954024f7a8,r1-182ef8c554-seed20260921-n1200-rep400
mid,0.5,,,estimated,222,0.0034523809523809013,,0.003137550913157228,,20260921,182ef8c5541a964205a0ebe54a5f52745a45fb24ea527066a8d3ed954024f7a8,r1-182ef8c554-seed20260921-n1200-rep400
mid,0.5,,,misspecified,222,-0.14416666666666667,,0.003693809995887724,,20260921,182ef8c5541a964205a0ebe54a5f52745a45fb24ea527066a8d3ed954024f7a8,r1-182ef8c554-seed20260921-n1200-rep400
mid,0.5,,,oracle,223,0.006778550008609802,,0.0022907416355167076,,20260921,182ef8c5541a964205a0ebe54a5f52745a45fb24ea527066a8d3ed954024f7a8,r1-182ef8c554-seed20260921-n1200-rep400
mid,0.5,,,estimated,223,-0.016078431372548996,,0.003137550913157228,,20260921,182ef8c5541a964205a0ebe54a5f52745a45fb24ea527066a8d3ed954024f7a8,r1-182ef8c554-seed20260921-n1200-rep400
mid,0.5,,,misspecified,223,-0.14500000000000002,,0.003693809995887724,,20260921,182ef8c5541a964205a0ebe54a5f52745a45fb24ea527066a8d3ed954024f7a8,r1-182ef8c554-seed20260921-n1200-rep400
mid,0.5,,,oracle,224,-0.009253953787946467,,0.0022907416355167076,,20260921,182ef8c5541a964205a0ebe54a5f52745a45fb24ea527066a8d3ed954024f7a8,r1-182ef8c554-seed20260921-n1200-rep400
mid,0.5,,,estimated,224,-0.012959770114942537,,0.003137550913157228,,20260921,182ef8c5541a964205a0ebe54a5f52745a45fb24ea527066a8d3ed954024f7a8,r1-182ef8c554-seed20260921-n1200-rep400
mid,0.5,,,misspecified,224,-0.15416666666666667,,0.003693809995887724,,20260921,182ef8c5541a964205a0ebe54a5f52745a45fb24ea527066a8d3ed954024f7a8,r1-182ef8c554-seed20260921-n1200-rep400
mid,0.5,,,oracle,225,0.0017076102323064224,,0.0022907416355167076,,20260921,182ef8c5541a964205a0ebe54a5f52745a45fb24ea527066a8d3ed954024f7a8,r1-182ef8c554-seed20260921-n1200-rep400
mid,0.5,,,estimated,225,-0.014554263565891484,,0.003137550913157228,,20260921,182ef8c5541a964205a0ebe54a5f52745a45fb24ea527066a8d3ed954024f7a8,r1-182ef8c554-seed20260921-n1200-rep400
mid,0.5,,,misspecified,225,-0.1375,,0.003693809995887724,,20260921,182ef8c5541a964205a0ebe54a5f52745a45fb24ea527066a8d3ed954024f7a8,r1-182ef8c554-seed20260921-n1200-rep400
mid,0.5,,,oracle,226,0.019595346283131587,,0.0022907416355167076,,20260921,182ef8c5541a964205a0ebe54a5f52745a45fb24ea527066a8d3ed954024f7a8,r1-182ef8c554-seed20260921-n1200-rep400
mid,0.5,,,estimated,226,0.015851648351648373,,0.003137550913157228,,20260921,182ef8c5541a964205a0ebe54a5f52745a45fb24ea527066a8d3ed954024f7a8,r1-182ef8c554-seed20260921-n1200-rep400
mid,0.5,,,misspecified,226,-0.11416666666666667,,0.003693809995887724,,20260921,182ef8c5541a964205a0ebe54a5f52745a45fb24ea527066a8d3ed954024f7a8,r1-182ef8c554-seed20260921-n1200-rep400
mid,0.5,,,oracle,227,-0.015803620443889943,,0.0022907416355167076,,20260921,182ef8c5541a964205a0ebe54a5f52745a45fb24ea527066a8d3ed954024f7a8,r1-182ef8c554-seed20260921-n1200-rep400
mid,0.5,,,estimated,227,-0.018333333333333313,,0.003137550913157228,,20260921,182ef8c5541a964205a0ebe54a5f52745a45fb24ea527066a8d3ed954024f7a8,r1-182ef8c554-seed20260921-n1200-rep400
mid,0.5,,,misspecified,227,-0.18333333333333332,,0.003693809995887724,,20260921,182ef8c5541a964205a0ebe54a5f52745a45fb24ea527066a8d3ed954024f7a8,r1-182ef8c554-seed20260921-n1200-rep400
mid,0.5,,,oracle,228,-0.008145424950633168,,0.0022907416355167076,,20260921,182ef8c5541a964205a0ebe54a5f52745a45fb24ea527066a8d3ed954024f7a8,r1-182ef8c554-seed20260921-n1200-rep400
mid,0.5,,,estimated,228,-0.011388888888888893,,0.003137550913157228,,20260921,182ef8c5541a964205a0ebe54a5f52745a45fb24ea527066a8d3ed954024f7a8,r1-182ef8c554-seed20260921-n1200-rep400
mid,0.5,,,misspecified,228,-0.16583333333333333,,0.003693809995887724,,20260921,182ef8c5541a964205a0ebe54a5f52745a45fb24ea527066a8d3ed954024f7a8,r1-182ef8c554-seed20260921-n1200-rep400
mid,0.5,,,oracle,229,0.004420510060829663,,0.0022907416355167076,,20260921,182ef8c5541a964205a0ebe54a5f52745a45fb24ea527066a8d3ed954024f7a8,r1-182ef8c554-seed20260921-n1200-rep400
mid,0.5,,,estimated,229,-0.0066279069767441745,,0.003137550913157228,,20260921,182ef8c5541a964205a0ebe54a5f52745a45fb24ea527066a8d3ed954024f7a8,r1-182ef8c554-seed20260921-n1200-rep400
mid,0.5,,,misspecified,229,-0.14166666666666666,,0.003693809995887724,,20260921,182ef8c5541a964205a0ebe54a5f52745a45fb24ea527066a8d3ed954024f7a8,r1-182ef8c554-seed20260921-n1200-rep400
mid,0.5,,,oracle,230,0.005914647973083859,,0.0022907416355167076,,20260921,182ef8c5541a964205a0ebe54a5f52745a45fb24ea527066a8d3ed954024f7a8,r1-182ef8c554-seed20260921-n1200-rep400
mid,0.5,,,estimated,230,0.006900749063670469,,0.003137550913157228,,20260921,182ef8c5541a964205a0ebe54a5f52745a45fb24ea527066a8d3ed954024f7a8,r1-182ef8c554-seed20260921-n1200-rep400
mid,0.5,,,misspecified,230,-0.11583333333333332,,0.003693809995887724,,20260921,182ef8c5541a964205a0ebe54a5f52745a45fb24ea527066a8d3ed954024f7a8,r1-182ef8c554-seed20260921-n1200-rep400
mid,0.5,,,oracle,231,0.013575595307290522,,0.0022907416355167076,,20260921,182ef8c5541a964205a0ebe54a5f52745a45fb24ea527066a8d3ed954024f7a8,r1-182ef8c554-seed20260921-n1200-rep400
mid,0.5,,,estimated,231,0.012427536231884057,,0.003137550913157228,,20260921,182ef8c5541a964205a0ebe54a5f52745a45fb24ea527066a8d3ed954024f7a8,r1-182ef8c554-seed20260921-n1200-rep400
mid,0.5,,,misspecified,231,-0.1325,,0.003693809995887724,,20260921,182ef8c5541a964205a0ebe54a5f52745a45fb24ea527066a8d3ed954024f7a8,r1-182ef8c554-seed20260921-n1200-rep400
mid,0.5,,,oracle,232,0.023133905417527467,,0.0022907416355167076,,20260921,182ef8c5541a964205a0ebe54a5f52745a45fb24ea527066a8d3ed954024f7a8,r1-182ef8c554-seed20260921-n1200-rep400
mid,0.5,,,estimated,232,-0.016666666666666663,,0.003137550913157228,,20260921,182ef8c5541a964205a0ebe54a5f52745a45fb24ea527066a8d3ed954024f7a8,r1-182ef8c554-seed20260921-n1200-rep400
mid,0.5,,,misspecified,232,-0.12250000000000001,,0.003693809995887724,,20260921,182ef8c5541a964205a0ebe54a5f52745a45fb24ea527066a8d3ed954024f7a8,r1-182ef8c554-seed20260921-n1200-rep400
mid,0.5,,,oracle,233,-0.006927526776143167,,0.0022907416355167076,,20260921,182ef8c5541a964205a0ebe54a5f52745a45fb24ea527066a8d3ed954024f7a8,r1-182ef8c554-seed20260921-n1200-rep400
mid,0.5,,,estimated,233,0.00964285714285712,,0.003137550913157228,,20260921,182ef8c5541a964205a0ebe54a5f52745a45fb24ea527066a8d3ed954024f7a8,r1-182ef8c554-seed20260921-n1200-rep400
mid,0.5,,,misspecified,233,-0.14416666666666667,,0.003693809995887724,,20260921,182ef8c5541a964205a0ebe54a5f52745a45fb24ea527066a8d3ed954024f7a8,r1-182ef8c554-seed20260921-n1200-rep400
mid,0.5,,,oracle,234,-0.006375012036037908,,0.0022907416355167076,,20260921,182ef8c5541a964205a0ebe54a5f52745a45fb24ea527066a8d3ed954024f7a8,r1-182ef8c554-seed20260921-n1200-rep400
mid,0.5,,,estimated,234,-0.006114232209737808,,0.003137550913157228,,20260921,182ef8c5541a964205a0ebe54a5f52745a45fb24ea527066a8d3ed954024f7a8,r1-182ef8c554-seed20260921-n1200-rep400
mid,0.5,,,misspecified,234,-0.13916666666666666,,0.003693809995887724,,20260921,182ef8c5541a964205a0ebe54a5f52745a45fb24ea527066a8d3ed954024f7a8,r1-182ef8c554-seed20260921-n1200-rep400
mid,0.5,,,oracle,235,0.008631043621059376,,0.0022907416355167076,,20260921,182ef8c5541a964205a0ebe54a5f52745a45fb24ea527066a8d3ed954024f7a8,r1-182ef8c554-seed20260921-n1200-rep400
mid,0.5,,,estimated,235,-0.005227272727272775,,0.003137550913157228,,20260921,182ef8c5541a964205a0ebe54a5f52745a45fb24ea527066a8d3ed954024f7a8,r1-182ef8c554-seed20260921-n1200-rep400
mid,0.5,,,misspecified,235,-0.14416666666666667,,0.003693809995887724,,20260921,182ef8c5541a964205a0ebe54a5f52745a45fb24ea527066a8d3ed954024f7a8,r1-182ef8c554-seed20260921-n1200-rep400
mid,0.5,,,oracle,236,-0.0013750310332329707,,0.0022907416355167076,,20260921,182ef8c5541a964205a0ebe54a5f52745a45fb24ea527066a8d3ed954024f7a8,r1-182ef8c554-seed20260921-n1200-rep400
mid,0.5,,,estimated,236,-0.0008333333333333248,,0.003137550913157228,,20260921,182ef8c5541a964205a0ebe54a5f52745a45fb24ea527066a8d3ed954024f7a8,r1-182ef8c554-seed20260921-n1200-rep400
mid,0.5,,,misspecified,236,-0.12916666666666665,,0.003693809995887724,,20260921,182ef8c5541a964205a0ebe54a5f52745a45fb24ea527066a8d3ed954024f7a8,r1-182ef8c554-seed20260921-n1200-rep400
mid,0.5,,,oracle,237,-0.0043390149317604765,,0.0022907416355167076,,20260921,182ef8c5541a964205a0ebe54a5f52745a45fb24ea527066a8d3ed954024f7a8,r1-182ef8c554-seed20260921-n1200-rep400
mid,0.5,,,estimated,237,-0.01189655172413795,,0.003137550913157228,,20260921,182ef8c5541a964205a0ebe54a5f52745a45fb24ea527066a8d3ed954024f7a8,r1-182ef8c554-seed20260921-n1200-rep400
mid,0.5,,,misspecified,237,-0.15000000000000002,,0.003693809995887724,,20260921,182ef8c5541a964205a0ebe54a5f52745a45fb24ea527066a8d3ed954024f7a8,r1-182ef8c554-seed20260921-n1200-rep400
mid,0.5,,,oracle,238,-0.0021232633386401856,,0.0022907416355167076,,20260921,182ef8c5541a964205a0ebe54a5f52745a45fb24ea527066a8d3ed954024f7a8,r1-182ef8c554-seed20260921-n1200-rep400
mid,0.5,,,estimated,238,-0.0023484848484848775,,0.003137550913157228,,20260921,182ef8c5541a964205a0ebe54a5f52745a45fb24ea527066a8d3ed954024f7a8,r1-182ef8c554-seed20260921-n1200-rep400
mid,0.5,,,misspecified,238,-0.14500000000000002,,0.003693809995887724,,20260921,182ef8c5541a964205a0ebe54a5f52745a45fb24ea527066a8d3ed954024f7a8,r1-182ef8c554-seed20260921-n1200-rep400
mid,0.5,,,oracle,239,-0.004828373759102472,,0.0022907416355167076,,20260921,182ef8c5541a964205a0ebe54a5f52745a45fb24ea527066a8d3ed954024f7a8,r1-182ef8c554-seed20260921-n1200-rep400
mid,0.5,,,estimated,239,-0.04773809523809522,,0.003137550913157228,,20260921,182ef8c5541a964205a0ebe54a5f52745a45fb24ea527066a8d3ed954024f7a8,r1-182ef8c554-seed20260921-n1200-rep400
mid,0.5,,,misspecified,239,-0.14083333333333334,,0.003693809995887724,,20260921,182ef8c5541a964205a0ebe54a5f52745a45fb24ea527066a8d3ed954024f7a8,r1-182ef8c554-seed20260921-n1200-rep400
mid,0.5,,,oracle,240,0.004172437830453374,,0.0022907416355167076,,20260921,182ef8c5541a964205a0ebe54a5f52745a45fb24ea527066a8d3ed954024f7a8,r1-182ef8c554-seed20260921-n1200-rep400
mid,0.5,,,estimated,240,0.004840823970037461,,0.003137550913157228,,20260921,182ef8c5541a964205a0ebe54a5f52745a45fb24ea527066a8d3ed954024f7a8,r1-182ef8c554-seed20260921-n1200-rep400
mid,0.5,,,misspecified,240,-0.11083333333333331,,0.003693809995887724,,20260921,182ef8c5541a964205a0ebe54a5f52745a45fb24ea527066a8d3ed954024f7a8,r1-182ef8c554-seed20260921-n1200-rep400
mid,0.5,,,oracle,241,0.004277620083110806,,0.0022907416355167076,,20260921,182ef8c5541a964205a0ebe54a5f52745a45fb24ea527066a8d3ed954024f7a8,r1-182ef8c554-seed20260921-n1200-rep400
mid,0.5,,,estimated,241,-0.010931372549019602,,0.003137550913157228,,20260921,182ef8c5541a964205a0ebe54a5f52745a45fb24ea527066a8d3ed954024f7a8,r1-182ef8c554-seed20260921-n1200-rep400
mid,0.5,,,misspecified,241,-0.12416666666666668,,0.003693809995887724,,20260921,182ef8c5541a964205a0ebe54a5f52745a45fb24ea527066a8d3ed954024f7a8,r1-182ef8c554-seed20260921-n1200-rep400
mid,0.5,,,oracle,242,-0.007007950546536301,,0.0022907416355167076,,20260921,182ef8c5541a964205a0ebe54a5f52745a45fb24ea527066a8d3ed954024f7a8,r1-182ef8c554-seed20260921-n1200-rep400
mid,0.5,,,estimated,242,0.0038829787234042346,,0.003137550913157228,,20260921,182ef8c5541a964205a0ebe54a5f52745a45fb24ea527066a8d3ed954024f7a8,r1-182ef8c554-seed20260921-n1200-rep400
mid,0.5,,,misspecified,242,-0.1625,,0.003693809995887724,,20260921,182ef8c5541a964205a0ebe54a5f52745a45fb24ea527066a8d3ed954024f7a8,r1-182ef8c554-seed20260921-n1200-rep400
mid,0.5,,,oracle,243,0.006324816813555345,,0.0022907416355167076,,20260921,182ef8c5541a964205a0ebe54a5f52745a45fb24ea527066a8d3ed954024f7a8,r1-182ef8c554-seed20260921-n1200-rep400
mid,0.5,,,estimated,243,0.014722222222222248,,0.003137550913157228,,20260921,182ef8c5541a964205a0ebe54a5f52745a45fb24ea527066a8d3ed954024f7a8,r1-182ef8c554-seed20260921-n1200-rep400
mid,0.5,,,misspecified,243,-0.11249999999999999,,0.003693809995887724,,20260921,182ef8c5541a964205a0ebe54a5f52745a45fb24ea527066a8d3ed954024f7a8,r1-182ef8c554-seed20260921-n1200-rep400
mid,0.5,,,oracle,244,0.01476799711821869,,0.0022907416355167076,,20260921,182ef8c5541a964205a0ebe54a5f52745a45fb24ea527066a8d3ed954024f7a8,r1-182ef8c554-seed20260921-n1200-rep400
mid,0.5,,,estimated,244,-0.003189655172413791,,0.003137550913157228,,20260921,182ef8c5541a964205a0ebe54a5f52745a45fb24ea527066a8d3ed954024f7a8,r1-182ef8c554-seed20260921-n1200-rep400
mid,0.5,,,misspecified,244,-0.1325,,0.003693809995887724,,20260921,182ef8c5541a964205a0ebe54a5f52745a45fb24ea527066a8d3ed954024f7a8,r1-182ef8c554-seed20260921-n1200-rep400
mid,0.5,,,oracle,245,0.002118961188665197,,0.0022907416355167076,,20260921,182ef8c5541a964205a0ebe54a5f52745a45fb24ea527066a8d3ed954024f7a8,r1-182ef8c554-seed20260921-n1200-rep400
mid,0.5,,,estimated,245,-0.0244377510040161,,0.003137550913157228,,20260921,182ef8c5541a964205a0ebe54a5f52745a45fb24ea527066a8d3ed954024f7a8,r1-182ef8c554-seed20260921-n1200-rep400
mid,0.5,,,misspecified,245,-0.13666666666666666,,0.003693809995887724,,20260921,182ef8c5541a964205a0ebe54a5f52745a45fb24ea527066a8d3ed954024f7a8,r1-182ef8c554-seed20260921-n1200-rep400
mid,0.5,,,oracle,246,0.010404243904794719,,0.0022907416355167076,,20260921,182ef8c5541a964205a0ebe54a5f52745a45fb24ea527066a8d3ed954024f7a8,r1-182ef8c554-seed20260921-n1200-rep400
mid,0.5,,,estimated,246,-0.02191358024691359,,0.003137550913157228,,20260921,182ef8c5541a964205a0ebe54a5f52745a45fb24ea527066a8d3ed954024f7a8,r1-182ef8c554-seed20260921-n1200-rep400
mid,0.5,,,misspecified,246,-0.12000000000000001,,0.003693809995887724,,20260921,182ef8c5541a964205a0ebe54a5f52745a45fb24ea527066a8d3ed954024f7a8,r1-182ef8c554-seed20260921-n1200-rep400
mid,0.5,,,oracle,247,0.0010651599301605141,,0.0022907416355167076,,20260921,182ef8c5541a964205a0ebe54a5f52745a45fb24ea527066a8d3ed954024f7a8,r1-182ef8c554-seed20260921-n1200-rep400
mid,0.5,,,estimated,247,-0.0340650406504065,,0.003137550913157228,,20260921,182ef8c5541a964205a0ebe54a5f52745a45fb24ea527066a8d3ed954024f7a8,r1-182ef8c554-seed20260921-n1200-rep400
mid,0.5,,,misspecified,247,-0.15166666666666667,,0.003693809995887724,,20260921,182ef8c5541a964205a0ebe54a5f52745a45fb24ea527066a8d3ed954024f7a8,r1-182ef8c554-seed20260921-n1200-rep400
mid,0.5,,,oracle,248,-0.010785008345822633,,0.0022907416355167076,,20260921,182ef8c5541a964205a0ebe54a5f52745a45fb24ea527066a8d3ed954024f7a8,r1-182ef8c554-seed20260921-n1200-rep400
mid,0.5,,,estimated,248,-0.01939138576779026,,0.003137550913157228,,20260921,182ef8c5541a964205a0ebe54a5f52745a45fb24ea527066a8d3ed954024f7a8,r1-182ef8c554-seed20260921-n1200-rep400
mid,0.5,,,misspecified,248,-0.17416666666666666,,0.003693809995887724,,20260921,182ef8c5541a964205a0ebe54a5f52745a45fb24ea527066a8d3ed954024f7a8,r1-182ef8c554-seed20260921-n1200-rep400
mid,0.5,,,oracle,249,-0.01089665214188612,,0.0022907416355167076,,20260921,182ef8c5541a964205a0ebe54a5f52745a45fb24ea527066a8d3ed954024f7a8,r1-182ef8c554-seed20260921-n1200-rep400
mid,0.5,,,estimated,249,-0.02546511627906975,,0.003137550913157228,,20260921,182ef8c5541a964205a0ebe54a5f52745a45fb24ea527066a8d3ed954024f7a8,r1-182ef8c554-seed20260921-n1200-rep400
mid,0.5,,,misspecified,249,-0.16,,0.003693809995887724,,20260921,182ef8c5541a964205a0ebe54a5f52745a45fb24ea527066a8d3ed954024f7a8,r1-182ef8c554-seed20260921-n1200-rep400
mid,0.5,,,oracle,250,0.0003242283473565144,,0.0022907416355167076,,20260921,182ef8c5541a964205a0ebe54a5f52745a45fb24ea527066a8d3ed954024f7a8,r1-182ef8c554-seed20260921-n1200-rep400
mid,0.5,,,estimated,250,0.0002777777777778212,,0.003137550913157228,,20260921,182ef8c5541a964205a0ebe54a5f52745a45fb24ea527066a8d3ed954024f7a8,r1-182ef8c554-seed20260921-n1200-rep400
mid,0.5,,,misspecified,250,-0.13416666666666666,,0.003693809995887724,,20260921,182ef8c5541a964205a0ebe54a5f52745a45fb24ea527066a8d3ed954024f7a8,r1-182ef8c554-seed20260921-n1200-rep400
mid,0.5,,,oracle,251,-0.0007003786678342339,,0.0022907416355167076,,20260921,182ef8c5541a964205a0ebe54a5f52745a45fb24ea527066a8d3ed954024f7a8,r1-182ef8c554-seed20260921-n1200-rep400
mid,0.5,,,estimated,251,-0.011744186046511618,,0.003137550913157228,,20260921,182ef8c5541a964205a0ebe54a5f52745a45fb24ea527066a8d3ed954024f7a8,r1-182ef8c554-seed20260921-n1200-rep400
mid,0.5,,,misspecified,251,-0.13166666666666665,,0.003693809995887724,,20260921,182ef8c5541a964205a0ebe54a5f52745a45fb24ea527066a8d3ed954024f7a8,r1-182ef8c554-seed20260921-n1200-rep400
mid,0.5,,,oracle,252,-0.0011929517092715003,,0.0022907416355167076,,20260921,182ef8c5541a964205a0ebe54a5f52745a45fb24ea527066a8d3ed954024f7a8,r1-182ef8c554-seed20260921-n1200-rep400
mid,0.5,,,estimated,252,-0.025595238095238088,,0.003137550913157228,,20260921,182ef8c5541a964205a0ebe54a5f52745a45fb24ea527066a8d3ed954024f7a8,r1-182ef8c554-seed20260921-n1200-rep400
mid,0.5,,,misspecified,252,-0.1408333333333333,,0.003693809995887724,,20260921,182ef8c5541a964205a0ebe54a5f52745a45fb24ea527066a8d3ed954024f7a8,r1-182ef8c554-seed20260921-n1200-rep400
mid,0.5,,,oracle,253,0.004429184097312966,,0.0022907416355167076,,20260921,182ef8c5541a964205a0ebe54a5f52745a45fb24ea527066a8d3ed954024f7a8,r1-182ef8c554-seed20260921-n1200-rep400
mid,0.5,,,estimated,253,-0.02520325203252033,,0.003137550913157228,,20260921,182ef8c5541a964205a0ebe54a5f52745a45fb24ea527066a8d3ed954024f7a8,r1-182ef8c554-seed20260921-n1200-rep400
mid,0.5,,,misspecified,253,-0.13833333333333334,,0.003693809995887724,,20260921,182ef8c5541a964205a0ebe54a5f52745a45fb24ea527066a8d3ed954024f7a8,r1-182ef8c554-seed20260921-n1200-rep400
mid,0.5,,,oracle,254,0.007425580378289581,,0.0022907416355167076,,20260921,182ef8c5541a964205a0ebe54a5f52745a45fb24ea527066a8d3ed954024f7a8,r1-182ef8c554-seed20260921-n1200-rep400
mid,0.5,,,estimated,254,0.011790780141843926,,0.003137550913157228,,20260921,182ef8c5541a964205a0ebe54a5f52745a45fb24ea527066a8d3ed954024f7a8,r1-182ef8c554-seed20260921-n1200-rep400
mid,0.5,,,misspecified,254,-0.12083333333333333,,0.003693809995887724,,20260921,182ef8c5541a964205a0ebe54a5f52745a45fb24ea527066a8d3ed954024f7a8,r1-182ef8c554-seed20260921-n1200-rep400
mid,0.5,,,oracle,255,-0.013810339630214802,,0.0022907416355167076,,20260921,182ef8c5541a964205a0ebe54a5f52745a45fb24ea527066a8d3ed954024f7a8,r1-182ef8c554-seed20260921-n1200-rep400
mid,0.5,,,estimated,255,-0.04169831223628692,,0.003137550913157228,,20260921,182ef8c5541a964205a0ebe54a5f52745a45fb24ea527066a8d3ed954024f7a8,r1-182ef8c554-seed20260921-n1200-rep400
mid,0.5,,,misspecified,255,-0.1375,,0.003693809995887724,,20260921,182ef8c5541a964205a0ebe54a5f52745a45fb24ea527066a8d3ed954024f7a8,r1-182ef8c554-seed20260921-n1200-rep400
mid,0.5,,,oracle,256,-0.00955079385441257,,0.0022907416355167076,,20260921,182ef8c5541a964205a0ebe54a5f52745a45fb24ea527066a8d3ed954024f7a8,r1-182ef8c554-seed20260921-n1200-rep400
mid,0.5,,,estimated,256,-0.01376404494382022,,0.003137550913157228,,20260921,182ef8c5541a964205a0ebe54a5f52745a45fb24ea527066a8d3ed954024f7a8,r1-182ef8c554-seed20260921-n1200-rep400
mid,0.5,,,misspecified,256,-0.15333333333333335,,0.003693809995887724,,20260921,182ef8c5541a964205a0ebe54a5f52745a45fb24ea527066a8d3ed954024f7a8,r1-182ef8c554-seed20260921-n1200-rep400
mid,0.5,,,oracle,257,-0.012186618800560434,,0.0022907416355167076,,20260921,182ef8c5541a964205a0ebe54a5f52745a45fb24ea527066a8d3ed954024f7a8,r1-182ef8c554-seed20260921-n1200-rep400
mid,0.5,,,estimated,257,-0.014438202247191001,,0.003137550913157228,,20260921,182ef8c5541a964205a0ebe54a5f52745a45fb24ea527066a8d3ed954024f7a8,r1-182ef8c554-seed20260921-n1200-rep400
mid,0.5,,,misspecified,257,-0.135,,0.003693809995887724,,20260921,182ef8c5541a964205a0ebe54a5f52745a45fb24ea527066a8d3ed954024f7a8,r1-182ef8c554-seed20260921-n1200-rep400
mid,0.5,,,oracle,258,-0.006138196426398401,,0.0022907416355167076,,20260921,182ef8c5541a964205a0ebe54a5f52745a45fb24ea527066a8d3ed954024f7a8,r1-182ef8c554-seed20260921-n1200-rep400
mid,0.5,,,estimated,258,-0.03734939759036146,,0.003137550913157228,,20260921,182ef8c5541a964205a0ebe54a5f52745a45fb24ea527066a8d3ed954024f7a8,r1-182ef8c554-seed20260921-n1200-rep400
mid,0.5,,,misspecified,258,-0.16666666666666669,,0.003693809995887724,,20260921,182ef8c5541a964205a0ebe54a5f52745a45fb24ea527066a8d3ed954024f7a8,r1-182ef8c554-seed20260921-n1200-rep400
mid,0.5,,,oracle,259,0.0014570970017567797,,0.0022907416355167076,,20260921,182ef8c5541a964205a0ebe54a5f52745a45fb24ea527066a8d3ed954024f7a8,r1-182ef8c554-seed20260921-n1200-rep400
mid,0.5,,,estimated,259,0.011666666666666659,,0.003137550913157228,,20260921,182ef8c5541a964205a0ebe54a5f52745a45fb24ea527066a8d3ed954024f7a8,r1-182ef8c554-seed20260921-n1200-rep400
mid,0.5,,,misspecified,259,-0.13,,0.003693809995887724,,20260921,182ef8c5541a964205a0ebe54a5f52745a45fb24ea527066a8d3ed954024f7a8,r1-182ef8c554-seed20260921-n1200-rep400
mid,0.5,,,oracle,260,0.008864673405834161,,0.0022907416355167076,,20260921,182ef8c5541a964205a0ebe54a5f52745a45fb24ea527066a8d3ed954024f7a8,r1-182ef8c554-seed20260921-n1200-rep400
mid,0.5,,,estimated,260,-0.006395348837209269,,0.003137550913157228,,20260921,182ef8c5541a964205a0ebe54a5f52745a45fb24ea527066a8d3ed954024f7a8,r1-182ef8c554-seed20260921-n1200-rep400
mid,0.5,,,misspecified,260,-0.12833333333333335,,0.003693809995887724,,20260921,182ef8c5541a964205a0ebe54a5f52745a45fb24ea527066a8d3ed954024f7a8,r1-182ef8c554-seed20260921-n1200-rep400
mid,0.5,,,oracle,261,0.008625273236532782,,0.0022907416355167076,,20260921,182ef8c5541a964205a0ebe54a5f52745a45fb24ea527066a8d3ed954024f7a8,r1-182ef8c554-seed20260921-n1200-rep400
mid,0.5,,,estimated,261,-0.038333333333333275,,0.003137550913157228,,20260921,182ef8c5541a964205a0ebe54a5f52745a45fb24ea527066a8d3ed954024f7a8,r1-182ef8c554-seed20260921-n1200-rep400
mid,0.5,,,misspecified,261,-0.1383333333333333,,0.003693809995887724,,20260921,182ef8c5541a964205a0ebe54a5f52745a45fb24ea527066a8d3ed954024f7a8,r1-182ef8c554-seed20260921-n1200-rep400
mid,0.5,,,oracle,262,-0.005911721348822702,,0.0022907416355167076,,20260921,182ef8c5541a964205a0ebe54a5f52745a45fb24ea527066a8d3ed954024f7a8,r1-182ef8c554-seed20260921-n1200-rep400
mid,0.5,,,estimated,262,-0.020735294117647074,,0.003137550913157228,,20260921,182ef8c5541a964205a0ebe54a5f52745a45fb24ea527066a8d3ed954024f7a8,r1-182ef8c554-seed20260921-n1200-rep400
mid,0.5,,,misspecified,262,-0.14083333333333334,,0.003693809995887724,,20260921,182ef8c5541a964205a0ebe54a5f52745a45fb24ea527066a8d3ed954024f7a8,r1-182ef8c554-seed20260921-n1200-rep400
mid,0.5,,,oracle,263,0.013817336855293072,,0.0022907416355167076,,20260921,182ef8c5541a964205a0ebe54a5f52745a45fb24ea527066a8d3ed954024f7a8,r1-182ef8c554-seed20260921-n1200-rep400
mid,0.5,,,estimated,263,0.0028100775193798666,,0.003137550913157228,,20260921,182ef8c5541a964205a0ebe54a5f52745a45fb24ea527066a8d3ed954024f7a8,r1-182ef8c554-seed20260921-n1200-rep400
mid,0.5,,,misspecified,263,-0.12416666666666668,,0.003693809995887724,,20260921,182ef8c5541a964205a0ebe54a5f52745a45fb24ea527066a8d3ed954024f7a8,r1-182ef8c554-seed20260921-n1200-rep400
mid,0.5,,,oracle,264,-0.009604612967294951,,0.0022907416355167076,,20260921,182ef8c5541a964205a0ebe54a5f52745a45fb24ea527066a8d3ed954024f7a8,r1-182ef8c554-seed20260921-n1200-rep400
mid,0.5,,,estimated,264,0.00040322580645163475,,0.003137550913157228,,20260921,182ef8c5541a964205a0ebe54a5f52745a45fb24ea527066a8d3ed954024f7a8,r1-182ef8c554-seed20260921-n1200-rep400
mid,0.5,,,misspecified,264,-0.13916666666666666,,0.003693809995887724,,20260921,182ef8c5541a964205a0ebe54a5f52745a45fb24ea527066a8d3ed954024f7a8,r1-182ef8c554-seed20260921-n1200-rep400
mid,0.5,,,oracle,265,-0.01144632937014961,,0.0022907416355167076,,20260921,182ef8c5541a964205a0ebe54a5f52745a45fb24ea527066a8d3ed954024f7a8,r1-182ef8c554-seed20260921-n1200-rep400
mid,0.5,,,estimated,265,-0.0067028985507246175,,0.003137550913157228,,20260921,182ef8c5541a964205a0ebe54a5f52745a45fb24ea527066a8d3ed954024f7a8,r1-182ef8c554-seed20260921-n1200-rep400
mid,0.5,,,misspecified,265,-0.1725,,0.003693809995887724,,20260921,182ef8c5541a964205a0ebe54a5f52745a45fb24ea527066a8d3ed954024f7a8,r1-182ef8c554-seed20260921-n1200-rep400
mid,0.5,,,oracle,266,0.00949380970587338,,0.0022907416355167076,,20260921,182ef8c5541a964205a0ebe54a5f52745a45fb24ea527066a8d3ed954024f7a8,r1-182ef8c554-seed20260921-n1200-rep400
mid,0.5,,,estimated,266,-0.0020402298850574485,,0.003137550913157228,,20260921,182ef8c5541a964205a0ebe54a5f52745a45fb24ea527066a8d3ed954024f7a8,r1-182ef8c554-seed20260921-n1200-rep400
mid,0.5,,,misspecified,266,-0.13083333333333333,,0.003693809995887724,,20260921,182ef8c5541a964205a0ebe54a5f52745a45fb24ea527066a8d3ed954024f7a8,r1-182ef8c554-seed20260921-n1200-rep400
mid,0.5,,,oracle,267,-0.011444239909940007,,0.0022907416355167076,,20260921,182ef8c5541a964205a0ebe54a5f52745a45fb24ea527066a8d3ed954024f7a8,r1-182ef8c554-seed20260921-n1200-rep400
mid,0.5,,,estimated,267,-0.017073643410852712,,0.003137550913157228,,20260921,182ef8c5541a964205a0ebe54a5f52745a45fb24ea527066a8d3ed954024f7a8,r1-182ef8c554-seed20260921-n1200-rep400
mid,0.5,,,misspecified,267,-0.1375,,0.003693809995887724,,20260921,182ef8c5541a964205a0ebe54a5f52745a45fb24ea527066a8d3ed954024f7a8,r1-182ef8c554-seed20260921-n1200-rep400
mid,0.5,,,oracle,268,0.014068316884831789,,0.0022907416355167076,,20260921,182ef8c5541a964205a0ebe54a5f52745a45fb24ea527066a8d3ed954024f7a8,r1-182ef8c554-seed20260921-n1200-rep400
mid,0.5,,,estimated,268,0.015833333333333283,,0.003137550913157228,,20260921,182ef8c5541a964205a0ebe54a5f52745a45fb24ea527066a8d3ed954024f7a8,r1-182ef8c554-seed20260921-n1200-rep400
mid,0.5,,,misspecified,268,-0.11833333333333335,,0.003693809995887724,,20260921,182ef8c5541a964205a0ebe54a5f52745a45fb24ea527066a8d3ed954024f7a8,r1-182ef8c554-seed20260921-n1200-rep400
mid,0.5,,,oracle,269,-0.006200288516593655,,0.0022907416355167076,,20260921,182ef8c5541a964205a0ebe54a5f52745a45fb24ea527066a8d3ed954024f7a8,r1-182ef8c554-seed20260921-n1200-rep400
mid,0.5,,,estimated,269,0.010602836879432587,,0.003137550913157228,,20260921,182ef8c5541a964205a0ebe54a5f52745a45fb24ea527066a8d3ed954024f7a8,r1-182ef8c554-seed20260921-n1200-rep400
mid,0.5,,,misspecified,269,-0.13166666666666665,,0.003693809995887724,,20260921,182ef8c5541a964205a0ebe54a5f52745a45fb24ea527066a8d3ed954024f7a8,r1-182ef8c554-seed20260921-n1200-rep400
mid,0.5,,,oracle,270,0.015160575293720363,,0.0022907416355167076,,20260921,182ef8c5541a964205a0ebe54a5f52745a45fb24ea527066a8d3ed954024f7a8,r1-182ef8c554-seed20260921-n1200-rep400
mid,0.5,,,estimated,270,-0.0015476190476190754,,0.003137550913157228,,20260921,182ef8c5541a964205a0ebe54a5f52745a45fb24ea527066a8d3ed954024f7a8,r1-182ef8c554-seed20260921-n1200-rep400
mid,0.5,,,misspecified,270,-0.11249999999999999,,0.003693809995887724,,20260921,182ef8c5541a964205a0ebe54a5f52745a45fb24ea527066a8d3ed954024f7a8,r1-182ef8c554-seed20260921-n1200-rep400
mid,0.5,,,oracle,271,0.01364275217123731,,0.0022907416355167076,,20260921,182ef8c5541a964205a0ebe54a5f52745a45fb24ea527066a8d3ed954024f7a8,r1-182ef8c554-seed20260921-n1200-rep400
mid,0.5,,,estimated,271,-0.012208835341365465,,0.003137550913157228,,20260921,182ef8c5541a964205a0ebe54a5f52745a45fb24ea527066a8d3ed954024f7a8,r1-182ef8c554-seed20260921-n1200-rep400
mid,0.5,,,misspecified,271,-0.12166666666666666,,0.003693809995887724,,20260921,182ef8c5541a964205a0ebe54a5f52745a45fb24ea527066a8d3ed954024f7a8,r1-182ef8c554-seed20260921-n1200-rep400
mid,0.5,,,oracle,272,0.012275620914770496,,0.0022907416355167076,,20260921,182ef8c5541a964205a0ebe54a5f52745a45fb24ea527066a8d3ed954024f7a8,r1-182ef8c554-seed20260921-n1200-rep400
mid,0.5,,,estimated,272,-0.014691358024691348,,0.003137550913157228,,20260921,182ef8c5541a964205a0ebe54a5f52745a45fb24ea527066a8d3ed954024f7a8,r1-182ef8c554-seed20260921-n1200-rep400
mid,0.5,,,misspecified,272,-0.11666666666666667,,0.003693809995887724,,20260921,182ef8c5541a964205a0ebe54a5f52745a45fb24ea527066a8d3ed954024f7a8,r1-182ef8c554-seed20260921-n1200-rep400
mid,0.5,,,oracle,273,-0.01605534044958551,,0.0022907416355167076,,20260921,182ef8c5541a964205a0ebe54a5f52745a45fb24ea527066a8d3ed954024f7a8,r1-182ef8c554-seed20260921-n1200-rep400
mid,0.5,,,estimated,273,-0.008525641025641045,,0.003137550913157228,,20260921,182ef8c5541a964205a0ebe54a5f52745a45fb24ea527066a8d3ed954024f7a8,r1-182ef8c554-seed20260921-n1200-rep400
mid,0.5,,,misspecified,273,-0.16749999999999998,,0.003693809995887724,,20260921,182ef8c5541a964205a0ebe54a5f52745a45fb24ea527066a8d3ed954024f7a8,r1-182ef8c554-seed20260921-n1200-rep400
mid,0.5,,,oracle,274,-0.001306735116159058,,0.0022907416355167076,,20260921,182ef8c5541a964205a0ebe54a5f52745a45fb24ea527066a8d3ed954024f7a8,r1-182ef8c554-seed20260921-n1200-rep400
mid,0.5,,,estimated,274,0.005295698924731224,,0.003137550913157228,,20260921,182ef8c5541a964205a0ebe54a5f52745a45fb24ea527066a8d3ed954024f7a8,r1-182ef8c554-seed20260921-n1200-rep400
mid,0.5,,,misspecified,274,-0.15083333333333332,,0.003693809995887724,,20260921,182ef8c5541a964205a0ebe54a5f52745a45fb24ea527066a8d3ed954024f7a8,r1-182ef8c554-seed20260921-n1200-rep400
mid,0.5,,,oracle,275,0.009565110010930605,,0.0022907416355167076,,20260921,182ef8c5541a964205a0ebe54a5f52745a45fb24ea527066a8d3ed954024f7a8,r1-182ef8c554-seed20260921-n1200-rep400
mid,0.5,,,estimated,275,-0.02458860759493675,,0.003137550913157228,,20260921,182ef8c5541a964205a0ebe54a5f52745a45fb24ea527066a8d3ed954024f7a8,r1-182ef8c554-seed20260921-n1200-rep400
mid,0.5,,,misspecified,275,-0.10916666666666668,,0.003693809995887724,,20260921,182ef8c5541a964205a0ebe54a5f52745a45fb24ea527066a8d3ed954024f7a8,r1-182ef8c554-seed20260921-n1200-rep400
mid,0.5,,,oracle,276,-0.002412778150589906,,0.0022907416355167076,,20260921,182ef8c5541a964205a0ebe54a5f52745a45fb24ea527066a8d3ed954024f7a8,r1-182ef8c554-seed20260921-n1200-rep400
mid,0.5,,,estimated,276,-0.004528985507246341,,0.003137550913157228,,20260921,182ef8c5541a964205a0ebe54a5f52745a45fb24ea527066a8d3ed954024f7a8,r1-182ef8c554-seed20260921-n1200-rep400
mid,0.5,,,misspecified,276,-0.15583333333333332,,0.003693809995887724,,20260921,182ef8c5541a964205a0ebe54a5f52745a45fb24ea527066a8d3ed954024f7a8,r1-182ef8c554-seed20260921-n1200-rep400
mid,0.5,,,oracle,277,-0.0008970202733207533,,0.0022907416355167076,,20260921,182ef8c5541a964205a0ebe54a5f52745a45fb24ea527066a8d3ed954024f7a8,r1-182ef8c554-seed20260921-n1200-rep400
mid,0.5,,,estimated,277,0.0032692307692307465,,0.003137550913157228,,20260921,182ef8c5541a964205a0ebe54a5f52745a45fb24ea527066a8d3ed954024f7a8,r1-182ef8c554-seed20260921-n1200-rep400
mid,0.5,,,misspecified,277,-0.13583333333333333,,0.003693809995887724,,20260921,182ef8c5541a964205a0ebe54a5f52745a45fb24ea527066a8d3ed954024f7a8,r1-182ef8c554-seed20260921-n1200-rep400
mid,0.5,,,oracle,278,-0.006891567174079016,,0.0022907416355167076,,20260921,182ef8c5541a964205a0ebe54a5f52745a45fb24ea527066a8d3ed954024f7a8,r1-182ef8c554-seed20260921-n1200-rep400
mid,0.5,,,estimated,278,0.015833333333333283,,0.003137550913157228,,20260921,182ef8c5541a964205a0ebe54a5f52745a45fb24ea527066a8d3ed954024f7a8,r1-182ef8c554-seed20260921-n1200-rep400
mid,0.5,,,misspecified,278,-0.13583333333333333,,0.003693809995887724,,20260921,182ef8c5541a964205a0ebe54a5f52745a45fb24ea527066a8d3ed954024f7a8,r1-182ef8c554-seed20260921-n1200-rep400
mid,0.5,,,oracle,279,-0.022233452527188974,,0.0022907416355167076,,20260921,182ef8c5541a964205a0ebe54a5f52745a45fb24ea527066a8d3ed954024f7a8,r1-182ef8c554-seed20260921-n1200-rep400
mid,0.5,,,estimated,279,0.007908163265306134,,0.003137550913157228,,20260921,182ef8c5541a964205a0ebe54a5f52745a45fb24ea527066a8d3ed954024f7a8,r1-182ef8c554-seed20260921-n1200-rep400
mid,0.5,,,misspecified,279,-0.16916666666666666,,0.003693809995887724,,20260921,182ef8c5541a964205a0ebe54a5f52745a45fb24ea527066a8d3ed954024f7a8,r1-182ef8c554-seed20260921-n1200-rep400
mid,0.5,,,oracle,280,0.013362277178402437,,0.0022907416355167076,,20260921,182ef8c5541a964205a0ebe54a5f52745a45fb24ea527066a8d3ed954024f7a8,r1-182ef8c554-seed20260921-n1200-rep400
mid,0.5,,,estimated,280,-0.005882352941176422,,0.003137550913157228,,20260921,182ef8c5541a964205a0ebe54a5f52745a45fb24ea527066a8d3ed954024f7a8,r1-182ef8c554-seed20260921-n1200-rep400
mid,0.5,,,misspecified,280,-0.13333333333333336,,0.003693809995887724,,20260921,182ef8c5541a964205a0ebe54a5f52745a45fb24ea527066a8d3ed954024f7a8,r1-182ef8c554-seed20260921-n1200-rep400
mid,0.5,,,oracle,281,0.0031648592979857393,,0.0022907416355167076,,20260921,182ef8c5541a964205a0ebe54a5f52745a45fb24ea527066a8d3ed954024f7a8,r1-182ef8c554-seed20260921-n1200-rep400
mid,0.5,,,estimated,281,0.007499999999999979,,0.003137550913157228,,20260921,182ef8c5541a964205a0ebe54a5f52745a45fb24ea527066a8d3ed954024f7a8,r1-182ef8c554-seed20260921-n1200-rep400
mid,0.5,,,misspecified,281,-0.14416666666666667,,0.003693809995887724,,20260921,182ef8c5541a964205a0ebe54a5f52745a45fb24ea527066a8d3ed954024f7a8,r1-182ef8c554-seed20260921-n1200-rep400
mid,0.5,,,oracle,282,-0.012209758686628519,,0.0022907416355167076,,20260921,182ef8c5541a964205a0ebe54a5f52745a45fb24ea527066a8d3ed954024f7a8,r1-182ef8c554-seed20260921-n1200-rep400
mid,0.5,,,estimated,282,-0.015277777777777807,,0.003137550913157228,,20260921,182ef8c5541a964205a0ebe54a5f52745a45fb24ea527066a8d3ed954024f7a8,r1-182ef8c554-seed20260921-n1200-rep400
mid,0.5,,,misspecified,282,-0.1525,,0.003693809995887724,,20260921,182ef8c5541a964205a0ebe54a5f52745a45fb24ea527066a8d3ed954024f7a8,r1-182ef8c554-seed20260921-n1200-rep400
mid,0.5,,,oracle,283,-0.01150628865349132,,0.0022907416355167076,,20260921,182ef8c5541a964205a0ebe54a5f52745a45fb24ea527066a8d3ed954024f7a8,r1-182ef8c554-seed20260921-n1200-rep400
mid,0.5,,,estimated,283,-0.02620155038759689,,0.003137550913157228,,20260921,182ef8c5541a964205a0ebe54a5f52745a45fb24ea527066a8d3ed954024f7a8,r1-182ef8c554-seed20260921-n1200-rep400
mid,0.5,,,misspecified,283,-0.17333333333333334,,0.003693809995887724,,20260921,182ef8c5541a964205a0ebe54a5f52745a45fb24ea527066a8d3ed954024f7a8,r1-182ef8c554-seed20260921-n1200-rep400
mid,0.5,,,oracle,284,-0.0046882470376560514,,0.0022907416355167076,,20260921,182ef8c5541a964205a0ebe54a5f52745a45fb24ea527066a8d3ed954024f7a8,r1-182ef8c554-seed20260921-n1200-rep400
mid,0.5,,,estimated,284,0.012708333333333321,,0.003137550913157228,,20260921,182ef8c5541a964205a0ebe54a5f52745a45fb24ea527066a8d3ed954024f7a8,r1-182ef8c554-seed20260921-n1200-rep400
mid,0.5,,,misspecified,284,-0.13666666666666666,,0.003693809995887724,,20260921,182ef8c5541a964205a0ebe54a5f52745a45fb24ea527066a8d3ed954024f7a8,r1-182ef8c554-seed20260921-n1200-rep400
mid,0.5,,,oracle,285,0.007146235532559081,,0.0022907416355167076,,20260921,182ef8c5541a964205a0ebe54a5f52745a45fb24ea527066a8d3ed954024f7a8,r1-182ef8c554-seed20260921-n1200-rep400
mid,0.5,,,estimated,285,-0.03083333333333335,,0.003137550913157228,,20260921,182ef8c5541a964205a0ebe54a5f52745a45fb24ea527066a8d3ed954024f7a8,r1-182ef8c554-seed20260921-n1200-rep400
mid,0.5,,,misspecified,285,-0.12583333333333335,,0.003693809995887724,,20260921,182ef8c5541a964205a0ebe54a5f52745a45fb24ea527066a8d3ed954024f7a8,r1-182ef8c554-seed20260921-n1200-rep400
mid,0.5,,,oracle,286,0.015531230446541255,,0.0022907416355167076,,20260921,182ef8c5541a964205a0ebe54a5f52745a45fb24ea527066a8d3ed954024f7a8,r1-182ef8c554-seed20260921-n1200-rep400
mid,0.5,,,estimated,286,0.013681318681318694,,0.003137550913157228,,20260921,182ef8c5541a964205a0ebe54a5f52745a45fb24ea527066a8d3ed954024f7a8,r1-182ef8c554-seed20260921-n1200-rep400
mid,0.5,,,misspecified,286,-0.13166666666666665,,0.003693809995887724,,20260921,182ef8c5541a964205a0ebe54a5f52745a45fb24ea527066a8d3ed954024f7a8,r1-182ef8c554-seed20260921-n1200-rep400
mid,0.5,,,oracle,287,-0.012241494191194718,,0.0022907416355167076,,20260921,182ef8c5541a964205a0ebe54a5f52745a45fb24ea527066a8d3ed954024f7a8,r1-182ef8c554-seed20260921-n1200-rep400
mid,0.5,,,estimated,287,-0.030747126436781624,,0.003137550913157228,,20260921,182ef8c5541a964205a0ebe54a5f52745a45fb24ea527066a8d3ed954024f7a8,r1-182ef8c554-seed20260921-n1200-rep400
mid,0.5,,,misspecified,287,-0.16833333333333333,,0.003693809995887724,,20260921,182ef8c5541a964205a0ebe54a5f52745a45fb24ea527066a8d3ed954024f7a8,r1-182ef8c554-seed20260921-n1200-rep400
mid,0.5,,,oracle,288,-0.005315553983226778,,0.0022907416355167076,,20260921,182ef8c5541a964205a0ebe54a5f52745a45fb24ea527066a8d3ed954024f7a8,r1-182ef8c554-seed20260921-n1200-rep400
mid,0.5,,,estimated,288,-0.035357142857142865,,0.003137550913157228,,20260921,182ef8c5541a964205a0ebe54a5f52745a45fb24ea527066a8d3ed954024f7a8,r1-182ef8c554-seed20260921-n1200-rep400
mid,0.5,,,misspecified,288,-0.17583333333333334,,0.003693809995887724,,20260921,182ef8c5541a964205a0ebe54a5f52745a45fb24ea527066a8d3ed954024f7a8,r1-182ef8c554-seed20260921-n1200-rep400
mid,0.5,,,oracle,289,-0.0004211226642117649,,0.0022907416355167076,,20260921,182ef8c5541a964205a0ebe54a5f52745a45fb24ea527066a8d3ed954024f7a8,r1-182ef8c554-seed20260921-n1200-rep400
mid,0.5,,,estimated,289,0.006666666666666654,,0.003137550913157228,,20260921,182ef8c5541a964205a0ebe54a5f52745a45fb24ea527066a8d3ed954024f7a8,r1-182ef8c554-seed20260921-n1200-rep400
mid,0.5,,,misspecified,289,-0.14,,0.003693809995887724,,20260921,182ef8c5541a964205a0ebe54a5f52745a45fb24ea527066a8d3ed954024f7a8,r1-182ef8c554-seed20260921-n1200-rep400
mid,0.5,,,oracle,290,0.003757865870613608,,0.0022907416355167076,,20260921,182ef8c5541a964205a0ebe54a5f52745a45fb24ea527066a8d3ed954024f7a8,r1-182ef8c554-seed20260921-n1200-rep400
mid,0.5,,,estimated,290,-0.003636363636363632,,0.003137550913157228,,20260921,182ef8c5541a964205a0ebe54a5f52745a45fb24ea527066a8d3ed954024f7a8,r1-182ef8c554-seed20260921-n1200-rep400
mid,0.5,,,misspecified,290,-0.12666666666666665,,0.003693809995887724,,20260921,182ef8c5541a964205a0ebe54a5f52745a45fb24ea527066a8d3ed954024f7a8,r1-182ef8c554-seed20260921-n1200-rep400
mid,0.5,,,oracle,291,-0.029979903862285884,,0.0022907416355167076,,20260921,182ef8c5541a964205a0ebe54a5f52745a45fb24ea527066a8d3ed954024f7a8,r1-182ef8c554-seed20260921-n1200-rep400
mid,0.5,,,estimated,291,-0.021944444444444405,,0.003137550913157228,,20260921,182ef8c5541a964205a0ebe54a5f52745a45fb24ea527066a8d3ed954024f7a8,r1-182ef8c554-seed20260921-n1200-rep400
mid,0.5,,,misspecified,291,-0.16916666666666666,,0.003693809995887724,,20260921,182ef8c5541a964205a0ebe54a5f52745a45fb24ea527066a8d3ed954024f7a8,r1-182ef8c554-seed20260921-n1200-rep400
mid,0.5,,,oracle,292,-0.01602745509024084,,0.0022907416355167076,,20260921,182ef8c5541a964205a0ebe54a5f52745a45fb24ea527066a8d3ed954024f7a8,r1-182ef8c554-seed20260921-n1200-rep400
mid,0.5,,,estimated,292,-0.03749999999999998,,0.003137550913157228,,20260921,182ef8c5541a964205a0ebe54a5f52745a45fb24ea527066a8d3ed954024f7a8,r1-182ef8c554-seed20260921-n1200-rep400
mid,0.5,,,misspecified,292,-0.1475,,0.003693809995887724,,20260921,182ef8c5541a964205a0ebe54a5f52745a45fb24ea527066a8d3ed954024f7a8,r1-182ef8c554-seed20260921-n1200-rep400
mid,0.5,,,oracle,293,-0.0004347575042908669,,0.0022907416355167076,,20260921,182ef8c5541a964205a0ebe54a5f52745a45fb24ea527066a8d3ed954024f7a8,r1-182ef8c554-seed20260921-n1200-rep400
mid,0.5,,,estimated,293,-0.002490842490842471,,0.003137550913157228,,20260921,182ef8c5541a964205a0ebe54a5f52745a45fb24ea527066a8d3ed954024f7a8,r1-182ef8c554-seed20260921-n1200-rep400
mid,0.5,,,misspecified,293,-0.14500000000000002,,0.003693809995887724,,20260921,182ef8c5541a964205a0ebe54a5f52745a45fb24ea527066a8d3ed954024f7a8,r1-182ef8c554-seed20260921-n1200-rep400
mid,0.5,,,oracle,294,-0.0027310967049114787,,0.0022907416355167076,,20260921,182ef8c5541a964205a0ebe54a5f52745a45fb24ea527066a8d3ed954024f7a8,r1-182ef8c554-seed20260921-n1200-rep400
mid,0.5,,,estimated,294,-0.011494252873563232,,0.003137550913157228,,20260921,182ef8c5541a964205a0ebe54a5f52745a45fb24ea527066a8d3ed954024f7a8,r1-182ef8c554-seed20260921-n1200-rep400
mid,0.5,,,misspecified,294,-0.13666666666666666,,0.003693809995887724,,20260921,182ef8c5541a964205a0ebe54a5f52745a45fb24ea527066a8d3ed954024f7a8,r1-182ef8c554-seed20260921-n1200-rep400
mid,0.5,,,oracle,295,-0.012616003022912187,,0.0022907416355167076,,20260921,182ef8c5541a964205a0ebe54a5f52745a45fb24ea527066a8d3ed954024f7a8,r1-182ef8c554-seed20260921-n1200-rep400
mid,0.5,,,estimated,295,-0.04996835443037978,,0.003137550913157228,,20260921,182ef8c5541a964205a0ebe54a5f52745a45fb24ea527066a8d3ed954024f7a8,r1-182ef8c554-seed20260921-n1200-rep400
mid,0.5,,,misspecified,295,-0.14416666666666667,,0.003693809995887724,,20260921,182ef8c5541a964205a0ebe54a5f52745a45fb24ea527066a8d3ed954024f7a8,r1-182ef8c554-seed20260921-n1200-rep400
mid,0.5,,,oracle,296,-0.02777843639499858,,0.0022907416355167076,,20260921,182ef8c5541a964205a0ebe54a5f52745a45fb24ea527066a8d3ed954024f7a8,r1-182ef8c554-seed20260921-n1200-rep400
mid,0.5,,,estimated,296,-0.01872807017543865,,0.003137550913157228,,20260921,182ef8c5541a964205a0ebe54a5f52745a45fb24ea527066a8d3ed954024f7a8,r1-182ef8c554-seed20260921-n1200-rep400
mid,0.5,,,misspecified,296,-0.18083333333333332,,0.003693809995887724,,20260921,182ef8c5541a964205a0ebe54a5f52745a45fb24ea527066a8d3ed954024f7a8,r1-182ef8c554-seed20260921-n1200-rep400
mid,0.5,,,oracle,297,0.0024460588894384128,,0.0022907416355167076,,20260921,182ef8c5541a964205a0ebe54a5f52745a45fb24ea527066a8d3ed954024f7a8,r1-182ef8c554-seed20260921-n1200-rep400
mid,0.5,,,estimated,297,-0.025119047619047624,,0.003137550913157228,,20260921,182ef8c5541a964205a0ebe54a5f52745a45fb24ea527066a8d3ed954024f7a8,r1-182ef8c554-seed20260921-n1200-rep400
mid,0.5,,,misspecified,297,-0.15083333333333335,,0.003693809995887724,,20260921,182ef8c5541a964205a0ebe54a5f52745a45fb24ea527066a8d3ed954024f7a8,r1-182ef8c554-seed20260921-n1200-rep400
mid,0.5,,,oracle,298,0.012988138049641218,,0.0022907416355167076,,20260921,182ef8c5541a964205a0ebe54a5f52745a45fb24ea527066a8d3ed954024f7a8,r1-182ef8c554-seed20260921-n1200-rep400
mid,0.5,,,estimated,298,-0.006862745098039219,,0.003137550913157228,,20260921,182ef8c5541a964205a0ebe54a5f52745a45fb24ea527066a8d3ed954024f7a8,r1-182ef8c554-seed20260921-n1200-rep400
mid,0.5,,,misspecified,298,-0.125,,0.003693809995887724,,20260921,182ef8c5541a964205a0ebe54a5f52745a45fb24ea527066a8d3ed954024f7a8,r1-182ef8c554-seed20260921-n1200-rep400
mid,0.5,,,oracle,299,0.008694522602094606,,0.0022907416355167076,,20260921,182ef8c5541a964205a0ebe54a5f52745a45fb24ea527066a8d3ed954024f7a8,r1-182ef8c554-seed20260921-n1200-rep400
mid,0.5,,,estimated,299,0.01949275362318842,,0.003137550913157228,,20260921,182ef8c5541a964205a0ebe54a5f52745a45fb24ea527066a8d3ed954024f7a8,r1-182ef8c554-seed20260921-n1200-rep400
mid,0.5,,,misspecified,299,-0.11500000000000002,,0.003693809995887724,,20260921,182ef8c5541a964205a0ebe54a5f52745a45fb24ea527066a8d3ed954024f7a8,r1-182ef8c554-seed20260921-n1200-rep400
mid,0.5,,,oracle,300,-0.0018999941181780666,,0.0022907416355167076,,20260921,182ef8c5541a964205a0ebe54a5f52745a45fb24ea527066a8d3ed954024f7a8,r1-182ef8c554-seed20260921-n1200-rep400
mid,0.5,,,estimated,300,-0.02595238095238095,,0.003137550913157228,,20260921,182ef8c5541a964205a0ebe54a5f52745a45fb24ea527066a8d3ed954024f7a8,r1-182ef8c554-seed20260921-n1200-rep400
mid,0.5,,,misspecified,300,-0.14166666666666666,,0.003693809995887724,,20260921,182ef8c5541a964205a0ebe54a5f52745a45fb24ea527066a8d3ed954024f7a8,r1-182ef8c554-seed20260921-n1200-rep400
mid,0.5,,,oracle,301,-0.0032221947496673398,,0.0022907416355167076,,20260921,182ef8c5541a964205a0ebe54a5f52745a45fb24ea527066a8d3ed954024f7a8,r1-182ef8c554-seed20260921-n1200-rep400
mid,0.5,,,estimated,301,-0.022418699186991853,,0.003137550913157228,,20260921,182ef8c5541a964205a0ebe54a5f52745a45fb24ea527066a8d3ed954024f7a8,r1-182ef8c554-seed20260921-n1200-rep400
mid,0.5,,,misspecified,301,-0.1275,,0.003693809995887724,,20260921,182ef8c5541a964205a0ebe54a5f52745a45fb24ea527066a8d3ed954024f7a8,r1-182ef8c554-seed20260921-n1200-rep400
mid,0.5,,,oracle,302,0.02581666255709214,,0.0022907416355167076,,20260921,182ef8c5541a964205a0ebe54a5f52745a45fb24ea527066a8d3ed954024f7a8,r1-182ef8c554-seed20260921-n1200-rep400
mid,0.5,,,estimated,302,0.031397849462365596,,0.003137550913157228,,20260921,182ef8c5541a964205a0ebe54a5f52745a45fb24ea527066a8d3ed954024f7a8,r1-182ef8c554-seed20260921-n1200-rep400
mid,0.5,,,misspecified,302,-0.10166666666666666,,0.003693809995887724,,20260921,182ef8c5541a964205a0ebe54a5f52745a45fb24ea527066a8d3ed954024f7a8,r1-182ef8c554-seed20260921-n1200-rep400
mid,0.5,,,oracle,303,0.0023685236668583853,,0.0022907416355167076,,20260921,182ef8c5541a964205a0ebe54a5f52745a45fb24ea527066a8d3ed954024f7a8,r1-182ef8c554-seed20260921-n1200-rep400
mid,0.5,,,estimated,303,0.0035439560439560758,,0.003137550913157228,,20260921,182ef8c5541a964205a0ebe54a5f52745a45fb24ea527066a8d3ed954024f7a8,r1-182ef8c554-seed20260921-n1200-rep400
mid,0.5,,,misspecified,303,-0.1225,,0.003693809995887724,,20260921,182ef8c5541a964205a0ebe54a5f52745a45fb24ea527066a8d3ed954024f7a8,r1-182ef8c554-seed20260921-n1200-rep400
mid,0.5,,,oracle,304,0.014499217765486488,,0.0022907416355167076,,20260921,182ef8c5541a964205a0ebe54a5f52745a45fb24ea527066a8d3ed954024f7a8,r1-182ef8c554-seed20260921-n1200-rep400
mid,0.5,,,estimated,304,0.008791208791208788,,0.003137550913157228,,20260921,182ef8c5541a964205a0ebe54a5f52745a45fb24ea527066a8d3ed954024f7a8,r1-182ef8c554-seed20260921-n1200-rep400
mid,0.5,,,misspecified,304,-0.14166666666666666,,0.003693809995887724,,20260921,182ef8c5541a964205a0ebe54a5f52745a45fb24ea527066a8d3ed954024f7a8,r1-182ef8c554-seed20260921-n1200-rep400
mid,0.5,,,oracle,305,0.0034761225618741287,,0.0022907416355167076,,20260921,182ef8c5541a964205a0ebe54a5f52745a45fb24ea527066a8d3ed954024f7a8,r1-182ef8c554-seed20260921-n1200-rep400
mid,0.5,,,estimated,305,-0.006091954022988538,,0.003137550913157228,,20260921,182ef8c5541a964205a0ebe54a5f52745a45fb24ea527066a8d3ed954024f7a8,r1-182ef8c554-seed20260921-n1200-rep400
mid,0.5,,,misspecified,305,-0.14833333333333334,,0.003693809995887724,,20260921,182ef8c5541a964205a0ebe54a5f52745a45fb24ea527066a8d3ed954024f7a8,r1-182ef8c554-seed20260921-n1200-rep400
mid,0.5,,,oracle,306,0.0002582554898324929,,0.0022907416355167076,,20260921,182ef8c5541a964205a0ebe54a5f52745a45fb24ea527066a8d3ed954024f7a8,r1-182ef8c554-seed20260921-n1200-rep400
mid,0.5,,,estimated,306,-0.07559523809523805,,0.003137550913157228,,20260921,182ef8c5541a964205a0ebe54a5f52745a45fb24ea527066a8d3ed954024f7a8,r1-182ef8c554-seed20260921-n1200-rep400
mid,0.5,,,misspecified,306,-0.13416666666666666,,0.003693809995887724,,20260921,182ef8c5541a964205a0ebe54a5f52745a45fb24ea527066a8d3ed954024f7a8,r1-182ef8c554-seed20260921-n1200-rep400
mid,0.5,,,oracle,307,0.006085574223576723,,0.0022907416355167076,,20260921,182ef8c5541a964205a0ebe54a5f52745a45fb24ea527066a8d3ed954024f7a8,r1-182ef8c554-seed20260921-n1200-rep400
mid,0.5,,,estimated,307,0.007787356321839051,,0.003137550913157228,,20260921,182ef8c5541a964205a0ebe54a5f52745a45fb24ea527066a8d3ed954024f7a8,r1-182ef8c554-seed20260921-n1200-rep400
mid,0.5,,,misspecified,307,-0.10083333333333333,,0.003693809995887724,,20260921,182ef8c5541a964205a0ebe54a5f52745a45fb24ea527066a8d3ed954024f7a8,r1-182ef8c554-seed20260921-n1200-rep400
mid,0.5,,,oracle,308,-0.01060015985252058,,0.0022907416355167076,,20260921,182ef8c5541a964205a0ebe54a5f52745a45fb24ea527066a8d3ed954024f7a8,r1-182ef8c554-seed20260921-n1200-rep400
mid,0.5,,,estimated,308,-0.0303921568627451,,0.003137550913157228,,20260921,182ef8c5541a964205a0ebe54a5f52745a45fb24ea527066a8d3ed954024f7a8,r1-182ef8c554-seed20260921-n1200-rep400
mid,0.5,,,misspecified,308,-0.15,,0.003693809995887724,,20260921,182ef8c5541a964205a0ebe54a5f52745a45fb24ea527066a8d3ed954024f7a8,r1-182ef8c554-seed20260921-n1200-rep400
mid,0.5,,,oracle,309,0.02855993123727396,,0.0022907416355167076,,20260921,182ef8c5541a964205a0ebe54a5f52745a45fb24ea527066a8d3ed954024f7a8,r1-182ef8c554-seed20260921-n1200-rep400
mid,0.5,,,estimated,309,-0.029369369369369347,,0.003137550913157228,,20260921,182ef8c5541a964205a0ebe54a5f52745a45fb24ea527066a8d3ed954024f7a8,r1-182ef8c554-seed20260921-n1200-rep400
mid,0.5,,,misspecified,309,-0.1,,0.003693809995887724,,20260921,182ef8c5541a964205a0ebe54a5f52745a45fb24ea527066a8d3ed954024f7a8,r1-182ef8c554-seed20260921-n1200-rep400
mid,0.5,,,oracle,310,0.013001058046884673,,0.0022907416355167076,,20260921,182ef8c5541a964205a0ebe54a5f52745a45fb24ea527066a8d3ed954024f7a8,r1-182ef8c554-seed20260921-n1200-rep400
mid,0.5,,,estimated,310,-0.0022549019607842613,,0.003137550913157228,,20260921,182ef8c5541a964205a0ebe54a5f52745a45fb24ea527066a8d3ed954024f7a8,r1-182ef8c554-seed20260921-n1200-rep400
mid,0.5,,,misspecified,310,-0.10666666666666669,,0.003693809995887724,,20260921,182ef8c5541a964205a0ebe54a5f52745a45fb24ea527066a8d3ed954024f7a8,r1-182ef8c554-seed20260921-n1200-rep400
mid,0.5,,,oracle,311,0.0009360555815045302,,0.0022907416355167076,,20260921,182ef8c5541a964205a0ebe54a5f52745a45fb24ea527066a8d3ed954024f7a8,r1-182ef8c554-seed20260921-n1200-rep400
mid,0.5,,,estimated,311,-0.0032575757575757647,,0.003137550913157228,,20260921,182ef8c5541a964205a0ebe54a5f52745a45fb24ea527066a8d3ed954024f7a8,r1-182ef8c554-seed20260921-n1200-rep400
mid,0.5,,,misspecified,311,-0.13,,0.003693809995887724,,20260921,182ef8c5541a964205a0ebe54a5f52745a45fb24ea527066a8d3ed954024f7a8,r1-182ef8c554-seed20260921-n1200-rep400
mid,0.5,,,oracle,312,0.016891152785288466,,0.0022907416355167076,,20260921,182ef8c5541a964205a0ebe54a5f52745a45fb24ea527066a8d3ed954024f7a8,r1-182ef8c554-seed20260921-n1200-rep400
mid,0.5,,,estimated,312,-0.0324367088607595,,0.003137550913157228,,20260921,182ef8c5541a964205a0ebe54a5f52745a45fb24ea527066a8d3ed954024f7a8,r1-182ef8c554-seed20260921-n1200-rep400
mid,0.5,,,misspecified,312,-0.12583333333333332,,0.003693809995887724,,20260921,182ef8c5541a964205a0ebe54a5f52745a45fb24ea527066a8d3ed954024f7a8,r1-182ef8c554-seed20260921-n1200-rep400
mid,0.5,,,oracle,313,-0.015420829565187033,,0.0022907416355167076,,20260921,182ef8c5541a964205a0ebe54a5f52745a45fb24ea527066a8d3ed954024f7a8,r1-182ef8c554-seed20260921-n1200-rep400
mid,0.5,,,estimated,313,-0.020909090909090933,,0.003137550913157228,,20260921,182ef8c5541a964205a0ebe54a5f52745a45fb24ea527066a8d3ed954024f7a8,r1-182ef8c554-seed20260921-n1200-rep400
mid,0.5,,,misspecified,313,-0.1625,,0.003693809995887724,,20260921,182ef8c5541a964205a0ebe54a5f52745a45fb24ea527066a8d3ed954024f7a8,r1-182ef8c554-seed20260921-n1200-rep400
mid,0.5,,,oracle,314,-0.013012407402420822,,0.0022907416355167076,,20260921,182ef8c5541a964205a0ebe54a5f52745a45fb24ea527066a8d3ed954024f7a8,r1-182ef8c554-seed20260921-n1200-rep400
mid,0.5,,,estimated,314,-0.006245421245421212,,0.003137550913157228,,20260921,182ef8c5541a964205a0ebe54a5f52745a45fb24ea527066a8d3ed954024f7a8,r1-182ef8c554-seed20260921-n1200-rep400
mid,0.5,,,misspecified,314,-0.15499999999999997,,0.003693809995887724,,20260921,182ef8c5541a964205a0ebe54a5f52745a45fb24ea527066a8d3ed954024f7a8,r1-182ef8c554-seed20260921-n1200-rep400
mid,0.5,,,oracle,315,-0.01587744886355752,,0.0022907416355167076,,20260921,182ef8c5541a964205a0ebe54a5f52745a45fb24ea527066a8d3ed954024f7a8,r1-182ef8c554-seed20260921-n1200-rep400
mid,0.5,,,estimated,315,-0.008333333333333331,,0.003137550913157228,,20260921,182ef8c5541a964205a0ebe54a5f52745a45fb24ea527066a8d3ed954024f7a8,r1-182ef8c554-seed20260921-n1200-rep400
mid,0.5,,,misspecified,315,-0.16166666666666668,,0.003693809995887724,,20260921,182ef8c5541a964205a0ebe54a5f52745a45fb24ea527066a8d3ed954024f7a8,r1-182ef8c554-seed20260921-n1200-rep400
mid,0.5,,,oracle,316,0.002558027134545282,,0.0022907416355167076,,20260921,182ef8c5541a964205a0ebe54a5f52745a45fb24ea527066a8d3ed954024f7a8,r1-182ef8c554-seed20260921-n1200-rep400
mid,0.5,,,estimated,316,-0.020652610441767055,,0.003137550913157228,,20260921,182ef8c5541a964205a0ebe54a5f52745a45fb24ea527066a8d3ed954024f7a8,r1-182ef8c554-seed20260921-n1200-rep400
mid,0.5,,,misspecified,316,-0.1375,,0.003693809995887724,,20260921,182ef8c5541a964205a0ebe54a5f52745a45fb24ea527066a8d3ed954024f7a8,r1-182ef8c554-seed20260921-n1200-rep400
mid,0.5,,,oracle,317,0.020383276283480634,,0.0022907416355167076,,20260921,182ef8c5541a964205a0ebe54a5f52745a45fb24ea527066a8d3ed954024f7a8,r1-182ef8c554-seed20260921-n1200-rep400
mid,0.5,,,estimated,317,0.00922480620155039,,0.003137550913157228,,20260921,182ef8c5541a964205a0ebe54a5f52745a45fb24ea527066a8d3ed954024f7a8,r1-182ef8c554-seed20260921-n1200-rep400
mid,0.5,,,misspecified,317,-0.10666666666666666,,0.003693809995887724,,20260921,182ef8c5541a964205a0ebe54a5f52745a45fb24ea527066a8d3ed954024f7a8,r1-182ef8c554-seed20260921-n1200-rep400
mid,0.5,,,oracle,318,0.019171618055191908,,0.0022907416355167076,,20260921,182ef8c5541a964205a0ebe54a5f52745a45fb24ea527066a8d3ed954024f7a8,r1-182ef8c554-seed20260921-n1200-rep400
mid,0.5,,,estimated,318,0.01139534883720933,,0.003137550913157228,,20260921,182ef8c5541a964205a0ebe54a5f52745a45fb24ea527066a8d3ed954024f7a8,r1-182ef8c554-seed20260921-n1200-rep400
mid,0.5,,,misspecified,318,-0.10499999999999998,,0.003693809995887724,,20260921,182ef8c5541a964205a0ebe54a5f52745a45fb24ea527066a8d3ed954024f7a8,r1-182ef8c554-seed20260921-n1200-rep400
mid,0.5,,,oracle,319,-0.008678473633644462,,0.0022907416355167076,,20260921,182ef8c5541a964205a0ebe54a5f52745a45fb24ea527066a8d3ed954024f7a8,r1-182ef8c554-seed20260921-n1200-rep400
mid,0.5,,,estimated,319,-0.024705882352941133,,0.003137550913157228,,20260921,182ef8c5541a964205a0ebe54a5f52745a45fb24ea527066a8d3ed954024f7a8,r1-182ef8c554-seed20260921-n1200-rep400
mid,0.5,,,misspecified,319,-0.16833333333333333,,0.003693809995887724,,20260921,182ef8c5541a964205a0ebe54a5f52745a45fb24ea527066a8d3ed954024f7a8,r1-182ef8c554-seed20260921-n1200-rep400
mid,0.5,,,oracle,320,0.0153114699816993,,0.0022907416355167076,,20260921,182ef8c5541a964205a0ebe54a5f52745a45fb24ea527066a8d3ed954024f7a8,r1-182ef8c554-seed20260921-n1200-rep400
mid,0.5,,,estimated,320,0.007222222222222241,,0.003137550913157228,,20260921,182ef8c5541a964205a0ebe54a5f52745a45fb24ea527066a8d3ed954024f7a8,r1-182ef8c554-seed20260921-n1200-rep400
mid,0.5,,,misspecified,320,-0.13,,0.003693809995887724,,20260921,182ef8c5541a964205a0ebe54a5f52745a45fb24ea527066a8d3ed954024f7a8,r1-182ef8c554-seed20260921-n1200-rep400
mid,0.5,,,oracle,321,-0.00015339652636872647,,0.0022907416355167076,,20260921,182ef8c5541a964205a0ebe54a5f52745a45fb24ea527066a8d3ed954024f7a8,r1-182ef8c554-seed20260921-n1200-rep400
mid,0.5,,,estimated,321,-0.00043956043956042135,,0.003137550913157228,,20260921,182ef8c5541a964205a0ebe54a5f52745a45fb24ea527066a8d3ed954024f7a8,r1-182ef8c554-seed20260921-n1200-rep400
mid,0.5,,,misspecified,321,-0.135,,0.003693809995887724,,20260921,182ef8c5541a964205a0ebe54a5f52745a45fb24ea527066a8d3ed954024f7a8,r1-182ef8c554-seed20260921-n1200-rep400
mid,0.5,,,oracle,322,-0.005327070904389275,,0.0022907416355167076,,20260921,182ef8c5541a964205a0ebe54a5f52745a45fb24ea527066a8d3ed954024f7a8,r1-182ef8c554-seed20260921-n1200-rep400
mid,0.5,,,estimated,322,-0.012959770114942537,,0.003137550913157228,,20260921,182ef8c5541a964205a0ebe54a5f52745a45fb24ea527066a8d3ed954024f7a8,r1-182ef8c554-seed20260921-n1200-rep400
mid,0.5,,,misspecified,322,-0.13916666666666666,,0.003693809995887724,,20260921,182ef8c5541a964205a0ebe54a5f52745a45fb24ea527066a8d3ed954024f7a8,r1-182ef8c554-seed20260921-n1200-rep400
mid,0.5,,,oracle,323,-0.00298848605114016,,0.0022907416355167076,,20260921,182ef8c5541a964205a0ebe54a5f52745a45fb24ea527066a8d3ed954024f7a8,r1-182ef8c554-seed20260921-n1200-rep400
mid,0.5,,,estimated,323,-0.016925287356321844,,0.003137550913157228,,20260921,182ef8c5541a964205a0ebe54a5f52745a45fb24ea527066a8d3ed954024f7a8,r1-182ef8c554-seed20260921-n1200-rep400
mid,0.5,,,misspecified,323,-0.14416666666666667,,0.003693809995887724,,20260921,182ef8c5541a964205a0ebe54a5f52745a45fb24ea527066a8d3ed954024f7a8,r1-182ef8c554-seed20260921-n1200-rep400
mid,0.5,,,oracle,324,-0.008537394093472345,,0.0022907416355167076,,20260921,182ef8c5541a964205a0ebe54a5f52745a45fb24ea527066a8d3ed954024f7a8,r1-182ef8c554-seed20260921-n1200-rep400
mid,0.5,,,estimated,324,-0.04666666666666669,,0.003137550913157228,,20260921,182ef8c5541a964205a0ebe54a5f52745a45fb24ea527066a8d3ed954024f7a8,r1-182ef8c554-seed20260921-n1200-rep400
mid,0.5,,,misspecified,324,-0.15750000000000003,,0.003693809995887724,,20260921,182ef8c5541a964205a0ebe54a5f52745a45fb24ea527066a8d3ed954024f7a8,r1-182ef8c554-seed20260921-n1200-rep400
mid,0.5,,,oracle,325,0.005288681777577714,,0.0022907416355167076,,20260921,182ef8c5541a964205a0ebe54a5f52745a45fb24ea527066a8d3ed954024f7a8,r1-182ef8c554-seed20260921-n1200-rep400
mid,0.5,,,estimated,325,-0.010736434108527149,,0.003137550913157228,,20260921,182ef8c5541a964205a0ebe54a5f52745a45fb24ea527066a8d3ed954024f7a8,r1-182ef8c554-seed20260921-n1200-rep400
mid,0.5,,,misspecified,325,-0.13166666666666665,,0.003693809995887724,,20260921,182ef8c5541a964205a0ebe54a5f52745a45fb24ea527066a8d3ed954024f7a8,r1-182ef8c554-seed20260921-n1200-rep400
mid,0.5,,,oracle,326,0.01309809590617328,,0.0022907416355167076,,20260921,182ef8c5541a964205a0ebe54a5f52745a45fb24ea527066a8d3ed954024f7a8,r1-182ef8c554-seed20260921-n1200-rep400
mid,0.5,,,estimated,326,-0.007976190476190526,,0.003137550913157228,,20260921,182ef8c5541a964205a0ebe54a5f52745a45fb24ea527066a8d3ed954024f7a8,r1-182ef8c554-seed20260921-n1200-rep400
mid,0.5,,,misspecified,326,-0.11750000000000001,,0.003693809995887724,,20260921,182ef8c5541a964205a0ebe54a5f52745a45fb24ea527066a8d3ed954024f7a8,r1-182ef8c554-seed20260921-n1200-rep400
mid,0.5,,,oracle,327,-0.009918150967467926,,0.0022907416355167076,,20260921,182ef8c5541a964205a0ebe54a5f52745a45fb24ea527066a8d3ed954024f7a8,r1-182ef8c554-seed20260921-n1200-rep400
mid,0.5,,,estimated,327,-0.015948275862068984,,0.003137550913157228,,20260921,182ef8c5541a964205a0ebe54a5f52745a45fb24ea527066a8d3ed954024f7a8,r1-182ef8c554-seed20260921-n1200-rep400
mid,0.5,,,misspecified,327,-0.1525,,0.003693809995887724,,20260921,182ef8c5541a964205a0ebe54a5f52745a45fb24ea527066a8d3ed954024f7a8,r1-182ef8c554-seed20260921-n1200-rep400
mid,0.5,,,oracle,328,-0.005042065753500302,,0.0022907416355167076,,20260921,182ef8c5541a964205a0ebe54a5f52745a45fb24ea527066a8d3ed954024f7a8,r1-182ef8c554-seed20260921-n1200-rep400
mid,0.5,,,estimated,328,0.016184210526315745,,0.003137550913157228,,20260921,182ef8c5541a964205a0ebe54a5f52745a45fb24ea527066a8d3ed954024f7a8,r1-182ef8c554-seed20260921-n1200-rep400
mid,0.5,,,misspecified,328,-0.1625,,0.003693809995887724,,20260921,182ef8c5541a964205a0ebe54a5f52745a45fb24ea527066a8d3ed954024f7a8,r1-182ef8c554-seed20260921-n1200-rep400
mid,0.5,,,oracle,329,0.009285816651333323,,0.0022907416355167076,,20260921,182ef8c5541a964205a0ebe54a5f52745a45fb24ea527066a8d3ed954024f7a8,r1-182ef8c554-seed20260921-n1200-rep400
mid,0.5,,,estimated,329,-0.0033908045977011636,,0.003137550913157228,,20260921,182ef8c5541a964205a0ebe54a5f52745a45fb24ea527066a8d3ed954024f7a8,r1-182ef8c554-seed20260921-n1200-rep400
mid,0.5,,,misspecified,329,-0.13166666666666665,,0.003693809995887724,,20260921,182ef8c5541a964205a0ebe54a5f52745a45fb24ea527066a8d3ed954024f7a8,r1-182ef8c554-seed20260921-n1200-rep400
mid,0.5,,,oracle,330,0.007553994144286091,,0.0022907416355167076,,20260921,182ef8c5541a964205a0ebe54a5f52745a45fb24ea527066a8d3ed954024f7a8,r1-182ef8c554-seed20260921-n1200-rep400
mid,0.5,,,estimated,330,0.005393772893772908,,0.003137550913157228,,20260921,182ef8c5541a964205a0ebe54a5f52745a45fb24ea527066a8d3ed954024f7a8,r1-182ef8c554-seed20260921-n1200-rep400
mid,0.5,,,misspecified,330,-0.12916666666666665,,0.003693809995887724,,20260921,182ef8c5541a964205a0ebe54a5f52745a45fb24ea527066a8d3ed954024f7a8,r1-182ef8c554-seed20260921-n1200-rep400
mid,0.5,,,oracle,331,-0.02275013643491286,,0.0022907416355167076,,20260921,182ef8c5541a964205a0ebe54a5f52745a45fb24ea527066a8d3ed954024f7a8,r1-182ef8c554-seed20260921-n1200-rep400
mid,0.5,,,estimated,331,-0.04019607843137252,,0.003137550913157228,,20260921,182ef8c5541a964205a0ebe54a5f52745a45fb24ea527066a8d3ed954024f7a8,r1-182ef8c554-seed20260921-n1200-rep400
mid,0.5,,,misspecified,331,-0.16666666666666666,,0.003693809995887724,,20260921,182ef8c5541a964205a0ebe54a5f52745a45fb24ea527066a8d3ed954024f7a8,r1-182ef8c554-seed20260921-n1200-rep400
mid,0.5,,,oracle,332,-0.009572048302225994,,0.0022907416355167076,,20260921,182ef8c5541a964205a0ebe54a5f52745a45fb24ea527066a8d3ed954024f7a8,r1-182ef8c554-seed20260921-n1200-rep400
mid,0.5,,,estimated,332,-0.01440476190476192,,0.003137550913157228,,20260921,182ef8c5541a964205a0ebe54a5f52745a45fb24ea527066a8d3ed954024f7a8,r1-182ef8c554-seed20260921-n1200-rep400
mid,0.5,,,misspecified,332,-0.11583333333333334,,0.003693809995887724,,20260921,182ef8c5541a964205a0ebe54a5f52745a45fb24ea527066a8d3ed954024f7a8,r1-182ef8c554-seed20260921-n1200-rep400
mid,0.5,,,oracle,333,-0.0081651141751235,,0.0022907416355167076,,20260921,182ef8c5541a964205a0ebe54a5f52745a45fb24ea527066a8d3ed954024f7a8,r1-182ef8c554-seed20260921-n1200-rep400
mid,0.5,,,estimated,333,-0.024999999999999994,,0.003137550913157228,,20260921,182ef8c5541a964205a0ebe54a5f52745a45fb24ea527066a8d3ed954024f7a8,r1-182ef8c554-seed20260921-n1200-rep400
mid,0.5,,,misspecified,333,-0.14833333333333332,,0.003693809995887724,,20260921,182ef8c5541a964205a0ebe54a5f52745a45fb24ea527066a8d3ed954024f7a8,r1-182ef8c554-seed20260921-n1200-rep400
mid,0.5,,,oracle,334,-0.019677311680459414,,0.0022907416355167076,,20260921,182ef8c5541a964205a0ebe54a5f52745a45fb24ea527066a8d3ed954024f7a8,r1-182ef8c554-seed20260921-n1200-rep400
mid,0.5,,,estimated,334,-0.0687179487179487,,0.003137550913157228,,20260921,182ef8c5541a964205a0ebe54a5f52745a45fb24ea527066a8d3ed954024f7a8,r1-182ef8c554-seed20260921-n1200-rep400
mid,0.5,,,misspecified,334,-0.18333333333333335,,0.003693809995887724,,20260921,182ef8c5541a964205a0ebe54a5f52745a45fb24ea527066a8d3ed954024f7a8,r1-182ef8c554-seed20260921-n1200-rep400
mid,0.5,,,oracle,335,-0.001707484696240491,,0.0022907416355167076,,20260921,182ef8c5541a964205a0ebe54a5f52745a45fb24ea527066a8d3ed954024f7a8,r1-182ef8c554-seed20260921-n1200-rep400
mid,0.5,,,estimated,335,-2.747252747251072e-05,,0.003137550913157228,,20260921,182ef8c5541a964205a0ebe54a5f52745a45fb24ea527066a8d3ed954024f7a8,r1-182ef8c554-seed20260921-n1200-rep400
mid,0.5,,,misspecified,335,-0.14083333333333334,,0.003693809995887724,,20260921,182ef8c5541a964205a0ebe54a5f52745a45fb24ea527066a8d3ed954024f7a8,r1-182ef8c554-seed20260921-n1200-rep400
mid,0.5,,,oracle,336,-0.011865092249761428,,0.0022907416355167076,,20260921,182ef8c5541a964205a0ebe54a5f52745a45fb24ea527066a8d3ed954024f7a8,r1-182ef8c554-seed20260921-n1200-rep400
mid,0.5,,,estimated,336,-0.009540229885057455,,0.003137550913157228,,20260921,182ef8c5541a964205a0ebe54a5f52745a45fb24ea527066a8d3ed954024f7a8,r1-182ef8c554-seed20260921-n1200-rep400
mid,0.5,,,misspecified,336,-0.13833333333333334,,0.003693809995887724,,20260921,182ef8c5541a964205a0ebe54a5f52745a45fb24ea527066a8d3ed954024f7a8,r1-182ef8c554-seed20260921-n1200-rep400
mid,0.5,,,oracle,337,-0.020853195372703692,,0.0022907416355167076,,20260921,182ef8c5541a964205a0ebe54a5f52745a45fb24ea527066a8d3ed954024f7a8,r1-182ef8c554-seed20260921-n1200-rep400
mid,0.5,,,estimated,337,-0.03495098039215683,,0.003137550913157228,,20260921,182ef8c5541a964205a0ebe54a5f52745a45fb24ea527066a8d3ed954024f7a8,r1-182ef8c554-seed20260921-n1200-rep400
mid,0.5,,,misspecified,337,-0.15749999999999997,,0.003693809995887724,,20260921,182ef8c5541a964205a0ebe54a5f52745a45fb24ea527066a8d3ed954024f7a8,r1-182ef8c554-seed20260921-n1200-rep400
mid,0.5,,,oracle,338,-0.01169809979483355,,0.0022907416355167076,,20260921,182ef8c5541a964205a0ebe54a5f52745a45fb24ea527066a8d3ed954024f7a8,r1-182ef8c554-seed20260921-n1200-rep400
mid,0.5,,,estimated,338,-0.019903100775193805,,0.003137550913157228,,20260921,182ef8c5541a964205a0ebe54a5f52745a45fb24ea527066a8d3ed954024f7a8,r1-182ef8c554-seed20260921-n1200-rep400
mid,0.5,,,misspecified,338,-0.14083333333333334,,0.003693809995887724,,20260921,182ef8c5541a964205a0ebe54a5f52745a45fb24ea527066a8d3ed954024f7a8,r1-182ef8c554-seed20260921-n1200-rep400
mid,0.5,,,oracle,339,-0.010295098284807125,,0.0022907416355167076,,20260921,182ef8c5541a964205a0ebe54a5f52745a45fb24ea527066a8d3ed954024f7a8,r1-182ef8c554-seed20260921-n1200-rep400
mid,0.5,,,estimated,339,-0.02372093023255814,,0.003137550913157228,,20260921,182ef8c5541a964205a0ebe54a5f52745a45fb24ea527066a8d3ed954024f7a8,r1-182ef8c554-seed20260921-n1200-rep400
mid,0.5,,,misspecified,339,-0.14666666666666667,,0.003693809995887724,,20260921,182ef8c5541a964205a0ebe54a5f52745a45fb24ea527066a8d3ed954024f7a8,r1-182ef8c554-seed20260921-n1200-rep400
mid,0.5,,,oracle,340,-0.013475196474522583,,0.0022907416355167076,,20260921,182ef8c5541a964205a0ebe54a5f52745a45fb24ea527066a8d3ed954024f7a8,r1-182ef8c554-seed20260921-n1200-rep400
mid,0.5,,,estimated,340,0.008977663230240546,,0.003137550913157228,,20260921,182ef8c5541a964205a0ebe54a5f52745a45fb24ea527066a8d3ed954024f7a8,r1-182ef8c554-seed20260921-n1200-rep400
mid,0.5,,,misspecified,340,-0.1525,,0.003693809995887724,,20260921,182ef8c5541a964205a0ebe54a5f52745a45fb24ea527066a8d3ed954024f7a8,r1-182ef8c554-seed20260921-n1200-rep400
mid,0.5,,,oracle,341,-0.01245334467796308,,0.0022907416355167076,,20260921,182ef8c5541a964205a0ebe54a5f52745a45fb24ea527066a8d3ed954024f7a8,r1-182ef8c554-seed20260921-n1200-rep400
mid,0.5,,,estimated,341,-0.024011627906976724,,0.003137550913157228,,20260921,182ef8c5541a964205a0ebe54a5f52745a45fb24ea527066a8d3ed954024f7a8,r1-182ef8c554-seed20260921-n1200-rep400
mid,0.5,,,misspecified,341,-0.1525,,0.003693809995887724,,20260921,182ef8c5541a964205a0ebe54a5f52745a45fb24ea527066a8d3ed954024f7a8,r1-182ef8c554-seed20260921-n1200-rep400
mid,0.5,,,oracle,342,0.005126572560049947,,0.0022907416355167076,,20260921,182ef8c5541a964205a0ebe54a5f52745a45fb24ea527066a8d3ed954024f7a8,r1-182ef8c554-seed20260921-n1200-rep400
mid,0.5,,,estimated,342,-0.004812734082396963,,0.003137550913157228,,20260921,182ef8c5541a964205a0ebe54a5f52745a45fb24ea527066a8d3ed954024f7a8,r1-182ef8c554-seed20260921-n1200-rep400
mid,0.5,,,misspecified,342,-0.14166666666666666,,0.003693809995887724,,20260921,182ef8c5541a964205a0ebe54a5f52745a45fb24ea527066a8d3ed954024f7a8,r1-182ef8c554-seed20260921-n1200-rep400
mid,0.5,,,oracle,343,0.01443286985755321,,0.0022907416355167076,,20260921,182ef8c5541a964205a0ebe54a5f52745a45fb24ea527066a8d3ed954024f7a8,r1-182ef8c554-seed20260921-n1200-rep400
mid,0.5,,,estimated,343,-0.014024390243902424,,0.003137550913157228,,20260921,182ef8c5541a964205a0ebe54a5f52745a45fb24ea527066a8d3ed954024f7a8,r1-182ef8c554-seed20260921-n1200-rep400
mid,0.5,,,misspecified,343,-0.12,,0.003693809995887724,,20260921,182ef8c5541a964205a0ebe54a5f52745a45fb24ea527066a8d3ed954024f7a8,r1-182ef8c554-seed20260921-n1200-rep400
mid,0.5,,,oracle,344,0.012603777452205894,,0.0022907416355167076,,20260921,182ef8c5541a964205a0ebe54a5f52745a45fb24ea527066a8d3ed954024f7a8,r1-182ef8c554-seed20260921-n1200-rep400
mid,0.5,,,estimated,344,-0.0011821705426356688,,0.003137550913157228,,20260921,182ef8c5541a964205a0ebe54a5f52745a45fb24ea527066a8d3ed954024f7a8,r1-182ef8c554-seed20260921-n1200-rep400
mid,0.5,,,misspecified,344,-0.12916666666666665,,0.003693809995887724,,20260921,182ef8c5541a964205a0ebe54a5f52745a45fb24ea527066a8d3ed954024f7a8,r1-182ef8c554-seed20260921-n1200-rep400
mid,0.5,,,oracle,345,0.0035813823323334326,,0.0022907416355167076,,20260921,182ef8c5541a964205a0ebe54a5f52745a45fb24ea527066a8d3ed954024f7a8,r1-182ef8c554-seed20260921-n1200-rep400
mid,0.5,,,estimated,345,-0.0005303030303030476,,0.003137550913157228,,20260921,182ef8c5541a964205a0ebe54a5f52745a45fb24ea527066a8d3ed954024f7a8,r1-182ef8c554-seed20260921-n1200-rep400
mid,0.5,,,misspecified,345,-0.13416666666666666,,0.003693809995887724,,20260921,182ef8c5541a964205a0ebe54a5f52745a45fb24ea527066a8d3ed954024f7a8,r1-182ef8c554-seed20260921-n1200-rep400
mid,0.5,,,oracle,346,0.000847311369459286,,0.0022907416355167076,,20260921,182ef8c5541a964205a0ebe54a5f52745a45fb24ea527066a8d3ed954024f7a8,r1-182ef8c554-seed20260921-n1200-rep400
mid,0.5,,,estimated,346,-0.012499999999999983,,0.003137550913157228,,20260921,182ef8c5541a964205a0ebe54a5f52745a45fb24ea527066a8d3ed954024f7a8,r1-182ef8c554-seed20260921-n1200-rep400
mid,0.5,,,misspecified,346,-0.1325,,0.003693809995887724,,20260921,182ef8c5541a964205a0ebe54a5f52745a45fb24ea527066a8d3ed954024f7a8,r1-182ef8c554-seed20260921-n1200-rep400
mid,0.5,,,oracle,347,0.01128603527103772,,0.0022907416355167076,,20260921,182ef8c5541a964205a0ebe54a5f52745a45fb24ea527066a8d3ed954024f7a8,r1-182ef8c554-seed20260921-n1200-rep400
mid,0.5,,,estimated,347,0.00416666666666668,,0.003137550913157228,,20260921,182ef8c5541a964205a0ebe54a5f52745a45fb24ea527066a8d3ed954024f7a8,r1-182ef8c554-seed20260921-n1200-rep400
mid,0.5,,,misspecified,347,-0.1408333333333333,,0.003693809995887724,,20260921,182ef8c5541a964205a0ebe54a5f52745a45fb24ea527066a8d3ed954024f7a8,r1-182ef8c554-seed20260921-n1200-rep400
mid,0.5,,,oracle,348,0.013645756133967124,,0.0022907416355167076,,20260921,182ef8c5541a964205a0ebe54a5f52745a45fb24ea527066a8d3ed954024f7a8,r1-182ef8c554-seed20260921-n1200-rep400
mid,0.5,,,estimated,348,-0.00630952380952382,,0.003137550913157228,,20260921,182ef8c5541a964205a0ebe54a5f52745a45fb24ea527066a8d3ed954024f7a8,r1-182ef8c554-seed20260921-n1200-rep400
mid,0.5,,,misspecified,348,-0.11916666666666666,,0.003693809995887724,,20260921,182ef8c5541a964205a0ebe54a5f52745a45fb24ea527066a8d3ed954024f7a8,r1-182ef8c554-seed20260921-n1200-rep400
mid,0.5,,,oracle,349,-0.007379709573480581,,0.0022907416355167076,,20260921,182ef8c5541a964205a0ebe54a5f52745a45fb24ea527066a8d3ed954024f7a8,r1-182ef8c554-seed20260921-n1200-rep400
mid,0.5,,,estimated,349,-0.00742509363295879,,0.003137550913157228,,20260921,182ef8c5541a964205a0ebe54a5f52745a45fb24ea527066a8d3ed954024f7a8,r1-182ef8c554-seed20260921-n1200-rep400
mid,0.5,,,misspecified,349,-0.14916666666666667,,0.003693809995887724,,20260921,182ef8c5541a964205a0ebe54a5f52745a45fb24ea527066a8d3ed954024f7a8,r1-182ef8c554-seed20260921-n1200-rep400
mid,0.5,,,oracle,350,-0.011853142092784485,,0.0022907416355167076,,20260921,182ef8c5541a964205a0ebe54a5f52745a45fb24ea527066a8d3ed954024f7a8,r1-182ef8c554-seed20260921-n1200-rep400
mid,0.5,,,estimated,350,-0.03565261044176707,,0.003137550913157228,,20260921,182ef8c5541a964205a0ebe54a5f52745a45fb24ea527066a8d3ed954024f7a8,r1-182ef8c554-seed20260921-n1200-rep400
mid,0.5,,,misspecified,350,-0.1525,,0.003693809995887724,,20260921,182ef8c5541a964205a0ebe54a5f52745a45fb24ea527066a8d3ed954024f7a8,r1-182ef8c554-seed20260921-n1200-rep400
mid,0.5,,,oracle,351,-0.002548857393036119,,0.0022907416355167076,,20260921,182ef8c5541a964205a0ebe54a5f52745a45fb24ea527066a8d3ed954024f7a8,r1-182ef8c554-seed20260921-n1200-rep400
mid,0.5,,,estimated,351,-0.0013978494623655413,,0.003137550913157228,,20260921,182ef8c5541a964205a0ebe54a5f52745a45fb24ea527066a8d3ed954024f7a8,r1-182ef8c554-seed20260921-n1200-rep400
mid,0.5,,,misspecified,351,-0.12499999999999999,,0.003693809995887724,,20260921,182ef8c5541a964205a0ebe54a5f52745a45fb24ea527066a8d3ed954024f7a8,r1-182ef8c554-seed20260921-n1200-rep400
mid,0.5,,,oracle,352,0.022165182958176294,,0.0022907416355167076,,20260921,182ef8c5541a964205a0ebe54a5f52745a45fb24ea527066a8d3ed954024f7a8,r1-182ef8c554-seed20260921-n1200-rep400
mid,0.5,,,estimated,352,-0.01897435897435895,,0.003137550913157228,,20260921,182ef8c5541a964205a0ebe54a5f52745a45fb24ea527066a8d3ed954024f7a8,r1-182ef8c554-seed20260921-n1200-rep400
mid,0.5,,,misspecified,352,-0.10166666666666666,,0.003693809995887724,,20260921,182ef8c5541a964205a0ebe54a5f52745a45fb24ea527066a8d3ed954024f7a8,r1-182ef8c554-seed20260921-n1200-rep400
mid,0.5,,,oracle,353,0.010323624924053365,,0.0022907416355167076,,20260921,182ef8c5541a964205a0ebe54a5f52745a45fb24ea527066a8d3ed954024f7a8,r1-182ef8c554-seed20260921-n1200-rep400
mid,0.5,,,estimated,353,-0.02211847389558233,,0.003137550913157228,,20260921,182ef8c5541a964205a0ebe54a5f52745a45fb24ea527066a8d3ed954024f7a8,r1-182ef8c554-seed20260921-n1200-rep400
mid,0.5,,,misspecified,353,-0.1325,,0.003693809995887724,,20260921,182ef8c5541a964205a0ebe54a5f52745a45fb24ea527066a8d3ed954024f7a8,r1-182ef8c554-seed20260921-n1200-rep400
mid,0.5,,,oracle,354,-0.008759808424838339,,0.0022907416355167076,,20260921,182ef8c5541a964205a0ebe54a5f52745a45fb24ea527066a8d3ed954024f7a8,r1-182ef8c554-seed20260921-n1200-rep400
mid,0.5,,,estimated,354,-0.0018726591760299671,,0.003137550913157228,,20260921,182ef8c5541a964205a0ebe54a5f52745a45fb24ea527066a8d3ed954024f7a8,r1-182ef8c554-seed20260921-n1200-rep400
mid,0.5,,,misspecified,354,-0.13166666666666665,,0.003693809995887724,,20260921,182ef8c5541a964205a0ebe54a5f52745a45fb24ea527066a8d3ed954024f7a8,r1-182ef8c554-seed20260921-n1200-rep400
mid,0.5,,,oracle,355,0.004951016830704674,,0.0022907416355167076,,20260921,182ef8c5541a964205a0ebe54a5f52745a45fb24ea527066a8d3ed954024f7a8,r1-182ef8c554-seed20260921-n1200-rep400
mid,0.5,,,estimated,355,-0.006120689655172429,,0.003137550913157228,,20260921,182ef8c5541a964205a0ebe54a5f52745a45fb24ea527066a8d3ed954024f7a8,r1-182ef8c554-seed20260921-n1200-rep400
mid,0.5,,,misspecified,355,-0.12250000000000001,,0.003693809995887724,,20260921,182ef8c5541a964205a0ebe54a5f52745a45fb24ea527066a8d3ed954024f7a8,r1-182ef8c554-seed20260921-n1200-rep400
mid,0.5,,,oracle,356,-0.010535872406171432,,0.0022907416355167076,,20260921,182ef8c5541a964205a0ebe54a5f52745a45fb24ea527066a8d3ed954024f7a8,r1-182ef8c554-seed20260921-n1200-rep400
mid,0.5,,,estimated,356,-0.016367041198501853,,0.003137550913157228,,20260921,182ef8c5541a964205a0ebe54a5f52745a45fb24ea527066a8d3ed954024f7a8,r1-182ef8c554-seed20260921-n1200-rep400
mid,0.5,,,misspecified,356,-0.14833333333333332,,0.003693809995887724,,20260921,182ef8c5541a964205a0ebe54a5f52745a45fb24ea527066a8d3ed954024f7a8,r1-182ef8c554-seed20260921-n1200-rep400
mid,0.5,,,oracle,357,0.005574538428912673,,0.0022907416355167076,,20260921,182ef8c5541a964205a0ebe54a5f52745a45fb24ea527066a8d3ed954024f7a8,r1-182ef8c554-seed20260921-n1200-rep400
mid,0.5,,,estimated,357,-0.016300813008130077,,0.003137550913157228,,20260921,182ef8c5541a964205a0ebe54a5f52745a45fb24ea527066a8d3ed954024f7a8,r1-182ef8c554-seed20260921-n1200-rep400
mid,0.5,,,misspecified,357,-0.11333333333333333,,0.003693809995887724,,20260921,182ef8c5541a964205a0ebe54a5f52745a45fb24ea527066a8d3ed954024f7a8,r1-182ef8c554-seed20260921-n1200-rep400
mid,0.5,,,oracle,358,-0.006717832977070709,,0.0022907416355167076,,20260921,182ef8c5541a964205a0ebe54a5f52745a45fb24ea527066a8d3ed954024f7a8,r1-182ef8c554-seed20260921-n1200-rep400
mid,0.5,,,estimated,358,-0.03167670682730925,,0.003137550913157228,,20260921,182ef8c5541a964205a0ebe54a5f52745a45fb24ea527066a8d3ed954024f7a8,r1-182ef8c554-seed20260921-n1200-rep400
mid,0.5,,,misspecified,358,-0.15083333333333332,,0.003693809995887724,,20260921,182ef8c5541a964205a0ebe54a5f52745a45fb24ea527066a8d3ed954024f7a8,r1-182ef8c554-seed20260921-n1200-rep400
mid,0.5,,,oracle,359,-0.014372311221953982,,0.0022907416355167076,,20260921,182ef8c5541a964205a0ebe54a5f52745a45fb24ea527066a8d3ed954024f7a8,r1-182ef8c554-seed20260921-n1200-rep400
mid,0.5,,,estimated,359,-0.025294117647058773,,0.003137550913157228,,20260921,182ef8c5541a964205a0ebe54a5f52745a45fb24ea527066a8d3ed954024f7a8,r1-182ef8c554-seed20260921-n1200-rep400
mid,0.5,,,misspecified,359,-0.14833333333333332,,0.003693809995887724,,20260921,182ef8c5541a964205a0ebe54a5f52745a45fb24ea527066a8d3ed954024f7a8,r1-182ef8c554-seed20260921-n1200-rep400
mid,0.5,,,oracle,360,-0.005404794676195451,,0.0022907416355167076,,20260921,182ef8c5541a964205a0ebe54a5f52745a45fb24ea527066a8d3ed954024f7a8,r1-182ef8c554-seed20260921-n1200-rep400
mid,0.5,,,estimated,360,-0.02277131782945735,,0.003137550913157228,,20260921,182ef8c5541a964205a0ebe54a5f52745a45fb24ea527066a8d3ed954024f7a8,r1-182ef8c554-seed20260921-n1200-rep400
mid,0.5,,,misspecified,360,-0.16083333333333333,,0.003693809995887724,,20260921,182ef8c5541a964205a0ebe54a5f52745a45fb24ea527066a8d3ed954024f7a8,r1-182ef8c554-seed20260921-n1200-rep400
mid,0.5,,,oracle,361,-0.0037633636663212122,,0.0022907416355167076,,20260921,182ef8c5541a964205a0ebe54a5f52745a45fb24ea527066a8d3ed954024f7a8,r1-182ef8c554-seed20260921-n1200-rep400
mid,0.5,,,estimated,361,-0.023654618473895633,,0.003137550913157228,,20260921,182ef8c5541a964205a0ebe54a5f52745a45fb24ea527066a8d3ed954024f7a8,r1-182ef8c554-seed20260921-n1200-rep400
mid,0.5,,,misspecified,361,-0.11833333333333332,,0.003693809995887724,,20260921,182ef8c5541a964205a0ebe54a5f52745a45fb24ea527066a8d3ed954024f7a8,r1-182ef8c554-seed20260921-n1200-rep400
mid,0.5,,,oracle,362,0.012289110387552205,,0.0022907416355167076,,20260921,182ef8c5541a964205a0ebe54a5f52745a45fb24ea527066a8d3ed954024f7a8,r1-182ef8c554-seed20260921-n1200-rep400
mid,0.5,,,estimated,362,-0.019583333333333314,,0.003137550913157228,,20260921,182ef8c5541a964205a0ebe54a5f52745a45fb24ea527066a8d3ed954024f7a8,r1-182ef8c554-seed20260921-n1200-rep400
mid,0.5,,,misspecified,362,-0.11666666666666665,,0.003693809995887724,,20260921,182ef8c5541a964205a0ebe54a5f52745a45fb24ea527066a8d3ed954024f7a8,r1-182ef8c554-seed20260921-n1200-rep400
mid,0.5,,,oracle,363,0.016579407352675685,,0.0022907416355167076,,20260921,182ef8c5541a964205a0ebe54a5f52745a45fb24ea527066a8d3ed954024f7a8,r1-182ef8c554-seed20260921-n1200-rep400
mid,0.5,,,estimated,363,-0.00976190476190475,,0.003137550913157228,,20260921,182ef8c5541a964205a0ebe54a5f52745a45fb24ea527066a8d3ed954024f7a8,r1-182ef8c554-seed20260921-n1200-rep400
mid,0.5,,,misspecified,363,-0.13166666666666665,,0.003693809995887724,,20260921,182ef8c5541a964205a0ebe54a5f52745a45fb24ea527066a8d3ed954024f7a8,r1-182ef8c554-seed20260921-n1200-rep400
mid,0.5,,,oracle,364,-0.008818350445103096,,0.0022907416355167076,,20260921,182ef8c5541a964205a0ebe54a5f52745a45fb24ea527066a8d3ed954024f7a8,r1-182ef8c554-seed20260921-n1200-rep400
mid,0.5,,,estimated,364,-0.003553113553113524,,0.003137550913157228,,20260921,182ef8c5541a964205a0ebe54a5f52745a45fb24ea527066a8d3ed954024f7a8,r1-182ef8c554-seed20260921-n1200-rep400
mid,0.5,,,misspecified,364,-0.14833333333333332,,0.003693809995887724,,20260921,182ef8c5541a964205a0ebe54a5f52745a45fb24ea527066a8d3ed954024f7a8,r1-182ef8c554-seed20260921-n1200-rep400
mid,0.5,,,oracle,365,0.0009927295897152466,,0.0022907416355167076,,20260921,182ef8c5541a964205a0ebe54a5f52745a45fb24ea527066a8d3ed954024f7a8,r1-182ef8c554-seed20260921-n1200-rep400
mid,0.5,,,estimated,365,0.0019927536231884035,,0.003137550913157228,,20260921,182ef8c5541a964205a0ebe54a5f52745a45fb24ea527066a8d3ed954024f7a8,r1-182ef8c554-seed20260921-n1200-rep400
mid,0.5,,,misspecified,365,-0.14583333333333331,,0.003693809995887724,,20260921,182ef8c5541a964205a0ebe54a5f52745a45fb24ea527066a8d3ed954024f7a8,r1-182ef8c554-seed20260921-n1200-rep400
mid,0.5,,,oracle,366,-0.004317778484674101,,0.0022907416355167076,,20260921,182ef8c5541a964205a0ebe54a5f52745a45fb24ea527066a8d3ed954024f7a8,r1-182ef8c554-seed20260921-n1200-rep400
mid,0.5,,,estimated,366,-0.026341463414634142,,0.003137550913157228,,20260921,182ef8c5541a964205a0ebe54a5f52745a45fb24ea527066a8d3ed954024f7a8,r1-182ef8c554-seed20260921-n1200-rep400
mid,0.5,,,misspecified,366,-0.135,,0.003693809995887724,,20260921,182ef8c5541a964205a0ebe54a5f52745a45fb24ea527066a8d3ed954024f7a8,r1-182ef8c554-seed20260921-n1200-rep400
mid,0.5,,,oracle,367,0.005191954153085154,,0.0022907416355167076,,20260921,182ef8c5541a964205a0ebe54a5f52745a45fb24ea527066a8d3ed954024f7a8,r1-182ef8c554-seed20260921-n1200-rep400
mid,0.5,,,estimated,367,0.0016666666666666774,,0.003137550913157228,,20260921,182ef8c5541a964205a0ebe54a5f52745a45fb24ea527066a8d3ed954024f7a8,r1-182ef8c554-seed20260921-n1200-rep400
mid,0.5,,,misspecified,367,-0.13833333333333334,,0.003693809995887724,,20260921,182ef8c5541a964205a0ebe54a5f52745a45fb24ea527066a8d3ed954024f7a8,r1-182ef8c554-seed20260921-n1200-rep400
mid,0.5,,,oracle,368,-0.010570057416355638,,0.0022907416355167076,,20260921,182ef8c5541a964205a0ebe54a5f52745a45fb24ea527066a8d3ed954024f7a8,r1-182ef8c554-seed20260921-n1200-rep400
mid,0.5,,,estimated,368,-0.011161048689138559,,0.003137550913157228,,20260921,182ef8c5541a964205a0ebe54a5f52745a45fb24ea527066a8d3ed954024f7a8,r1-182ef8c554-seed20260921-n1200-rep400
mid,0.5,,,misspecified,368,-0.15833333333333333,,0.003693809995887724,,20260921,182ef8c5541a964205a0ebe54a5f52745a45fb24ea527066a8d3ed954024f7a8,r1-182ef8c554-seed20260921-n1200-rep400
mid,0.5,,,oracle,369,-0.011678291266031343,,0.0022907416355167076,,20260921,182ef8c5541a964205a0ebe54a5f52745a45fb24ea527066a8d3ed954024f7a8,r1-182ef8c554-seed20260921-n1200-rep400
mid,0.5,,,estimated,369,-0.034096385542168706,,0.003137550913157228,,20260921,182ef8c5541a964205a0ebe54a5f52745a45fb24ea527066a8d3ed954024f7a8,r1-182ef8c554-seed20260921-n1200-rep400
mid,0.5,,,misspecified,369,-0.15833333333333333,,0.003693809995887724,,20260921,182ef8c5541a964205a0ebe54a5f52745a45fb24ea527066a8d3ed954024f7a8,r1-182ef8c554-seed20260921-n1200-rep400
mid,0.5,,,oracle,370,0.003139855700760863,,0.0022907416355167076,,20260921,182ef8c5541a964205a0ebe54a5f52745a45fb24ea527066a8d3ed954024f7a8,r1-182ef8c554-seed20260921-n1200-rep400
mid,0.5,,,estimated,370,-0.02202380952380953,,0.003137550913157228,,20260921,182ef8c5541a964205a0ebe54a5f52745a45fb24ea527066a8d3ed954024f7a8,r1-182ef8c554-seed20260921-n1200-rep400
mid,0.5,,,misspecified,370,-0.14916666666666667,,0.003693809995887724,,20260921,182ef8c5541a964205a0ebe54a5f52745a45fb24ea527066a8d3ed954024f7a8,r1-182ef8c554-seed20260921-n1200-rep400
mid,0.5,,,oracle,371,0.016444973082359815,,0.0022907416355167076,,20260921,182ef8c5541a964205a0ebe54a5f52745a45fb24ea527066a8d3ed954024f7a8,r1-182ef8c554-seed20260921-n1200-rep400
mid,0.5,,,estimated,371,-0.04042237442922378,,0.003137550913157228,,20260921,182ef8c5541a964205a0ebe54a5f52745a45fb24ea527066a8d3ed954024f7a8,r1-182ef8c554-seed20260921-n1200-rep400
mid,0.5,,,misspecified,371,-0.10750000000000001,,0.003693809995887724,,20260921,182ef8c5541a964205a0ebe54a5f52745a45fb24ea527066a8d3ed954024f7a8,r1-182ef8c554-seed20260921-n1200-rep400
mid,0.5,,,oracle,372,-0.010814513660230202,,0.0022907416355167076,,20260921,182ef8c5541a964205a0ebe54a5f52745a45fb24ea527066a8d3ed954024f7a8,r1-182ef8c554-seed20260921-n1200-rep400
mid,0.5,,,estimated,372,0.007500000000000007,,0.003137550913157228,,20260921,182ef8c5541a964205a0ebe54a5f52745a45fb24ea527066a8d3ed954024f7a8,r1-182ef8c554-seed20260921-n1200-rep400
mid,0.5,,,misspecified,372,-0.13416666666666666,,0.003693809995887724,,20260921,182ef8c5541a964205a0ebe54a5f52745a45fb24ea527066a8d3ed954024f7a8,r1-182ef8c554-seed20260921-n1200-rep400
mid,0.5,,,oracle,373,-0.02494797476989216,,0.0022907416355167076,,20260921,182ef8c5541a964205a0ebe54a5f52745a45fb24ea527066a8d3ed954024f7a8,r1-182ef8c554-seed20260921-n1200-rep400
mid,0.5,,,estimated,373,-0.01965201465201466,,0.003137550913157228,,20260921,182ef8c5541a964205a0ebe54a5f52745a45fb24ea527066a8d3ed954024f7a8,r1-182ef8c554-seed20260921-n1200-rep400
mid,0.5,,,misspecified,373,-0.165,,0.003693809995887724,,20260921,182ef8c5541a964205a0ebe54a5f52745a45fb24ea527066a8d3ed954024f7a8,r1-182ef8c554-seed20260921-n1200-rep400
mid,0.5,,,oracle,374,0.002185842808526961,,0.0022907416355167076,,20260921,182ef8c5541a964205a0ebe54a5f52745a45fb24ea527066a8d3ed954024f7a8,r1-182ef8c554-seed20260921-n1200-rep400
mid,0.5,,,estimated,374,0.0015909090909090595,,0.003137550913157228,,20260921,182ef8c5541a964205a0ebe54a5f52745a45fb24ea527066a8d3ed954024f7a8,r1-182ef8c554-seed20260921-n1200-rep400
mid,0.5,,,misspecified,374,-0.13416666666666666,,0.003693809995887724,,20260921,182ef8c5541a964205a0ebe54a5f52745a45fb24ea527066a8d3ed954024f7a8,r1-182ef8c554-seed20260921-n1200-rep400
mid,0.5,,,oracle,375,0.004902235785641584,,0.0022907416355167076,,20260921,182ef8c5541a964205a0ebe54a5f52745a45fb24ea527066a8d3ed954024f7a8,r1-182ef8c554-seed20260921-n1200-rep400
mid,0.5,,,estimated,375,-0.026913580246913593,,0.003137550913157228,,20260921,182ef8c5541a964205a0ebe54a5f52745a45fb24ea527066a8d3ed954024f7a8,r1-182ef8c554-seed20260921-n1200-rep400
mid,0.5,,,misspecified,375,-0.125,,0.003693809995887724,,20260921,182ef8c5541a964205a0ebe54a5f52745a45fb24ea527066a8d3ed954024f7a8,r1-182ef8c554-seed20260921-n1200-rep400
mid,0.5,,,oracle,376,0.023157747794943728,,0.0022907416355167076,,20260921,182ef8c5541a964205a0ebe54a5f52745a45fb24ea527066a8d3ed954024f7a8,r1-182ef8c554-seed20260921-n1200-rep400
mid,0.5,,,estimated,376,-0.03833333333333336,,0.003137550913157228,,20260921,182ef8c5541a964205a0ebe54a5f52745a45fb24ea527066a8d3ed954024f7a8,r1-182ef8c554-seed20260921-n1200-rep400
mid,0.5,,,misspecified,376,-0.09999999999999998,,0.003693809995887724,,20260921,182ef8c5541a964205a0ebe54a5f52745a45fb24ea527066a8d3ed954024f7a8,r1-182ef8c554-seed20260921-n1200-rep400
mid,0.5,,,oracle,377,-0.002406506043257234,,0.0022907416355167076,,20260921,182ef8c5541a964205a0ebe54a5f52745a45fb24ea527066a8d3ed954024f7a8,r1-182ef8c554-seed20260921-n1200-rep400
mid,0.5,,,estimated,377,0.0,,0.003137550913157228,,20260921,182ef8c5541a964205a0ebe54a5f52745a45fb24ea527066a8d3ed954024f7a8,r1-182ef8c554-seed20260921-n1200-rep400
mid,0.5,,,misspecified,377,-0.14166666666666666,,0.003693809995887724,,20260921,182ef8c5541a964205a0ebe54a5f52745a45fb24ea527066a8d3ed954024f7a8,r1-182ef8c554-seed20260921-n1200-rep400
mid,0.5,,,oracle,378,-0.00047540414434835143,,0.0022907416355167076,,20260921,182ef8c5541a964205a0ebe54a5f52745a45fb24ea527066a8d3ed954024f7a8,r1-182ef8c554-seed20260921-n1200-rep400
mid,0.5,,,estimated,378,0.01140070921985814,,0.003137550913157228,,20260921,182ef8c5541a964205a0ebe54a5f52745a45fb24ea527066a8d3ed954024f7a8,r1-182ef8c554-seed20260921-n1200-rep400
mid,0.5,,,misspecified,378,-0.1375,,0.003693809995887724,,20260921,182ef8c5541a964205a0ebe54a5f52745a45fb24ea527066a8d3ed954024f7a8,r1-182ef8c554-seed20260921-n1200-rep400
mid,0.5,,,oracle,379,0.015255599882210702,,0.0022907416355167076,,20260921,182ef8c5541a964205a0ebe54a5f52745a45fb24ea527066a8d3ed954024f7a8,r1-182ef8c554-seed20260921-n1200-rep400
mid,0.5,,,estimated,379,-0.00701550387596897,,0.003137550913157228,,20260921,182ef8c5541a964205a0ebe54a5f52745a45fb24ea527066a8d3ed954024f7a8,r1-182ef8c554-seed20260921-n1200-rep400
mid,0.5,,,misspecified,379,-0.135,,0.003693809995887724,,20260921,182ef8c5541a964205a0ebe54a5f52745a45fb24ea527066a8d3ed954024f7a8,r1-182ef8c554-seed20260921-n1200-rep400
mid,0.5,,,oracle,380,0.015981267599002064,,0.0022907416355167076,,20260921,182ef8c5541a964205a0ebe54a5f52745a45fb24ea527066a8d3ed954024f7a8,r1-182ef8c554-seed20260921-n1200-rep400
mid,0.5,,,estimated,380,-0.01646341463414633,,0.003137550913157228,,20260921,182ef8c5541a964205a0ebe54a5f52745a45fb24ea527066a8d3ed954024f7a8,r1-182ef8c554-seed20260921-n1200-rep400
mid,0.5,,,misspecified,380,-0.12333333333333332,,0.003693809995887724,,20260921,182ef8c5541a964205a0ebe54a5f52745a45fb24ea527066a8d3ed954024f7a8,r1-182ef8c554-seed20260921-n1200-rep400
mid,0.5,,,oracle,381,-0.002910614669730971,,0.0022907416355167076,,20260921,182ef8c5541a964205a0ebe54a5f52745a45fb24ea527066a8d3ed954024f7a8,r1-182ef8c554-seed20260921-n1200-rep400
mid,0.5,,,estimated,381,-0.002121212121212135,,0.003137550913157228,,20260921,182ef8c5541a964205a0ebe54a5f52745a45fb24ea527066a8d3ed954024f7a8,r1-182ef8c554-seed20260921-n1200-rep400
mid,0.5,,,misspecified,381,-0.13416666666666666,,0.003693809995887724,,20260921,182ef8c5541a964205a0ebe54a5f52745a45fb24ea527066a8d3ed954024f7a8,r1-182ef8c554-seed20260921-n1200-rep400
mid,0.5,,,oracle,382,-0.02498160369344471,,0.0022907416355167076,,20260921,182ef8c5541a964205a0ebe54a5f52745a45fb24ea527066a8d3ed954024f7a8,r1-182ef8c554-seed20260921-n1200-rep400
mid,0.5,,,estimated,382,-0.031259689922480655,,0.003137550913157228,,20260921,182ef8c5541a964205a0ebe54a5f52745a45fb24ea527066a8d3ed954024f7a8,r1-182ef8c554-seed20260921-n1200-rep400
mid,0.5,,,misspecified,382,-0.17083333333333334,,0.003693809995887724,,20260921,182ef8c5541a964205a0ebe54a5f52745a45fb24ea527066a8d3ed954024f7a8,r1-182ef8c554-seed20260921-n1200-rep400
mid,0.5,,,oracle,383,0.009553052161973247,,0.0022907416355167076,,20260921,182ef8c5541a964205a0ebe54a5f52745a45fb24ea527066a8d3ed954024f7a8,r1-182ef8c554-seed20260921-n1200-rep400
mid,0.5,,,estimated,383,-0.010028735632183927,,0.003137550913157228,,20260921,182ef8c5541a964205a0ebe54a5f52745a45fb24ea527066a8d3ed954024f7a8,r1-182ef8c554-seed20260921-n1200-rep400
mid,0.5,,,misspecified,383,-0.13416666666666666,,0.003693809995887724,,20260921,182ef8c5541a964205a0ebe54a5f52745a45fb24ea527066a8d3ed954024f7a8,r1-182ef8c554-seed20260921-n1200-rep400
mid,0.5,,,oracle,384,-0.008559088986116209,,0.0022907416355167076,,20260921,182ef8c5541a964205a0ebe54a5f52745a45fb24ea527066a8d3ed954024f7a8,r1-182ef8c554-seed20260921-n1200-rep400
mid,0.5,,,estimated,384,-0.023214285714285743,,0.003137550913157228,,20260921,182ef8c5541a964205a0ebe54a5f52745a45fb24ea527066a8d3ed954024f7a8,r1-182ef8c554-seed20260921-n1200-rep400
mid,0.5,,,misspecified,384,-0.13083333333333333,,0.003693809995887724,,20260921,182ef8c5541a964205a0ebe54a5f52745a45fb24ea527066a8d3ed954024f7a8,r1-182ef8c554-seed20260921-n1200-rep400
mid,0.5,,,oracle,385,-0.00015215003157895146,,0.0022907416355167076,,20260921,182ef8c5541a964205a0ebe54a5f52745a45fb24ea527066a8d3ed954024f7a8,r1-182ef8c554-seed20260921-n1200-rep400
mid,0.5,,,estimated,385,-0.01029069767441862,,0.003137550913157228,,20260921,182ef8c5541a964205a0ebe54a5f52745a45fb24ea527066a8d3ed954024f7a8,r1-182ef8c554-seed20260921-n1200-rep400
mid,0.5,,,misspecified,385,-0.14583333333333334,,0.003693809995887724,,20260921,182ef8c5541a964205a0ebe54a5f52745a45fb24ea527066a8d3ed954024f7a8,r1-182ef8c554-seed20260921-n1200-rep400
mid,0.5,,,oracle,386,-0.014736522215161252,,0.0022907416355167076,,20260921,182ef8c5541a964205a0ebe54a5f52745a45fb24ea527066a8d3ed954024f7a8,r1-182ef8c554-seed20260921-n1200-rep400
mid,0.5,,,estimated,386,-0.01775862068965517,,0.003137550913157228,,20260921,182ef8c5541a964205a0ebe54a5f52745a45fb24ea527066a8d3ed954024f7a8,r1-182ef8c554-seed20260921-n1200-rep400
mid,0.5,,,misspecified,386,-0.145,,0.003693809995887724,,20260921,182ef8c5541a964205a0ebe54a5f52745a45fb24ea527066a8d3ed954024f7a8,r1-182ef8c554-seed20260921-n1200-rep400
mid,0.5,,,oracle,387,0.0021709526742115237,,0.0022907416355167076,,20260921,182ef8c5541a964205a0ebe54a5f52745a45fb24ea527066a8d3ed954024f7a8,r1-182ef8c554-seed20260921-n1200-rep400
mid,0.5,,,estimated,387,0.0013505747126436596,,0.003137550913157228,,20260921,182ef8c5541a964205a0ebe54a5f52745a45fb24ea527066a8d3ed954024f7a8,r1-182ef8c554-seed20260921-n1200-rep400
mid,0.5,,,misspecified,387,-0.10416666666666669,,0.003693809995887724,,20260921,182ef8c5541a964205a0ebe54a5f52745a45fb24ea527066a8d3ed954024f7a8,r1-182ef8c554-seed20260921-n1200-rep400
mid,0.5,,,oracle,388,-0.011156682647773059,,0.0022907416355167076,,20260921,182ef8c5541a964205a0ebe54a5f52745a45fb24ea527066a8d3ed954024f7a8,r1-182ef8c554-seed20260921-n1200-rep400
mid,0.5,,,estimated,388,-0.005978260869565211,,0.003137550913157228,,20260921,182ef8c5541a964205a0ebe54a5f52745a45fb24ea527066a8d3ed954024f7a8,r1-182ef8c554-seed20260921-n1200-rep400
mid,0.5,,,misspecified,388,-0.16249999999999998,,0.003693809995887724,,20260921,182ef8c5541a964205a0ebe54a5f52745a45fb24ea527066a8d3ed954024f7a8,r1-182ef8c554-seed20260921-n1200-rep400
mid,0.5,,,oracle,389,0.0006929162683515788,,0.0022907416355167076,,20260921,182ef8c5541a964205a0ebe54a5f52745a45fb24ea527066a8d3ed954024f7a8,r1-182ef8c554-seed20260921-n1200-rep400
mid,0.5,,,estimated,389,0.003492509363295926,,0.003137550913157228,,20260921,182ef8c5541a964205a0ebe54a5f52745a45fb24ea527066a8d3ed954024f7a8,r1-182ef8c554-seed20260921-n1200-rep400
mid,0.5,,,misspecified,389,-0.12249999999999998,,0.003693809995887724,,20260921,182ef8c5541a964205a0ebe54a5f52745a45fb24ea527066a8d3ed954024f7a8,r1-182ef8c554-seed20260921-n1200-rep400
mid,0.5,,,oracle,390,0.005708149699044707,,0.0022907416355167076,,20260921,182ef8c5541a964205a0ebe54a5f52745a45fb24ea527066a8d3ed954024f7a8,r1-182ef8c554-seed20260921-n1200-rep400
mid,0.5,,,estimated,390,0.018225806451612897,,0.003137550913157228,,20260921,182ef8c5541a964205a0ebe54a5f52745a45fb24ea527066a8d3ed954024f7a8,r1-182ef8c554-seed20260921-n1200-rep400
mid,0.5,,,misspecified,390,-0.12666666666666665,,0.003693809995887724,,20260921,182ef8c5541a964205a0ebe54a5f52745a45fb24ea527066a8d3ed954024f7a8,r1-182ef8c554-seed20260921-n1200-rep400
mid,0.5,,,oracle,391,-0.001923823890199794,,0.0022907416355167076,,20260921,182ef8c5541a964205a0ebe54a5f52745a45fb24ea527066a8d3ed954024f7a8,r1-182ef8c554-seed20260921-n1200-rep400
mid,0.5,,,estimated,391,0.01328947368421049,,0.003137550913157228,,20260921,182ef8c5541a964205a0ebe54a5f52745a45fb24ea527066a8d3ed954024f7a8,r1-182ef8c554-seed20260921-n1200-rep400
mid,0.5,,,misspecified,391,-0.14083333333333334,,0.003693809995887724,,20260921,182ef8c5541a964205a0ebe54a5f52745a45fb24ea527066a8d3ed954024f7a8,r1-182ef8c554-seed20260921-n1200-rep400
mid,0.5,,,oracle,392,-0.0010430648400300557,,0.0022907416355167076,,20260921,182ef8c5541a964205a0ebe54a5f52745a45fb24ea527066a8d3ed954024f7a8,r1-182ef8c554-seed20260921-n1200-rep400
mid,0.5,,,estimated,392,-0.01809523809523811,,0.003137550913157228,,20260921,182ef8c5541a964205a0ebe54a5f52745a45fb24ea527066a8d3ed954024f7a8,r1-182ef8c554-seed20260921-n1200-rep400
mid,0.5,,,misspecified,392,-0.13666666666666666,,0.003693809995887724,,20260921,182ef8c5541a964205a0ebe54a5f52745a45fb24ea527066a8d3ed954024f7a8,r1-182ef8c554-seed20260921-n1200-rep400
mid,0.5,,,oracle,393,0.009626233635110198,,0.0022907416355167076,,20260921,182ef8c5541a964205a0ebe54a5f52745a45fb24ea527066a8d3ed954024f7a8,r1-182ef8c554-seed20260921-n1200-rep400
mid,0.5,,,estimated,393,-0.024999999999999994,,0.003137550913157228,,20260921,182ef8c5541a964205a0ebe54a5f52745a45fb24ea527066a8d3ed954024f7a8,r1-182ef8c554-seed20260921-n1200-rep400
mid,0.5,,,misspecified,393,-0.1358333333333333,,0.003693809995887724,,20260921,182ef8c5541a964205a0ebe54a5f52745a45fb24ea527066a8d3ed954024f7a8,r1-182ef8c554-seed20260921-n1200-rep400
mid,0.5,,,oracle,394,-0.00040924702145728187,,0.0022907416355167076,,20260921,182ef8c5541a964205a0ebe54a5f52745a45fb24ea527066a8d3ed954024f7a8,r1-182ef8c554-seed20260921-n1200-rep400
mid,0.5,,,estimated,394,-0.01147286821705426,,0.003137550913157228,,20260921,182ef8c5541a964205a0ebe54a5f52745a45fb24ea527066a8d3ed954024f7a8,r1-182ef8c554-seed20260921-n1200-rep400
mid,0.5,,,misspecified,394,-0.145,,0.003693809995887724,,20260921,182ef8c5541a964205a0ebe54a5f52745a45fb24ea527066a8d3ed954024f7a8,r1-182ef8c554-seed20260921-n1200-rep400
mid,0.5,,,oracle,395,0.006234395162289658,,0.0022907416355167076,,20260921,182ef8c5541a964205a0ebe54a5f52745a45fb24ea527066a8d3ed954024f7a8,r1-182ef8c554-seed20260921-n1200-rep400
mid,0.5,,,estimated,395,0.005112359550561829,,0.003137550913157228,,20260921,182ef8c5541a964205a0ebe54a5f52745a45fb24ea527066a8d3ed954024f7a8,r1-182ef8c554-seed20260921-n1200-rep400
mid,0.5,,,misspecified,395,-0.135,,0.003693809995887724,,20260921,182ef8c5541a964205a0ebe54a5f52745a45fb24ea527066a8d3ed954024f7a8,r1-182ef8c554-seed20260921-n1200-rep400
mid,0.5,,,oracle,396,-0.013286672551001244,,0.0022907416355167076,,20260921,182ef8c5541a964205a0ebe54a5f52745a45fb24ea527066a8d3ed954024f7a8,r1-182ef8c554-seed20260921-n1200-rep400
mid,0.5,,,estimated,396,-0.0001063829787234516,,0.003137550913157228,,20260921,182ef8c5541a964205a0ebe54a5f52745a45fb24ea527066a8d3ed954024f7a8,r1-182ef8c554-seed20260921-n1200-rep400
mid,0.5,,,misspecified,396,-0.19,,0.003693809995887724,,20260921,182ef8c5541a964205a0ebe54a5f52745a45fb24ea527066a8d3ed954024f7a8,r1-182ef8c554-seed20260921-n1200-rep400
mid,0.5,,,oracle,397,-0.007064335959902024,,0.0022907416355167076,,20260921,182ef8c5541a964205a0ebe54a5f52745a45fb24ea527066a8d3ed954024f7a8,r1-182ef8c554-seed20260921-n1200-rep400
mid,0.5,,,estimated,397,-0.002463768115942039,,0.003137550913157228,,20260921,182ef8c5541a964205a0ebe54a5f52745a45fb24ea527066a8d3ed954024f7a8,r1-182ef8c554-seed20260921-n1200-rep400
mid,0.5,,,misspecified,397,-0.14333333333333334,,0.003693809995887724,,20260921,182ef8c5541a964205a0ebe54a5f52745a45fb24ea527066a8d3ed954024f7a8,r1-182ef8c554-seed20260921-n1200-rep400
mid,0.5,,,oracle,398,-0.0027763125593465443,,0.0022907416355167076,,20260921,182ef8c5541a964205a0ebe54a5f52745a45fb24ea527066a8d3ed954024f7a8,r1-182ef8c554-seed20260921-n1200-rep400
mid,0.5,,,estimated,398,-0.014880952380952411,,0.003137550913157228,,20260921,182ef8c5541a964205a0ebe54a5f52745a45fb24ea527066a8d3ed954024f7a8,r1-182ef8c554-seed20260921-n1200-rep400
mid,0.5,,,misspecified,398,-0.13916666666666666,,0.003693809995887724,,20260921,182ef8c5541a964205a0ebe54a5f52745a45fb24ea527066a8d3ed954024f7a8,r1-182ef8c554-seed20260921-n1200-rep400
mid,0.5,,,oracle,399,0.01885983000759145,,0.0022907416355167076,,20260921,182ef8c5541a964205a0ebe54a5f52745a45fb24ea527066a8d3ed954024f7a8,r1-182ef8c554-seed20260921-n1200-rep400
mid,0.5,,,estimated,399,-0.009166666666666684,,0.003137550913157228,,20260921,182ef8c5541a964205a0ebe54a5f52745a45fb24ea527066a8d3ed954024f7a8,r1-182ef8c554-seed20260921-n1200-rep400
mid,0.5,,,misspecified,399,-0.10416666666666667,,0.003693809995887724,,20260921,182ef8c5541a964205a0ebe54a5f52745a45fb24ea527066a8d3ed954024f7a8,r1-182ef8c554-seed20260921-n1200-rep400
mid,0.5,,,oracle,400,-0.0038011610107396288,,0.0022907416355167076,,20260921,182ef8c5541a964205a0ebe54a5f52745a45fb24ea527066a8d3ed954024f7a8,r1-182ef8c554-seed20260921-n1200-rep400
mid,0.5,,,estimated,400,-0.02071138211382112,,0.003137550913157228,,20260921,182ef8c5541a964205a0ebe54a5f52745a45fb24ea527066a8d3ed954024f7a8,r1-182ef8c554-seed20260921-n1200-rep400
mid,0.5,,,misspecified,400,-0.11416666666666667,,0.003693809995887724,,20260921,182ef8c5541a964205a0ebe54a5f52745a45fb24ea527066a8d3ed954024f7a8,r1-182ef8c554-seed20260921-n1200-rep400
post,0.1,,,oracle,,,0.0009345653263570533,0.00502968147260083,,20260921,182ef8c5541a964205a0ebe54a5f52745a45fb24ea527066a8d3ed954024f7a8,r1-182ef8c554-seed20260921-n1200-rep400
post,0.1,,,estimated,,,0.01404093873384729,0.005229054863417937,,20260921,182ef8c5541a964205a0ebe54a5f52745a45fb24ea527066a8d3ed954024f7a8,r1-182ef8c554-seed20260921-n1200-rep400
post,0.1,,,misspecified,,,0.027789583333333336,0.004022797611528882,,20260921,182ef8c5541a964205a0ebe54a5f52745a45fb24ea527066a8d3ed954024f7a8,r1-182ef8c554-seed20260921-n1200-rep400
post,0.5,,,oracle,,,0.0006958354824855992,0.0022907416355167076,,20260921,182ef8c5541a964205a0ebe54a5f52745a45fb24ea527066a8d3ed954024f7a8,r1-182ef8c554-seed20260921-n1200-rep400
post,0.5,,,estimated,,,0.010504550941541685,0.003137550913157228,,20260921,182ef8c5541a964205a0ebe54a5f52745a45fb24ea527066a8d3ed954024f7a8,r1-182ef8c554-seed20260921-n1200-rep400
post,0.5,,,misspecified,,,0.13897708333333333,0.003693809995887724,,20260921,182ef8c5541a964205a0ebe54a5f52745a45fb24ea527066a8d3ed954024f7a8,r1-182ef8c554-seed20260921-n1200-rep400
