panel,series,group,x,y,y_low,y_high,z,n,label,seed,config_hash,run_id
prevalence,prevalence,,0,0.0025,,,,2000,,20260923,223ae7ea3e685c7c69fc4f541c05270507523378eb46d34ed223d11ab67c14d7,r2-223ae7ea3e68-seed20260923
prevalence,prevalence,,1,0.002,,,,2000,,20260923,223ae7ea3e685c7c69fc4f541c05270507523378eb46d34ed223d11ab67c14d7,r2-223ae7ea3e68-seed20260923
prevalence,prevalence,,2,0.0025,,,,2000,,20260923,223ae7ea3e685c7c69fc4f541c05270507523378eb46d34ed223d11ab67c14d7,r2-223ae7ea3e68-seed20260923
prevalence,prevalence,,3,0.004,,,,2000,,20260923,223ae7ea3e685c7c69fc4f541c05270507523378eb46d34ed223d11ab67c14d7,r2-223ae7ea3e68-seed20260923
prevalence,prevalence,,4,0.0055,,,,2000,,20260923,223ae7ea3e685c7c69fc4f541c05270507523378eb46d34ed223d11ab67c14d7,r2-223ae7ea3e68-seed20260923
prevalence,prevalence,,5,0.0045,,,,2000,,20260923,223ae7ea3e685c7c69fc4f541c05270507523378eb46d34ed223d11ab67c14d7,r2-223ae7ea3e68-seed20260923
prevalence,prevalence,,6,0.004,,,,2000,,20260923,223ae7ea3e685c7c69fc4f541c05270507523378eb46d34ed223d11ab67c14d7,r2-223ae7ea3e68-seed20260923
prevalence,prevalence,,7,0.0045,,,,2000,,20260923,223ae7ea3e685c7c69fc4f541c05270507523378eb46d34ed223d11ab67c14d7,r2-223ae7ea3e68-seed20260923
prevalence,prevalence,,8,0.003,,,,2000,,20260923,223ae7ea3e685c7c69fc4f541c05270507523378eb46d34ed223d11ab67c14d7,r2-223ae7ea3e68-seed20260923
prevalence,prevalence,,9,0.005,,,,2000,,20260923,223ae7ea3e685c7c69fc4f541c05270507523378eb46d34ed223d11ab67c14d7,r2-223ae7ea3e68-seed20260923
prevalence,prevalence,,10,0.004,,,,2000,,20260923,223ae7ea3e685c7c69fc4f541c05270507523378eb46d34ed223d11ab67c14d7,r2-223ae7ea3e68-seed20260923
prevalence,prevalence,,11,0.005,,,,2000,,20260923,223ae7ea3e685c7c69fc4f541c05270507523378eb46d34ed223d11ab67c14d7,r2-223ae7ea3e68-seed20260923
prevalence,prevalence,,12,0.0035,,,,2000,,20260923,223ae7ea3e685c7c69fc4f541c05270507523378eb46d34ed223d11ab67c14d7,r2-223ae7ea3e68-seed20260923
prevalence,prevalence,,13,0.0025,,,,2000,,20260923,223ae7ea3e685c7c69fc4f541c05270507523378eb46d34ed223d11ab67c14d7,r2-223ae7ea3e68-seed20260923
prevalence,prevalence,,14,0.004,,,,2000,,20260923,223ae7ea3e685c7c69fc4f541c05270507523378eb46d34ed223d11ab67c14d7,r2-223ae7ea3e68-seed20260923
prevalence,prevalence,,15,0.0075,,,,2000,,20260923,223ae7ea3e685c7c69fc4f541c05270507523378eb46d34ed223d11ab67c14d7,r2-223ae7ea3e68-seed20260923
prevalence,prevalence,,16,0.007,,,,2000,,20260923,223ae7ea3e685c7c69fc4f541c05270507523378eb46d34ed223d11ab67c14d7,r2-223ae7ea3e68-seed20260923
prevalence,prevalence,,17,0.0025,,,,2000,,20260923,223ae7ea3e685c7c69fc4f541c05270507523378eb46d34ed223d11ab67c14d7,r2-223ae7ea3e68-seed20260923
prevalence,prevalence,,18,0.0035,,,,2000,,20260923,223ae7ea3e685c7c69fc4f541c05270507523378eb46d34ed223d11ab67c14d7,r2-223ae7ea3e68-seed20260923
prevalence,prevalence,,19,0.005,,,,2000,,20260923,223ae7ea3e685c7c69fc4f541c05270507523378eb46d34ed223d11ab67c14d7,r2-223ae7ea3e68-seed20260923
prevalence,prevalence,,20,0.002,,,,2000,,20260923,223ae7ea3e685c7c69fc4f541c05270507523378eb46d34ed223d11ab67c14d7,r2-223ae7ea3e68-seed20260923
prevalence,prevalence,,21,0.004,,,,2000,,20260923,223ae7ea3e685c7c69fc4f541c05270507523378eb46d34ed223d11ab67c14d7,r2-223ae7ea3e68-seed20260923
prevalence,prevalence,,22,0.0025,,,,2000,,20260923,223ae7ea3e685c7c69fc4f541c05270507523378eb46d34ed223d11ab67c14d7,r2-223ae7ea3e68-seed20260923
prevalence,prevalence,,23,0.0035,,,,2000,,20260923,223ae7ea3e685c7c69fc4f541c05270507523378eb46d34ed223d11ab67c14d7,r2-223ae7ea3e68-seed20260923
prevalence,prevalence,,24,0.0055,,,,2000,,20260923,223ae7ea3e685c7c69fc4f541c05270507523378eb46d34ed223d11ab67c14d7,r2-223ae7ea3e68-seed20260923
prevalence,prevalence,,25,0.0035,,,,2000,,20260923,223ae7ea3e685c7c69fc4f541c05270507523378eb46d34ed223d11ab67c14d7,r2-223ae7ea3e68-seed20260923
prevalence,prevalence,,26,0.002,,,,2000,,20260923,223ae7ea3e685c7c69fc4f541c05270507523378eb46d34ed223d11ab67c14d7,r2-223ae7ea3e68-seed20260923
prevalence,prevalence,,27,0.003,,,,2000,,20260923,223ae7ea3e685c7c69fc4f541c05270507523378eb46d34ed223d11ab67c14d7,r2-223ae7ea3e68-seed20260923
prevalence,prevalence,,28,0.0065,,,,2000,,20260923,223ae7ea3e685c7c69fc4f541c05270507523378eb46d34ed223d11ab67c14d7,r2-223ae7ea3e68-seed20260923
prevalence,prevalence,,29,0.0055,,,,2000,,20260923,223ae7ea3e685c7c69fc4f541c05270507523378eb46d34ed223d11ab67c14d7,r2-223ae7ea3e68-seed20260923
prevalence,t_drift,,15,,,,,,,20260923,223ae7ea3e685c7c69fc4f541c05270507523378eb46d34ed223d11ab67c14d7,r2-223ae7ea3e68-seed20260923
typology_mix,typology_share,first_party_fraud,0,0.33333333,,,,5,,20260923,223ae7ea3e685c7c69fc4f541c05270507523378eb46d34ed223d11ab67c14d7,r2-223ae7ea3e68-seed20260923
typology_mix,typology_share,first_party_fraud,1,0.30952381,,,,4,,20260923,223ae7ea3e685c7c69fc4f541c05270507523378eb46d34ed223d11ab67c14d7,r2-223ae7ea3e68-seed20260923
typology_mix,typology_share,first_party_fraud,2,0.36,,,,5,,20260923,223ae7ea3e685c7c69fc4f541c05270507523378eb46d34ed223d11ab67c14d7,r2-223ae7ea3e68-seed20260923
typology_mix,typology_share,first_party_fraud,3,0.33898305,,,,8,,20260923,223ae7ea3e685c7c69fc4f541c05270507523378eb46d34ed223d11ab67c14d7,r2-223ae7ea3e68-seed20260923
typology_mix,typology_share,first_party_fraud,4,0.33846154,,,,11,,20260923,223ae7ea3e685c7c69fc4f541c05270507523378eb46d34ed223d11ab67c14d7,r2-223ae7ea3e68-seed20260923
typology_mix,typology_share,first_party_fraud,5,0.31428571,,,,9,,20260923,223ae7ea3e685c7c69fc4f541c05270507523378eb46d34ed223d11ab67c14d7,r2-223ae7ea3e68-seed20260923
typology_mix,typology_share,first_party_fraud,6,0.2972973,,,,8,,20260923,223ae7ea3e685c7c69fc4f541c05270507523378eb46d34ed223d11ab67c14d7,r2-223ae7ea3e68-seed20260923
typology_mix,typology_share,first_party_fraud,7,0.29113924,,,,9,,20260923,223ae7ea3e685c7c69fc4f541c05270507523378eb46d34ed223d11ab67c14d7,r2-223ae7ea3e68-seed20260923
typology_mix,typology_share,first_party_fraud,8,0.25641026,,,,6,,20260923,223ae7ea3e685c7c69fc4f541c05270507523378eb46d34ed223d11ab67c14d7,r2-223ae7ea3e68-seed20260923
typology_mix,typology_share,first_party_fraud,9,0.27777778,,,,10,,20260923,223ae7ea3e685c7c69fc4f541c05270507523378eb46d34ed223d11ab67c14d7,r2-223ae7ea3e68-seed20260923
typology_mix,typology_share,first_party_fraud,10,0.30985915,,,,8,,20260923,223ae7ea3e685c7c69fc4f541c05270507523378eb46d34ed223d11ab67c14d7,r2-223ae7ea3e68-seed20260923
typology_mix,typology_share,first_party_fraud,11,0.25641026,,,,10,,20260923,223ae7ea3e685c7c69fc4f541c05270507523378eb46d34ed223d11ab67c14d7,r2-223ae7ea3e68-seed20260923
typology_mix,typology_share,first_party_fraud,12,0.24096386,,,,7,,20260923,223ae7ea3e685c7c69fc4f541c05270507523378eb46d34ed223d11ab67c14d7,r2-223ae7ea3e68-seed20260923
typology_mix,typology_share,first_party_fraud,13,0.24390244,,,,5,,20260923,223ae7ea3e685c7c69fc4f541c05270507523378eb46d34ed223d11ab67c14d7,r2-223ae7ea3e68-seed20260923
typology_mix,typology_share,first_party_fraud,14,0.2278481,,,,8,,20260923,223ae7ea3e685c7c69fc4f541c05270507523378eb46d34ed223d11ab67c14d7,r2-223ae7ea3e68-seed20260923
typology_mix,typology_share,first_party_fraud,15,0.28395062,,,,15,,20260923,223ae7ea3e685c7c69fc4f541c05270507523378eb46d34ed223d11ab67c14d7,r2-223ae7ea3e68-seed20260923
typology_mix,typology_share,first_party_fraud,16,0.26666667,,,,14,,20260923,223ae7ea3e685c7c69fc4f541c05270507523378eb46d34ed223d11ab67c14d7,r2-223ae7ea3e68-seed20260923
typology_mix,typology_share,first_party_fraud,17,0.28947368,,,,5,,20260923,223ae7ea3e685c7c69fc4f541c05270507523378eb46d34ed223d11ab67c14d7,r2-223ae7ea3e68-seed20260923
typology_mix,typology_share,first_party_fraud,18,0.31578947,,,,7,,20260923,223ae7ea3e685c7c69fc4f541c05270507523378eb46d34ed223d11ab67c14d7,r2-223ae7ea3e68-seed20260923
typology_mix,typology_share,first_party_fraud,19,0.30666667,,,,10,,20260923,223ae7ea3e685c7c69fc4f541c05270507523378eb46d34ed223d11ab67c14d7,r2-223ae7ea3e68-seed20260923
typology_mix,typology_share,first_party_fraud,20,0.30985915,,,,4,,20260923,223ae7ea3e685c7c69fc4f541c05270507523378eb46d34ed223d11ab67c14d7,r2-223ae7ea3e68-seed20260923
typology_mix,typology_share,first_party_fraud,21,0.34375,,,,8,,20260923,223ae7ea3e685c7c69fc4f541c05270507523378eb46d34ed223d11ab67c14d7,r2-223ae7ea3e68-seed20260923
typology_mix,typology_share,first_party_fraud,22,0.33333333,,,,5,,20260923,223ae7ea3e685c7c69fc4f541c05270507523378eb46d34ed223d11ab67c14d7,r2-223ae7ea3e68-seed20260923
typology_mix,typology_share,first_party_fraud,23,0.37096774,,,,7,,20260923,223ae7ea3e685c7c69fc4f541c05270507523378eb46d34ed223d11ab67c14d7,r2-223ae7ea3e68-seed20260923
typology_mix,typology_share,first_party_fraud,24,0.32307692,,,,11,,20260923,223ae7ea3e685c7c69fc4f541c05270507523378eb46d34ed223d11ab67c14d7,r2-223ae7ea3e68-seed20260923
typology_mix,typology_share,first_party_fraud,25,0.30555556,,,,7,,20260923,223ae7ea3e685c7c69fc4f541c05270507523378eb46d34ed223d11ab67c14d7,r2-223ae7ea3e68-seed20260923
typology_mix,typology_share,first_party_fraud,26,0.3125,,,,4,,20260923,223ae7ea3e685c7c69fc4f541c05270507523378eb46d34ed223d11ab67c14d7,r2-223ae7ea3e68-seed20260923
typology_mix,typology_share,first_party_fraud,27,0.28813559,,,,6,,20260923,223ae7ea3e685c7c69fc4f541c05270507523378eb46d34ed223d11ab67c14d7,r2-223ae7ea3e68-seed20260923
typology_mix,typology_share,first_party_fraud,28,0.26923077,,,,13,,20260923,223ae7ea3e685c7c69fc4f541c05270507523378eb46d34ed223d11ab67c14d7,r2-223ae7ea3e68-seed20260923
typology_mix,typology_share,first_party_fraud,29,0.29268293,,,,11,,20260923,223ae7ea3e685c7c69fc4f541c05270507523378eb46d34ed223d11ab67c14d7,r2-223ae7ea3e68-seed20260923
typology_mix,typology_share,synthetic_identity,0,0.24242424,,,,5,,20260923,223ae7ea3e685c7c69fc4f541c05270507523378eb46d34ed223d11ab67c14d7,r2-223ae7ea3e68-seed20260923
typology_mix,typology_share,synthetic_identity,1,0.21428571,,,,4,,20260923,223ae7ea3e685c7c69fc4f541c05270507523378eb46d34ed223d11ab67c14d7,r2-223ae7ea3e68-seed20260923
typology_mix,typology_share,synthetic_identity,2,0.22,,,,5,,20260923,223ae7ea3e685c7c69fc4f541c05270507523378eb46d34ed223d11ab67c14d7,r2-223ae7ea3e68-seed20260923
typology_mix,typology_share,synthetic_identity,3,0.22033898,,,,8,,20260923,223ae7ea3e685c7c69fc4f541c05270507523378eb46d34ed223d11ab67c14d7,r2-223ae7ea3e68-seed20260923
typology_mix,typology_share,synthetic_identity,4,0.23076923,,,,11,,20260923,223ae7ea3e685c7c69fc4f541c05270507523378eb46d34ed223d11ab67c14d7,r2-223ae7ea3e68-seed20260923
typology_mix,typology_share,synthetic_identity,5,0.24285714,,,,9,,20260923,223ae7ea3e685c7c69fc4f541c05270507523378eb46d34ed223d11ab67c14d7,r2-223ae7ea3e68-seed20260923
typology_mix,typology_share,synthetic_identity,6,0.25675676,,,,8,,20260923,223ae7ea3e685c7c69fc4f541c05270507523378eb46d34ed223d11ab67c14d7,r2-223ae7ea3e68-seed20260923
typology_mix,typology_share,synthetic_identity,7,0.29113924,,,,9,,20260923,223ae7ea3e685c7c69fc4f541c05270507523378eb46d34ed223d11ab67c14d7,r2-223ae7ea3e68-seed20260923
typology_mix,typology_share,synthetic_identity,8,0.30769231,,,,6,,20260923,223ae7ea3e685c7c69fc4f541c05270507523378eb46d34ed223d11ab67c14d7,r2-223ae7ea3e68-seed20260923
typology_mix,typology_share,synthetic_identity,9,0.34722222,,,,10,,20260923,223ae7ea3e685c7c69fc4f541c05270507523378eb46d34ed223d11ab67c14d7,r2-223ae7ea3e68-seed20260923
typology_mix,typology_share,synthetic_identity,10,0.36619718,,,,8,,20260923,223ae7ea3e685c7c69fc4f541c05270507523378eb46d34ed223d11ab67c14d7,r2-223ae7ea3e68-seed20260923
typology_mix,typology_share,synthetic_identity,11,0.35897436,,,,10,,20260923,223ae7ea3e685c7c69fc4f541c05270507523378eb46d34ed223d11ab67c14d7,r2-223ae7ea3e68-seed20260923
typology_mix,typology_share,synthetic_identity,12,0.36144578,,,,7,,20260923,223ae7ea3e685c7c69fc4f541c05270507523378eb46d34ed223d11ab67c14d7,r2-223ae7ea3e68-seed20260923
typology_mix,typology_share,synthetic_identity,13,0.36585366,,,,5,,20260923,223ae7ea3e685c7c69fc4f541c05270507523378eb46d34ed223d11ab67c14d7,r2-223ae7ea3e68-seed20260923
typology_mix,typology_share,synthetic_identity,14,0.35443038,,,,8,,20260923,223ae7ea3e685c7c69fc4f541c05270507523378eb46d34ed223d11ab67c14d7,r2-223ae7ea3e68-seed20260923
typology_mix,typology_share,synthetic_identity,15,0.32098765,,,,15,,20260923,223ae7ea3e685c7c69fc4f541c05270507523378eb46d34ed223d11ab67c14d7,r2-223ae7ea3e68-seed20260923
typology_mix,typology_share,synthetic_identity,16,0.32,,,,14,,20260923,223ae7ea3e685c7c69fc4f541c05270507523378eb46d34ed223d11ab67c14d7,r2-223ae7ea3e68-seed20260923
typology_mix,typology_share,synthetic_identity,17,0.28947368,,,,5,,20260923,223ae7ea3e685c7c69fc4f541c05270507523378eb46d34ed223d11ab67c14d7,r2-223ae7ea3e68-seed20260923
typology_mix,typology_share,synthetic_identity,18,0.26315789,,,,7,,20260923,223ae7ea3e685c7c69fc4f541c05270507523378eb46d34ed223d11ab67c14d7,r2-223ae7ea3e68-seed20260923
typology_mix,typology_share,synthetic_identity,19,0.28,,,,10,,20260923,223ae7ea3e685c7c69fc4f541c05270507523378eb46d34ed223d11ab67c14d7,r2-223ae7ea3e68-seed20260923
typology_mix,typology_share,synthetic_identity,20,0.29577465,,,,4,,20260923,223ae7ea3e685c7c69fc4f541c05270507523378eb46d34ed223d11ab67c14d7,r2-223ae7ea3e68-seed20260923
typology_mix,typology_share,synthetic_identity,21,0.296875,,,,8,,20260923,223ae7ea3e685c7c69fc4f541c05270507523378eb46d34ed223d11ab67c14d7,r2-223ae7ea3e68-seed20260923
typology_mix,typology_share,synthetic_identity,22,0.28571429,,,,5,,20260923,223ae7ea3e685c7c69fc4f541c05270507523378eb46d34ed223d11ab67c14d7,r2-223ae7ea3e68-seed20260923
typology_mix,typology_share,synthetic_identity,23,0.27419355,,,,7,,20260923,223ae7ea3e685c7c69fc4f541c05270507523378eb46d34ed223d11ab67c14d7,r2-223ae7ea3e68-seed20260923
typology_mix,typology_share,synthetic_identity,24,0.30769231,,,,11,,20260923,223ae7ea3e685c7c69fc4f541c05270507523378eb46d34ed223d11ab67c14d7,r2-223ae7ea3e68-seed20260923
typology_mix,typology_share,synthetic_identity,25,0.31944444,,,,7,,20260923,223ae7ea3e685c7c69fc4f541c05270507523378eb46d34ed223d11ab67c14d7,r2-223ae7ea3e68-seed20260923
typology_mix,typology_share,synthetic_identity,26,0.328125,,,,4,,20260923,223ae7ea3e685c7c69fc4f541c05270507523378eb46d34ed223d11ab67c14d7,r2-223ae7ea3e68-seed20260923
typology_mix,typology_share,synthetic_identity,27,0.3220339,,,,6,,20260923,223ae7ea3e685c7c69fc4f541c05270507523378eb46d34ed223d11ab67c14d7,r2-223ae7ea3e68-seed20260923
typology_mix,typology_share,synthetic_identity,28,0.30769231,,,,13,,20260923,223ae7ea3e685c7c69fc4f541c05270507523378eb46d34ed223d11ab67c14d7,r2-223ae7ea3e68-seed20260923
typology_mix,typology_share,synthetic_identity,29,0.29268293,,,,11,,20260923,223ae7ea3e685c7c69fc4f541c05270507523378eb46d34ed223d11ab67c14d7,r2-223ae7ea3e68-seed20260923
typology_mix,typology_share,account_takeover,0,0.42424242,,,,5,,20260923,223ae7ea3e685c7c69fc4f541c05270507523378eb46d34ed223d11ab67c14d7,r2-223ae7ea3e68-seed20260923
typology_mix,typology_share,account_takeover,1,0.47619048,,,,4,,20260923,223ae7ea3e685c7c69fc4f541c05270507523378eb46d34ed223d11ab67c14d7,r2-223ae7ea3e68-seed20260923
typology_mix,typology_share,account_takeover,2,0.42,,,,5,,20260923,223ae7ea3e685c7c69fc4f541c05270507523378eb46d34ed223d11ab67c14d7,r2-223ae7ea3e68-seed20260923
typology_mix,typology_share,account_takeover,3,0.44067797,,,,8,,20260923,223ae7ea3e685c7c69fc4f541c05270507523378eb46d34ed223d11ab67c14d7,r2-223ae7ea3e68-seed20260923
typology_mix,typology_share,account_takeover,4,0.43076923,,,,11,,20260923,223ae7ea3e685c7c69fc4f541c05270507523378eb46d34ed223d11ab67c14d7,r2-223ae7ea3e68-seed20260923
typology_mix,typology_share,account_takeover,5,0.44285714,,,,9,,20260923,223ae7ea3e685c7c69fc4f541c05270507523378eb46d34ed223d11ab67c14d7,r2-223ae7ea3e68-seed20260923
typology_mix,typology_share,account_takeover,6,0.44594595,,,,8,,20260923,223ae7ea3e685c7c69fc4f541c05270507523378eb46d34ed223d11ab67c14d7,r2-223ae7ea3e68-seed20260923
typology_mix,typology_share,account_takeover,7,0.41772152,,,,9,,20260923,223ae7ea3e685c7c69fc4f541c05270507523378eb46d34ed223d11ab67c14d7,r2-223ae7ea3e68-seed20260923
typology_mix,typology_share,account_takeover,8,0.43589744,,,,6,,20260923,223ae7ea3e685c7c69fc4f541c05270507523378eb46d34ed223d11ab67c14d7,r2-223ae7ea3e68-seed20260923
typology_mix,typology_share,account_takeover,9,0.375,,,,10,,20260923,223ae7ea3e685c7c69fc4f541c05270507523378eb46d34ed223d11ab67c14d7,r2-223ae7ea3e68-seed20260923
typology_mix,typology_share,account_takeover,10,0.32394366,,,,8,,20260923,223ae7ea3e685c7c69fc4f541c05270507523378eb46d34ed223d11ab67c14d7,r2-223ae7ea3e68-seed20260923
typology_mix,typology_share,account_takeover,11,0.38461538,,,,10,,20260923,223ae7ea3e685c7c69fc4f541c05270507523378eb46d34ed223d11ab67c14d7,r2-223ae7ea3e68-seed20260923
typology_mix,typology_share,account_takeover,12,0.39759036,,,,7,,20260923,223ae7ea3e685c7c69fc4f541c05270507523378eb46d34ed223d11ab67c14d7,r2-223ae7ea3e68-seed20260923
typology_mix,typology_share,account_takeover,13,0.3902439,,,,5,,20260923,223ae7ea3e685c7c69fc4f541c05270507523378eb46d34ed223d11ab67c14d7,r2-223ae7ea3e68-seed20260923
typology_mix,typology_share,account_takeover,14,0.41772152,,,,8,,20260923,223ae7ea3e685c7c69fc4f541c05270507523378eb46d34ed223d11ab67c14d7,r2-223ae7ea3e68-seed20260923
typology_mix,typology_share,account_takeover,15,0.39506173,,,,15,,20260923,223ae7ea3e685c7c69fc4f541c05270507523378eb46d34ed223d11ab67c14d7,r2-223ae7ea3e68-seed20260923
typology_mix,typology_share,account_takeover,16,0.41333333,,,,14,,20260923,223ae7ea3e685c7c69fc4f541c05270507523378eb46d34ed223d11ab67c14d7,r2-223ae7ea3e68-seed20260923
typology_mix,typology_share,account_takeover,17,0.42105263,,,,5,,20260923,223ae7ea3e685c7c69fc4f541c05270507523378eb46d34ed223d11ab67c14d7,r2-223ae7ea3e68-seed20260923
typology_mix,typology_share,account_takeover,18,0.42105263,,,,7,,20260923,223ae7ea3e685c7c69fc4f541c05270507523378eb46d34ed223d11ab67c14d7,r2-223ae7ea3e68-seed20260923
typology_mix,typology_share,account_takeover,19,0.41333333,,,,10,,20260923,223ae7ea3e685c7c69fc4f541c05270507523378eb46d34ed223d11ab67c14d7,r2-223ae7ea3e68-seed20260923
typology_mix,typology_share,account_takeover,20,0.3943662,,,,4,,20260923,223ae7ea3e685c7c69fc4f541c05270507523378eb46d34ed223d11ab67c14d7,r2-223ae7ea3e68-seed20260923
typology_mix,typology_share,account_takeover,21,0.359375,,,,8,,20260923,223ae7ea3e685c7c69fc4f541c05270507523378eb46d34ed223d11ab67c14d7,r2-223ae7ea3e68-seed20260923
typology_mix,typology_share,account_takeover,22,0.38095238,,,,5,,20260923,223ae7ea3e685c7c69fc4f541c05270507523378eb46d34ed223d11ab67c14d7,r2-223ae7ea3e68-seed20260923
typology_mix,typology_share,account_takeover,23,0.35483871,,,,7,,20260923,223ae7ea3e685c7c69fc4f541c05270507523378eb46d34ed223d11ab67c14d7,r2-223ae7ea3e68-seed20260923
typology_mix,typology_share,account_takeover,24,0.36923077,,,,11,,20260923,223ae7ea3e685c7c69fc4f541c05270507523378eb46d34ed223d11ab67c14d7,r2-223ae7ea3e68-seed20260923
typology_mix,typology_share,account_takeover,25,0.375,,,,7,,20260923,223ae7ea3e685c7c69fc4f541c05270507523378eb46d34ed223d11ab67c14d7,r2-223ae7ea3e68-seed20260923
typology_mix,typology_share,account_takeover,26,0.359375,,,,4,,20260923,223ae7ea3e685c7c69fc4f541c05270507523378eb46d34ed223d11ab67c14d7,r2-223ae7ea3e68-seed20260923
typology_mix,typology_share,account_takeover,27,0.38983051,,,,6,,20260923,223ae7ea3e685c7c69fc4f541c05270507523378eb46d34ed223d11ab67c14d7,r2-223ae7ea3e68-seed20260923
typology_mix,typology_share,account_takeover,28,0.42307692,,,,13,,20260923,223ae7ea3e685c7c69fc4f541c05270507523378eb46d34ed223d11ab67c14d7,r2-223ae7ea3e68-seed20260923
typology_mix,typology_share,account_takeover,29,0.41463415,,,,11,,20260923,223ae7ea3e685c7c69fc4f541c05270507523378eb46d34ed223d11ab67c14d7,r2-223ae7ea3e68-seed20260923
feature_drift,feature_mean,first_party_fraud,0,0.14601049,,,,3,,20260923,223ae7ea3e685c7c69fc4f541c05270507523378eb46d34ed223d11ab67c14d7,r2-223ae7ea3e68-seed20260923
feature_drift,feature_mean,first_party_fraud,1,0.02686687,,,,1,,20260923,223ae7ea3e685c7c69fc4f541c05270507523378eb46d34ed223d11ab67c14d7,r2-223ae7ea3e68-seed20260923
feature_drift,feature_mean,first_party_fraud,2,-0.1244477,,,,3,,20260923,223ae7ea3e685c7c69fc4f541c05270507523378eb46d34ed223d11ab67c14d7,r2-223ae7ea3e68-seed20260923
feature_drift,feature_mean,first_party_fraud,3,-0.05061571,,,,3,,20260923,223ae7ea3e685c7c69fc4f541c05270507523378eb46d34ed223d11ab67c14d7,r2-223ae7ea3e68-seed20260923
feature_drift,feature_mean,first_party_fraud,4,0.0369132,,,,1,,20260923,223ae7ea3e685c7c69fc4f541c05270507523378eb46d34ed223d11ab67c14d7,r2-223ae7ea3e68-seed20260923
feature_drift,feature_mean,first_party_fraud,5,-0.00794814,,,,2,,20260923,223ae7ea3e685c7c69fc4f541c05270507523378eb46d34ed223d11ab67c14d7,r2-223ae7ea3e68-seed20260923
feature_drift,feature_mean,first_party_fraud,6,-0.04512263,,,,5,,20260923,223ae7ea3e685c7c69fc4f541c05270507523378eb46d34ed223d11ab67c14d7,r2-223ae7ea3e68-seed20260923
feature_drift,feature_mean,first_party_fraud,7,-0.07888871,,,,2,,20260923,223ae7ea3e685c7c69fc4f541c05270507523378eb46d34ed223d11ab67c14d7,r2-223ae7ea3e68-seed20260923
feature_drift,feature_mean,first_party_fraud,8,-0.07156683,,,,2,,20260923,223ae7ea3e685c7c69fc4f541c05270507523378eb46d34ed223d11ab67c14d7,r2-223ae7ea3e68-seed20260923
feature_drift,feature_mean,first_party_fraud,9,-0.18691382,,,,3,,20260923,223ae7ea3e685c7c69fc4f541c05270507523378eb46d34ed223d11ab67c14d7,r2-223ae7ea3e68-seed20260923
feature_drift,feature_mean,first_party_fraud,10,-0.16895961,,,,1,,20260923,223ae7ea3e685c7c69fc4f541c05270507523378eb46d34ed223d11ab67c14d7,r2-223ae7ea3e68-seed20260923
feature_drift,feature_mean,first_party_fraud,11,-0.19392582,,,,4,,20260923,223ae7ea3e685c7c69fc4f541c05270507523378eb46d34ed223d11ab67c14d7,r2-223ae7ea3e68-seed20260923
feature_drift,feature_mean,first_party_fraud,12,-0.35061188,,,,0,,20260923,223ae7ea3e685c7c69fc4f541c05270507523378eb46d34ed223d11ab67c14d7,r2-223ae7ea3e68-seed20260923
feature_drift,feature_mean,first_party_fraud,13,-0.43777934,,,,1,,20260923,223ae7ea3e685c7c69fc4f541c05270507523378eb46d34ed223d11ab67c14d7,r2-223ae7ea3e68-seed20260923
feature_drift,feature_mean,first_party_fraud,14,-0.50908141,,,,4,,20260923,223ae7ea3e685c7c69fc4f541c05270507523378eb46d34ed223d11ab67c14d7,r2-223ae7ea3e68-seed20260923
feature_drift,feature_mean,first_party_fraud,15,-0.47301574,,,,3,,20260923,223ae7ea3e685c7c69fc4f541c05270507523378eb46d34ed223d11ab67c14d7,r2-223ae7ea3e68-seed20260923
feature_drift,feature_mean,first_party_fraud,16,-0.52422149,,,,2,,20260923,223ae7ea3e685c7c69fc4f541c05270507523378eb46d34ed223d11ab67c14d7,r2-223ae7ea3e68-seed20260923
feature_drift,feature_mean,first_party_fraud,17,-0.54781526,,,,2,,20260923,223ae7ea3e685c7c69fc4f541c05270507523378eb46d34ed223d11ab67c14d7,r2-223ae7ea3e68-seed20260923
feature_drift,feature_mean,first_party_fraud,18,-0.61537072,,,,1,,20260923,223ae7ea3e685c7c69fc4f541c05270507523378eb46d34ed223d11ab67c14d7,r2-223ae7ea3e68-seed20260923
feature_drift,feature_mean,first_party_fraud,19,-0.59387583,,,,6,,20260923,223ae7ea3e685c7c69fc4f541c05270507523378eb46d34ed223d11ab67c14d7,r2-223ae7ea3e68-seed20260923
feature_drift,feature_mean,first_party_fraud,20,-0.51903149,,,,1,,20260923,223ae7ea3e685c7c69fc4f541c05270507523378eb46d34ed223d11ab67c14d7,r2-223ae7ea3e68-seed20260923
feature_drift,feature_mean,first_party_fraud,21,-0.40645929,,,,2,,20260923,223ae7ea3e685c7c69fc4f541c05270507523378eb46d34ed223d11ab67c14d7,r2-223ae7ea3e68-seed20260923
feature_drift,feature_mean,first_party_fraud,22,-0.50599247,,,,3,,20260923,223ae7ea3e685c7c69fc4f541c05270507523378eb46d34ed223d11ab67c14d7,r2-223ae7ea3e68-seed20260923
feature_drift,feature_mean,first_party_fraud,23,-0.42763425,,,,3,,20260923,223ae7ea3e685c7c69fc4f541c05270507523378eb46d34ed223d11ab67c14d7,r2-223ae7ea3e68-seed20260923
feature_drift,feature_mean,first_party_fraud,24,-0.43017716,,,,2,,20260923,223ae7ea3e685c7c69fc4f541c05270507523378eb46d34ed223d11ab67c14d7,r2-223ae7ea3e68-seed20260923
feature_drift,feature_mean,first_party_fraud,25,-0.21337202,,,,2,,20260923,223ae7ea3e685c7c69fc4f541c05270507523378eb46d34ed223d11ab67c14d7,r2-223ae7ea3e68-seed20260923
feature_drift,feature_mean,first_party_fraud,26,-0.14797284,,,,1,,20260923,223ae7ea3e685c7c69fc4f541c05270507523378eb46d34ed223d11ab67c14d7,r2-223ae7ea3e68-seed20260923
feature_drift,feature_mean,first_party_fraud,27,-0.10514455,,,,3,,20260923,223ae7ea3e685c7c69fc4f541c05270507523378eb46d34ed223d11ab67c14d7,r2-223ae7ea3e68-seed20260923
feature_drift,feature_mean,first_party_fraud,28,-0.0840414,,,,4,,20260923,223ae7ea3e685c7c69fc4f541c05270507523378eb46d34ed223d11ab67c14d7,r2-223ae7ea3e68-seed20260923
feature_drift,feature_mean,first_party_fraud,29,0.01084348,,,,2,,20260923,223ae7ea3e685c7c69fc4f541c05270507523378eb46d34ed223d11ab67c14d7,r2-223ae7ea3e68-seed20260923
feature_drift,feature_mean,synthetic_identity,0,-0.88017292,,,,1,,20260923,223ae7ea3e685c7c69fc4f541c05270507523378eb46d34ed223d11ab67c14d7,r2-223ae7ea3e68-seed20260923
feature_drift,feature_mean,synthetic_identity,1,-0.80582076,,,,1,,20260923,223ae7ea3e685c7c69fc4f541c05270507523378eb46d34ed223d11ab67c14d7,r2-223ae7ea3e68-seed20260923
feature_drift,feature_mean,synthetic_identity,2,-0.90693809,,,,0,,20260923,223ae7ea3e685c7c69fc4f541c05270507523378eb46d34ed223d11ab67c14d7,r2-223ae7ea3e68-seed20260923
feature_drift,feature_mean,synthetic_identity,3,-0.81647667,,,,3,,20260923,223ae7ea3e685c7c69fc4f541c05270507523378eb46d34ed223d11ab67c14d7,r2-223ae7ea3e68-seed20260923
feature_drift,feature_mean,synthetic_identity,4,-0.93373223,,,,3,,20260923,223ae7ea3e685c7c69fc4f541c05270507523378eb46d34ed223d11ab67c14d7,r2-223ae7ea3e68-seed20260923
feature_drift,feature_mean,synthetic_identity,5,-0.96871102,,,,1,,20260923,223ae7ea3e685c7c69fc4f541c05270507523378eb46d34ed223d11ab67c14d7,r2-223ae7ea3e68-seed20260923
feature_drift,feature_mean,synthetic_identity,6,-0.48010491,,,,2,,20260923,223ae7ea3e685c7c69fc4f541c05270507523378eb46d34ed223d11ab67c14d7,r2-223ae7ea3e68-seed20260923
feature_drift,feature_mean,synthetic_identity,7,-0.33445013,,,,2,,20260923,223ae7ea3e685c7c69fc4f541c05270507523378eb46d34ed223d11ab67c14d7,r2-223ae7ea3e68-seed20260923
feature_drift,feature_mean,synthetic_identity,8,-0.38641093,,,,2,,20260923,223ae7ea3e685c7c69fc4f541c05270507523378eb46d34ed223d11ab67c14d7,r2-223ae7ea3e68-seed20260923
feature_drift,feature_mean,synthetic_identity,9,-0.35434338,,,,3,,20260923,223ae7ea3e685c7c69fc4f541c05270507523378eb46d34ed223d11ab67c14d7,r2-223ae7ea3e68-seed20260923
feature_drift,feature_mean,synthetic_identity,10,-0.49018238,,,,3,,20260923,223ae7ea3e685c7c69fc4f541c05270507523378eb46d34ed223d11ab67c14d7,r2-223ae7ea3e68-seed20260923
feature_drift,feature_mean,synthetic_identity,11,-0.3230755,,,,4,,20260923,223ae7ea3e685c7c69fc4f541c05270507523378eb46d34ed223d11ab67c14d7,r2-223ae7ea3e68-seed20260923
feature_drift,feature_mean,synthetic_identity,12,-0.26094413,,,,4,,20260923,223ae7ea3e685c7c69fc4f541c05270507523378eb46d34ed223d11ab67c14d7,r2-223ae7ea3e68-seed20260923
feature_drift,feature_mean,synthetic_identity,13,0.09141401,,,,4,,20260923,223ae7ea3e685c7c69fc4f541c05270507523378eb46d34ed223d11ab67c14d7,r2-223ae7ea3e68-seed20260923
feature_drift,feature_mean,synthetic_identity,14,0.01293949,,,,2,,20260923,223ae7ea3e685c7c69fc4f541c05270507523378eb46d34ed223d11ab67c14d7,r2-223ae7ea3e68-seed20260923
feature_drift,feature_mean,synthetic_identity,15,0.09299915,,,,4,,20260923,223ae7ea3e685c7c69fc4f541c05270507523378eb46d34ed223d11ab67c14d7,r2-223ae7ea3e68-seed20260923
feature_drift,feature_mean,synthetic_identity,16,-0.0733008,,,,4,,20260923,223ae7ea3e685c7c69fc4f541c05270507523378eb46d34ed223d11ab67c14d7,r2-223ae7ea3e68-seed20260923
feature_drift,feature_mean,synthetic_identity,17,-0.06726435,,,,2,,20260923,223ae7ea3e685c7c69fc4f541c05270507523378eb46d34ed223d11ab67c14d7,r2-223ae7ea3e68-seed20260923
feature_drift,feature_mean,synthetic_identity,18,-0.16552865,,,,1,,20260923,223ae7ea3e685c7c69fc4f541c05270507523378eb46d34ed223d11ab67c14d7,r2-223ae7ea3e68-seed20260923
feature_drift,feature_mean,synthetic_identity,19,-0.00854026,,,,1,,20260923,223ae7ea3e685c7c69fc4f541c05270507523378eb46d34ed223d11ab67c14d7,r2-223ae7ea3e68-seed20260923
feature_drift,feature_mean,synthetic_identity,20,0.04537743,,,,2,,20260923,223ae7ea3e685c7c69fc4f541c05270507523378eb46d34ed223d11ab67c14d7,r2-223ae7ea3e68-seed20260923
feature_drift,feature_mean,synthetic_identity,21,-0.08701373,,,,2,,20260923,223ae7ea3e685c7c69fc4f541c05270507523378eb46d34ed223d11ab67c14d7,r2-223ae7ea3e68-seed20260923
feature_drift,feature_mean,synthetic_identity,22,-0.25929205,,,,2,,20260923,223ae7ea3e685c7c69fc4f541c05270507523378eb46d34ed223d11ab67c14d7,r2-223ae7ea3e68-seed20260923
feature_drift,feature_mean,synthetic_identity,23,-0.2035684,,,,3,,20260923,223ae7ea3e685c7c69fc4f541c05270507523378eb46d34ed223d11ab67c14d7,r2-223ae7ea3e68-seed20260923
feature_drift,feature_mean,synthetic_identity,24,-0.44822586,,,,4,,20260923,223ae7ea3e685c7c69fc4f541c05270507523378eb46d34ed223d11ab67c14d7,r2-223ae7ea3e68-seed20260923
feature_drift,feature_mean,synthetic_identity,25,-0.3462131,,,,2,,20260923,223ae7ea3e685c7c69fc4f541c05270507523378eb46d34ed223d11ab67c14d7,r2-223ae7ea3e68-seed20260923
feature_drift,feature_mean,synthetic_identity,26,-0.38686728,,,,1,,20260923,223ae7ea3e685c7c69fc4f541c05270507523378eb46d34ed223d11ab67c14d7,r2-223ae7ea3e68-seed20260923
feature_drift,feature_mean,synthetic_identity,27,-0.21320915,,,,0,,20260923,223ae7ea3e685c7c69fc4f541c05270507523378eb46d34ed223d11ab67c14d7,r2-223ae7ea3e68-seed20260923
feature_drift,feature_mean,synthetic_identity,28,-0.19223746,,,,4,,20260923,223ae7ea3e685c7c69fc4f541c05270507523378eb46d34ed223d11ab67c14d7,r2-223ae7ea3e68-seed20260923
feature_drift,feature_mean,synthetic_identity,29,-0.38447093,,,,5,,20260923,223ae7ea3e685c7c69fc4f541c05270507523378eb46d34ed223d11ab67c14d7,r2-223ae7ea3e68-seed20260923
feature_drift,feature_mean,account_takeover,0,-0.11604801,,,,1,,20260923,223ae7ea3e685c7c69fc4f541c05270507523378eb46d34ed223d11ab67c14d7,r2-223ae7ea3e68-seed20260923
feature_drift,feature_mean,account_takeover,1,-0.13796779,,,,2,,20260923,223ae7ea3e685c7c69fc4f541c05270507523378eb46d34ed223d11ab67c14d7,r2-223ae7ea3e68-seed20260923
feature_drift,feature_mean,account_takeover,2,-0.30712632,,,,2,,20260923,223ae7ea3e685c7c69fc4f541c05270507523378eb46d34ed223d11ab67c14d7,r2-223ae7ea3e68-seed20260923
feature_drift,feature_mean,account_takeover,3,-0.24796795,,,,2,,20260923,223ae7ea3e685c7c69fc4f541c05270507523378eb46d34ed223d11ab67c14d7,r2-223ae7ea3e68-seed20260923
feature_drift,feature_mean,account_takeover,4,-0.10942459,,,,7,,20260923,223ae7ea3e685c7c69fc4f541c05270507523378eb46d34ed223d11ab67c14d7,r2-223ae7ea3e68-seed20260923
feature_drift,feature_mean,account_takeover,5,0.05253684,,,,6,,20260923,223ae7ea3e685c7c69fc4f541c05270507523378eb46d34ed223d11ab67c14d7,r2-223ae7ea3e68-seed20260923
feature_drift,feature_mean,account_takeover,6,0.0911923,,,,1,,20260923,223ae7ea3e685c7c69fc4f541c05270507523378eb46d34ed223d11ab67c14d7,r2-223ae7ea3e68-seed20260923
feature_drift,feature_mean,account_takeover,7,0.0954066,,,,5,,20260923,223ae7ea3e685c7c69fc4f541c05270507523378eb46d34ed223d11ab67c14d7,r2-223ae7ea3e68-seed20260923
feature_drift,feature_mean,account_takeover,8,-0.04777597,,,,2,,20260923,223ae7ea3e685c7c69fc4f541c05270507523378eb46d34ed223d11ab67c14d7,r2-223ae7ea3e68-seed20260923
feature_drift,feature_mean,account_takeover,9,-0.03384345,,,,4,,20260923,223ae7ea3e685c7c69fc4f541c05270507523378eb46d34ed223d11ab67c14d7,r2-223ae7ea3e68-seed20260923
feature_drift,feature_mean,account_takeover,10,0.06000168,,,,4,,20260923,223ae7ea3e685c7c69fc4f541c05270507523378eb46d34ed223d11ab67c14d7,r2-223ae7ea3e68-seed20260923
feature_drift,feature_mean,account_takeover,11,0.3763102,,,,2,,20260923,223ae7ea3e685c7c69fc4f541c05270507523378eb46d34ed223d11ab67c14d7,r2-223ae7ea3e68-seed20260923
feature_drift,feature_mean,account_takeover,12,0.56280388,,,,3,,20260923,223ae7ea3e685c7c69fc4f541c05270507523378eb46d34ed223d11ab67c14d7,r2-223ae7ea3e68-seed20260923
feature_drift,feature_mean,account_takeover,13,0.90548298,,,,0,,20260923,223ae7ea3e685c7c69fc4f541c05270507523378eb46d34ed223d11ab67c14d7,r2-223ae7ea3e68-seed20260923
feature_drift,feature_mean,account_takeover,14,0.97130345,,,,2,,20260923,223ae7ea3e685c7c69fc4f541c05270507523378eb46d34ed223d11ab67c14d7,r2-223ae7ea3e68-seed20260923
feature_drift,feature_mean,account_takeover,15,1.22039693,,,,8,,20260923,223ae7ea3e685c7c69fc4f541c05270507523378eb46d34ed223d11ab67c14d7,r2-223ae7ea3e68-seed20260923
feature_drift,feature_mean,account_takeover,16,1.36032329,,,,8,,20260923,223ae7ea3e685c7c69fc4f541c05270507523378eb46d34ed223d11ab67c14d7,r2-223ae7ea3e68-seed20260923
feature_drift,feature_mean,account_takeover,17,1.57916282,,,,1,,20260923,223ae7ea3e685c7c69fc4f541c05270507523378eb46d34ed223d11ab67c14d7,r2-223ae7ea3e68-seed20260923
feature_drift,feature_mean,account_takeover,18,1.57916282,,,,5,,20260923,223ae7ea3e685c7c69fc4f541c05270507523378eb46d34ed223d11ab67c14d7,r2-223ae7ea3e68-seed20260923
feature_drift,feature_mean,account_takeover,19,1.64049434,,,,3,,20260923,223ae7ea3e685c7c69fc4f541c05270507523378eb46d34ed223d11ab67c14d7,r2-223ae7ea3e68-seed20260923
feature_drift,feature_mean,account_takeover,20,1.68084595,,,,1,,20260923,223ae7ea3e685c7c69fc4f541c05270507523378eb46d34ed223d11ab67c14d7,r2-223ae7ea3e68-seed20260923
feature_drift,feature_mean,account_takeover,21,1.73523693,,,,4,,20260923,223ae7ea3e685c7c69fc4f541c05270507523378eb46d34ed223d11ab67c14d7,r2-223ae7ea3e68-seed20260923
feature_drift,feature_mean,account_takeover,22,1.44785863,,,,0,,20260923,223ae7ea3e685c7c69fc4f541c05270507523378eb46d34ed223d11ab67c14d7,r2-223ae7ea3e68-seed20260923
feature_drift,feature_mean,account_takeover,23,1.42764126,,,,1,,20260923,223ae7ea3e685c7c69fc4f541c05270507523378eb46d34ed223d11ab67c14d7,r2-223ae7ea3e68-seed20260923
feature_drift,feature_mean,account_takeover,24,1.36104846,,,,5,,20260923,223ae7ea3e685c7c69fc4f541c05270507523378eb46d34ed223d11ab67c14d7,r2-223ae7ea3e68-seed20260923
feature_drift,feature_mean,account_takeover,25,1.44947101,,,,3,,20260923,223ae7ea3e685c7c69fc4f541c05270507523378eb46d34ed223d11ab67c14d7,r2-223ae7ea3e68-seed20260923
feature_drift,feature_mean,account_takeover,26,1.48622298,,,,2,,20260923,223ae7ea3e685c7c69fc4f541c05270507523378eb46d34ed223d11ab67c14d7,r2-223ae7ea3e68-seed20260923
feature_drift,feature_mean,account_takeover,27,1.48622298,,,,3,,20260923,223ae7ea3e685c7c69fc4f541c05270507523378eb46d34ed223d11ab67c14d7,r2-223ae7ea3e68-seed20260923
feature_drift,feature_mean,account_takeover,28,1.56828572,,,,5,,20260923,223ae7ea3e685c7c69fc4f541c05270507523378eb46d34ed223d11ab67c14d7,r2-223ae7ea3e68-seed20260923
feature_drift,feature_mean,account_takeover,29,1.57570215,,,,4,,20260923,223ae7ea3e685c7c69fc4f541c05270507523378eb46d34ed223d11ab67c14d7,r2-223ae7ea3e68-seed20260923
maturation,maturation,first_party_fraud,0,0.0,0.0,0.05065294,,72,,20260923,223ae7ea3e685c7c69fc4f541c05270507523378eb46d34ed223d11ab67c14d7,r2-223ae7ea3e68-seed20260923
maturation,maturation,first_party_fraud,2,0.18055556,0.10866714,0.28480557,,72,,20260923,223ae7ea3e685c7c69fc4f541c05270507523378eb46d34ed223d11ab67c14d7,r2-223ae7ea3e68-seed20260923
maturation,maturation,first_party_fraud,4,0.25,0.16438921,0.36093726,,72,,20260923,223ae7ea3e685c7c69fc4f541c05270507523378eb46d34ed223d11ab67c14d7,r2-223ae7ea3e68-seed20260923
maturation,maturation,first_party_fraud,6,0.25,0.16438921,0.36093726,,72,,20260923,223ae7ea3e685c7c69fc4f541c05270507523378eb46d34ed223d11ab67c14d7,r2-223ae7ea3e68-seed20260923
maturation,maturation,first_party_fraud,8,0.25,0.16438921,0.36093726,,72,,20260923,223ae7ea3e685c7c69fc4f541c05270507523378eb46d34ed223d11ab67c14d7,r2-223ae7ea3e68-seed20260923
maturation,maturation,first_party_fraud,10,0.54166667,0.42739664,0.65171561,,72,,20260923,223ae7ea3e685c7c69fc4f541c05270507523378eb46d34ed223d11ab67c14d7,r2-223ae7ea3e68-seed20260923
maturation,maturation,first_party_fraud,12,0.54166667,0.42739664,0.65171561,,72,,20260923,223ae7ea3e685c7c69fc4f541c05270507523378eb46d34ed223d11ab67c14d7,r2-223ae7ea3e68-seed20260923
maturation,maturation,first_party_fraud,14,0.54166667,0.42739664,0.65171561,,72,,20260923,223ae7ea3e685c7c69fc4f541c05270507523378eb46d34ed223d11ab67c14d7,r2-223ae7ea3e68-seed20260923
maturation,maturation,first_party_fraud,16,0.54166667,0.42739664,0.65171561,,72,,20260923,223ae7ea3e685c7c69fc4f541c05270507523378eb46d34ed223d11ab67c14d7,r2-223ae7ea3e68-seed20260923
maturation,maturation,first_party_fraud,18,0.54166667,0.42739664,0.65171561,,72,,20260923,223ae7ea3e685c7c69fc4f541c05270507523378eb46d34ed223d11ab67c14d7,r2-223ae7ea3e68-seed20260923
maturation,maturation,first_party_fraud,20,0.54166667,0.42739664,0.65171561,,72,,20260923,223ae7ea3e685c7c69fc4f541c05270507523378eb46d34ed223d11ab67c14d7,r2-223ae7ea3e68-seed20260923
maturation,maturation,first_party_fraud,22,0.75,0.63906274,0.83561079,,72,,20260923,223ae7ea3e685c7c69fc4f541c05270507523378eb46d34ed223d11ab67c14d7,r2-223ae7ea3e68-seed20260923
maturation,maturation,first_party_fraud,24,0.75,0.63906274,0.83561079,,72,,20260923,223ae7ea3e685c7c69fc4f541c05270507523378eb46d34ed223d11ab67c14d7,r2-223ae7ea3e68-seed20260923
maturation,maturation,first_party_fraud,26,0.75,0.63906274,0.83561079,,72,,20260923,223ae7ea3e685c7c69fc4f541c05270507523378eb46d34ed223d11ab67c14d7,r2-223ae7ea3e68-seed20260923
maturation,maturation,first_party_fraud,28,0.75,0.63906274,0.83561079,,72,,20260923,223ae7ea3e685c7c69fc4f541c05270507523378eb46d34ed223d11ab67c14d7,r2-223ae7ea3e68-seed20260923
maturation,maturation,first_party_fraud,30,0.75,0.63906274,0.83561079,,72,,20260923,223ae7ea3e685c7c69fc4f541c05270507523378eb46d34ed223d11ab67c14d7,r2-223ae7ea3e68-seed20260923
maturation,maturation,first_party_fraud,32,0.75,0.63906274,0.83561079,,72,,20260923,223ae7ea3e685c7c69fc4f541c05270507523378eb46d34ed223d11ab67c14d7,r2-223ae7ea3e68-seed20260923
maturation,maturation,first_party_fraud,34,0.75,0.63906274,0.83561079,,72,,20260923,223ae7ea3e685c7c69fc4f541c05270507523378eb46d34ed223d11ab67c14d7,r2-223ae7ea3e68-seed20260923
maturation,maturation,first_party_fraud,36,0.75,0.63906274,0.83561079,,72,,20260923,223ae7ea3e685c7c69fc4f541c05270507523378eb46d34ed223d11ab67c14d7,r2-223ae7ea3e68-seed20260923
maturation,maturation,first_party_fraud,38,0.75,0.63906274,0.83561079,,72,,20260923,223ae7ea3e685c7c69fc4f541c05270507523378eb46d34ed223d11ab67c14d7,r2-223ae7ea3e68-seed20260923
maturation,maturation,first_party_fraud,40,0.75,0.63906274,0.83561079,,72,,20260923,223ae7ea3e685c7c69fc4f541c05270507523378eb46d34ed223d11ab67c14d7,r2-223ae7ea3e68-seed20260923
maturation,maturation,first_party_fraud,42,0.75,0.63906274,0.83561079,,72,,20260923,223ae7ea3e685c7c69fc4f541c05270507523378eb46d34ed223d11ab67c14d7,r2-223ae7ea3e68-seed20260923
maturation,maturation,first_party_fraud,44,0.75,0.63906274,0.83561079,,72,,20260923,223ae7ea3e685c7c69fc4f541c05270507523378eb46d34ed223d11ab67c14d7,r2-223ae7ea3e68-seed20260923
maturation,maturation,first_party_fraud,46,0.88888889,0.79576856,0.94261249,,72,,20260923,223ae7ea3e685c7c69fc4f541c05270507523378eb46d34ed223d11ab67c14d7,r2-223ae7ea3e68-seed20260923
maturation,maturation,first_party_fraud,48,0.88888889,0.79576856,0.94261249,,72,,20260923,223ae7ea3e685c7c69fc4f541c05270507523378eb46d34ed223d11ab67c14d7,r2-223ae7ea3e68-seed20260923
maturation,maturation,first_party_fraud,50,0.88888889,0.79576856,0.94261249,,72,,20260923,223ae7ea3e685c7c69fc4f541c05270507523378eb46d34ed223d11ab67c14d7,r2-223ae7ea3e68-seed20260923
maturation,maturation,first_party_fraud,52,0.88888889,0.79576856,0.94261249,,72,,20260923,223ae7ea3e685c7c69fc4f541c05270507523378eb46d34ed223d11ab67c14d7,r2-223ae7ea3e68-seed20260923
maturation,maturation,first_party_fraud,54,0.88888889,0.79576856,0.94261249,,72,,20260923,223ae7ea3e685c7c69fc4f541c05270507523378eb46d34ed223d11ab67c14d7,r2-223ae7ea3e68-seed20260923
maturation,maturation,first_party_fraud,56,0.88888889,0.79576856,0.94261249,,72,,20260923,223ae7ea3e685c7c69fc4f541c05270507523378eb46d34ed223d11ab67c14d7,r2-223ae7ea3e68-seed20260923
maturation,maturation,first_party_fraud,58,0.88888889,0.79576856,0.94261249,,72,,20260923,223ae7ea3e685c7c69fc4f541c05270507523378eb46d34ed223d11ab67c14d7,r2-223ae7ea3e68-seed20260923
maturation,maturation,first_party_fraud,60,0.88888889,0.79576856,0.94261249,,72,,20260923,223ae7ea3e685c7c69fc4f541c05270507523378eb46d34ed223d11ab67c14d7,r2-223ae7ea3e68-seed20260923
maturation,maturation,first_party_fraud,62,0.88888889,0.79576856,0.94261249,,72,,20260923,223ae7ea3e685c7c69fc4f541c05270507523378eb46d34ed223d11ab67c14d7,r2-223ae7ea3e68-seed20260923
maturation,maturation,first_party_fraud,64,0.88888889,0.79576856,0.94261249,,72,,20260923,223ae7ea3e685c7c69fc4f541c05270507523378eb46d34ed223d11ab67c14d7,r2-223ae7ea3e68-seed20260923
maturation,maturation,first_party_fraud,66,0.88888889,0.79576856,0.94261249,,72,,20260923,223ae7ea3e685c7c69fc4f541c05270507523378eb46d34ed223d11ab67c14d7,r2-223ae7ea3e68-seed20260923
maturation,maturation,first_party_fraud,68,0.88888889,0.79576856,0.94261249,,72,,20260923,223ae7ea3e685c7c69fc4f541c05270507523378eb46d34ed223d11ab67c14d7,r2-223ae7ea3e68-seed20260923
maturation,maturation,first_party_fraud,70,0.88888889,0.79576856,0.94261249,,72,,20260923,223ae7ea3e685c7c69fc4f541c05270507523378eb46d34ed223d11ab67c14d7,r2-223ae7ea3e68-seed20260923
maturation,maturation,first_party_fraud,72,0.88888889,0.79576856,0.94261249,,72,,20260923,223ae7ea3e685c7c69fc4f541c05270507523378eb46d34ed223d11ab67c14d7,r2-223ae7ea3e68-seed20260923
maturation,maturation,first_party_fraud,74,0.88888889,0.79576856,0.94261249,,72,,20260923,223ae7ea3e685c7c69fc4f541c05270507523378eb46d34ed223d11ab67c14d7,r2-223ae7ea3e68-seed20260923
maturation,maturation,first_party_fraud,76,0.88888889,0.79576856,0.94261249,,72,,20260923,223ae7ea3e685c7c69fc4f541c05270507523378eb46d34ed223d11ab67c14d7,r2-223ae7ea3e68-seed20260923
maturation,maturation,first_party_fraud,78,0.88888889,0.79576856,0.94261249,,72,,20260923,223ae7ea3e685c7c69fc4f541c05270507523378eb46d34ed223d11ab67c14d7,r2-223ae7ea3e68-seed20260923
maturation,maturation,first_party_fraud,80,0.88888889,0.79576856,0.94261249,,72,,20260923,223ae7ea3e685c7c69fc4f541c05270507523378eb46d34ed223d11ab67c14d7,r2-223ae7ea3e68-seed20260923
maturation,maturation,first_party_fraud,82,0.88888889,0.79576856,0.94261249,,72,,20260923,223ae7ea3e685c7c69fc4f541c05270507523378eb46d34ed223d11ab67c14d7,r2-223ae7ea3e68-seed20260923
maturation,maturation,first_party_fraud,84,0.88888889,0.79576856,0.94261249,,72,,20260923,223ae7ea3e685c7c69fc4f541c05270507523378eb46d34ed223d11ab67c14d7,r2-223ae7ea3e68-seed20260923
maturation,maturation,first_party_fraud,86,0.88888889,0.79576856,0.94261249,,72,,20260923,223ae7ea3e685c7c69fc4f541c05270507523378eb46d34ed223d11ab67c14d7,r2-223ae7ea3e68-seed20260923
maturation,maturation,first_party_fraud,88,0.88888889,0.79576856,0.94261249,,72,,20260923,223ae7ea3e685c7c69fc4f541c05270507523378eb46d34ed223d11ab67c14d7,r2-223ae7ea3e68-seed20260923
maturation,maturation,first_party_fraud,90,0.97222222,0.90425642,0.99234914,,72,,20260923,223ae7ea3e685c7c69fc4f541c05270507523378eb46d34ed223d11ab67c14d7,r2-223ae7ea3e68-seed20260923
maturation,maturation,synthetic_identity,0,0.0,0.0,0.05065294,,72,,20260923,223ae7ea3e685c7c69fc4f541c05270507523378eb46d34ed223d11ab67c14d7,r2-223ae7ea3e68-seed20260923
maturation,maturation,synthetic_identity,2,0.06944444,0.03002494,0.15248176,,72,,20260923,223ae7ea3e685c7c69fc4f541c05270507523378eb46d34ed223d11ab67c14d7,r2-223ae7ea3e68-seed20260923
maturation,maturation,synthetic_identity,4,0.06944444,0.03002494,0.15248176,,72,,20260923,223ae7ea3e685c7c69fc4f541c05270507523378eb46d34ed223d11ab67c14d7,r2-223ae7ea3e68-seed20260923
maturation,maturation,synthetic_identity,6,0.06944444,0.03002494,0.15248176,,72,,20260923,223ae7ea3e685c7c69fc4f541c05270507523378eb46d34ed223d11ab67c14d7,r2-223ae7ea3e68-seed20260923
maturation,maturation,synthetic_identity,8,0.16666667,0.09799275,0.26910921,,72,,20260923,223ae7ea3e685c7c69fc4f541c05270507523378eb46d34ed223d11ab67c14d7,r2-223ae7ea3e68-seed20260923
maturation,maturation,synthetic_identity,10,0.16666667,0.09799275,0.26910921,,72,,20260923,223ae7ea3e685c7c69fc4f541c05270507523378eb46d34ed223d11ab67c14d7,r2-223ae7ea3e68-seed20260923
maturation,maturation,synthetic_identity,12,0.16666667,0.09799275,0.26910921,,72,,20260923,223ae7ea3e685c7c69fc4f541c05270507523378eb46d34ed223d11ab67c14d7,r2-223ae7ea3e68-seed20260923
maturation,maturation,synthetic_identity,14,0.16666667,0.09799275,0.26910921,,72,,20260923,223ae7ea3e685c7c69fc4f541c05270507523378eb46d34ed223d11ab67c14d7,r2-223ae7ea3e68-seed20260923
maturation,maturation,synthetic_identity,16,0.16666667,0.09799275,0.26910921,,72,,20260923,223ae7ea3e685c7c69fc4f541c05270507523378eb46d34ed223d11ab67c14d7,r2-223ae7ea3e68-seed20260923
maturation,maturation,synthetic_identity,18,0.375,0.27219009,0.49047314,,72,,20260923,223ae7ea3e685c7c69fc4f541c05270507523378eb46d34ed223d11ab67c14d7,r2-223ae7ea3e68-seed20260923
maturation,maturation,synthetic_identity,20,0.375,0.27219009,0.49047314,,72,,20260923,223ae7ea3e685c7c69fc4f541c05270507523378eb46d34ed223d11ab67c14d7,r2-223ae7ea3e68-seed20260923
maturation,maturation,synthetic_identity,22,0.375,0.27219009,0.49047314,,72,,20260923,223ae7ea3e685c7c69fc4f541c05270507523378eb46d34ed223d11ab67c14d7,r2-223ae7ea3e68-seed20260923
maturation,maturation,synthetic_identity,24,0.375,0.27219009,0.49047314,,72,,20260923,223ae7ea3e685c7c69fc4f541c05270507523378eb46d34ed223d11ab67c14d7,r2-223ae7ea3e68-seed20260923
maturation,maturation,synthetic_identity,26,0.375,0.27219009,0.49047314,,72,,20260923,223ae7ea3e685c7c69fc4f541c05270507523378eb46d34ed223d11ab67c14d7,r2-223ae7ea3e68-seed20260923
maturation,maturation,synthetic_identity,28,0.375,0.27219009,0.49047314,,72,,20260923,223ae7ea3e685c7c69fc4f541c05270507523378eb46d34ed223d11ab67c14d7,r2-223ae7ea3e68-seed20260923
maturation,maturation,synthetic_identity,30,0.375,0.27219009,0.49047314,,72,,20260923,223ae7ea3e685c7c69fc4f541c05270507523378eb46d34ed223d11ab67c14d7,r2-223ae7ea3e68-seed20260923
maturation,maturation,synthetic_identity,32,0.375,0.27219009,0.49047314,,72,,20260923,223ae7ea3e685c7c69fc4f541c05270507523378eb46d34ed223d11ab67c14d7,r2-223ae7ea3e68-seed20260923
maturation,maturation,synthetic_identity,34,0.375,0.27219009,0.49047314,,72,,20260923,223ae7ea3e685c7c69fc4f541c05270507523378eb46d34ed223d11ab67c14d7,r2-223ae7ea3e68-seed20260923
maturation,maturation,synthetic_identity,36,0.375,0.27219009,0.49047314,,72,,20260923,223ae7ea3e685c7c69fc4f541c05270507523378eb46d34ed223d11ab67c14d7,r2-223ae7ea3e68-seed20260923
maturation,maturation,synthetic_identity,38,0.375,0.27219009,0.49047314,,72,,20260923,223ae7ea3e685c7c69fc4f541c05270507523378eb46d34ed223d11ab67c14d7,r2-223ae7ea3e68-seed20260923
maturation,maturation,synthetic_identity,40,0.55555556,0.44087186,0.66461115,,72,,20260923,223ae7ea3e685c7c69fc4f541c05270507523378eb46d34ed223d11ab67c14d7,r2-223ae7ea3e68-seed20260923
maturation,maturation,synthetic_identity,42,0.55555556,0.44087186,0.66461115,,72,,20260923,223ae7ea3e685c7c69fc4f541c05270507523378eb46d34ed223d11ab67c14d7,r2-223ae7ea3e68-seed20260923
maturation,maturation,synthetic_identity,44,0.55555556,0.44087186,0.66461115,,72,,20260923,223ae7ea3e685c7c69fc4f541c05270507523378eb46d34ed223d11ab67c14d7,r2-223ae7ea3e68-seed20260923
maturation,maturation,synthetic_identity,46,0.55555556,0.44087186,0.66461115,,72,,20260923,223ae7ea3e685c7c69fc4f541c05270507523378eb46d34ed223d11ab67c14d7,r2-223ae7ea3e68-seed20260923
maturation,maturation,synthetic_identity,48,0.55555556,0.44087186,0.66461115,,72,,20260923,223ae7ea3e685c7c69fc4f541c05270507523378eb46d34ed223d11ab67c14d7,r2-223ae7ea3e68-seed20260923
maturation,maturation,synthetic_identity,50,0.55555556,0.44087186,0.66461115,,72,,20260923,223ae7ea3e685c7c69fc4f541c05270507523378eb46d34ed223d11ab67c14d7,r2-223ae7ea3e68-seed20260923
maturation,maturation,synthetic_identity,52,0.55555556,0.44087186,0.66461115,,72,,20260923,223ae7ea3e685c7c69fc4f541c05270507523378eb46d34ed223d11ab67c14d7,r2-223ae7ea3e68-seed20260923
maturation,maturation,synthetic_identity,54,0.55555556,0.44087186,0.66461115,,72,,20260923,223ae7ea3e685c7c69fc4f541c05270507523378eb46d34ed223d11ab67c14d7,r2-223ae7ea3e68-seed20260923
maturation,maturation,synthetic_identity,56,0.55555556,0.44087186,0.66461115,,72,,20260923,223ae7ea3e685c7c69fc4f541c05270507523378eb46d34ed223d11ab67c14d7,r2-223ae7ea3e68-seed20260923
maturation,maturation,synthetic_identity,58,0.55555556,0.44087186,0.66461115,,72,,20260923,223ae7ea3e685c7c69fc4f541c05270507523378eb46d34ed223d11ab67c14d7,r2-223ae7ea3e68-seed20260923
maturation,maturation,synthetic_identity,60,0.55555556,0.44087186,0.66461115,,72,,20260923,223ae7ea3e685c7c69fc4f541c05270507523378eb46d34ed223d11ab67c14d7,r2-223ae7ea3e68-seed20260923
maturation,maturation,synthetic_identity,62,0.55555556,0.44087186,0.66461115,,72,,20260923,223ae7ea3e685c7c69fc4f541c05270507523378eb46d34ed223d11ab67c14d7,r2-223ae7ea3e68-seed20260923
maturation,maturation,synthetic_identity,64,0.55555556,0.44087186,0.66461115,,72,,20260923,223ae7ea3e685c7c69fc4f541c05270507523378eb46d34ed223d11ab67c14d7,r2-223ae7ea3e68-seed20260923
maturation,maturation,synthetic_identity,66,0.55555556,0.44087186,0.66461115,,72,,20260923,223ae7ea3e685c7c69fc4f541c05270507523378eb46d34ed223d11ab67c14d7,r2-223ae7ea3e68-seed20260923
maturation,maturation,synthetic_identity,68,0.55555556,0.44087186,0.66461115,,72,,20260923,223ae7ea3e685c7c69fc4f541c05270507523378eb46d34ed223d11ab67c14d7,r2-223ae7ea3e68-seed20260923
maturation,maturation,synthetic_identity,70,0.55555556,0.44087186,0.66461115,,72,,20260923,223ae7ea3e685c7c69fc4f541c05270507523378eb46d34ed223d11ab67c14d7,r2-223ae7ea3e68-seed20260923
maturation,maturation,synthetic_identity,72,0.55555556,0.44087186,0.66461115,,72,,20260923,223ae7ea3e685c7c69fc4f541c05270507523378eb46d34ed223d11ab67c14d7,r2-223ae7ea3e68-seed20260923
maturation,maturation,synthetic_identity,74,0.55555556,0.44087186,0.66461115,,72,,20260923,223ae7ea3e685c7c69fc4f541c05270507523378eb46d34ed223d11ab67c14d7,r2-223ae7ea3e68-seed20260923
maturation,maturation,synthetic_identity,76,0.55555556,0.44087186,0.66461115,,72,,20260923,223ae7ea3e685c7c69fc4f541c05270507523378eb46d34ed223d11ab67c14d7,r2-223ae7ea3e68-seed20260923
maturation,maturation,synthetic_identity,78,0.55555556,0.44087186,0.66461115,,72,,20260923,223ae7ea3e685c7c69fc4f541c05270507523378eb46d34ed223d11ab67c14d7,r2-223ae7ea3e68-seed20260923
maturation,maturation,synthetic_identity,80,0.84722222,0.74677498,0.91249381,,72,,20260923,223ae7ea3e685c7c69fc4f541c05270507523378eb46d34ed223d11ab67c14d7,r2-223ae7ea3e68-seed20260923
maturation,maturation,synthetic_identity,82,0.84722222,0.74677498,0.91249381,,72,,20260923,223ae7ea3e685c7c69fc4f541c05270507523378eb46d34ed223d11ab67c14d7,r2-223ae7ea3e68-seed20260923
maturation,maturation,synthetic_identity,84,0.84722222,0.74677498,0.91249381,,72,,20260923,223ae7ea3e685c7c69fc4f541c05270507523378eb46d34ed223d11ab67c14d7,r2-223ae7ea3e68-seed20260923
maturation,maturation,synthetic_identity,86,0.84722222,0.74677498,0.91249381,,72,,20260923,223ae7ea3e685c7c69fc4f541c05270507523378eb46d34ed223d11ab67c14d7,r2-223ae7ea3e68-seed20260923
maturation,maturation,synthetic_identity,88,0.84722222,0.74677498,0.91249381,,72,,20260923,223ae7ea3e685c7c69fc4f541c05270507523378eb46d34ed223d11ab67c14d7,r2-223ae7ea3e68-seed20260923
maturation,maturation,synthetic_identity,90,0.84722222,0.74677498,0.91249381,,72,,20260923,223ae7ea3e685c7c69fc4f541c05270507523378eb46d34ed223d11ab67c14d7,r2-223ae7ea3e68-seed20260923
maturation,maturation,account_takeover,0,0.34375,0.25640249,0.44312156,,96,,20260923,223ae7ea3e685c7c69fc4f541c05270507523378eb46d34ed223d11ab67c14d7,r2-223ae7ea3e68-seed20260923
maturation,maturation,account_takeover,2,0.625,0.52510533,0.71527543,,96,,20260923,223ae7ea3e685c7c69fc4f541c05270507523378eb46d34ed223d11ab67c14d7,r2-223ae7ea3e68-seed20260923
maturation,maturation,account_takeover,4,0.625,0.52510533,0.71527543,,96,,20260923,223ae7ea3e685c7c69fc4f541c05270507523378eb46d34ed223d11ab67c14d7,r2-223ae7ea3e68-seed20260923
maturation,maturation,account_takeover,6,0.80208333,0.71144649,0.86947368,,96,,20260923,223ae7ea3e685c7c69fc4f541c05270507523378eb46d34ed223d11ab67c14d7,r2-223ae7ea3e68-seed20260923
maturation,maturation,account_takeover,8,0.80208333,0.71144649,0.86947368,,96,,20260923,223ae7ea3e685c7c69fc4f541c05270507523378eb46d34ed223d11ab67c14d7,r2-223ae7ea3e68-seed20260923
maturation,maturation,account_takeover,10,0.90625,0.83134502,0.94989246,,96,,20260923,223ae7ea3e685c7c69fc4f541c05270507523378eb46d34ed223d11ab67c14d7,r2-223ae7ea3e68-seed20260923
maturation,maturation,account_takeover,12,0.90625,0.83134502,0.94989246,,96,,20260923,223ae7ea3e685c7c69fc4f541c05270507523378eb46d34ed223d11ab67c14d7,r2-223ae7ea3e68-seed20260923
maturation,maturation,account_takeover,14,0.90625,0.83134502,0.94989246,,96,,20260923,223ae7ea3e685c7c69fc4f541c05270507523378eb46d34ed223d11ab67c14d7,r2-223ae7ea3e68-seed20260923
maturation,maturation,account_takeover,16,0.90625,0.83134502,0.94989246,,96,,20260923,223ae7ea3e685c7c69fc4f541c05270507523378eb46d34ed223d11ab67c14d7,r2-223ae7ea3e68-seed20260923
maturation,maturation,account_takeover,18,0.90625,0.83134502,0.94989246,,96,,20260923,223ae7ea3e685c7c69fc4f541c05270507523378eb46d34ed223d11ab67c14d7,r2-223ae7ea3e68-seed20260923
maturation,maturation,account_takeover,20,0.98958333,0.94333245,0.99815888,,96,,20260923,223ae7ea3e685c7c69fc4f541c05270507523378eb46d34ed223d11ab67c14d7,r2-223ae7ea3e68-seed20260923
maturation,maturation,account_takeover,22,0.98958333,0.94333245,0.99815888,,96,,20260923,223ae7ea3e685c7c69fc4f541c05270507523378eb46d34ed223d11ab67c14d7,r2-223ae7ea3e68-seed20260923
maturation,maturation,account_takeover,24,0.98958333,0.94333245,0.99815888,,96,,20260923,223ae7ea3e685c7c69fc4f541c05270507523378eb46d34ed223d11ab67c14d7,r2-223ae7ea3e68-seed20260923
maturation,maturation,account_takeover,26,0.98958333,0.94333245,0.99815888,,96,,20260923,223ae7ea3e685c7c69fc4f541c05270507523378eb46d34ed223d11ab67c14d7,r2-223ae7ea3e68-seed20260923
maturation,maturation,account_takeover,28,0.98958333,0.94333245,0.99815888,,96,,20260923,223ae7ea3e685c7c69fc4f541c05270507523378eb46d34ed223d11ab67c14d7,r2-223ae7ea3e68-seed20260923
maturation,maturation,account_takeover,30,0.98958333,0.94333245,0.99815888,,96,,20260923,223ae7ea3e685c7c69fc4f541c05270507523378eb46d34ed223d11ab67c14d7,r2-223ae7ea3e68-seed20260923
maturation,maturation,account_takeover,32,0.98958333,0.94333245,0.99815888,,96,,20260923,223ae7ea3e685c7c69fc4f541c05270507523378eb46d34ed223d11ab67c14d7,r2-223ae7ea3e68-seed20260923
maturation,maturation,account_takeover,34,0.98958333,0.94333245,0.99815888,,96,,20260923,223ae7ea3e685c7c69fc4f541c05270507523378eb46d34ed223d11ab67c14d7,r2-223ae7ea3e68-seed20260923
maturation,maturation,account_takeover,36,0.98958333,0.94333245,0.99815888,,96,,20260923,223ae7ea3e685c7c69fc4f541c05270507523378eb46d34ed223d11ab67c14d7,r2-223ae7ea3e68-seed20260923
maturation,maturation,account_takeover,38,0.98958333,0.94333245,0.99815888,,96,,20260923,223ae7ea3e685c7c69fc4f541c05270507523378eb46d34ed223d11ab67c14d7,r2-223ae7ea3e68-seed20260923
maturation,maturation,account_takeover,40,1.0,0.96152305,1.0,,96,,20260923,223ae7ea3e685c7c69fc4f541c05270507523378eb46d34ed223d11ab67c14d7,r2-223ae7ea3e68-seed20260923
maturation,maturation,account_takeover,42,1.0,0.96152305,1.0,,96,,20260923,223ae7ea3e685c7c69fc4f541c05270507523378eb46d34ed223d11ab67c14d7,r2-223ae7ea3e68-seed20260923
maturation,maturation,account_takeover,44,1.0,0.96152305,1.0,,96,,20260923,223ae7ea3e685c7c69fc4f541c05270507523378eb46d34ed223d11ab67c14d7,r2-223ae7ea3e68-seed20260923
maturation,maturation,account_takeover,46,1.0,0.96152305,1.0,,96,,20260923,223ae7ea3e685c7c69fc4f541c05270507523378eb46d34ed223d11ab67c14d7,r2-223ae7ea3e68-seed20260923
maturation,maturation,account_takeover,48,1.0,0.96152305,1.0,,96,,20260923,223ae7ea3e685c7c69fc4f541c05270507523378eb46d34ed223d11ab67c14d7,r2-223ae7ea3e68-seed20260923
maturation,maturation,account_takeover,50,1.0,0.96152305,1.0,,96,,20260923,223ae7ea3e685c7c69fc4f541c05270507523378eb46d34ed223d11ab67c14d7,r2-223ae7ea3e68-seed20260923
maturation,maturation,account_takeover,52,1.0,0.96152305,1.0,,96,,20260923,223ae7ea3e685c7c69fc4f541c05270507523378eb46d34ed223d11ab67c14d7,r2-223ae7ea3e68-seed20260923
maturation,maturation,account_takeover,54,1.0,0.96152305,1.0,,96,,20260923,223ae7ea3e685c7c69fc4f541c05270507523378eb46d34ed223d11ab67c14d7,r2-223ae7ea3e68-seed20260923
maturation,maturation,account_takeover,56,1.0,0.96152305,1.0,,96,,20260923,223ae7ea3e685c7c69fc4f541c05270507523378eb46d34ed223d11ab67c14d7,r2-223ae7ea3e68-seed20260923
maturation,maturation,account_takeover,58,1.0,0.96152305,1.0,,96,,20260923,223ae7ea3e685c7c69fc4f541c05270507523378eb46d34ed223d11ab67c14d7,r2-223ae7ea3e68-seed20260923
maturation,maturation,account_takeover,60,1.0,0.96152305,1.0,,96,,20260923,223ae7ea3e685c7c69fc4f541c05270507523378eb46d34ed223d11ab67c14d7,r2-223ae7ea3e68-seed20260923
maturation,maturation,account_takeover,62,1.0,0.96152305,1.0,,96,,20260923,223ae7ea3e685c7c69fc4f541c05270507523378eb46d34ed223d11ab67c14d7,r2-223ae7ea3e68-seed20260923
maturation,maturation,account_takeover,64,1.0,0.96152305,1.0,,96,,20260923,223ae7ea3e685c7c69fc4f541c05270507523378eb46d34ed223d11ab67c14d7,r2-223ae7ea3e68-seed20260923
maturation,maturation,account_takeover,66,1.0,0.96152305,1.0,,96,,20260923,223ae7ea3e685c7c69fc4f541c05270507523378eb46d34ed223d11ab67c14d7,r2-223ae7ea3e68-seed20260923
maturation,maturation,account_takeover,68,1.0,0.96152305,1.0,,96,,20260923,223ae7ea3e685c7c69fc4f541c05270507523378eb46d34ed223d11ab67c14d7,r2-223ae7ea3e68-seed20260923
maturation,maturation,account_takeover,70,1.0,0.96152305,1.0,,96,,20260923,223ae7ea3e685c7c69fc4f541c05270507523378eb46d34ed223d11ab67c14d7,r2-223ae7ea3e68-seed20260923
maturation,maturation,account_takeover,72,1.0,0.96152305,1.0,,96,,20260923,223ae7ea3e685c7c69fc4f541c05270507523378eb46d34ed223d11ab67c14d7,r2-223ae7ea3e68-seed20260923
maturation,maturation,account_takeover,74,1.0,0.96152305,1.0,,96,,20260923,223ae7ea3e685c7c69fc4f541c05270507523378eb46d34ed223d11ab67c14d7,r2-223ae7ea3e68-seed20260923
maturation,maturation,account_takeover,76,1.0,0.96152305,1.0,,96,,20260923,223ae7ea3e685c7c69fc4f541c05270507523378eb46d34ed223d11ab67c14d7,r2-223ae7ea3e68-seed20260923
maturation,maturation,account_takeover,78,1.0,0.96152305,1.0,,96,,20260923,223ae7ea3e685c7c69fc4f541c05270507523378eb46d34ed223d11ab67c14d7,r2-223ae7ea3e68-seed20260923
maturation,maturation,account_takeover,80,1.0,0.96152305,1.0,,96,,20260923,223ae7ea3e685c7c69fc4f541c05270507523378eb46d34ed223d11ab67c14d7,r2-223ae7ea3e68-seed20260923
maturation,maturation,account_takeover,82,1.0,0.96152305,1.0,,96,,20260923,223ae7ea3e685c7c69fc4f541c05270507523378eb46d34ed223d11ab67c14d7,r2-223ae7ea3e68-seed20260923
maturation,maturation,account_takeover,84,1.0,0.96152305,1.0,,96,,20260923,223ae7ea3e685c7c69fc4f541c05270507523378eb46d34ed223d11ab67c14d7,r2-223ae7ea3e68-seed20260923
maturation,maturation,account_takeover,86,1.0,0.96152305,1.0,,96,,20260923,223ae7ea3e685c7c69fc4f541c05270507523378eb46d34ed223d11ab67c14d7,r2-223ae7ea3e68-seed20260923
maturation,maturation,account_takeover,88,1.0,0.96152305,1.0,,96,,20260923,223ae7ea3e685c7c69fc4f541c05270507523378eb46d34ed223d11ab67c14d7,r2-223ae7ea3e68-seed20260923
maturation,maturation,account_takeover,90,1.0,0.96152305,1.0,,96,,20260923,223ae7ea3e685c7c69fc4f541c05270507523378eb46d34ed223d11ab67c14d7,r2-223ae7ea3e68-seed20260923
first_party_vs_default,first_party_fraud,,-0.41724058,0.46126268,,,,,,20260923,223ae7ea3e685c7c69fc4f541c05270507523378eb46d34ed223d11ab67c14d7,r2-223ae7ea3e68-seed20260923
first_party_vs_default,first_party_fraud,,2.312074,2.32639487,,,,,,20260923,223ae7ea3e685c7c69fc4f541c05270507523378eb46d34ed223d11ab67c14d7,r2-223ae7ea3e68-seed20260923
first_party_vs_default,first_party_fraud,,1.38053145,2.09500349,,,,,,20260923,223ae7ea3e685c7c69fc4f541c05270507523378eb46d34ed223d11ab67c14d7,r2-223ae7ea3e68-seed20260923
first_party_vs_default,first_party_fraud,,1.42612902,0.65157146,,,,,,20260923,223ae7ea3e685c7c69fc4f541c05270507523378eb46d34ed223d11ab67c14d7,r2-223ae7ea3e68-seed20260923
first_party_vs_default,first_party_fraud,,0.45820051,0.54718021,,,,,,20260923,223ae7ea3e685c7c69fc4f541c05270507523378eb46d34ed223d11ab67c14d7,r2-223ae7ea3e68-seed20260923
first_party_vs_default,first_party_fraud,,2.09815006,2.57075527,,,,,,20260923,223ae7ea3e685c7c69fc4f541c05270507523378eb46d34ed223d11ab67c14d7,r2-223ae7ea3e68-seed20260923
first_party_vs_default,first_party_fraud,,0.64272777,0.6749438,,,,,,20260923,223ae7ea3e685c7c69fc4f541c05270507523378eb46d34ed223d11ab67c14d7,r2-223ae7ea3e68-seed20260923
first_party_vs_default,first_party_fraud,,2.39257218,0.79990682,,,,,,20260923,223ae7ea3e685c7c69fc4f541c05270507523378eb46d34ed223d11ab67c14d7,r2-223ae7ea3e68-seed20260923
first_party_vs_default,first_party_fraud,,0.30491478,1.47089307,,,,,,20260923,223ae7ea3e685c7c69fc4f541c05270507523378eb46d34ed223d11ab67c14d7,r2-223ae7ea3e68-seed20260923
first_party_vs_default,first_party_fraud,,1.93517684,1.08107092,,,,,,20260923,223ae7ea3e685c7c69fc4f541c05270507523378eb46d34ed223d11ab67c14d7,r2-223ae7ea3e68-seed20260923
first_party_vs_default,first_party_fraud,,2.35054265,2.3045622,,,,,,20260923,223ae7ea3e685c7c69fc4f541c05270507523378eb46d34ed223d11ab67c14d7,r2-223ae7ea3e68-seed20260923
first_party_vs_default,first_party_fraud,,0.88088906,0.26240652,,,,,,20260923,223ae7ea3e685c7c69fc4f541c05270507523378eb46d34ed223d11ab67c14d7,r2-223ae7ea3e68-seed20260923
first_party_vs_default,first_party_fraud,,0.93166822,1.13286588,,,,,,20260923,223ae7ea3e685c7c69fc4f541c05270507523378eb46d34ed223d11ab67c14d7,r2-223ae7ea3e68-seed20260923
first_party_vs_default,first_party_fraud,,1.30671202,2.09908299,,,,,,20260923,223ae7ea3e685c7c69fc4f541c05270507523378eb46d34ed223d11ab67c14d7,r2-223ae7ea3e68-seed20260923
first_party_vs_default,first_party_fraud,,-0.6072781,-0.79535833,,,,,,20260923,223ae7ea3e685c7c69fc4f541c05270507523378eb46d34ed223d11ab67c14d7,r2-223ae7ea3e68-seed20260923
first_party_vs_default,first_party_fraud,,-0.62324856,-0.76965363,,,,,,20260923,223ae7ea3e685c7c69fc4f541c05270507523378eb46d34ed223d11ab67c14d7,r2-223ae7ea3e68-seed20260923
first_party_vs_default,first_party_fraud,,0.38237184,-0.27449392,,,,,,20260923,223ae7ea3e685c7c69fc4f541c05270507523378eb46d34ed223d11ab67c14d7,r2-223ae7ea3e68-seed20260923
first_party_vs_default,first_party_fraud,,1.04831993,0.97421669,,,,,,20260923,223ae7ea3e685c7c69fc4f541c05270507523378eb46d34ed223d11ab67c14d7,r2-223ae7ea3e68-seed20260923
first_party_vs_default,first_party_fraud,,1.60811777,2.04528552,,,,,,20260923,223ae7ea3e685c7c69fc4f541c05270507523378eb46d34ed223d11ab67c14d7,r2-223ae7ea3e68-seed20260923
first_party_vs_default,first_party_fraud,,1.60459375,1.36379991,,,,,,20260923,223ae7ea3e685c7c69fc4f541c05270507523378eb46d34ed223d11ab67c14d7,r2-223ae7ea3e68-seed20260923
first_party_vs_default,first_party_fraud,,1.97072765,2.74372669,,,,,,20260923,223ae7ea3e685c7c69fc4f541c05270507523378eb46d34ed223d11ab67c14d7,r2-223ae7ea3e68-seed20260923
first_party_vs_default,first_party_fraud,,1.98392506,1.19249263,,,,,,20260923,223ae7ea3e685c7c69fc4f541c05270507523378eb46d34ed223d11ab67c14d7,r2-223ae7ea3e68-seed20260923
first_party_vs_default,first_party_fraud,,0.53165821,0.21067458,,,,,,20260923,223ae7ea3e685c7c69fc4f541c05270507523378eb46d34ed223d11ab67c14d7,r2-223ae7ea3e68-seed20260923
first_party_vs_default,first_party_fraud,,2.11743546,2.36715988,,,,,,20260923,223ae7ea3e685c7c69fc4f541c05270507523378eb46d34ed223d11ab67c14d7,r2-223ae7ea3e68-seed20260923
first_party_vs_default,first_party_fraud,,0.73878371,1.1265157,,,,,,20260923,223ae7ea3e685c7c69fc4f541c05270507523378eb46d34ed223d11ab67c14d7,r2-223ae7ea3e68-seed20260923
first_party_vs_default,first_party_fraud,,1.0322123,0.32610113,,,,,,20260923,223ae7ea3e685c7c69fc4f541c05270507523378eb46d34ed223d11ab67c14d7,r2-223ae7ea3e68-seed20260923
first_party_vs_default,first_party_fraud,,2.03147348,1.88319492,,,,,,20260923,223ae7ea3e685c7c69fc4f541c05270507523378eb46d34ed223d11ab67c14d7,r2-223ae7ea3e68-seed20260923
first_party_vs_default,first_party_fraud,,0.96104315,0.93378209,,,,,,20260923,223ae7ea3e685c7c69fc4f541c05270507523378eb46d34ed223d11ab67c14d7,r2-223ae7ea3e68-seed20260923
first_party_vs_default,first_party_fraud,,-0.41465938,0.47914425,,,,,,20260923,223ae7ea3e685c7c69fc4f541c05270507523378eb46d34ed223d11ab67c14d7,r2-223ae7ea3e68-seed20260923
first_party_vs_default,first_party_fraud,,1.05875937,0.57853547,,,,,,20260923,223ae7ea3e685c7c69fc4f541c05270507523378eb46d34ed223d11ab67c14d7,r2-223ae7ea3e68-seed20260923
first_party_vs_default,first_party_fraud,,0.95519653,1.4068852,,,,,,20260923,223ae7ea3e685c7c69fc4f541c05270507523378eb46d34ed223d11ab67c14d7,r2-223ae7ea3e68-seed20260923
first_party_vs_default,first_party_fraud,,-0.27227271,0.77166635,,,,,,20260923,223ae7ea3e685c7c69fc4f541c05270507523378eb46d34ed223d11ab67c14d7,r2-223ae7ea3e68-seed20260923
first_party_vs_default,first_party_fraud,,2.01494234,0.94365503,,,,,,20260923,223ae7ea3e685c7c69fc4f541c05270507523378eb46d34ed223d11ab67c14d7,r2-223ae7ea3e68-seed20260923
first_party_vs_default,first_party_fraud,,0.62298018,0.70081734,,,,,,20260923,223ae7ea3e685c7c69fc4f541c05270507523378eb46d34ed223d11ab67c14d7,r2-223ae7ea3e68-seed20260923
first_party_vs_default,first_party_fraud,,2.01536924,0.93331389,,,,,,20260923,223ae7ea3e685c7c69fc4f541c05270507523378eb46d34ed223d11ab67c14d7,r2-223ae7ea3e68-seed20260923
first_party_vs_default,first_party_fraud,,0.96347191,0.50993771,,,,,,20260923,223ae7ea3e685c7c69fc4f541c05270507523378eb46d34ed223d11ab67c14d7,r2-223ae7ea3e68-seed20260923
first_party_vs_default,first_party_fraud,,3.717e-05,-0.6485069,,,,,,20260923,223ae7ea3e685c7c69fc4f541c05270507523378eb46d34ed223d11ab67c14d7,r2-223ae7ea3e68-seed20260923
first_party_vs_default,first_party_fraud,,0.75232287,0.29595397,,,,,,20260923,223ae7ea3e685c7c69fc4f541c05270507523378eb46d34ed223d11ab67c14d7,r2-223ae7ea3e68-seed20260923
first_party_vs_default,first_party_fraud,,0.67876461,-0.05379167,,,,,,20260923,223ae7ea3e685c7c69fc4f541c05270507523378eb46d34ed223d11ab67c14d7,r2-223ae7ea3e68-seed20260923
first_party_vs_default,first_party_fraud,,0.51423753,1.0240882,,,,,,20260923,223ae7ea3e685c7c69fc4f541c05270507523378eb46d34ed223d11ab67c14d7,r2-223ae7ea3e68-seed20260923
first_party_vs_default,first_party_fraud,,1.05636953,0.55387534,,,,,,20260923,223ae7ea3e685c7c69fc4f541c05270507523378eb46d34ed223d11ab67c14d7,r2-223ae7ea3e68-seed20260923
first_party_vs_default,first_party_fraud,,2.81133249,2.02559889,,,,,,20260923,223ae7ea3e685c7c69fc4f541c05270507523378eb46d34ed223d11ab67c14d7,r2-223ae7ea3e68-seed20260923
first_party_vs_default,first_party_fraud,,-0.62849083,0.67988184,,,,,,20260923,223ae7ea3e685c7c69fc4f541c05270507523378eb46d34ed223d11ab67c14d7,r2-223ae7ea3e68-seed20260923
first_party_vs_default,first_party_fraud,,0.6489429,-0.34218565,,,,,,20260923,223ae7ea3e685c7c69fc4f541c05270507523378eb46d34ed223d11ab67c14d7,r2-223ae7ea3e68-seed20260923
first_party_vs_default,first_party_fraud,,-0.40231126,-1.46438063,,,,,,20260923,223ae7ea3e685c7c69fc4f541c05270507523378eb46d34ed223d11ab67c14d7,r2-223ae7ea3e68-seed20260923
first_party_vs_default,first_party_fraud,,-0.04480439,-0.28382132,,,,,,20260923,223ae7ea3e685c7c69fc4f541c05270507523378eb46d34ed223d11ab67c14d7,r2-223ae7ea3e68-seed20260923
first_party_vs_default,first_party_fraud,,0.40622491,0.6516533,,,,,,20260923,223ae7ea3e685c7c69fc4f541c05270507523378eb46d34ed223d11ab67c14d7,r2-223ae7ea3e68-seed20260923
first_party_vs_default,first_party_fraud,,1.42665252,1.86032775,,,,,,20260923,223ae7ea3e685c7c69fc4f541c05270507523378eb46d34ed223d11ab67c14d7,r2-223ae7ea3e68-seed20260923
first_party_vs_default,first_party_fraud,,2.27906914,3.21907921,,,,,,20260923,223ae7ea3e685c7c69fc4f541c05270507523378eb46d34ed223d11ab67c14d7,r2-223ae7ea3e68-seed20260923
first_party_vs_default,first_party_fraud,,-0.15625755,0.57016026,,,,,,20260923,223ae7ea3e685c7c69fc4f541c05270507523378eb46d34ed223d11ab67c14d7,r2-223ae7ea3e68-seed20260923
first_party_vs_default,first_party_fraud,,0.72325879,0.07428836,,,,,,20260923,223ae7ea3e685c7c69fc4f541c05270507523378eb46d34ed223d11ab67c14d7,r2-223ae7ea3e68-seed20260923
first_party_vs_default,first_party_fraud,,0.20517389,0.99467902,,,,,,20260923,223ae7ea3e685c7c69fc4f541c05270507523378eb46d34ed223d11ab67c14d7,r2-223ae7ea3e68-seed20260923
first_party_vs_default,first_party_fraud,,0.42843077,0.06248199,,,,,,20260923,223ae7ea3e685c7c69fc4f541c05270507523378eb46d34ed223d11ab67c14d7,r2-223ae7ea3e68-seed20260923
first_party_vs_default,first_party_fraud,,1.09318261,1.57486311,,,,,,20260923,223ae7ea3e685c7c69fc4f541c05270507523378eb46d34ed223d11ab67c14d7,r2-223ae7ea3e68-seed20260923
first_party_vs_default,first_party_fraud,,1.414453,0.80892462,,,,,,20260923,223ae7ea3e685c7c69fc4f541c05270507523378eb46d34ed223d11ab67c14d7,r2-223ae7ea3e68-seed20260923
first_party_vs_default,first_party_fraud,,0.38174754,2.02016725,,,,,,20260923,223ae7ea3e685c7c69fc4f541c05270507523378eb46d34ed223d11ab67c14d7,r2-223ae7ea3e68-seed20260923
first_party_vs_default,first_party_fraud,,0.17970535,0.29548719,,,,,,20260923,223ae7ea3e685c7c69fc4f541c05270507523378eb46d34ed223d11ab67c14d7,r2-223ae7ea3e68-seed20260923
first_party_vs_default,first_party_fraud,,-0.3150886,0.76101168,,,,,,20260923,223ae7ea3e685c7c69fc4f541c05270507523378eb46d34ed223d11ab67c14d7,r2-223ae7ea3e68-seed20260923
first_party_vs_default,first_party_fraud,,1.03998206,0.04500826,,,,,,20260923,223ae7ea3e685c7c69fc4f541c05270507523378eb46d34ed223d11ab67c14d7,r2-223ae7ea3e68-seed20260923
first_party_vs_default,first_party_fraud,,1.98384023,1.37047006,,,,,,20260923,223ae7ea3e685c7c69fc4f541c05270507523378eb46d34ed223d11ab67c14d7,r2-223ae7ea3e68-seed20260923
first_party_vs_default,first_party_fraud,,1.03202135,0.83508086,,,,,,20260923,223ae7ea3e685c7c69fc4f541c05270507523378eb46d34ed223d11ab67c14d7,r2-223ae7ea3e68-seed20260923
first_party_vs_default,first_party_fraud,,2.98118351,2.10640127,,,,,,20260923,223ae7ea3e685c7c69fc4f541c05270507523378eb46d34ed223d11ab67c14d7,r2-223ae7ea3e68-seed20260923
first_party_vs_default,first_party_fraud,,1.26760069,0.41830363,,,,,,20260923,223ae7ea3e685c7c69fc4f541c05270507523378eb46d34ed223d11ab67c14d7,r2-223ae7ea3e68-seed20260923
first_party_vs_default,first_party_fraud,,1.48494832,1.20771734,,,,,,20260923,223ae7ea3e685c7c69fc4f541c05270507523378eb46d34ed223d11ab67c14d7,r2-223ae7ea3e68-seed20260923
first_party_vs_default,first_party_fraud,,0.59676571,0.96374812,,,,,,20260923,223ae7ea3e685c7c69fc4f541c05270507523378eb46d34ed223d11ab67c14d7,r2-223ae7ea3e68-seed20260923
first_party_vs_default,first_party_fraud,,2.32129849,1.92630719,,,,,,20260923,223ae7ea3e685c7c69fc4f541c05270507523378eb46d34ed223d11ab67c14d7,r2-223ae7ea3e68-seed20260923
first_party_vs_default,first_party_fraud,,0.77009584,-0.25625961,,,,,,20260923,223ae7ea3e685c7c69fc4f541c05270507523378eb46d34ed223d11ab67c14d7,r2-223ae7ea3e68-seed20260923
first_party_vs_default,first_party_fraud,,0.24630885,-0.37964745,,,,,,20260923,223ae7ea3e685c7c69fc4f541c05270507523378eb46d34ed223d11ab67c14d7,r2-223ae7ea3e68-seed20260923
first_party_vs_default,first_party_fraud,,-0.74936526,0.22385674,,,,,,20260923,223ae7ea3e685c7c69fc4f541c05270507523378eb46d34ed223d11ab67c14d7,r2-223ae7ea3e68-seed20260923
first_party_vs_default,first_party_fraud,,2.07387604,2.75011068,,,,,,20260923,223ae7ea3e685c7c69fc4f541c05270507523378eb46d34ed223d11ab67c14d7,r2-223ae7ea3e68-seed20260923
first_party_vs_default,first_party_fraud,,1.60565459,3.33410101,,,,,,20260923,223ae7ea3e685c7c69fc4f541c05270507523378eb46d34ed223d11ab67c14d7,r2-223ae7ea3e68-seed20260923
first_party_vs_default,first_party_fraud,,0.76893868,1.60256679,,,,,,20260923,223ae7ea3e685c7c69fc4f541c05270507523378eb46d34ed223d11ab67c14d7,r2-223ae7ea3e68-seed20260923
first_party_vs_default,plain_default,,0.88024719,1.78050737,,,,,,20260923,223ae7ea3e685c7c69fc4f541c05270507523378eb46d34ed223d11ab67c14d7,r2-223ae7ea3e68-seed20260923
first_party_vs_default,plain_default,,-0.22147929,0.93951052,,,,,,20260923,223ae7ea3e685c7c69fc4f541c05270507523378eb46d34ed223d11ab67c14d7,r2-223ae7ea3e68-seed20260923
first_party_vs_default,plain_default,,-0.08240984,-1.30588171,,,,,,20260923,223ae7ea3e685c7c69fc4f541c05270507523378eb46d34ed223d11ab67c14d7,r2-223ae7ea3e68-seed20260923
first_party_vs_default,plain_default,,-0.50978315,-1.10513658,,,,,,20260923,223ae7ea3e685c7c69fc4f541c05270507523378eb46d34ed223d11ab67c14d7,r2-223ae7ea3e68-seed20260923
first_party_vs_default,plain_default,,0.50387535,-0.72434085,,,,,,20260923,223ae7ea3e685c7c69fc4f541c05270507523378eb46d34ed223d11ab67c14d7,r2-223ae7ea3e68-seed20260923
first_party_vs_default,plain_default,,-0.526789,-0.47883868,,,,,,20260923,223ae7ea3e685c7c69fc4f541c05270507523378eb46d34ed223d11ab67c14d7,r2-223ae7ea3e68-seed20260923
first_party_vs_default,plain_default,,0.2756326,-0.97147654,,,,,,20260923,223ae7ea3e685c7c69fc4f541c05270507523378eb46d34ed223d11ab67c14d7,r2-223ae7ea3e68-seed20260923
first_party_vs_default,plain_default,,-0.04276958,-0.14721709,,,,,,20260923,223ae7ea3e685c7c69fc4f541c05270507523378eb46d34ed223d11ab67c14d7,r2-223ae7ea3e68-seed20260923
first_party_vs_default,plain_default,,-0.88389007,-0.09985743,,,,,,20260923,223ae7ea3e685c7c69fc4f541c05270507523378eb46d34ed223d11ab67c14d7,r2-223ae7ea3e68-seed20260923
first_party_vs_default,plain_default,,-0.40259362,-0.5717796,,,,,,20260923,223ae7ea3e685c7c69fc4f541c05270507523378eb46d34ed223d11ab67c14d7,r2-223ae7ea3e68-seed20260923
first_party_vs_default,plain_default,,-0.40629184,-1.26290294,,,,,,20260923,223ae7ea3e685c7c69fc4f541c05270507523378eb46d34ed223d11ab67c14d7,r2-223ae7ea3e68-seed20260923
first_party_vs_default,plain_default,,-1.332413,-0.90416376,,,,,,20260923,223ae7ea3e685c7c69fc4f541c05270507523378eb46d34ed223d11ab67c14d7,r2-223ae7ea3e68-seed20260923
first_party_vs_default,plain_default,,-0.34410922,-0.16380714,,,,,,20260923,223ae7ea3e685c7c69fc4f541c05270507523378eb46d34ed223d11ab67c14d7,r2-223ae7ea3e68-seed20260923
first_party_vs_default,plain_default,,-0.52733274,-0.15276518,,,,,,20260923,223ae7ea3e685c7c69fc4f541c05270507523378eb46d34ed223d11ab67c14d7,r2-223ae7ea3e68-seed20260923
first_party_vs_default,plain_default,,-0.59263296,0.05521348,,,,,,20260923,223ae7ea3e685c7c69fc4f541c05270507523378eb46d34ed223d11ab67c14d7,r2-223ae7ea3e68-seed20260923
first_party_vs_default,plain_default,,0.66134835,1.56331321,,,,,,20260923,223ae7ea3e685c7c69fc4f541c05270507523378eb46d34ed223d11ab67c14d7,r2-223ae7ea3e68-seed20260923
first_party_vs_default,plain_default,,-1.15575009,-1.39892465,,,,,,20260923,223ae7ea3e685c7c69fc4f541c05270507523378eb46d34ed223d11ab67c14d7,r2-223ae7ea3e68-seed20260923
first_party_vs_default,plain_default,,-1.02343879,-0.8205818,,,,,,20260923,223ae7ea3e685c7c69fc4f541c05270507523378eb46d34ed223d11ab67c14d7,r2-223ae7ea3e68-seed20260923
first_party_vs_default,plain_default,,-1.06219305,0.05543203,,,,,,20260923,223ae7ea3e685c7c69fc4f541c05270507523378eb46d34ed223d11ab67c14d7,r2-223ae7ea3e68-seed20260923
first_party_vs_default,plain_default,,-0.21382916,-1.32279519,,,,,,20260923,223ae7ea3e685c7c69fc4f541c05270507523378eb46d34ed223d11ab67c14d7,r2-223ae7ea3e68-seed20260923
first_party_vs_default,plain_default,,-0.20032323,-0.81751716,,,,,,20260923,223ae7ea3e685c7c69fc4f541c05270507523378eb46d34ed223d11ab67c14d7,r2-223ae7ea3e68-seed20260923
first_party_vs_default,plain_default,,-1.21907928,-0.79986401,,,,,,20260923,223ae7ea3e685c7c69fc4f541c05270507523378eb46d34ed223d11ab67c14d7,r2-223ae7ea3e68-seed20260923
first_party_vs_default,plain_default,,-1.53132228,-0.64889153,,,,,,20260923,223ae7ea3e685c7c69fc4f541c05270507523378eb46d34ed223d11ab67c14d7,r2-223ae7ea3e68-seed20260923
first_party_vs_default,plain_default,,-0.40674419,-0.64282086,,,,,,20260923,223ae7ea3e685c7c69fc4f541c05270507523378eb46d34ed223d11ab67c14d7,r2-223ae7ea3e68-seed20260923
first_party_vs_default,plain_default,,-0.89668739,0.66511751,,,,,,20260923,223ae7ea3e685c7c69fc4f541c05270507523378eb46d34ed223d11ab67c14d7,r2-223ae7ea3e68-seed20260923
first_party_vs_default,plain_default,,1.16704261,0.63237438,,,,,,20260923,223ae7ea3e685c7c69fc4f541c05270507523378eb46d34ed223d11ab67c14d7,r2-223ae7ea3e68-seed20260923
first_party_vs_default,plain_default,,1.16192395,0.49237581,,,,,,20260923,223ae7ea3e685c7c69fc4f541c05270507523378eb46d34ed223d11ab67c14d7,r2-223ae7ea3e68-seed20260923
first_party_vs_default,plain_default,,0.82066339,1.2567385,,,,,,20260923,223ae7ea3e685c7c69fc4f541c05270507523378eb46d34ed223d11ab67c14d7,r2-223ae7ea3e68-seed20260923
first_party_vs_default,plain_default,,0.27030157,0.38552192,,,,,,20260923,223ae7ea3e685c7c69fc4f541c05270507523378eb46d34ed223d11ab67c14d7,r2-223ae7ea3e68-seed20260923
first_party_vs_default,plain_default,,-0.54682875,0.79043836,,,,,,20260923,223ae7ea3e685c7c69fc4f541c05270507523378eb46d34ed223d11ab67c14d7,r2-223ae7ea3e68-seed20260923
first_party_vs_default,plain_default,,-0.54022164,-0.39630686,,,,,,20260923,223ae7ea3e685c7c69fc4f541c05270507523378eb46d34ed223d11ab67c14d7,r2-223ae7ea3e68-seed20260923
first_party_vs_default,plain_default,,-0.34078757,-0.08837809,,,,,,20260923,223ae7ea3e685c7c69fc4f541c05270507523378eb46d34ed223d11ab67c14d7,r2-223ae7ea3e68-seed20260923
first_party_vs_default,plain_default,,1.36971953,1.35386517,,,,,,20260923,223ae7ea3e685c7c69fc4f541c05270507523378eb46d34ed223d11ab67c14d7,r2-223ae7ea3e68-seed20260923
first_party_vs_default,plain_default,,-1.094749,-0.63143721,,,,,,20260923,223ae7ea3e685c7c69fc4f541c05270507523378eb46d34ed223d11ab67c14d7,r2-223ae7ea3e68-seed20260923
first_party_vs_default,plain_default,,-1.24258104,-1.03005455,,,,,,20260923,223ae7ea3e685c7c69fc4f541c05270507523378eb46d34ed223d11ab67c14d7,r2-223ae7ea3e68-seed20260923
first_party_vs_default,plain_default,,1.5111285,0.24921327,,,,,,20260923,223ae7ea3e685c7c69fc4f541c05270507523378eb46d34ed223d11ab67c14d7,r2-223ae7ea3e68-seed20260923
first_party_vs_default,plain_default,,-0.2794021,-0.75801653,,,,,,20260923,223ae7ea3e685c7c69fc4f541c05270507523378eb46d34ed223d11ab67c14d7,r2-223ae7ea3e68-seed20260923
first_party_vs_default,plain_default,,-0.3562579,-0.19052918,,,,,,20260923,223ae7ea3e685c7c69fc4f541c05270507523378eb46d34ed223d11ab67c14d7,r2-223ae7ea3e68-seed20260923
first_party_vs_default,plain_default,,-0.46826673,-0.43017203,,,,,,20260923,223ae7ea3e685c7c69fc4f541c05270507523378eb46d34ed223d11ab67c14d7,r2-223ae7ea3e68-seed20260923
first_party_vs_default,plain_default,,2.03300556,1.95901844,,,,,,20260923,223ae7ea3e685c7c69fc4f541c05270507523378eb46d34ed223d11ab67c14d7,r2-223ae7ea3e68-seed20260923
first_party_vs_default,plain_default,,1.49336617,1.36780134,,,,,,20260923,223ae7ea3e685c7c69fc4f541c05270507523378eb46d34ed223d11ab67c14d7,r2-223ae7ea3e68-seed20260923
first_party_vs_default,plain_default,,1.07202664,-0.76557024,,,,,,20260923,223ae7ea3e685c7c69fc4f541c05270507523378eb46d34ed223d11ab67c14d7,r2-223ae7ea3e68-seed20260923
first_party_vs_default,plain_default,,-0.35761794,-1.17134495,,,,,,20260923,223ae7ea3e685c7c69fc4f541c05270507523378eb46d34ed223d11ab67c14d7,r2-223ae7ea3e68-seed20260923
first_party_vs_default,plain_default,,1.01720397,0.58290582,,,,,,20260923,223ae7ea3e685c7c69fc4f541c05270507523378eb46d34ed223d11ab67c14d7,r2-223ae7ea3e68-seed20260923
first_party_vs_default,plain_default,,1.54831714,1.11446347,,,,,,20260923,223ae7ea3e685c7c69fc4f541c05270507523378eb46d34ed223d11ab67c14d7,r2-223ae7ea3e68-seed20260923
first_party_vs_default,plain_default,,0.07574345,0.25555993,,,,,,20260923,223ae7ea3e685c7c69fc4f541c05270507523378eb46d34ed223d11ab67c14d7,r2-223ae7ea3e68-seed20260923
first_party_vs_default,plain_default,,0.79843883,0.16847311,,,,,,20260923,223ae7ea3e685c7c69fc4f541c05270507523378eb46d34ed223d11ab67c14d7,r2-223ae7ea3e68-seed20260923
first_party_vs_default,plain_default,,0.15266992,0.76105033,,,,,,20260923,223ae7ea3e685c7c69fc4f541c05270507523378eb46d34ed223d11ab67c14d7,r2-223ae7ea3e68-seed20260923
first_party_vs_default,plain_default,,0.44353701,0.31882351,,,,,,20260923,223ae7ea3e685c7c69fc4f541c05270507523378eb46d34ed223d11ab67c14d7,r2-223ae7ea3e68-seed20260923
first_party_vs_default,plain_default,,1.42268227,1.76268191,,,,,,20260923,223ae7ea3e685c7c69fc4f541c05270507523378eb46d34ed223d11ab67c14d7,r2-223ae7ea3e68-seed20260923
first_party_vs_default,plain_default,,0.46283379,0.58757731,,,,,,20260923,223ae7ea3e685c7c69fc4f541c05270507523378eb46d34ed223d11ab67c14d7,r2-223ae7ea3e68-seed20260923
first_party_vs_default,plain_default,,-0.56150117,-0.63501974,,,,,,20260923,223ae7ea3e685c7c69fc4f541c05270507523378eb46d34ed223d11ab67c14d7,r2-223ae7ea3e68-seed20260923
first_party_vs_default,plain_default,,1.14983728,0.57940459,,,,,,20260923,223ae7ea3e685c7c69fc4f541c05270507523378eb46d34ed223d11ab67c14d7,r2-223ae7ea3e68-seed20260923
first_party_vs_default,plain_default,,-0.49832387,-0.31507678,,,,,,20260923,223ae7ea3e685c7c69fc4f541c05270507523378eb46d34ed223d11ab67c14d7,r2-223ae7ea3e68-seed20260923
first_party_vs_default,plain_default,,1.4043662,1.49880606,,,,,,20260923,223ae7ea3e685c7c69fc4f541c05270507523378eb46d34ed223d11ab67c14d7,r2-223ae7ea3e68-seed20260923
first_party_vs_default,plain_default,,0.33620614,1.75367514,,,,,,20260923,223ae7ea3e685c7c69fc4f541c05270507523378eb46d34ed223d11ab67c14d7,r2-223ae7ea3e68-seed20260923
first_party_vs_default,plain_default,,-0.20043537,-0.4743294,,,,,,20260923,223ae7ea3e685c7c69fc4f541c05270507523378eb46d34ed223d11ab67c14d7,r2-223ae7ea3e68-seed20260923
first_party_vs_default,plain_default,,0.52060605,-0.73518511,,,,,,20260923,223ae7ea3e685c7c69fc4f541c05270507523378eb46d34ed223d11ab67c14d7,r2-223ae7ea3e68-seed20260923
first_party_vs_default,plain_default,,0.55248234,-0.65379898,,,,,,20260923,223ae7ea3e685c7c69fc4f541c05270507523378eb46d34ed223d11ab67c14d7,r2-223ae7ea3e68-seed20260923
first_party_vs_default,plain_default,,-0.24671175,0.45581812,,,,,,20260923,223ae7ea3e685c7c69fc4f541c05270507523378eb46d34ed223d11ab67c14d7,r2-223ae7ea3e68-seed20260923
first_party_vs_default,plain_default,,-0.25480863,-0.50392393,,,,,,20260923,223ae7ea3e685c7c69fc4f541c05270507523378eb46d34ed223d11ab67c14d7,r2-223ae7ea3e68-seed20260923
first_party_vs_default,plain_default,,0.84243104,1.30780254,,,,,,20260923,223ae7ea3e685c7c69fc4f541c05270507523378eb46d34ed223d11ab67c14d7,r2-223ae7ea3e68-seed20260923
first_party_vs_default,plain_default,,-1.1611356,0.12989647,,,,,,20260923,223ae7ea3e685c7c69fc4f541c05270507523378eb46d34ed223d11ab67c14d7,r2-223ae7ea3e68-seed20260923
first_party_vs_default,plain_default,,1.40674529,0.65204032,,,,,,20260923,223ae7ea3e685c7c69fc4f541c05270507523378eb46d34ed223d11ab67c14d7,r2-223ae7ea3e68-seed20260923
first_party_vs_default,plain_default,,-0.35888699,-0.13230917,,,,,,20260923,223ae7ea3e685c7c69fc4f541c05270507523378eb46d34ed223d11ab67c14d7,r2-223ae7ea3e68-seed20260923
first_party_vs_default,plain_default,,0.70000395,-0.59289986,,,,,,20260923,223ae7ea3e685c7c69fc4f541c05270507523378eb46d34ed223d11ab67c14d7,r2-223ae7ea3e68-seed20260923
first_party_vs_default,plain_default,,-0.15265868,-1.25687562,,,,,,20260923,223ae7ea3e685c7c69fc4f541c05270507523378eb46d34ed223d11ab67c14d7,r2-223ae7ea3e68-seed20260923
first_party_vs_default,plain_default,,2.30291095,1.37508928,,,,,,20260923,223ae7ea3e685c7c69fc4f541c05270507523378eb46d34ed223d11ab67c14d7,r2-223ae7ea3e68-seed20260923
first_party_vs_default,plain_default,,0.13558264,-0.77907095,,,,,,20260923,223ae7ea3e685c7c69fc4f541c05270507523378eb46d34ed223d11ab67c14d7,r2-223ae7ea3e68-seed20260923
first_party_vs_default,plain_default,,0.17798526,1.64115482,,,,,,20260923,223ae7ea3e685c7c69fc4f541c05270507523378eb46d34ed223d11ab67c14d7,r2-223ae7ea3e68-seed20260923
first_party_vs_default,plain_default,,-0.64033101,-0.913561,,,,,,20260923,223ae7ea3e685c7c69fc4f541c05270507523378eb46d34ed223d11ab67c14d7,r2-223ae7ea3e68-seed20260923
first_party_vs_default,plain_default,,-0.41659037,-1.3372266,,,,,,20260923,223ae7ea3e685c7c69fc4f541c05270507523378eb46d34ed223d11ab67c14d7,r2-223ae7ea3e68-seed20260923
first_party_vs_default,plain_default,,-0.61511577,0.09140068,,,,,,20260923,223ae7ea3e685c7c69fc4f541c05270507523378eb46d34ed223d11ab67c14d7,r2-223ae7ea3e68-seed20260923
first_party_vs_default,plain_default,,-0.58316938,-0.45652592,,,,,,20260923,223ae7ea3e685c7c69fc4f541c05270507523378eb46d34ed223d11ab67c14d7,r2-223ae7ea3e68-seed20260923
first_party_vs_default,plain_default,,-0.10131656,1.01309674,,,,,,20260923,223ae7ea3e685c7c69fc4f541c05270507523378eb46d34ed223d11ab67c14d7,r2-223ae7ea3e68-seed20260923
first_party_vs_default,plain_default,,1.05872374,1.03416695,,,,,,20260923,223ae7ea3e685c7c69fc4f541c05270507523378eb46d34ed223d11ab67c14d7,r2-223ae7ea3e68-seed20260923
first_party_vs_default,plain_default,,-1.03424743,0.65548431,,,,,,20260923,223ae7ea3e685c7c69fc4f541c05270507523378eb46d34ed223d11ab67c14d7,r2-223ae7ea3e68-seed20260923
first_party_vs_default,plain_default,,-0.61278729,-1.19699977,,,,,,20260923,223ae7ea3e685c7c69fc4f541c05270507523378eb46d34ed223d11ab67c14d7,r2-223ae7ea3e68-seed20260923
first_party_vs_default,plain_default,,-0.56483465,-0.26026353,,,,,,20260923,223ae7ea3e685c7c69fc4f541c05270507523378eb46d34ed223d11ab67c14d7,r2-223ae7ea3e68-seed20260923
first_party_vs_default,plain_default,,0.2735699,-0.04804933,,,,,,20260923,223ae7ea3e685c7c69fc4f541c05270507523378eb46d34ed223d11ab67c14d7,r2-223ae7ea3e68-seed20260923
first_party_vs_default,plain_default,,0.81723493,0.30119128,,,,,,20260923,223ae7ea3e685c7c69fc4f541c05270507523378eb46d34ed223d11ab67c14d7,r2-223ae7ea3e68-seed20260923
first_party_vs_default,plain_default,,-0.38027897,0.54653681,,,,,,20260923,223ae7ea3e685c7c69fc4f541c05270507523378eb46d34ed223d11ab67c14d7,r2-223ae7ea3e68-seed20260923
first_party_vs_default,plain_default,,0.87424116,-0.78345117,,,,,,20260923,223ae7ea3e685c7c69fc4f541c05270507523378eb46d34ed223d11ab67c14d7,r2-223ae7ea3e68-seed20260923
first_party_vs_default,plain_default,,0.09675915,0.54660473,,,,,,20260923,223ae7ea3e685c7c69fc4f541c05270507523378eb46d34ed223d11ab67c14d7,r2-223ae7ea3e68-seed20260923
first_party_vs_default,plain_default,,-0.22711195,-0.58928134,,,,,,20260923,223ae7ea3e685c7c69fc4f541c05270507523378eb46d34ed223d11ab67c14d7,r2-223ae7ea3e68-seed20260923
first_party_vs_default,plain_default,,0.45613298,-0.20410926,,,,,,20260923,223ae7ea3e685c7c69fc4f541c05270507523378eb46d34ed223d11ab67c14d7,r2-223ae7ea3e68-seed20260923
first_party_vs_default,plain_default,,-0.01120734,0.00687689,,,,,,20260923,223ae7ea3e685c7c69fc4f541c05270507523378eb46d34ed223d11ab67c14d7,r2-223ae7ea3e68-seed20260923
first_party_vs_default,plain_default,,-0.77109123,-0.08641563,,,,,,20260923,223ae7ea3e685c7c69fc4f541c05270507523378eb46d34ed223d11ab67c14d7,r2-223ae7ea3e68-seed20260923
first_party_vs_default,plain_default,,-0.65206138,-0.89241177,,,,,,20260923,223ae7ea3e685c7c69fc4f541c05270507523378eb46d34ed223d11ab67c14d7,r2-223ae7ea3e68-seed20260923
first_party_vs_default,plain_default,,-0.956025,-0.24746612,,,,,,20260923,223ae7ea3e685c7c69fc4f541c05270507523378eb46d34ed223d11ab67c14d7,r2-223ae7ea3e68-seed20260923
first_party_vs_default,plain_default,,-0.4278146,0.34318598,,,,,,20260923,223ae7ea3e685c7c69fc4f541c05270507523378eb46d34ed223d11ab67c14d7,r2-223ae7ea3e68-seed20260923
first_party_vs_default,plain_default,,0.77783625,0.66631239,,,,,,20260923,223ae7ea3e685c7c69fc4f541c05270507523378eb46d34ed223d11ab67c14d7,r2-223ae7ea3e68-seed20260923
first_party_vs_default,plain_default,,1.3110117,-0.1742593,,,,,,20260923,223ae7ea3e685c7c69fc4f541c05270507523378eb46d34ed223d11ab67c14d7,r2-223ae7ea3e68-seed20260923
first_party_vs_default,plain_default,,-0.76160993,-0.22030062,,,,,,20260923,223ae7ea3e685c7c69fc4f541c05270507523378eb46d34ed223d11ab67c14d7,r2-223ae7ea3e68-seed20260923
first_party_vs_default,plain_default,,0.4692994,0.34599941,,,,,,20260923,223ae7ea3e685c7c69fc4f541c05270507523378eb46d34ed223d11ab67c14d7,r2-223ae7ea3e68-seed20260923
first_party_vs_default,plain_default,,1.26315805,0.68681054,,,,,,20260923,223ae7ea3e685c7c69fc4f541c05270507523378eb46d34ed223d11ab67c14d7,r2-223ae7ea3e68-seed20260923
first_party_vs_default,plain_default,,1.33935176,1.33416081,,,,,,20260923,223ae7ea3e685c7c69fc4f541c05270507523378eb46d34ed223d11ab67c14d7,r2-223ae7ea3e68-seed20260923
first_party_vs_default,plain_default,,0.09162798,0.57678841,,,,,,20260923,223ae7ea3e685c7c69fc4f541c05270507523378eb46d34ed223d11ab67c14d7,r2-223ae7ea3e68-seed20260923
first_party_vs_default,plain_default,,-0.64128455,-0.86678621,,,,,,20260923,223ae7ea3e685c7c69fc4f541c05270507523378eb46d34ed223d11ab67c14d7,r2-223ae7ea3e68-seed20260923
first_party_vs_default,plain_default,,-0.11072516,1.22294665,,,,,,20260923,223ae7ea3e685c7c69fc4f541c05270507523378eb46d34ed223d11ab67c14d7,r2-223ae7ea3e68-seed20260923
first_party_vs_default,plain_default,,0.74071749,1.66449051,,,,,,20260923,223ae7ea3e685c7c69fc4f541c05270507523378eb46d34ed223d11ab67c14d7,r2-223ae7ea3e68-seed20260923
first_party_vs_default,plain_default,,-1.19217371,-1.75444682,,,,,,20260923,223ae7ea3e685c7c69fc4f541c05270507523378eb46d34ed223d11ab67c14d7,r2-223ae7ea3e68-seed20260923
first_party_vs_default,plain_default,,0.79802759,-0.45853488,,,,,,20260923,223ae7ea3e685c7c69fc4f541c05270507523378eb46d34ed223d11ab67c14d7,r2-223ae7ea3e68-seed20260923
first_party_vs_default,plain_default,,-0.88138803,-1.27767139,,,,,,20260923,223ae7ea3e685c7c69fc4f541c05270507523378eb46d34ed223d11ab67c14d7,r2-223ae7ea3e68-seed20260923
first_party_vs_default,plain_default,,-0.92549622,-1.99165762,,,,,,20260923,223ae7ea3e685c7c69fc4f541c05270507523378eb46d34ed223d11ab67c14d7,r2-223ae7ea3e68-seed20260923
first_party_vs_default,plain_default,,-0.97305917,-0.13127037,,,,,,20260923,223ae7ea3e685c7c69fc4f541c05270507523378eb46d34ed223d11ab67c14d7,r2-223ae7ea3e68-seed20260923
first_party_vs_default,plain_default,,-0.49019618,-0.48129295,,,,,,20260923,223ae7ea3e685c7c69fc4f541c05270507523378eb46d34ed223d11ab67c14d7,r2-223ae7ea3e68-seed20260923
first_party_vs_default,plain_default,,1.32573889,1.78647432,,,,,,20260923,223ae7ea3e685c7c69fc4f541c05270507523378eb46d34ed223d11ab67c14d7,r2-223ae7ea3e68-seed20260923
first_party_vs_default,plain_default,,-0.82989749,-0.21785697,,,,,,20260923,223ae7ea3e685c7c69fc4f541c05270507523378eb46d34ed223d11ab67c14d7,r2-223ae7ea3e68-seed20260923
first_party_vs_default,plain_default,,0.72100325,0.26231025,,,,,,20260923,223ae7ea3e685c7c69fc4f541c05270507523378eb46d34ed223d11ab67c14d7,r2-223ae7ea3e68-seed20260923
first_party_vs_default,plain_default,,0.68862176,0.83026451,,,,,,20260923,223ae7ea3e685c7c69fc4f541c05270507523378eb46d34ed223d11ab67c14d7,r2-223ae7ea3e68-seed20260923
first_party_vs_default,plain_default,,1.3671678,0.32388353,,,,,,20260923,223ae7ea3e685c7c69fc4f541c05270507523378eb46d34ed223d11ab67c14d7,r2-223ae7ea3e68-seed20260923
first_party_vs_default,plain_default,,-1.6251642,-1.61987202,,,,,,20260923,223ae7ea3e685c7c69fc4f541c05270507523378eb46d34ed223d11ab67c14d7,r2-223ae7ea3e68-seed20260923
first_party_vs_default,plain_default,,0.2280281,-0.11927031,,,,,,20260923,223ae7ea3e685c7c69fc4f541c05270507523378eb46d34ed223d11ab67c14d7,r2-223ae7ea3e68-seed20260923
first_party_vs_default,plain_default,,0.64246153,0.39289488,,,,,,20260923,223ae7ea3e685c7c69fc4f541c05270507523378eb46d34ed223d11ab67c14d7,r2-223ae7ea3e68-seed20260923
first_party_vs_default,plain_default,,0.24986887,0.2478731,,,,,,20260923,223ae7ea3e685c7c69fc4f541c05270507523378eb46d34ed223d11ab67c14d7,r2-223ae7ea3e68-seed20260923
first_party_vs_default,plain_default,,-0.02970829,-0.86691817,,,,,,20260923,223ae7ea3e685c7c69fc4f541c05270507523378eb46d34ed223d11ab67c14d7,r2-223ae7ea3e68-seed20260923
first_party_vs_default,plain_default,,0.14196645,0.19961982,,,,,,20260923,223ae7ea3e685c7c69fc4f541c05270507523378eb46d34ed223d11ab67c14d7,r2-223ae7ea3e68-seed20260923
first_party_vs_default,plain_default,,0.19183867,-0.68824963,,,,,,20260923,223ae7ea3e685c7c69fc4f541c05270507523378eb46d34ed223d11ab67c14d7,r2-223ae7ea3e68-seed20260923
first_party_vs_default,plain_default,,-0.06271831,-0.56721263,,,,,,20260923,223ae7ea3e685c7c69fc4f541c05270507523378eb46d34ed223d11ab67c14d7,r2-223ae7ea3e68-seed20260923
first_party_vs_default,plain_default,,1.51696408,0.9601007,,,,,,20260923,223ae7ea3e685c7c69fc4f541c05270507523378eb46d34ed223d11ab67c14d7,r2-223ae7ea3e68-seed20260923
first_party_vs_default,plain_default,,0.06475061,1.11081171,,,,,,20260923,223ae7ea3e685c7c69fc4f541c05270507523378eb46d34ed223d11ab67c14d7,r2-223ae7ea3e68-seed20260923
first_party_vs_default,plain_default,,0.69051492,0.10017364,,,,,,20260923,223ae7ea3e685c7c69fc4f541c05270507523378eb46d34ed223d11ab67c14d7,r2-223ae7ea3e68-seed20260923
first_party_vs_default,plain_default,,-1.17403504,-1.27204831,,,,,,20260923,223ae7ea3e685c7c69fc4f541c05270507523378eb46d34ed223d11ab67c14d7,r2-223ae7ea3e68-seed20260923
first_party_vs_default,plain_default,,-0.9456358,0.06151656,,,,,,20260923,223ae7ea3e685c7c69fc4f541c05270507523378eb46d34ed223d11ab67c14d7,r2-223ae7ea3e68-seed20260923
first_party_vs_default,plain_default,,0.37542563,0.08544251,,,,,,20260923,223ae7ea3e685c7c69fc4f541c05270507523378eb46d34ed223d11ab67c14d7,r2-223ae7ea3e68-seed20260923
first_party_vs_default,plain_default,,-1.84954504,-2.50468527,,,,,,20260923,223ae7ea3e685c7c69fc4f541c05270507523378eb46d34ed223d11ab67c14d7,r2-223ae7ea3e68-seed20260923
first_party_vs_default,plain_default,,0.26676129,-0.33391108,,,,,,20260923,223ae7ea3e685c7c69fc4f541c05270507523378eb46d34ed223d11ab67c14d7,r2-223ae7ea3e68-seed20260923
first_party_vs_default,plain_default,,-0.82029107,-1.52185318,,,,,,20260923,223ae7ea3e685c7c69fc4f541c05270507523378eb46d34ed223d11ab67c14d7,r2-223ae7ea3e68-seed20260923
first_party_vs_default,plain_default,,0.0081593,-0.01022698,,,,,,20260923,223ae7ea3e685c7c69fc4f541c05270507523378eb46d34ed223d11ab67c14d7,r2-223ae7ea3e68-seed20260923
first_party_vs_default,plain_default,,0.17078751,0.42219742,,,,,,20260923,223ae7ea3e685c7c69fc4f541c05270507523378eb46d34ed223d11ab67c14d7,r2-223ae7ea3e68-seed20260923
first_party_vs_default,plain_default,,0.33794082,-0.29811509,,,,,,20260923,223ae7ea3e685c7c69fc4f541c05270507523378eb46d34ed223d11ab67c14d7,r2-223ae7ea3e68-seed20260923
first_party_vs_default,plain_default,,0.03317584,-0.02125615,,,,,,20260923,223ae7ea3e685c7c69fc4f541c05270507523378eb46d34ed223d11ab67c14d7,r2-223ae7ea3e68-seed20260923
first_party_vs_default,plain_default,,-0.96215897,-0.35091374,,,,,,20260923,223ae7ea3e685c7c69fc4f541c05270507523378eb46d34ed223d11ab67c14d7,r2-223ae7ea3e68-seed20260923
first_party_vs_default,plain_default,,0.33709395,0.1714992,,,,,,20260923,223ae7ea3e685c7c69fc4f541c05270507523378eb46d34ed223d11ab67c14d7,r2-223ae7ea3e68-seed20260923
first_party_vs_default,plain_default,,0.84714361,0.41332847,,,,,,20260923,223ae7ea3e685c7c69fc4f541c05270507523378eb46d34ed223d11ab67c14d7,r2-223ae7ea3e68-seed20260923
first_party_vs_default,plain_default,,0.13758024,-0.1886916,,,,,,20260923,223ae7ea3e685c7c69fc4f541c05270507523378eb46d34ed223d11ab67c14d7,r2-223ae7ea3e68-seed20260923
first_party_vs_default,plain_default,,0.41698604,-1.70395039,,,,,,20260923,223ae7ea3e685c7c69fc4f541c05270507523378eb46d34ed223d11ab67c14d7,r2-223ae7ea3e68-seed20260923
first_party_vs_default,plain_default,,0.61185994,-0.41628829,,,,,,20260923,223ae7ea3e685c7c69fc4f541c05270507523378eb46d34ed223d11ab67c14d7,r2-223ae7ea3e68-seed20260923
first_party_vs_default,plain_default,,0.33731542,0.40163904,,,,,,20260923,223ae7ea3e685c7c69fc4f541c05270507523378eb46d34ed223d11ab67c14d7,r2-223ae7ea3e68-seed20260923
first_party_vs_default,plain_default,,-0.29899038,-1.54257244,,,,,,20260923,223ae7ea3e685c7c69fc4f541c05270507523378eb46d34ed223d11ab67c14d7,r2-223ae7ea3e68-seed20260923
first_party_vs_default,plain_default,,0.56260605,-0.03587625,,,,,,20260923,223ae7ea3e685c7c69fc4f541c05270507523378eb46d34ed223d11ab67c14d7,r2-223ae7ea3e68-seed20260923
first_party_vs_default,plain_default,,-0.1609558,1.64119834,,,,,,20260923,223ae7ea3e685c7c69fc4f541c05270507523378eb46d34ed223d11ab67c14d7,r2-223ae7ea3e68-seed20260923
first_party_vs_default,plain_default,,-0.3679036,0.24740673,,,,,,20260923,223ae7ea3e685c7c69fc4f541c05270507523378eb46d34ed223d11ab67c14d7,r2-223ae7ea3e68-seed20260923
first_party_vs_default,plain_default,,-0.2547781,-1.22785159,,,,,,20260923,223ae7ea3e685c7c69fc4f541c05270507523378eb46d34ed223d11ab67c14d7,r2-223ae7ea3e68-seed20260923
first_party_vs_default,plain_default,,0.13671463,0.4596156,,,,,,20260923,223ae7ea3e685c7c69fc4f541c05270507523378eb46d34ed223d11ab67c14d7,r2-223ae7ea3e68-seed20260923
first_party_vs_default,plain_default,,-0.18109015,0.92851376,,,,,,20260923,223ae7ea3e685c7c69fc4f541c05270507523378eb46d34ed223d11ab67c14d7,r2-223ae7ea3e68-seed20260923
first_party_vs_default,plain_default,,0.36418987,-1.23414074,,,,,,20260923,223ae7ea3e685c7c69fc4f541c05270507523378eb46d34ed223d11ab67c14d7,r2-223ae7ea3e68-seed20260923
first_party_vs_default,plain_default,,0.25750857,0.0778296,,,,,,20260923,223ae7ea3e685c7c69fc4f541c05270507523378eb46d34ed223d11ab67c14d7,r2-223ae7ea3e68-seed20260923
first_party_vs_default,plain_default,,-1.10479404,0.16518855,,,,,,20260923,223ae7ea3e685c7c69fc4f541c05270507523378eb46d34ed223d11ab67c14d7,r2-223ae7ea3e68-seed20260923
first_party_vs_default,plain_default,,0.36187836,1.44217268,,,,,,20260923,223ae7ea3e685c7c69fc4f541c05270507523378eb46d34ed223d11ab67c14d7,r2-223ae7ea3e68-seed20260923
first_party_vs_default,plain_default,,-0.24605692,0.23412615,,,,,,20260923,223ae7ea3e685c7c69fc4f541c05270507523378eb46d34ed223d11ab67c14d7,r2-223ae7ea3e68-seed20260923
first_party_vs_default,plain_default,,0.25206159,-0.95744796,,,,,,20260923,223ae7ea3e685c7c69fc4f541c05270507523378eb46d34ed223d11ab67c14d7,r2-223ae7ea3e68-seed20260923
first_party_vs_default,plain_default,,0.61763551,0.30718144,,,,,,20260923,223ae7ea3e685c7c69fc4f541c05270507523378eb46d34ed223d11ab67c14d7,r2-223ae7ea3e68-seed20260923
first_party_vs_default,plain_default,,1.18093498,0.10700472,,,,,,20260923,223ae7ea3e685c7c69fc4f541c05270507523378eb46d34ed223d11ab67c14d7,r2-223ae7ea3e68-seed20260923
first_party_vs_default,plain_default,,-0.64509422,-1.31019251,,,,,,20260923,223ae7ea3e685c7c69fc4f541c05270507523378eb46d34ed223d11ab67c14d7,r2-223ae7ea3e68-seed20260923
first_party_vs_default,plain_default,,-1.08267832,-0.15791201,,,,,,20260923,223ae7ea3e685c7c69fc4f541c05270507523378eb46d34ed223d11ab67c14d7,r2-223ae7ea3e68-seed20260923
first_party_vs_default,plain_default,,-0.46765255,-0.04513966,,,,,,20260923,223ae7ea3e685c7c69fc4f541c05270507523378eb46d34ed223d11ab67c14d7,r2-223ae7ea3e68-seed20260923
first_party_vs_default,plain_default,,-1.35146442,-1.15430623,,,,,,20260923,223ae7ea3e685c7c69fc4f541c05270507523378eb46d34ed223d11ab67c14d7,r2-223ae7ea3e68-seed20260923
first_party_vs_default,plain_default,,1.48865748,1.222545,,,,,,20260923,223ae7ea3e685c7c69fc4f541c05270507523378eb46d34ed223d11ab67c14d7,r2-223ae7ea3e68-seed20260923
first_party_vs_default,plain_default,,-0.12612084,-0.54177694,,,,,,20260923,223ae7ea3e685c7c69fc4f541c05270507523378eb46d34ed223d11ab67c14d7,r2-223ae7ea3e68-seed20260923
first_party_vs_default,plain_default,,-0.36476491,-0.24950821,,,,,,20260923,223ae7ea3e685c7c69fc4f541c05270507523378eb46d34ed223d11ab67c14d7,r2-223ae7ea3e68-seed20260923
first_party_vs_default,plain_default,,-0.1827909,0.55614472,,,,,,20260923,223ae7ea3e685c7c69fc4f541c05270507523378eb46d34ed223d11ab67c14d7,r2-223ae7ea3e68-seed20260923
first_party_vs_default,plain_default,,-0.09716252,-0.81211975,,,,,,20260923,223ae7ea3e685c7c69fc4f541c05270507523378eb46d34ed223d11ab67c14d7,r2-223ae7ea3e68-seed20260923
first_party_vs_default,plain_default,,1.12632561,2.20836833,,,,,,20260923,223ae7ea3e685c7c69fc4f541c05270507523378eb46d34ed223d11ab67c14d7,r2-223ae7ea3e68-seed20260923
first_party_vs_default,plain_default,,-0.42306946,-0.23830508,,,,,,20260923,223ae7ea3e685c7c69fc4f541c05270507523378eb46d34ed223d11ab67c14d7,r2-223ae7ea3e68-seed20260923
first_party_vs_default,plain_default,,-1.46074353,0.35105594,,,,,,20260923,223ae7ea3e685c7c69fc4f541c05270507523378eb46d34ed223d11ab67c14d7,r2-223ae7ea3e68-seed20260923
first_party_vs_default,plain_default,,1.30985906,0.55649119,,,,,,20260923,223ae7ea3e685c7c69fc4f541c05270507523378eb46d34ed223d11ab67c14d7,r2-223ae7ea3e68-seed20260923
first_party_vs_default,plain_default,,-1.66166945,-0.6330161,,,,,,20260923,223ae7ea3e685c7c69fc4f541c05270507523378eb46d34ed223d11ab67c14d7,r2-223ae7ea3e68-seed20260923
first_party_vs_default,plain_default,,0.24891393,-0.1916435,,,,,,20260923,223ae7ea3e685c7c69fc4f541c05270507523378eb46d34ed223d11ab67c14d7,r2-223ae7ea3e68-seed20260923
first_party_vs_default,plain_default,,-0.41799976,0.3231387,,,,,,20260923,223ae7ea3e685c7c69fc4f541c05270507523378eb46d34ed223d11ab67c14d7,r2-223ae7ea3e68-seed20260923
first_party_vs_default,plain_default,,0.97615665,-0.05189986,,,,,,20260923,223ae7ea3e685c7c69fc4f541c05270507523378eb46d34ed223d11ab67c14d7,r2-223ae7ea3e68-seed20260923
first_party_vs_default,plain_default,,-0.91272907,-1.0458649,,,,,,20260923,223ae7ea3e685c7c69fc4f541c05270507523378eb46d34ed223d11ab67c14d7,r2-223ae7ea3e68-seed20260923
first_party_vs_default,plain_default,,-0.88018504,-0.27993213,,,,,,20260923,223ae7ea3e685c7c69fc4f541c05270507523378eb46d34ed223d11ab67c14d7,r2-223ae7ea3e68-seed20260923
first_party_vs_default,plain_default,,-0.17500481,-1.23093042,,,,,,20260923,223ae7ea3e685c7c69fc4f541c05270507523378eb46d34ed223d11ab67c14d7,r2-223ae7ea3e68-seed20260923
first_party_vs_default,plain_default,,0.15789531,-0.58882182,,,,,,20260923,223ae7ea3e685c7c69fc4f541c05270507523378eb46d34ed223d11ab67c14d7,r2-223ae7ea3e68-seed20260923
first_party_vs_default,plain_default,,-1.48673948,-0.85486489,,,,,,20260923,223ae7ea3e685c7c69fc4f541c05270507523378eb46d34ed223d11ab67c14d7,r2-223ae7ea3e68-seed20260923
first_party_vs_default,plain_default,,0.76169266,1.21372885,,,,,,20260923,223ae7ea3e685c7c69fc4f541c05270507523378eb46d34ed223d11ab67c14d7,r2-223ae7ea3e68-seed20260923
first_party_vs_default,plain_default,,0.68460113,1.49398456,,,,,,20260923,223ae7ea3e685c7c69fc4f541c05270507523378eb46d34ed223d11ab67c14d7,r2-223ae7ea3e68-seed20260923
first_party_vs_default,plain_default,,-0.04823299,1.10177455,,,,,,20260923,223ae7ea3e685c7c69fc4f541c05270507523378eb46d34ed223d11ab67c14d7,r2-223ae7ea3e68-seed20260923
first_party_vs_default,plain_default,,-0.68971849,-0.86601181,,,,,,20260923,223ae7ea3e685c7c69fc4f541c05270507523378eb46d34ed223d11ab67c14d7,r2-223ae7ea3e68-seed20260923
first_party_vs_default,plain_default,,-0.46089445,-0.67226912,,,,,,20260923,223ae7ea3e685c7c69fc4f541c05270507523378eb46d34ed223d11ab67c14d7,r2-223ae7ea3e68-seed20260923
first_party_vs_default,plain_default,,0.59119466,0.42927845,,,,,,20260923,223ae7ea3e685c7c69fc4f541c05270507523378eb46d34ed223d11ab67c14d7,r2-223ae7ea3e68-seed20260923
first_party_vs_default,plain_default,,0.824101,1.45490143,,,,,,20260923,223ae7ea3e685c7c69fc4f541c05270507523378eb46d34ed223d11ab67c14d7,r2-223ae7ea3e68-seed20260923
first_party_vs_default,plain_default,,-0.05039465,0.38116194,,,,,,20260923,223ae7ea3e685c7c69fc4f541c05270507523378eb46d34ed223d11ab67c14d7,r2-223ae7ea3e68-seed20260923
first_party_vs_default,plain_default,,0.57401557,-0.289058,,,,,,20260923,223ae7ea3e685c7c69fc4f541c05270507523378eb46d34ed223d11ab67c14d7,r2-223ae7ea3e68-seed20260923
first_party_vs_default,plain_default,,-1.28030026,-0.21269581,,,,,,20260923,223ae7ea3e685c7c69fc4f541c05270507523378eb46d34ed223d11ab67c14d7,r2-223ae7ea3e68-seed20260923
first_party_vs_default,plain_default,,1.94290325,1.96257304,,,,,,20260923,223ae7ea3e685c7c69fc4f541c05270507523378eb46d34ed223d11ab67c14d7,r2-223ae7ea3e68-seed20260923
first_party_vs_default,plain_default,,-0.35998667,-0.37366497,,,,,,20260923,223ae7ea3e685c7c69fc4f541c05270507523378eb46d34ed223d11ab67c14d7,r2-223ae7ea3e68-seed20260923
first_party_vs_default,plain_default,,0.43347528,0.36113504,,,,,,20260923,223ae7ea3e685c7c69fc4f541c05270507523378eb46d34ed223d11ab67c14d7,r2-223ae7ea3e68-seed20260923
first_party_vs_default,plain_default,,-0.83150923,0.25505562,,,,,,20260923,223ae7ea3e685c7c69fc4f541c05270507523378eb46d34ed223d11ab67c14d7,r2-223ae7ea3e68-seed20260923
first_party_vs_default,plain_default,,0.65687685,-0.02011956,,,,,,20260923,223ae7ea3e685c7c69fc4f541c05270507523378eb46d34ed223d11ab67c14d7,r2-223ae7ea3e68-seed20260923
first_party_vs_default,plain_default,,-0.42195327,0.37823225,,,,,,20260923,223ae7ea3e685c7c69fc4f541c05270507523378eb46d34ed223d11ab67c14d7,r2-223ae7ea3e68-seed20260923
first_party_vs_default,plain_default,,2.35474848,1.56269262,,,,,,20260923,223ae7ea3e685c7c69fc4f541c05270507523378eb46d34ed223d11ab67c14d7,r2-223ae7ea3e68-seed20260923
first_party_vs_default,plain_default,,-0.26379597,0.03521613,,,,,,20260923,223ae7ea3e685c7c69fc4f541c05270507523378eb46d34ed223d11ab67c14d7,r2-223ae7ea3e68-seed20260923
first_party_vs_default,plain_default,,0.206212,-0.1058519,,,,,,20260923,223ae7ea3e685c7c69fc4f541c05270507523378eb46d34ed223d11ab67c14d7,r2-223ae7ea3e68-seed20260923
first_party_vs_default,plain_default,,0.65755809,1.52119095,,,,,,20260923,223ae7ea3e685c7c69fc4f541c05270507523378eb46d34ed223d11ab67c14d7,r2-223ae7ea3e68-seed20260923
first_party_vs_default,plain_default,,-0.021139,-0.23051451,,,,,,20260923,223ae7ea3e685c7c69fc4f541c05270507523378eb46d34ed223d11ab67c14d7,r2-223ae7ea3e68-seed20260923
first_party_vs_default,plain_default,,-1.19059393,-2.11109053,,,,,,20260923,223ae7ea3e685c7c69fc4f541c05270507523378eb46d34ed223d11ab67c14d7,r2-223ae7ea3e68-seed20260923
first_party_vs_default,plain_default,,-0.87303297,-0.22631505,,,,,,20260923,223ae7ea3e685c7c69fc4f541c05270507523378eb46d34ed223d11ab67c14d7,r2-223ae7ea3e68-seed20260923
first_party_vs_default,plain_default,,0.28486984,0.90804946,,,,,,20260923,223ae7ea3e685c7c69fc4f541c05270507523378eb46d34ed223d11ab67c14d7,r2-223ae7ea3e68-seed20260923
first_party_vs_default,plain_default,,0.17688901,1.13663583,,,,,,20260923,223ae7ea3e685c7c69fc4f541c05270507523378eb46d34ed223d11ab67c14d7,r2-223ae7ea3e68-seed20260923
first_party_vs_default,plain_default,,1.49470723,2.07426262,,,,,,20260923,223ae7ea3e685c7c69fc4f541c05270507523378eb46d34ed223d11ab67c14d7,r2-223ae7ea3e68-seed20260923
first_party_vs_default,plain_default,,1.02858176,0.54089898,,,,,,20260923,223ae7ea3e685c7c69fc4f541c05270507523378eb46d34ed223d11ab67c14d7,r2-223ae7ea3e68-seed20260923
first_party_vs_default,plain_default,,0.11765092,0.76556731,,,,,,20260923,223ae7ea3e685c7c69fc4f541c05270507523378eb46d34ed223d11ab67c14d7,r2-223ae7ea3e68-seed20260923
first_party_vs_default,plain_default,,0.17962482,0.60887463,,,,,,20260923,223ae7ea3e685c7c69fc4f541c05270507523378eb46d34ed223d11ab67c14d7,r2-223ae7ea3e68-seed20260923
first_party_vs_default,plain_default,,0.0217344,-0.2078261,,,,,,20260923,223ae7ea3e685c7c69fc4f541c05270507523378eb46d34ed223d11ab67c14d7,r2-223ae7ea3e68-seed20260923
first_party_vs_default,plain_default,,-1.24793841,-0.3033,,,,,,20260923,223ae7ea3e685c7c69fc4f541c05270507523378eb46d34ed223d11ab67c14d7,r2-223ae7ea3e68-seed20260923
first_party_vs_default,plain_default,,0.2270347,0.87644345,,,,,,20260923,223ae7ea3e685c7c69fc4f541c05270507523378eb46d34ed223d11ab67c14d7,r2-223ae7ea3e68-seed20260923
first_party_vs_default,plain_default,,0.28140524,0.58930985,,,,,,20260923,223ae7ea3e685c7c69fc4f541c05270507523378eb46d34ed223d11ab67c14d7,r2-223ae7ea3e68-seed20260923
first_party_vs_default,plain_default,,0.27754249,0.04670371,,,,,,20260923,223ae7ea3e685c7c69fc4f541c05270507523378eb46d34ed223d11ab67c14d7,r2-223ae7ea3e68-seed20260923
first_party_vs_default,plain_default,,0.59071204,0.01031706,,,,,,20260923,223ae7ea3e685c7c69fc4f541c05270507523378eb46d34ed223d11ab67c14d7,r2-223ae7ea3e68-seed20260923
first_party_vs_default,plain_default,,-0.69003032,0.39097682,,,,,,20260923,223ae7ea3e685c7c69fc4f541c05270507523378eb46d34ed223d11ab67c14d7,r2-223ae7ea3e68-seed20260923
first_party_vs_default,plain_default,,1.26075898,0.25478231,,,,,,20260923,223ae7ea3e685c7c69fc4f541c05270507523378eb46d34ed223d11ab67c14d7,r2-223ae7ea3e68-seed20260923
first_party_vs_default,plain_default,,-0.98014388,0.59751289,,,,,,20260923,223ae7ea3e685c7c69fc4f541c05270507523378eb46d34ed223d11ab67c14d7,r2-223ae7ea3e68-seed20260923
first_party_vs_default,plain_default,,0.41536427,-1.72730226,,,,,,20260923,223ae7ea3e685c7c69fc4f541c05270507523378eb46d34ed223d11ab67c14d7,r2-223ae7ea3e68-seed20260923
first_party_vs_default,plain_default,,-0.14910597,-0.51802282,,,,,,20260923,223ae7ea3e685c7c69fc4f541c05270507523378eb46d34ed223d11ab67c14d7,r2-223ae7ea3e68-seed20260923
first_party_vs_default,plain_default,,-0.29202822,-0.59145145,,,,,,20260923,223ae7ea3e685c7c69fc4f541c05270507523378eb46d34ed223d11ab67c14d7,r2-223ae7ea3e68-seed20260923
first_party_vs_default,plain_default,,-1.03487339,-0.19722838,,,,,,20260923,223ae7ea3e685c7c69fc4f541c05270507523378eb46d34ed223d11ab67c14d7,r2-223ae7ea3e68-seed20260923
first_party_vs_default,plain_default,,0.76932829,1.45479061,,,,,,20260923,223ae7ea3e685c7c69fc4f541c05270507523378eb46d34ed223d11ab67c14d7,r2-223ae7ea3e68-seed20260923
first_party_vs_default,plain_default,,0.4750142,0.75464548,,,,,,20260923,223ae7ea3e685c7c69fc4f541c05270507523378eb46d34ed223d11ab67c14d7,r2-223ae7ea3e68-seed20260923
first_party_vs_default,plain_default,,-2.62137697,-2.20581653,,,,,,20260923,223ae7ea3e685c7c69fc4f541c05270507523378eb46d34ed223d11ab67c14d7,r2-223ae7ea3e68-seed20260923
first_party_vs_default,plain_default,,-0.45027176,0.01188917,,,,,,20260923,223ae7ea3e685c7c69fc4f541c05270507523378eb46d34ed223d11ab67c14d7,r2-223ae7ea3e68-seed20260923
first_party_vs_default,plain_default,,-0.5414056,-1.55850341,,,,,,20260923,223ae7ea3e685c7c69fc4f541c05270507523378eb46d34ed223d11ab67c14d7,r2-223ae7ea3e68-seed20260923
first_party_vs_default,plain_default,,-0.27323674,-0.92468981,,,,,,20260923,223ae7ea3e685c7c69fc4f541c05270507523378eb46d34ed223d11ab67c14d7,r2-223ae7ea3e68-seed20260923
first_party_vs_default,plain_default,,-0.38773195,0.17159582,,,,,,20260923,223ae7ea3e685c7c69fc4f541c05270507523378eb46d34ed223d11ab67c14d7,r2-223ae7ea3e68-seed20260923
first_party_vs_default,plain_default,,-0.85271177,-0.97020546,,,,,,20260923,223ae7ea3e685c7c69fc4f541c05270507523378eb46d34ed223d11ab67c14d7,r2-223ae7ea3e68-seed20260923
first_party_vs_default,plain_default,,-0.47138858,0.04988188,,,,,,20260923,223ae7ea3e685c7c69fc4f541c05270507523378eb46d34ed223d11ab67c14d7,r2-223ae7ea3e68-seed20260923
first_party_vs_default,plain_default,,0.7966804,1.86901783,,,,,,20260923,223ae7ea3e685c7c69fc4f541c05270507523378eb46d34ed223d11ab67c14d7,r2-223ae7ea3e68-seed20260923
first_party_vs_default,plain_default,,0.63601251,0.8851701,,,,,,20260923,223ae7ea3e685c7c69fc4f541c05270507523378eb46d34ed223d11ab67c14d7,r2-223ae7ea3e68-seed20260923
first_party_vs_default,plain_default,,-0.34589399,-0.47933739,,,,,,20260923,223ae7ea3e685c7c69fc4f541c05270507523378eb46d34ed223d11ab67c14d7,r2-223ae7ea3e68-seed20260923
first_party_vs_default,plain_default,,-1.33575214,-0.6213388,,,,,,20260923,223ae7ea3e685c7c69fc4f541c05270507523378eb46d34ed223d11ab67c14d7,r2-223ae7ea3e68-seed20260923
first_party_vs_default,plain_default,,0.25715521,0.51311125,,,,,,20260923,223ae7ea3e685c7c69fc4f541c05270507523378eb46d34ed223d11ab67c14d7,r2-223ae7ea3e68-seed20260923
first_party_vs_default,plain_default,,-1.00860559,-2.07738622,,,,,,20260923,223ae7ea3e685c7c69fc4f541c05270507523378eb46d34ed223d11ab67c14d7,r2-223ae7ea3e68-seed20260923
first_party_vs_default,plain_default,,-0.48624452,-0.3843267,,,,,,20260923,223ae7ea3e685c7c69fc4f541c05270507523378eb46d34ed223d11ab67c14d7,r2-223ae7ea3e68-seed20260923
first_party_vs_default,plain_default,,0.45456676,0.45897231,,,,,,20260923,223ae7ea3e685c7c69fc4f541c05270507523378eb46d34ed223d11ab67c14d7,r2-223ae7ea3e68-seed20260923
first_party_vs_default,plain_default,,-2.17755433,-1.11609278,,,,,,20260923,223ae7ea3e685c7c69fc4f541c05270507523378eb46d34ed223d11ab67c14d7,r2-223ae7ea3e68-seed20260923
first_party_vs_default,plain_default,,0.50999638,-0.57308051,,,,,,20260923,223ae7ea3e685c7c69fc4f541c05270507523378eb46d34ed223d11ab67c14d7,r2-223ae7ea3e68-seed20260923
first_party_vs_default,plain_default,,-0.37764977,-0.02476865,,,,,,20260923,223ae7ea3e685c7c69fc4f541c05270507523378eb46d34ed223d11ab67c14d7,r2-223ae7ea3e68-seed20260923
first_party_vs_default,plain_default,,1.43960687,0.72502657,,,,,,20260923,223ae7ea3e685c7c69fc4f541c05270507523378eb46d34ed223d11ab67c14d7,r2-223ae7ea3e68-seed20260923
first_party_vs_default,plain_default,,1.07771375,1.61489857,,,,,,20260923,223ae7ea3e685c7c69fc4f541c05270507523378eb46d34ed223d11ab67c14d7,r2-223ae7ea3e68-seed20260923
first_party_vs_default,plain_default,,1.00905381,-0.44125214,,,,,,20260923,223ae7ea3e685c7c69fc4f541c05270507523378eb46d34ed223d11ab67c14d7,r2-223ae7ea3e68-seed20260923
first_party_vs_default,plain_default,,0.57331737,1.28654322,,,,,,20260923,223ae7ea3e685c7c69fc4f541c05270507523378eb46d34ed223d11ab67c14d7,r2-223ae7ea3e68-seed20260923
first_party_vs_default,plain_default,,-1.43068685,-2.65364575,,,,,,20260923,223ae7ea3e685c7c69fc4f541c05270507523378eb46d34ed223d11ab67c14d7,r2-223ae7ea3e68-seed20260923
first_party_vs_default,plain_default,,-0.98427819,-0.38197024,,,,,,20260923,223ae7ea3e685c7c69fc4f541c05270507523378eb46d34ed223d11ab67c14d7,r2-223ae7ea3e68-seed20260923
first_party_vs_default,plain_default,,0.53665799,1.8377757,,,,,,20260923,223ae7ea3e685c7c69fc4f541c05270507523378eb46d34ed223d11ab67c14d7,r2-223ae7ea3e68-seed20260923
first_party_vs_default,plain_default,,0.01177198,-0.6612551,,,,,,20260923,223ae7ea3e685c7c69fc4f541c05270507523378eb46d34ed223d11ab67c14d7,r2-223ae7ea3e68-seed20260923
first_party_vs_default,plain_default,,0.66113406,0.29959655,,,,,,20260923,223ae7ea3e685c7c69fc4f541c05270507523378eb46d34ed223d11ab67c14d7,r2-223ae7ea3e68-seed20260923
first_party_vs_default,plain_default,,-0.96529444,-1.66370048,,,,,,20260923,223ae7ea3e685c7c69fc4f541c05270507523378eb46d34ed223d11ab67c14d7,r2-223ae7ea3e68-seed20260923
first_party_vs_default,plain_default,,0.03434751,0.32352462,,,,,,20260923,223ae7ea3e685c7c69fc4f541c05270507523378eb46d34ed223d11ab67c14d7,r2-223ae7ea3e68-seed20260923
first_party_vs_default,plain_default,,-0.04958077,-0.07204779,,,,,,20260923,223ae7ea3e685c7c69fc4f541c05270507523378eb46d34ed223d11ab67c14d7,r2-223ae7ea3e68-seed20260923
first_party_vs_default,plain_default,,1.29702527,1.06857696,,,,,,20260923,223ae7ea3e685c7c69fc4f541c05270507523378eb46d34ed223d11ab67c14d7,r2-223ae7ea3e68-seed20260923
first_party_vs_default,plain_default,,-0.35529482,-1.06332842,,,,,,20260923,223ae7ea3e685c7c69fc4f541c05270507523378eb46d34ed223d11ab67c14d7,r2-223ae7ea3e68-seed20260923
first_party_vs_default,plain_default,,0.58861842,0.26649137,,,,,,20260923,223ae7ea3e685c7c69fc4f541c05270507523378eb46d34ed223d11ab67c14d7,r2-223ae7ea3e68-seed20260923
first_party_vs_default,plain_default,,-0.42432776,0.21472335,,,,,,20260923,223ae7ea3e685c7c69fc4f541c05270507523378eb46d34ed223d11ab67c14d7,r2-223ae7ea3e68-seed20260923
first_party_vs_default,plain_default,,1.04831781,0.76566255,,,,,,20260923,223ae7ea3e685c7c69fc4f541c05270507523378eb46d34ed223d11ab67c14d7,r2-223ae7ea3e68-seed20260923
first_party_vs_default,plain_default,,-0.16717851,0.1121341,,,,,,20260923,223ae7ea3e685c7c69fc4f541c05270507523378eb46d34ed223d11ab67c14d7,r2-223ae7ea3e68-seed20260923
first_party_vs_default,plain_default,,0.27943724,-0.27553602,,,,,,20260923,223ae7ea3e685c7c69fc4f541c05270507523378eb46d34ed223d11ab67c14d7,r2-223ae7ea3e68-seed20260923
first_party_vs_default,plain_default,,-0.25079156,0.00641726,,,,,,20260923,223ae7ea3e685c7c69fc4f541c05270507523378eb46d34ed223d11ab67c14d7,r2-223ae7ea3e68-seed20260923
first_party_vs_default,plain_default,,-0.75063593,-2.28384136,,,,,,20260923,223ae7ea3e685c7c69fc4f541c05270507523378eb46d34ed223d11ab67c14d7,r2-223ae7ea3e68-seed20260923
first_party_vs_default,plain_default,,0.55417017,0.28786045,,,,,,20260923,223ae7ea3e685c7c69fc4f541c05270507523378eb46d34ed223d11ab67c14d7,r2-223ae7ea3e68-seed20260923
first_party_vs_default,plain_default,,1.52554423,-0.02255757,,,,,,20260923,223ae7ea3e685c7c69fc4f541c05270507523378eb46d34ed223d11ab67c14d7,r2-223ae7ea3e68-seed20260923
first_party_vs_default,plain_default,,-0.09729332,-0.95664922,,,,,,20260923,223ae7ea3e685c7c69fc4f541c05270507523378eb46d34ed223d11ab67c14d7,r2-223ae7ea3e68-seed20260923
first_party_vs_default,plain_default,,1.51508023,0.71030765,,,,,,20260923,223ae7ea3e685c7c69fc4f541c05270507523378eb46d34ed223d11ab67c14d7,r2-223ae7ea3e68-seed20260923
first_party_vs_default,plain_default,,0.04103761,-0.00399483,,,,,,20260923,223ae7ea3e685c7c69fc4f541c05270507523378eb46d34ed223d11ab67c14d7,r2-223ae7ea3e68-seed20260923
first_party_vs_default,plain_default,,0.15049017,0.36246153,,,,,,20260923,223ae7ea3e685c7c69fc4f541c05270507523378eb46d34ed223d11ab67c14d7,r2-223ae7ea3e68-seed20260923
first_party_vs_default,plain_default,,0.48953054,0.02247265,,,,,,20260923,223ae7ea3e685c7c69fc4f541c05270507523378eb46d34ed223d11ab67c14d7,r2-223ae7ea3e68-seed20260923
first_party_vs_default,plain_default,,1.42109602,0.27735663,,,,,,20260923,223ae7ea3e685c7c69fc4f541c05270507523378eb46d34ed223d11ab67c14d7,r2-223ae7ea3e68-seed20260923
first_party_vs_default,plain_default,,-0.51783942,-1.05894118,,,,,,20260923,223ae7ea3e685c7c69fc4f541c05270507523378eb46d34ed223d11ab67c14d7,r2-223ae7ea3e68-seed20260923
first_party_vs_default,plain_default,,0.8966143,-0.01065925,,,,,,20260923,223ae7ea3e685c7c69fc4f541c05270507523378eb46d34ed223d11ab67c14d7,r2-223ae7ea3e68-seed20260923
first_party_vs_default,plain_default,,1.358943,1.22032356,,,,,,20260923,223ae7ea3e685c7c69fc4f541c05270507523378eb46d34ed223d11ab67c14d7,r2-223ae7ea3e68-seed20260923
first_party_vs_default,plain_default,,-0.34754059,-0.41493625,,,,,,20260923,223ae7ea3e685c7c69fc4f541c05270507523378eb46d34ed223d11ab67c14d7,r2-223ae7ea3e68-seed20260923
first_party_vs_default,plain_default,,-1.33844778,-0.20612412,,,,,,20260923,223ae7ea3e685c7c69fc4f541c05270507523378eb46d34ed223d11ab67c14d7,r2-223ae7ea3e68-seed20260923
first_party_vs_default,plain_default,,1.63163146,0.51275628,,,,,,20260923,223ae7ea3e685c7c69fc4f541c05270507523378eb46d34ed223d11ab67c14d7,r2-223ae7ea3e68-seed20260923
first_party_vs_default,plain_default,,0.89226067,0.47892207,,,,,,20260923,223ae7ea3e685c7c69fc4f541c05270507523378eb46d34ed223d11ab67c14d7,r2-223ae7ea3e68-seed20260923
first_party_vs_default,plain_default,,-0.02601028,0.37068747,,,,,,20260923,223ae7ea3e685c7c69fc4f541c05270507523378eb46d34ed223d11ab67c14d7,r2-223ae7ea3e68-seed20260923
first_party_vs_default,plain_default,,-0.66527042,-1.72705251,,,,,,20260923,223ae7ea3e685c7c69fc4f541c05270507523378eb46d34ed223d11ab67c14d7,r2-223ae7ea3e68-seed20260923
first_party_vs_default,plain_default,,-0.81665312,-0.6789262,,,,,,20260923,223ae7ea3e685c7c69fc4f541c05270507523378eb46d34ed223d11ab67c14d7,r2-223ae7ea3e68-seed20260923
first_party_vs_default,plain_default,,-0.99965942,-1.6353574,,,,,,20260923,223ae7ea3e685c7c69fc4f541c05270507523378eb46d34ed223d11ab67c14d7,r2-223ae7ea3e68-seed20260923
first_party_vs_default,plain_default,,-0.35548715,0.60825075,,,,,,20260923,223ae7ea3e685c7c69fc4f541c05270507523378eb46d34ed223d11ab67c14d7,r2-223ae7ea3e68-seed20260923
first_party_vs_default,plain_default,,-0.60506806,-0.4501132,,,,,,20260923,223ae7ea3e685c7c69fc4f541c05270507523378eb46d34ed223d11ab67c14d7,r2-223ae7ea3e68-seed20260923
first_party_vs_default,plain_default,,1.90864282,0.65227827,,,,,,20260923,223ae7ea3e685c7c69fc4f541c05270507523378eb46d34ed223d11ab67c14d7,r2-223ae7ea3e68-seed20260923
first_party_vs_default,plain_default,,-1.65133425,-0.4076165,,,,,,20260923,223ae7ea3e685c7c69fc4f541c05270507523378eb46d34ed223d11ab67c14d7,r2-223ae7ea3e68-seed20260923
first_party_vs_default,plain_default,,1.35997262,0.76820554,,,,,,20260923,223ae7ea3e685c7c69fc4f541c05270507523378eb46d34ed223d11ab67c14d7,r2-223ae7ea3e68-seed20260923
first_party_vs_default,plain_default,,1.51207966,0.1347901,,,,,,20260923,223ae7ea3e685c7c69fc4f541c05270507523378eb46d34ed223d11ab67c14d7,r2-223ae7ea3e68-seed20260923
first_party_vs_default,plain_default,,0.79069875,-0.86153899,,,,,,20260923,223ae7ea3e685c7c69fc4f541c05270507523378eb46d34ed223d11ab67c14d7,r2-223ae7ea3e68-seed20260923
first_party_vs_default,plain_default,,-0.30652457,-1.49213023,,,,,,20260923,223ae7ea3e685c7c69fc4f541c05270507523378eb46d34ed223d11ab67c14d7,r2-223ae7ea3e68-seed20260923
first_party_vs_default,plain_default,,-0.89075613,0.755555,,,,,,20260923,223ae7ea3e685c7c69fc4f541c05270507523378eb46d34ed223d11ab67c14d7,r2-223ae7ea3e68-seed20260923
first_party_vs_default,plain_default,,0.44108476,-0.11515672,,,,,,20260923,223ae7ea3e685c7c69fc4f541c05270507523378eb46d34ed223d11ab67c14d7,r2-223ae7ea3e68-seed20260923
first_party_vs_default,plain_default,,0.96370556,0.34683588,,,,,,20260923,223ae7ea3e685c7c69fc4f541c05270507523378eb46d34ed223d11ab67c14d7,r2-223ae7ea3e68-seed20260923
first_party_vs_default,plain_default,,0.354432,0.04215903,,,,,,20260923,223ae7ea3e685c7c69fc4f541c05270507523378eb46d34ed223d11ab67c14d7,r2-223ae7ea3e68-seed20260923
first_party_vs_default,plain_default,,-0.24172971,-0.47571339,,,,,,20260923,223ae7ea3e685c7c69fc4f541c05270507523378eb46d34ed223d11ab67c14d7,r2-223ae7ea3e68-seed20260923
first_party_vs_default,plain_default,,0.80848496,2.25670844,,,,,,20260923,223ae7ea3e685c7c69fc4f541c05270507523378eb46d34ed223d11ab67c14d7,r2-223ae7ea3e68-seed20260923
first_party_vs_default,plain_default,,-0.05325461,-0.46924164,,,,,,20260923,223ae7ea3e685c7c69fc4f541c05270507523378eb46d34ed223d11ab67c14d7,r2-223ae7ea3e68-seed20260923
first_party_vs_default,plain_default,,-0.79569716,-0.54059907,,,,,,20260923,223ae7ea3e685c7c69fc4f541c05270507523378eb46d34ed223d11ab67c14d7,r2-223ae7ea3e68-seed20260923
first_party_vs_default,plain_default,,0.59353381,-0.10615082,,,,,,20260923,223ae7ea3e685c7c69fc4f541c05270507523378eb46d34ed223d11ab67c14d7,r2-223ae7ea3e68-seed20260923
first_party_vs_default,plain_default,,-1.42104281,-0.03479869,,,,,,20260923,223ae7ea3e685c7c69fc4f541c05270507523378eb46d34ed223d11ab67c14d7,r2-223ae7ea3e68-seed20260923
first_party_vs_default,plain_default,,-1.9741572,-0.74682597,,,,,,20260923,223ae7ea3e685c7c69fc4f541c05270507523378eb46d34ed223d11ab67c14d7,r2-223ae7ea3e68-seed20260923
first_party_vs_default,plain_default,,-1.09009044,-1.41554785,,,,,,20260923,223ae7ea3e685c7c69fc4f541c05270507523378eb46d34ed223d11ab67c14d7,r2-223ae7ea3e68-seed20260923
first_party_vs_default,plain_default,,1.39181834,0.04127218,,,,,,20260923,223ae7ea3e685c7c69fc4f541c05270507523378eb46d34ed223d11ab67c14d7,r2-223ae7ea3e68-seed20260923
first_party_vs_default,best_auc,,,0.67822589,,,,,"best achievable AUC 0.68 (HistGB, 5-fold OOF)",20260923,223ae7ea3e685c7c69fc4f541c05270507523378eb46d34ed223d11ab67c14d7,r2-223ae7ea3e68-seed20260923
synthetic_vs_thin_file,synthetic_identity,,1.51278269,1.23417295,,,,,,20260923,223ae7ea3e685c7c69fc4f541c05270507523378eb46d34ed223d11ab67c14d7,r2-223ae7ea3e68-seed20260923
synthetic_vs_thin_file,synthetic_identity,,-2.01117437,0.11505723,,,,,,20260923,223ae7ea3e685c7c69fc4f541c05270507523378eb46d34ed223d11ab67c14d7,r2-223ae7ea3e68-seed20260923
synthetic_vs_thin_file,synthetic_identity,,1.75269531,0.87258226,,,,,,20260923,223ae7ea3e685c7c69fc4f541c05270507523378eb46d34ed223d11ab67c14d7,r2-223ae7ea3e68-seed20260923
synthetic_vs_thin_file,synthetic_identity,,2.30079895,1.4830727,,,,,,20260923,223ae7ea3e685c7c69fc4f541c05270507523378eb46d34ed223d11ab67c14d7,r2-223ae7ea3e68-seed20260923
synthetic_vs_thin_file,synthetic_identity,,0.69229342,1.37570807,,,,,,20260923,223ae7ea3e685c7c69fc4f541c05270507523378eb46d34ed223d11ab67c14d7,r2-223ae7ea3e68-seed20260923
synthetic_vs_thin_file,synthetic_identity,,-0.23350454,1.18106214,,,,,,20260923,223ae7ea3e685c7c69fc4f541c05270507523378eb46d34ed223d11ab67c14d7,r2-223ae7ea3e68-seed20260923
synthetic_vs_thin_file,synthetic_identity,,0.43555302,0.41424664,,,,,,20260923,223ae7ea3e685c7c69fc4f541c05270507523378eb46d34ed223d11ab67c14d7,r2-223ae7ea3e68-seed20260923
synthetic_vs_thin_file,synthetic_identity,,1.06594744,0.50592813,,,,,,20260923,223ae7ea3e685c7c69fc4f541c05270507523378eb46d34ed223d11ab67c14d7,r2-223ae7ea3e68-seed20260923
synthetic_vs_thin_file,synthetic_identity,,0.74032022,0.43569631,,,,,,20260923,223ae7ea3e685c7c69fc4f541c05270507523378eb46d34ed223d11ab67c14d7,r2-223ae7ea3e68-seed20260923
synthetic_vs_thin_file,synthetic_identity,,0.83784646,3.02489636,,,,,,20260923,223ae7ea3e685c7c69fc4f541c05270507523378eb46d34ed223d11ab67c14d7,r2-223ae7ea3e68-seed20260923
synthetic_vs_thin_file,synthetic_identity,,-1.12656208,-0.70606882,,,,,,20260923,223ae7ea3e685c7c69fc4f541c05270507523378eb46d34ed223d11ab67c14d7,r2-223ae7ea3e68-seed20260923
synthetic_vs_thin_file,synthetic_identity,,1.2892871,1.58589921,,,,,,20260923,223ae7ea3e685c7c69fc4f541c05270507523378eb46d34ed223d11ab67c14d7,r2-223ae7ea3e68-seed20260923
synthetic_vs_thin_file,synthetic_identity,,0.65067111,0.51438676,,,,,,20260923,223ae7ea3e685c7c69fc4f541c05270507523378eb46d34ed223d11ab67c14d7,r2-223ae7ea3e68-seed20260923
synthetic_vs_thin_file,synthetic_identity,,0.73347385,-0.58273828,,,,,,20260923,223ae7ea3e685c7c69fc4f541c05270507523378eb46d34ed223d11ab67c14d7,r2-223ae7ea3e68-seed20260923
synthetic_vs_thin_file,synthetic_identity,,-1.6914794,-1.34929797,,,,,,20260923,223ae7ea3e685c7c69fc4f541c05270507523378eb46d34ed223d11ab67c14d7,r2-223ae7ea3e68-seed20260923
synthetic_vs_thin_file,synthetic_identity,,1.09626918,1.25974489,,,,,,20260923,223ae7ea3e685c7c69fc4f541c05270507523378eb46d34ed223d11ab67c14d7,r2-223ae7ea3e68-seed20260923
synthetic_vs_thin_file,synthetic_identity,,-0.42629786,0.98650252,,,,,,20260923,223ae7ea3e685c7c69fc4f541c05270507523378eb46d34ed223d11ab67c14d7,r2-223ae7ea3e68-seed20260923
synthetic_vs_thin_file,synthetic_identity,,3.04693137,2.36306005,,,,,,20260923,223ae7ea3e685c7c69fc4f541c05270507523378eb46d34ed223d11ab67c14d7,r2-223ae7ea3e68-seed20260923
synthetic_vs_thin_file,synthetic_identity,,0.74669378,1.04529754,,,,,,20260923,223ae7ea3e685c7c69fc4f541c05270507523378eb46d34ed223d11ab67c14d7,r2-223ae7ea3e68-seed20260923
synthetic_vs_thin_file,synthetic_identity,,2.50690454,1.30837532,,,,,,20260923,223ae7ea3e685c7c69fc4f541c05270507523378eb46d34ed223d11ab67c14d7,r2-223ae7ea3e68-seed20260923
synthetic_vs_thin_file,synthetic_identity,,2.18735443,0.72348581,,,,,,20260923,223ae7ea3e685c7c69fc4f541c05270507523378eb46d34ed223d11ab67c14d7,r2-223ae7ea3e68-seed20260923
synthetic_vs_thin_file,synthetic_identity,,1.61917151,0.66315005,,,,,,20260923,223ae7ea3e685c7c69fc4f541c05270507523378eb46d34ed223d11ab67c14d7,r2-223ae7ea3e68-seed20260923
synthetic_vs_thin_file,synthetic_identity,,2.85760067,1.68790786,,,,,,20260923,223ae7ea3e685c7c69fc4f541c05270507523378eb46d34ed223d11ab67c14d7,r2-223ae7ea3e68-seed20260923
synthetic_vs_thin_file,synthetic_identity,,1.7289137,1.99652989,,,,,,20260923,223ae7ea3e685c7c69fc4f541c05270507523378eb46d34ed223d11ab67c14d7,r2-223ae7ea3e68-seed20260923
synthetic_vs_thin_file,synthetic_identity,,1.99724746,0.71358009,,,,,,20260923,223ae7ea3e685c7c69fc4f541c05270507523378eb46d34ed223d11ab67c14d7,r2-223ae7ea3e68-seed20260923
synthetic_vs_thin_file,synthetic_identity,,0.44756623,-0.00080892,,,,,,20260923,223ae7ea3e685c7c69fc4f541c05270507523378eb46d34ed223d11ab67c14d7,r2-223ae7ea3e68-seed20260923
synthetic_vs_thin_file,synthetic_identity,,1.81444676,0.2285056,,,,,,20260923,223ae7ea3e685c7c69fc4f541c05270507523378eb46d34ed223d11ab67c14d7,r2-223ae7ea3e68-seed20260923
synthetic_vs_thin_file,synthetic_identity,,2.03703196,1.68031947,,,,,,20260923,223ae7ea3e685c7c69fc4f541c05270507523378eb46d34ed223d11ab67c14d7,r2-223ae7ea3e68-seed20260923
synthetic_vs_thin_file,synthetic_identity,,0.19829279,-0.04545094,,,,,,20260923,223ae7ea3e685c7c69fc4f541c05270507523378eb46d34ed223d11ab67c14d7,r2-223ae7ea3e68-seed20260923
synthetic_vs_thin_file,synthetic_identity,,1.4032482,0.54215114,,,,,,20260923,223ae7ea3e685c7c69fc4f541c05270507523378eb46d34ed223d11ab67c14d7,r2-223ae7ea3e68-seed20260923
synthetic_vs_thin_file,synthetic_identity,,0.59166608,1.90575326,,,,,,20260923,223ae7ea3e685c7c69fc4f541c05270507523378eb46d34ed223d11ab67c14d7,r2-223ae7ea3e68-seed20260923
synthetic_vs_thin_file,synthetic_identity,,-0.10607693,0.21288186,,,,,,20260923,223ae7ea3e685c7c69fc4f541c05270507523378eb46d34ed223d11ab67c14d7,r2-223ae7ea3e68-seed20260923
synthetic_vs_thin_file,synthetic_identity,,0.93144023,0.81312974,,,,,,20260923,223ae7ea3e685c7c69fc4f541c05270507523378eb46d34ed223d11ab67c14d7,r2-223ae7ea3e68-seed20260923
synthetic_vs_thin_file,synthetic_identity,,-0.72797326,-1.07988091,,,,,,20260923,223ae7ea3e685c7c69fc4f541c05270507523378eb46d34ed223d11ab67c14d7,r2-223ae7ea3e68-seed20260923
synthetic_vs_thin_file,synthetic_identity,,-0.18392896,0.75939189,,,,,,20260923,223ae7ea3e685c7c69fc4f541c05270507523378eb46d34ed223d11ab67c14d7,r2-223ae7ea3e68-seed20260923
synthetic_vs_thin_file,synthetic_identity,,1.26989654,-0.14231722,,,,,,20260923,223ae7ea3e685c7c69fc4f541c05270507523378eb46d34ed223d11ab67c14d7,r2-223ae7ea3e68-seed20260923
synthetic_vs_thin_file,synthetic_identity,,0.50380567,1.19193876,,,,,,20260923,223ae7ea3e685c7c69fc4f541c05270507523378eb46d34ed223d11ab67c14d7,r2-223ae7ea3e68-seed20260923
synthetic_vs_thin_file,synthetic_identity,,1.12671662,1.44362853,,,,,,20260923,223ae7ea3e685c7c69fc4f541c05270507523378eb46d34ed223d11ab67c14d7,r2-223ae7ea3e68-seed20260923
synthetic_vs_thin_file,synthetic_identity,,2.40868254,2.5057561,,,,,,20260923,223ae7ea3e685c7c69fc4f541c05270507523378eb46d34ed223d11ab67c14d7,r2-223ae7ea3e68-seed20260923
synthetic_vs_thin_file,synthetic_identity,,0.90711701,-0.73388472,,,,,,20260923,223ae7ea3e685c7c69fc4f541c05270507523378eb46d34ed223d11ab67c14d7,r2-223ae7ea3e68-seed20260923
synthetic_vs_thin_file,synthetic_identity,,2.05185299,2.68796946,,,,,,20260923,223ae7ea3e685c7c69fc4f541c05270507523378eb46d34ed223d11ab67c14d7,r2-223ae7ea3e68-seed20260923
synthetic_vs_thin_file,synthetic_identity,,2.51880895,2.30749316,,,,,,20260923,223ae7ea3e685c7c69fc4f541c05270507523378eb46d34ed223d11ab67c14d7,r2-223ae7ea3e68-seed20260923
synthetic_vs_thin_file,synthetic_identity,,0.59078665,0.05898435,,,,,,20260923,223ae7ea3e685c7c69fc4f541c05270507523378eb46d34ed223d11ab67c14d7,r2-223ae7ea3e68-seed20260923
synthetic_vs_thin_file,synthetic_identity,,3.0565383,3.59639649,,,,,,20260923,223ae7ea3e685c7c69fc4f541c05270507523378eb46d34ed223d11ab67c14d7,r2-223ae7ea3e68-seed20260923
synthetic_vs_thin_file,synthetic_identity,,2.19156709,0.5101859,,,,,,20260923,223ae7ea3e685c7c69fc4f541c05270507523378eb46d34ed223d11ab67c14d7,r2-223ae7ea3e68-seed20260923
synthetic_vs_thin_file,synthetic_identity,,0.54787869,0.82023497,,,,,,20260923,223ae7ea3e685c7c69fc4f541c05270507523378eb46d34ed223d11ab67c14d7,r2-223ae7ea3e68-seed20260923
synthetic_vs_thin_file,synthetic_identity,,2.51869941,2.6421503,,,,,,20260923,223ae7ea3e685c7c69fc4f541c05270507523378eb46d34ed223d11ab67c14d7,r2-223ae7ea3e68-seed20260923
synthetic_vs_thin_file,synthetic_identity,,0.32414476,0.3161831,,,,,,20260923,223ae7ea3e685c7c69fc4f541c05270507523378eb46d34ed223d11ab67c14d7,r2-223ae7ea3e68-seed20260923
synthetic_vs_thin_file,synthetic_identity,,0.84826808,-0.16233881,,,,,,20260923,223ae7ea3e685c7c69fc4f541c05270507523378eb46d34ed223d11ab67c14d7,r2-223ae7ea3e68-seed20260923
synthetic_vs_thin_file,synthetic_identity,,0.49694119,-0.27080402,,,,,,20260923,223ae7ea3e685c7c69fc4f541c05270507523378eb46d34ed223d11ab67c14d7,r2-223ae7ea3e68-seed20260923
synthetic_vs_thin_file,synthetic_identity,,1.85804822,0.20104941,,,,,,20260923,223ae7ea3e685c7c69fc4f541c05270507523378eb46d34ed223d11ab67c14d7,r2-223ae7ea3e68-seed20260923
synthetic_vs_thin_file,synthetic_identity,,-0.2479374,-0.4380225,,,,,,20260923,223ae7ea3e685c7c69fc4f541c05270507523378eb46d34ed223d11ab67c14d7,r2-223ae7ea3e68-seed20260923
synthetic_vs_thin_file,synthetic_identity,,-0.07266052,0.18134136,,,,,,20260923,223ae7ea3e685c7c69fc4f541c05270507523378eb46d34ed223d11ab67c14d7,r2-223ae7ea3e68-seed20260923
synthetic_vs_thin_file,synthetic_identity,,2.00911242,2.02280297,,,,,,20260923,223ae7ea3e685c7c69fc4f541c05270507523378eb46d34ed223d11ab67c14d7,r2-223ae7ea3e68-seed20260923
synthetic_vs_thin_file,synthetic_identity,,0.51686968,0.82380817,,,,,,20260923,223ae7ea3e685c7c69fc4f541c05270507523378eb46d34ed223d11ab67c14d7,r2-223ae7ea3e68-seed20260923
synthetic_vs_thin_file,synthetic_identity,,0.25373745,-0.53107367,,,,,,20260923,223ae7ea3e685c7c69fc4f541c05270507523378eb46d34ed223d11ab67c14d7,r2-223ae7ea3e68-seed20260923
synthetic_vs_thin_file,synthetic_identity,,2.93196494,2.7289651,,,,,,20260923,223ae7ea3e685c7c69fc4f541c05270507523378eb46d34ed223d11ab67c14d7,r2-223ae7ea3e68-seed20260923
synthetic_vs_thin_file,synthetic_identity,,0.36225906,0.5096315,,,,,,20260923,223ae7ea3e685c7c69fc4f541c05270507523378eb46d34ed223d11ab67c14d7,r2-223ae7ea3e68-seed20260923
synthetic_vs_thin_file,synthetic_identity,,2.98550884,2.23744186,,,,,,20260923,223ae7ea3e685c7c69fc4f541c05270507523378eb46d34ed223d11ab67c14d7,r2-223ae7ea3e68-seed20260923
synthetic_vs_thin_file,synthetic_identity,,0.92868144,2.14429538,,,,,,20260923,223ae7ea3e685c7c69fc4f541c05270507523378eb46d34ed223d11ab67c14d7,r2-223ae7ea3e68-seed20260923
synthetic_vs_thin_file,synthetic_identity,,-0.99472871,-0.63812149,,,,,,20260923,223ae7ea3e685c7c69fc4f541c05270507523378eb46d34ed223d11ab67c14d7,r2-223ae7ea3e68-seed20260923
synthetic_vs_thin_file,synthetic_identity,,1.69719575,1.03956939,,,,,,20260923,223ae7ea3e685c7c69fc4f541c05270507523378eb46d34ed223d11ab67c14d7,r2-223ae7ea3e68-seed20260923
synthetic_vs_thin_file,synthetic_identity,,1.10687708,1.03210271,,,,,,20260923,223ae7ea3e685c7c69fc4f541c05270507523378eb46d34ed223d11ab67c14d7,r2-223ae7ea3e68-seed20260923
synthetic_vs_thin_file,synthetic_identity,,1.57882935,1.10076879,,,,,,20260923,223ae7ea3e685c7c69fc4f541c05270507523378eb46d34ed223d11ab67c14d7,r2-223ae7ea3e68-seed20260923
synthetic_vs_thin_file,synthetic_identity,,-0.2473479,-0.35103924,,,,,,20260923,223ae7ea3e685c7c69fc4f541c05270507523378eb46d34ed223d11ab67c14d7,r2-223ae7ea3e68-seed20260923
synthetic_vs_thin_file,synthetic_identity,,0.8438686,2.80444295,,,,,,20260923,223ae7ea3e685c7c69fc4f541c05270507523378eb46d34ed223d11ab67c14d7,r2-223ae7ea3e68-seed20260923
synthetic_vs_thin_file,synthetic_identity,,0.23869989,1.00163188,,,,,,20260923,223ae7ea3e685c7c69fc4f541c05270507523378eb46d34ed223d11ab67c14d7,r2-223ae7ea3e68-seed20260923
synthetic_vs_thin_file,synthetic_identity,,1.24688872,-0.34056813,,,,,,20260923,223ae7ea3e685c7c69fc4f541c05270507523378eb46d34ed223d11ab67c14d7,r2-223ae7ea3e68-seed20260923
synthetic_vs_thin_file,synthetic_identity,,0.01673116,1.09302733,,,,,,20260923,223ae7ea3e685c7c69fc4f541c05270507523378eb46d34ed223d11ab67c14d7,r2-223ae7ea3e68-seed20260923
synthetic_vs_thin_file,synthetic_identity,,2.98735945,2.47169058,,,,,,20260923,223ae7ea3e685c7c69fc4f541c05270507523378eb46d34ed223d11ab67c14d7,r2-223ae7ea3e68-seed20260923
synthetic_vs_thin_file,synthetic_identity,,1.91757001,2.38577434,,,,,,20260923,223ae7ea3e685c7c69fc4f541c05270507523378eb46d34ed223d11ab67c14d7,r2-223ae7ea3e68-seed20260923
synthetic_vs_thin_file,synthetic_identity,,0.75527961,0.87814968,,,,,,20260923,223ae7ea3e685c7c69fc4f541c05270507523378eb46d34ed223d11ab67c14d7,r2-223ae7ea3e68-seed20260923
synthetic_vs_thin_file,thin_file,,-0.37692491,-0.63854318,,,,,,20260923,223ae7ea3e685c7c69fc4f541c05270507523378eb46d34ed223d11ab67c14d7,r2-223ae7ea3e68-seed20260923
synthetic_vs_thin_file,thin_file,,-0.92587792,-0.19758369,,,,,,20260923,223ae7ea3e685c7c69fc4f541c05270507523378eb46d34ed223d11ab67c14d7,r2-223ae7ea3e68-seed20260923
synthetic_vs_thin_file,thin_file,,0.03677741,0.06826921,,,,,,20260923,223ae7ea3e685c7c69fc4f541c05270507523378eb46d34ed223d11ab67c14d7,r2-223ae7ea3e68-seed20260923
synthetic_vs_thin_file,thin_file,,1.71791586,0.5688186,,,,,,20260923,223ae7ea3e685c7c69fc4f541c05270507523378eb46d34ed223d11ab67c14d7,r2-223ae7ea3e68-seed20260923
synthetic_vs_thin_file,thin_file,,-0.38392848,-0.48909137,,,,,,20260923,223ae7ea3e685c7c69fc4f541c05270507523378eb46d34ed223d11ab67c14d7,r2-223ae7ea3e68-seed20260923
synthetic_vs_thin_file,thin_file,,3.09478696,2.83730511,,,,,,20260923,223ae7ea3e685c7c69fc4f541c05270507523378eb46d34ed223d11ab67c14d7,r2-223ae7ea3e68-seed20260923
synthetic_vs_thin_file,thin_file,,0.44317426,-0.50529927,,,,,,20260923,223ae7ea3e685c7c69fc4f541c05270507523378eb46d34ed223d11ab67c14d7,r2-223ae7ea3e68-seed20260923
synthetic_vs_thin_file,thin_file,,-0.00583123,0.30907108,,,,,,20260923,223ae7ea3e685c7c69fc4f541c05270507523378eb46d34ed223d11ab67c14d7,r2-223ae7ea3e68-seed20260923
synthetic_vs_thin_file,thin_file,,0.81711275,0.27778633,,,,,,20260923,223ae7ea3e685c7c69fc4f541c05270507523378eb46d34ed223d11ab67c14d7,r2-223ae7ea3e68-seed20260923
synthetic_vs_thin_file,thin_file,,-0.42997712,-0.33271041,,,,,,20260923,223ae7ea3e685c7c69fc4f541c05270507523378eb46d34ed223d11ab67c14d7,r2-223ae7ea3e68-seed20260923
synthetic_vs_thin_file,thin_file,,-1.70867647,-1.98585903,,,,,,20260923,223ae7ea3e685c7c69fc4f541c05270507523378eb46d34ed223d11ab67c14d7,r2-223ae7ea3e68-seed20260923
synthetic_vs_thin_file,thin_file,,0.42599107,0.73335785,,,,,,20260923,223ae7ea3e685c7c69fc4f541c05270507523378eb46d34ed223d11ab67c14d7,r2-223ae7ea3e68-seed20260923
synthetic_vs_thin_file,thin_file,,0.44004682,0.11167741,,,,,,20260923,223ae7ea3e685c7c69fc4f541c05270507523378eb46d34ed223d11ab67c14d7,r2-223ae7ea3e68-seed20260923
synthetic_vs_thin_file,thin_file,,1.41647051,1.03606037,,,,,,20260923,223ae7ea3e685c7c69fc4f541c05270507523378eb46d34ed223d11ab67c14d7,r2-223ae7ea3e68-seed20260923
synthetic_vs_thin_file,thin_file,,-0.14764858,1.52582364,,,,,,20260923,223ae7ea3e685c7c69fc4f541c05270507523378eb46d34ed223d11ab67c14d7,r2-223ae7ea3e68-seed20260923
synthetic_vs_thin_file,thin_file,,-0.37313261,0.47328357,,,,,,20260923,223ae7ea3e685c7c69fc4f541c05270507523378eb46d34ed223d11ab67c14d7,r2-223ae7ea3e68-seed20260923
synthetic_vs_thin_file,thin_file,,-1.19555982,-0.74276616,,,,,,20260923,223ae7ea3e685c7c69fc4f541c05270507523378eb46d34ed223d11ab67c14d7,r2-223ae7ea3e68-seed20260923
synthetic_vs_thin_file,thin_file,,1.03762912,0.6710117,,,,,,20260923,223ae7ea3e685c7c69fc4f541c05270507523378eb46d34ed223d11ab67c14d7,r2-223ae7ea3e68-seed20260923
synthetic_vs_thin_file,thin_file,,-0.69614489,-2.59444978,,,,,,20260923,223ae7ea3e685c7c69fc4f541c05270507523378eb46d34ed223d11ab67c14d7,r2-223ae7ea3e68-seed20260923
synthetic_vs_thin_file,thin_file,,-0.18683903,-0.03041351,,,,,,20260923,223ae7ea3e685c7c69fc4f541c05270507523378eb46d34ed223d11ab67c14d7,r2-223ae7ea3e68-seed20260923
synthetic_vs_thin_file,thin_file,,0.81636921,-0.63562891,,,,,,20260923,223ae7ea3e685c7c69fc4f541c05270507523378eb46d34ed223d11ab67c14d7,r2-223ae7ea3e68-seed20260923
synthetic_vs_thin_file,thin_file,,-1.10444885,-0.84844313,,,,,,20260923,223ae7ea3e685c7c69fc4f541c05270507523378eb46d34ed223d11ab67c14d7,r2-223ae7ea3e68-seed20260923
synthetic_vs_thin_file,thin_file,,0.28905721,-0.80590905,,,,,,20260923,223ae7ea3e685c7c69fc4f541c05270507523378eb46d34ed223d11ab67c14d7,r2-223ae7ea3e68-seed20260923
synthetic_vs_thin_file,thin_file,,0.47140288,-1.10972766,,,,,,20260923,223ae7ea3e685c7c69fc4f541c05270507523378eb46d34ed223d11ab67c14d7,r2-223ae7ea3e68-seed20260923
synthetic_vs_thin_file,thin_file,,2.57244981,1.4458385,,,,,,20260923,223ae7ea3e685c7c69fc4f541c05270507523378eb46d34ed223d11ab67c14d7,r2-223ae7ea3e68-seed20260923
synthetic_vs_thin_file,thin_file,,0.40506097,-0.36412227,,,,,,20260923,223ae7ea3e685c7c69fc4f541c05270507523378eb46d34ed223d11ab67c14d7,r2-223ae7ea3e68-seed20260923
synthetic_vs_thin_file,thin_file,,-1.34799692,-1.17700013,,,,,,20260923,223ae7ea3e685c7c69fc4f541c05270507523378eb46d34ed223d11ab67c14d7,r2-223ae7ea3e68-seed20260923
synthetic_vs_thin_file,thin_file,,-0.00696104,-0.7114598,,,,,,20260923,223ae7ea3e685c7c69fc4f541c05270507523378eb46d34ed223d11ab67c14d7,r2-223ae7ea3e68-seed20260923
synthetic_vs_thin_file,thin_file,,1.23085748,0.78935997,,,,,,20260923,223ae7ea3e685c7c69fc4f541c05270507523378eb46d34ed223d11ab67c14d7,r2-223ae7ea3e68-seed20260923
synthetic_vs_thin_file,thin_file,,0.1389386,1.68748558,,,,,,20260923,223ae7ea3e685c7c69fc4f541c05270507523378eb46d34ed223d11ab67c14d7,r2-223ae7ea3e68-seed20260923
synthetic_vs_thin_file,thin_file,,-1.91187344,-0.19755847,,,,,,20260923,223ae7ea3e685c7c69fc4f541c05270507523378eb46d34ed223d11ab67c14d7,r2-223ae7ea3e68-seed20260923
synthetic_vs_thin_file,thin_file,,-0.29486901,-0.89190119,,,,,,20260923,223ae7ea3e685c7c69fc4f541c05270507523378eb46d34ed223d11ab67c14d7,r2-223ae7ea3e68-seed20260923
synthetic_vs_thin_file,thin_file,,0.69392148,0.18869025,,,,,,20260923,223ae7ea3e685c7c69fc4f541c05270507523378eb46d34ed223d11ab67c14d7,r2-223ae7ea3e68-seed20260923
synthetic_vs_thin_file,thin_file,,-0.30960572,-0.60332899,,,,,,20260923,223ae7ea3e685c7c69fc4f541c05270507523378eb46d34ed223d11ab67c14d7,r2-223ae7ea3e68-seed20260923
synthetic_vs_thin_file,thin_file,,1.30232682,-0.43737712,,,,,,20260923,223ae7ea3e685c7c69fc4f541c05270507523378eb46d34ed223d11ab67c14d7,r2-223ae7ea3e68-seed20260923
synthetic_vs_thin_file,thin_file,,0.88486108,0.94848455,,,,,,20260923,223ae7ea3e685c7c69fc4f541c05270507523378eb46d34ed223d11ab67c14d7,r2-223ae7ea3e68-seed20260923
synthetic_vs_thin_file,thin_file,,-0.79295758,0.02236446,,,,,,20260923,223ae7ea3e685c7c69fc4f541c05270507523378eb46d34ed223d11ab67c14d7,r2-223ae7ea3e68-seed20260923
synthetic_vs_thin_file,thin_file,,0.42544261,0.35491839,,,,,,20260923,223ae7ea3e685c7c69fc4f541c05270507523378eb46d34ed223d11ab67c14d7,r2-223ae7ea3e68-seed20260923
synthetic_vs_thin_file,thin_file,,0.81318614,1.50418726,,,,,,20260923,223ae7ea3e685c7c69fc4f541c05270507523378eb46d34ed223d11ab67c14d7,r2-223ae7ea3e68-seed20260923
synthetic_vs_thin_file,thin_file,,0.88825902,1.14905137,,,,,,20260923,223ae7ea3e685c7c69fc4f541c05270507523378eb46d34ed223d11ab67c14d7,r2-223ae7ea3e68-seed20260923
synthetic_vs_thin_file,thin_file,,-1.94081014,-1.56318219,,,,,,20260923,223ae7ea3e685c7c69fc4f541c05270507523378eb46d34ed223d11ab67c14d7,r2-223ae7ea3e68-seed20260923
synthetic_vs_thin_file,thin_file,,-2.05232104,-1.35541844,,,,,,20260923,223ae7ea3e685c7c69fc4f541c05270507523378eb46d34ed223d11ab67c14d7,r2-223ae7ea3e68-seed20260923
synthetic_vs_thin_file,thin_file,,-1.48437794,0.08237141,,,,,,20260923,223ae7ea3e685c7c69fc4f541c05270507523378eb46d34ed223d11ab67c14d7,r2-223ae7ea3e68-seed20260923
synthetic_vs_thin_file,thin_file,,0.0949798,1.36342151,,,,,,20260923,223ae7ea3e685c7c69fc4f541c05270507523378eb46d34ed223d11ab67c14d7,r2-223ae7ea3e68-seed20260923
synthetic_vs_thin_file,thin_file,,-0.24459341,-0.28950066,,,,,,20260923,223ae7ea3e685c7c69fc4f541c05270507523378eb46d34ed223d11ab67c14d7,r2-223ae7ea3e68-seed20260923
synthetic_vs_thin_file,thin_file,,0.84443751,0.81332515,,,,,,20260923,223ae7ea3e685c7c69fc4f541c05270507523378eb46d34ed223d11ab67c14d7,r2-223ae7ea3e68-seed20260923
synthetic_vs_thin_file,thin_file,,0.55963506,-0.71162437,,,,,,20260923,223ae7ea3e685c7c69fc4f541c05270507523378eb46d34ed223d11ab67c14d7,r2-223ae7ea3e68-seed20260923
synthetic_vs_thin_file,thin_file,,1.34976769,0.03744102,,,,,,20260923,223ae7ea3e685c7c69fc4f541c05270507523378eb46d34ed223d11ab67c14d7,r2-223ae7ea3e68-seed20260923
synthetic_vs_thin_file,thin_file,,-0.22372842,-0.73633914,,,,,,20260923,223ae7ea3e685c7c69fc4f541c05270507523378eb46d34ed223d11ab67c14d7,r2-223ae7ea3e68-seed20260923
synthetic_vs_thin_file,thin_file,,-0.27170422,0.18534788,,,,,,20260923,223ae7ea3e685c7c69fc4f541c05270507523378eb46d34ed223d11ab67c14d7,r2-223ae7ea3e68-seed20260923
synthetic_vs_thin_file,thin_file,,-0.06724353,0.74179867,,,,,,20260923,223ae7ea3e685c7c69fc4f541c05270507523378eb46d34ed223d11ab67c14d7,r2-223ae7ea3e68-seed20260923
synthetic_vs_thin_file,thin_file,,0.32853942,-0.04510397,,,,,,20260923,223ae7ea3e685c7c69fc4f541c05270507523378eb46d34ed223d11ab67c14d7,r2-223ae7ea3e68-seed20260923
synthetic_vs_thin_file,thin_file,,0.59306056,0.02084675,,,,,,20260923,223ae7ea3e685c7c69fc4f541c05270507523378eb46d34ed223d11ab67c14d7,r2-223ae7ea3e68-seed20260923
synthetic_vs_thin_file,thin_file,,0.69850659,0.98555656,,,,,,20260923,223ae7ea3e685c7c69fc4f541c05270507523378eb46d34ed223d11ab67c14d7,r2-223ae7ea3e68-seed20260923
synthetic_vs_thin_file,thin_file,,0.07973375,0.39527944,,,,,,20260923,223ae7ea3e685c7c69fc4f541c05270507523378eb46d34ed223d11ab67c14d7,r2-223ae7ea3e68-seed20260923
synthetic_vs_thin_file,thin_file,,0.53490969,-0.8526704,,,,,,20260923,223ae7ea3e685c7c69fc4f541c05270507523378eb46d34ed223d11ab67c14d7,r2-223ae7ea3e68-seed20260923
synthetic_vs_thin_file,thin_file,,-0.92895573,-0.53774776,,,,,,20260923,223ae7ea3e685c7c69fc4f541c05270507523378eb46d34ed223d11ab67c14d7,r2-223ae7ea3e68-seed20260923
synthetic_vs_thin_file,thin_file,,1.63192902,2.92431143,,,,,,20260923,223ae7ea3e685c7c69fc4f541c05270507523378eb46d34ed223d11ab67c14d7,r2-223ae7ea3e68-seed20260923
synthetic_vs_thin_file,thin_file,,0.18037233,-0.55387937,,,,,,20260923,223ae7ea3e685c7c69fc4f541c05270507523378eb46d34ed223d11ab67c14d7,r2-223ae7ea3e68-seed20260923
synthetic_vs_thin_file,thin_file,,-0.27104673,0.56382102,,,,,,20260923,223ae7ea3e685c7c69fc4f541c05270507523378eb46d34ed223d11ab67c14d7,r2-223ae7ea3e68-seed20260923
synthetic_vs_thin_file,thin_file,,0.59345274,1.05809731,,,,,,20260923,223ae7ea3e685c7c69fc4f541c05270507523378eb46d34ed223d11ab67c14d7,r2-223ae7ea3e68-seed20260923
synthetic_vs_thin_file,thin_file,,1.4296028,1.2876213,,,,,,20260923,223ae7ea3e685c7c69fc4f541c05270507523378eb46d34ed223d11ab67c14d7,r2-223ae7ea3e68-seed20260923
synthetic_vs_thin_file,thin_file,,1.98761066,1.08888147,,,,,,20260923,223ae7ea3e685c7c69fc4f541c05270507523378eb46d34ed223d11ab67c14d7,r2-223ae7ea3e68-seed20260923
synthetic_vs_thin_file,thin_file,,-1.77346296,-1.90201376,,,,,,20260923,223ae7ea3e685c7c69fc4f541c05270507523378eb46d34ed223d11ab67c14d7,r2-223ae7ea3e68-seed20260923
synthetic_vs_thin_file,thin_file,,0.1596305,0.13531108,,,,,,20260923,223ae7ea3e685c7c69fc4f541c05270507523378eb46d34ed223d11ab67c14d7,r2-223ae7ea3e68-seed20260923
synthetic_vs_thin_file,thin_file,,0.60998773,3.19796814,,,,,,20260923,223ae7ea3e685c7c69fc4f541c05270507523378eb46d34ed223d11ab67c14d7,r2-223ae7ea3e68-seed20260923
synthetic_vs_thin_file,thin_file,,-0.28074411,-0.16413697,,,,,,20260923,223ae7ea3e685c7c69fc4f541c05270507523378eb46d34ed223d11ab67c14d7,r2-223ae7ea3e68-seed20260923
synthetic_vs_thin_file,thin_file,,-1.63478702,-2.4768248,,,,,,20260923,223ae7ea3e685c7c69fc4f541c05270507523378eb46d34ed223d11ab67c14d7,r2-223ae7ea3e68-seed20260923
synthetic_vs_thin_file,thin_file,,-0.07428172,-0.79303497,,,,,,20260923,223ae7ea3e685c7c69fc4f541c05270507523378eb46d34ed223d11ab67c14d7,r2-223ae7ea3e68-seed20260923
synthetic_vs_thin_file,thin_file,,-1.86873259,-0.45482138,,,,,,20260923,223ae7ea3e685c7c69fc4f541c05270507523378eb46d34ed223d11ab67c14d7,r2-223ae7ea3e68-seed20260923
synthetic_vs_thin_file,thin_file,,0.26679387,-0.40361609,,,,,,20260923,223ae7ea3e685c7c69fc4f541c05270507523378eb46d34ed223d11ab67c14d7,r2-223ae7ea3e68-seed20260923
synthetic_vs_thin_file,thin_file,,0.91783585,0.454277,,,,,,20260923,223ae7ea3e685c7c69fc4f541c05270507523378eb46d34ed223d11ab67c14d7,r2-223ae7ea3e68-seed20260923
synthetic_vs_thin_file,thin_file,,0.05232006,-0.6767481,,,,,,20260923,223ae7ea3e685c7c69fc4f541c05270507523378eb46d34ed223d11ab67c14d7,r2-223ae7ea3e68-seed20260923
synthetic_vs_thin_file,thin_file,,0.57163795,-0.07124103,,,,,,20260923,223ae7ea3e685c7c69fc4f541c05270507523378eb46d34ed223d11ab67c14d7,r2-223ae7ea3e68-seed20260923
synthetic_vs_thin_file,thin_file,,1.40685982,1.40487697,,,,,,20260923,223ae7ea3e685c7c69fc4f541c05270507523378eb46d34ed223d11ab67c14d7,r2-223ae7ea3e68-seed20260923
synthetic_vs_thin_file,thin_file,,-0.47874053,-1.44627646,,,,,,20260923,223ae7ea3e685c7c69fc4f541c05270507523378eb46d34ed223d11ab67c14d7,r2-223ae7ea3e68-seed20260923
synthetic_vs_thin_file,thin_file,,-0.82770667,-0.64770206,,,,,,20260923,223ae7ea3e685c7c69fc4f541c05270507523378eb46d34ed223d11ab67c14d7,r2-223ae7ea3e68-seed20260923
synthetic_vs_thin_file,thin_file,,-0.80590522,-0.51991325,,,,,,20260923,223ae7ea3e685c7c69fc4f541c05270507523378eb46d34ed223d11ab67c14d7,r2-223ae7ea3e68-seed20260923
synthetic_vs_thin_file,thin_file,,-0.86140706,-0.64839372,,,,,,20260923,223ae7ea3e685c7c69fc4f541c05270507523378eb46d34ed223d11ab67c14d7,r2-223ae7ea3e68-seed20260923
synthetic_vs_thin_file,thin_file,,-0.61441349,0.32792545,,,,,,20260923,223ae7ea3e685c7c69fc4f541c05270507523378eb46d34ed223d11ab67c14d7,r2-223ae7ea3e68-seed20260923
synthetic_vs_thin_file,thin_file,,-1.47058919,-1.74428573,,,,,,20260923,223ae7ea3e685c7c69fc4f541c05270507523378eb46d34ed223d11ab67c14d7,r2-223ae7ea3e68-seed20260923
synthetic_vs_thin_file,thin_file,,-0.72199723,-0.39571412,,,,,,20260923,223ae7ea3e685c7c69fc4f541c05270507523378eb46d34ed223d11ab67c14d7,r2-223ae7ea3e68-seed20260923
synthetic_vs_thin_file,thin_file,,-0.68251746,-0.55551088,,,,,,20260923,223ae7ea3e685c7c69fc4f541c05270507523378eb46d34ed223d11ab67c14d7,r2-223ae7ea3e68-seed20260923
synthetic_vs_thin_file,thin_file,,0.64266821,0.80663911,,,,,,20260923,223ae7ea3e685c7c69fc4f541c05270507523378eb46d34ed223d11ab67c14d7,r2-223ae7ea3e68-seed20260923
synthetic_vs_thin_file,thin_file,,0.9771809,0.47637069,,,,,,20260923,223ae7ea3e685c7c69fc4f541c05270507523378eb46d34ed223d11ab67c14d7,r2-223ae7ea3e68-seed20260923
synthetic_vs_thin_file,thin_file,,1.38418707,2.17047037,,,,,,20260923,223ae7ea3e685c7c69fc4f541c05270507523378eb46d34ed223d11ab67c14d7,r2-223ae7ea3e68-seed20260923
synthetic_vs_thin_file,thin_file,,-0.08823241,-1.26129772,,,,,,20260923,223ae7ea3e685c7c69fc4f541c05270507523378eb46d34ed223d11ab67c14d7,r2-223ae7ea3e68-seed20260923
synthetic_vs_thin_file,thin_file,,-0.68362618,-0.50456367,,,,,,20260923,223ae7ea3e685c7c69fc4f541c05270507523378eb46d34ed223d11ab67c14d7,r2-223ae7ea3e68-seed20260923
synthetic_vs_thin_file,thin_file,,-0.34524892,-1.02964648,,,,,,20260923,223ae7ea3e685c7c69fc4f541c05270507523378eb46d34ed223d11ab67c14d7,r2-223ae7ea3e68-seed20260923
synthetic_vs_thin_file,thin_file,,-1.44128581,-1.47606609,,,,,,20260923,223ae7ea3e685c7c69fc4f541c05270507523378eb46d34ed223d11ab67c14d7,r2-223ae7ea3e68-seed20260923
synthetic_vs_thin_file,thin_file,,1.66087614,0.55878556,,,,,,20260923,223ae7ea3e685c7c69fc4f541c05270507523378eb46d34ed223d11ab67c14d7,r2-223ae7ea3e68-seed20260923
synthetic_vs_thin_file,thin_file,,-0.3984066,0.57249753,,,,,,20260923,223ae7ea3e685c7c69fc4f541c05270507523378eb46d34ed223d11ab67c14d7,r2-223ae7ea3e68-seed20260923
synthetic_vs_thin_file,thin_file,,0.2051093,-0.18287638,,,,,,20260923,223ae7ea3e685c7c69fc4f541c05270507523378eb46d34ed223d11ab67c14d7,r2-223ae7ea3e68-seed20260923
synthetic_vs_thin_file,thin_file,,0.90454727,0.30948544,,,,,,20260923,223ae7ea3e685c7c69fc4f541c05270507523378eb46d34ed223d11ab67c14d7,r2-223ae7ea3e68-seed20260923
synthetic_vs_thin_file,thin_file,,-0.43787675,-0.95114828,,,,,,20260923,223ae7ea3e685c7c69fc4f541c05270507523378eb46d34ed223d11ab67c14d7,r2-223ae7ea3e68-seed20260923
synthetic_vs_thin_file,thin_file,,1.6298357,0.79251297,,,,,,20260923,223ae7ea3e685c7c69fc4f541c05270507523378eb46d34ed223d11ab67c14d7,r2-223ae7ea3e68-seed20260923
synthetic_vs_thin_file,thin_file,,0.1149907,-1.8830878,,,,,,20260923,223ae7ea3e685c7c69fc4f541c05270507523378eb46d34ed223d11ab67c14d7,r2-223ae7ea3e68-seed20260923
synthetic_vs_thin_file,thin_file,,0.02458014,0.21404367,,,,,,20260923,223ae7ea3e685c7c69fc4f541c05270507523378eb46d34ed223d11ab67c14d7,r2-223ae7ea3e68-seed20260923
synthetic_vs_thin_file,thin_file,,0.2230699,-1.82301612,,,,,,20260923,223ae7ea3e685c7c69fc4f541c05270507523378eb46d34ed223d11ab67c14d7,r2-223ae7ea3e68-seed20260923
synthetic_vs_thin_file,thin_file,,0.2410543,1.68530852,,,,,,20260923,223ae7ea3e685c7c69fc4f541c05270507523378eb46d34ed223d11ab67c14d7,r2-223ae7ea3e68-seed20260923
synthetic_vs_thin_file,thin_file,,-0.90685044,0.35106888,,,,,,20260923,223ae7ea3e685c7c69fc4f541c05270507523378eb46d34ed223d11ab67c14d7,r2-223ae7ea3e68-seed20260923
synthetic_vs_thin_file,thin_file,,-0.68892001,-1.11086681,,,,,,20260923,223ae7ea3e685c7c69fc4f541c05270507523378eb46d34ed223d11ab67c14d7,r2-223ae7ea3e68-seed20260923
synthetic_vs_thin_file,thin_file,,1.32469432,1.64648438,,,,,,20260923,223ae7ea3e685c7c69fc4f541c05270507523378eb46d34ed223d11ab67c14d7,r2-223ae7ea3e68-seed20260923
synthetic_vs_thin_file,thin_file,,0.73237097,0.70723527,,,,,,20260923,223ae7ea3e685c7c69fc4f541c05270507523378eb46d34ed223d11ab67c14d7,r2-223ae7ea3e68-seed20260923
synthetic_vs_thin_file,thin_file,,-1.0485583,-1.56058444,,,,,,20260923,223ae7ea3e685c7c69fc4f541c05270507523378eb46d34ed223d11ab67c14d7,r2-223ae7ea3e68-seed20260923
synthetic_vs_thin_file,thin_file,,-0.07592803,-0.91455837,,,,,,20260923,223ae7ea3e685c7c69fc4f541c05270507523378eb46d34ed223d11ab67c14d7,r2-223ae7ea3e68-seed20260923
synthetic_vs_thin_file,thin_file,,-0.77211013,-0.3859152,,,,,,20260923,223ae7ea3e685c7c69fc4f541c05270507523378eb46d34ed223d11ab67c14d7,r2-223ae7ea3e68-seed20260923
synthetic_vs_thin_file,thin_file,,-0.62072905,0.14874905,,,,,,20260923,223ae7ea3e685c7c69fc4f541c05270507523378eb46d34ed223d11ab67c14d7,r2-223ae7ea3e68-seed20260923
synthetic_vs_thin_file,thin_file,,-0.82888891,-0.33526166,,,,,,20260923,223ae7ea3e685c7c69fc4f541c05270507523378eb46d34ed223d11ab67c14d7,r2-223ae7ea3e68-seed20260923
synthetic_vs_thin_file,thin_file,,-0.38753432,0.40883821,,,,,,20260923,223ae7ea3e685c7c69fc4f541c05270507523378eb46d34ed223d11ab67c14d7,r2-223ae7ea3e68-seed20260923
synthetic_vs_thin_file,thin_file,,0.85089398,1.68422144,,,,,,20260923,223ae7ea3e685c7c69fc4f541c05270507523378eb46d34ed223d11ab67c14d7,r2-223ae7ea3e68-seed20260923
synthetic_vs_thin_file,thin_file,,-0.27467439,-0.5440521,,,,,,20260923,223ae7ea3e685c7c69fc4f541c05270507523378eb46d34ed223d11ab67c14d7,r2-223ae7ea3e68-seed20260923
synthetic_vs_thin_file,thin_file,,0.10048634,-0.14959803,,,,,,20260923,223ae7ea3e685c7c69fc4f541c05270507523378eb46d34ed223d11ab67c14d7,r2-223ae7ea3e68-seed20260923
synthetic_vs_thin_file,thin_file,,0.4156478,0.51903318,,,,,,20260923,223ae7ea3e685c7c69fc4f541c05270507523378eb46d34ed223d11ab67c14d7,r2-223ae7ea3e68-seed20260923
synthetic_vs_thin_file,thin_file,,-0.76003185,0.17665109,,,,,,20260923,223ae7ea3e685c7c69fc4f541c05270507523378eb46d34ed223d11ab67c14d7,r2-223ae7ea3e68-seed20260923
synthetic_vs_thin_file,thin_file,,-0.43728229,-1.55882792,,,,,,20260923,223ae7ea3e685c7c69fc4f541c05270507523378eb46d34ed223d11ab67c14d7,r2-223ae7ea3e68-seed20260923
synthetic_vs_thin_file,thin_file,,0.44202473,0.56455912,,,,,,20260923,223ae7ea3e685c7c69fc4f541c05270507523378eb46d34ed223d11ab67c14d7,r2-223ae7ea3e68-seed20260923
synthetic_vs_thin_file,thin_file,,0.37422455,0.03463891,,,,,,20260923,223ae7ea3e685c7c69fc4f541c05270507523378eb46d34ed223d11ab67c14d7,r2-223ae7ea3e68-seed20260923
synthetic_vs_thin_file,thin_file,,-1.53174752,0.18104942,,,,,,20260923,223ae7ea3e685c7c69fc4f541c05270507523378eb46d34ed223d11ab67c14d7,r2-223ae7ea3e68-seed20260923
synthetic_vs_thin_file,thin_file,,-0.95577847,-2.02347855,,,,,,20260923,223ae7ea3e685c7c69fc4f541c05270507523378eb46d34ed223d11ab67c14d7,r2-223ae7ea3e68-seed20260923
synthetic_vs_thin_file,thin_file,,-0.23949344,-1.03039066,,,,,,20260923,223ae7ea3e685c7c69fc4f541c05270507523378eb46d34ed223d11ab67c14d7,r2-223ae7ea3e68-seed20260923
synthetic_vs_thin_file,thin_file,,-1.28426267,-0.97705505,,,,,,20260923,223ae7ea3e685c7c69fc4f541c05270507523378eb46d34ed223d11ab67c14d7,r2-223ae7ea3e68-seed20260923
synthetic_vs_thin_file,thin_file,,0.18464817,-0.99744507,,,,,,20260923,223ae7ea3e685c7c69fc4f541c05270507523378eb46d34ed223d11ab67c14d7,r2-223ae7ea3e68-seed20260923
synthetic_vs_thin_file,thin_file,,-2.02315181,-2.12595269,,,,,,20260923,223ae7ea3e685c7c69fc4f541c05270507523378eb46d34ed223d11ab67c14d7,r2-223ae7ea3e68-seed20260923
synthetic_vs_thin_file,thin_file,,-0.9812558,-2.17047193,,,,,,20260923,223ae7ea3e685c7c69fc4f541c05270507523378eb46d34ed223d11ab67c14d7,r2-223ae7ea3e68-seed20260923
synthetic_vs_thin_file,thin_file,,-0.95933138,-0.82919462,,,,,,20260923,223ae7ea3e685c7c69fc4f541c05270507523378eb46d34ed223d11ab67c14d7,r2-223ae7ea3e68-seed20260923
synthetic_vs_thin_file,thin_file,,-0.886152,-0.70548264,,,,,,20260923,223ae7ea3e685c7c69fc4f541c05270507523378eb46d34ed223d11ab67c14d7,r2-223ae7ea3e68-seed20260923
synthetic_vs_thin_file,thin_file,,-0.03322533,0.33976068,,,,,,20260923,223ae7ea3e685c7c69fc4f541c05270507523378eb46d34ed223d11ab67c14d7,r2-223ae7ea3e68-seed20260923
synthetic_vs_thin_file,thin_file,,-0.46377837,0.50809813,,,,,,20260923,223ae7ea3e685c7c69fc4f541c05270507523378eb46d34ed223d11ab67c14d7,r2-223ae7ea3e68-seed20260923
synthetic_vs_thin_file,thin_file,,0.8883723,2.37934894,,,,,,20260923,223ae7ea3e685c7c69fc4f541c05270507523378eb46d34ed223d11ab67c14d7,r2-223ae7ea3e68-seed20260923
synthetic_vs_thin_file,thin_file,,-1.86757291,-0.92135166,,,,,,20260923,223ae7ea3e685c7c69fc4f541c05270507523378eb46d34ed223d11ab67c14d7,r2-223ae7ea3e68-seed20260923
synthetic_vs_thin_file,thin_file,,-0.68874693,-0.6632695,,,,,,20260923,223ae7ea3e685c7c69fc4f541c05270507523378eb46d34ed223d11ab67c14d7,r2-223ae7ea3e68-seed20260923
synthetic_vs_thin_file,thin_file,,-0.58765856,-0.46599284,,,,,,20260923,223ae7ea3e685c7c69fc4f541c05270507523378eb46d34ed223d11ab67c14d7,r2-223ae7ea3e68-seed20260923
synthetic_vs_thin_file,thin_file,,-0.63663329,0.13067647,,,,,,20260923,223ae7ea3e685c7c69fc4f541c05270507523378eb46d34ed223d11ab67c14d7,r2-223ae7ea3e68-seed20260923
synthetic_vs_thin_file,thin_file,,0.04345578,-0.04583614,,,,,,20260923,223ae7ea3e685c7c69fc4f541c05270507523378eb46d34ed223d11ab67c14d7,r2-223ae7ea3e68-seed20260923
synthetic_vs_thin_file,thin_file,,0.50988126,-0.43718423,,,,,,20260923,223ae7ea3e685c7c69fc4f541c05270507523378eb46d34ed223d11ab67c14d7,r2-223ae7ea3e68-seed20260923
synthetic_vs_thin_file,thin_file,,0.75773331,0.52837237,,,,,,20260923,223ae7ea3e685c7c69fc4f541c05270507523378eb46d34ed223d11ab67c14d7,r2-223ae7ea3e68-seed20260923
synthetic_vs_thin_file,thin_file,,-0.45502023,-0.34178234,,,,,,20260923,223ae7ea3e685c7c69fc4f541c05270507523378eb46d34ed223d11ab67c14d7,r2-223ae7ea3e68-seed20260923
synthetic_vs_thin_file,thin_file,,-0.21824917,-0.11372423,,,,,,20260923,223ae7ea3e685c7c69fc4f541c05270507523378eb46d34ed223d11ab67c14d7,r2-223ae7ea3e68-seed20260923
synthetic_vs_thin_file,thin_file,,2.10641299,0.88488387,,,,,,20260923,223ae7ea3e685c7c69fc4f541c05270507523378eb46d34ed223d11ab67c14d7,r2-223ae7ea3e68-seed20260923
synthetic_vs_thin_file,thin_file,,-0.80205147,-0.72069605,,,,,,20260923,223ae7ea3e685c7c69fc4f541c05270507523378eb46d34ed223d11ab67c14d7,r2-223ae7ea3e68-seed20260923
synthetic_vs_thin_file,thin_file,,-1.48454364,-2.21424406,,,,,,20260923,223ae7ea3e685c7c69fc4f541c05270507523378eb46d34ed223d11ab67c14d7,r2-223ae7ea3e68-seed20260923
synthetic_vs_thin_file,thin_file,,0.92924772,0.9474192,,,,,,20260923,223ae7ea3e685c7c69fc4f541c05270507523378eb46d34ed223d11ab67c14d7,r2-223ae7ea3e68-seed20260923
synthetic_vs_thin_file,thin_file,,0.22435286,-0.04522343,,,,,,20260923,223ae7ea3e685c7c69fc4f541c05270507523378eb46d34ed223d11ab67c14d7,r2-223ae7ea3e68-seed20260923
synthetic_vs_thin_file,thin_file,,-0.34067523,0.72477682,,,,,,20260923,223ae7ea3e685c7c69fc4f541c05270507523378eb46d34ed223d11ab67c14d7,r2-223ae7ea3e68-seed20260923
synthetic_vs_thin_file,thin_file,,-0.10457948,-0.063194,,,,,,20260923,223ae7ea3e685c7c69fc4f541c05270507523378eb46d34ed223d11ab67c14d7,r2-223ae7ea3e68-seed20260923
synthetic_vs_thin_file,thin_file,,-1.08072755,-1.70494019,,,,,,20260923,223ae7ea3e685c7c69fc4f541c05270507523378eb46d34ed223d11ab67c14d7,r2-223ae7ea3e68-seed20260923
synthetic_vs_thin_file,thin_file,,0.19244438,-0.63295832,,,,,,20260923,223ae7ea3e685c7c69fc4f541c05270507523378eb46d34ed223d11ab67c14d7,r2-223ae7ea3e68-seed20260923
synthetic_vs_thin_file,thin_file,,0.41786488,0.69189663,,,,,,20260923,223ae7ea3e685c7c69fc4f541c05270507523378eb46d34ed223d11ab67c14d7,r2-223ae7ea3e68-seed20260923
synthetic_vs_thin_file,thin_file,,-0.2425534,-0.59384226,,,,,,20260923,223ae7ea3e685c7c69fc4f541c05270507523378eb46d34ed223d11ab67c14d7,r2-223ae7ea3e68-seed20260923
synthetic_vs_thin_file,thin_file,,0.46500652,-1.37876937,,,,,,20260923,223ae7ea3e685c7c69fc4f541c05270507523378eb46d34ed223d11ab67c14d7,r2-223ae7ea3e68-seed20260923
synthetic_vs_thin_file,thin_file,,0.80045043,-0.00895349,,,,,,20260923,223ae7ea3e685c7c69fc4f541c05270507523378eb46d34ed223d11ab67c14d7,r2-223ae7ea3e68-seed20260923
synthetic_vs_thin_file,thin_file,,0.39656411,0.06898494,,,,,,20260923,223ae7ea3e685c7c69fc4f541c05270507523378eb46d34ed223d11ab67c14d7,r2-223ae7ea3e68-seed20260923
synthetic_vs_thin_file,thin_file,,1.23401657,0.24940525,,,,,,20260923,223ae7ea3e685c7c69fc4f541c05270507523378eb46d34ed223d11ab67c14d7,r2-223ae7ea3e68-seed20260923
synthetic_vs_thin_file,thin_file,,0.88478211,1.40316097,,,,,,20260923,223ae7ea3e685c7c69fc4f541c05270507523378eb46d34ed223d11ab67c14d7,r2-223ae7ea3e68-seed20260923
synthetic_vs_thin_file,thin_file,,0.92472404,0.05323589,,,,,,20260923,223ae7ea3e685c7c69fc4f541c05270507523378eb46d34ed223d11ab67c14d7,r2-223ae7ea3e68-seed20260923
synthetic_vs_thin_file,thin_file,,0.98807456,-0.06037136,,,,,,20260923,223ae7ea3e685c7c69fc4f541c05270507523378eb46d34ed223d11ab67c14d7,r2-223ae7ea3e68-seed20260923
synthetic_vs_thin_file,thin_file,,1.68213491,1.85948291,,,,,,20260923,223ae7ea3e685c7c69fc4f541c05270507523378eb46d34ed223d11ab67c14d7,r2-223ae7ea3e68-seed20260923
synthetic_vs_thin_file,thin_file,,-0.6864489,-0.02786151,,,,,,20260923,223ae7ea3e685c7c69fc4f541c05270507523378eb46d34ed223d11ab67c14d7,r2-223ae7ea3e68-seed20260923
synthetic_vs_thin_file,thin_file,,0.58919062,0.2887162,,,,,,20260923,223ae7ea3e685c7c69fc4f541c05270507523378eb46d34ed223d11ab67c14d7,r2-223ae7ea3e68-seed20260923
synthetic_vs_thin_file,thin_file,,1.10017793,0.60196287,,,,,,20260923,223ae7ea3e685c7c69fc4f541c05270507523378eb46d34ed223d11ab67c14d7,r2-223ae7ea3e68-seed20260923
synthetic_vs_thin_file,thin_file,,-0.48043618,1.00254099,,,,,,20260923,223ae7ea3e685c7c69fc4f541c05270507523378eb46d34ed223d11ab67c14d7,r2-223ae7ea3e68-seed20260923
synthetic_vs_thin_file,thin_file,,1.53325279,2.16801879,,,,,,20260923,223ae7ea3e685c7c69fc4f541c05270507523378eb46d34ed223d11ab67c14d7,r2-223ae7ea3e68-seed20260923
synthetic_vs_thin_file,thin_file,,0.02367772,-2.11662771,,,,,,20260923,223ae7ea3e685c7c69fc4f541c05270507523378eb46d34ed223d11ab67c14d7,r2-223ae7ea3e68-seed20260923
synthetic_vs_thin_file,thin_file,,-0.87683701,0.02446888,,,,,,20260923,223ae7ea3e685c7c69fc4f541c05270507523378eb46d34ed223d11ab67c14d7,r2-223ae7ea3e68-seed20260923
synthetic_vs_thin_file,thin_file,,0.30643198,-1.44381044,,,,,,20260923,223ae7ea3e685c7c69fc4f541c05270507523378eb46d34ed223d11ab67c14d7,r2-223ae7ea3e68-seed20260923
synthetic_vs_thin_file,thin_file,,-0.24850344,0.05398712,,,,,,20260923,223ae7ea3e685c7c69fc4f541c05270507523378eb46d34ed223d11ab67c14d7,r2-223ae7ea3e68-seed20260923
synthetic_vs_thin_file,thin_file,,-0.80752542,-2.02180143,,,,,,20260923,223ae7ea3e685c7c69fc4f541c05270507523378eb46d34ed223d11ab67c14d7,r2-223ae7ea3e68-seed20260923
synthetic_vs_thin_file,thin_file,,-1.6427563,0.57584033,,,,,,20260923,223ae7ea3e685c7c69fc4f541c05270507523378eb46d34ed223d11ab67c14d7,r2-223ae7ea3e68-seed20260923
synthetic_vs_thin_file,thin_file,,-0.18114698,1.60657539,,,,,,20260923,223ae7ea3e685c7c69fc4f541c05270507523378eb46d34ed223d11ab67c14d7,r2-223ae7ea3e68-seed20260923
synthetic_vs_thin_file,thin_file,,0.74620552,-1.05042001,,,,,,20260923,223ae7ea3e685c7c69fc4f541c05270507523378eb46d34ed223d11ab67c14d7,r2-223ae7ea3e68-seed20260923
synthetic_vs_thin_file,thin_file,,-1.17441794,-1.05969613,,,,,,20260923,223ae7ea3e685c7c69fc4f541c05270507523378eb46d34ed223d11ab67c14d7,r2-223ae7ea3e68-seed20260923
synthetic_vs_thin_file,thin_file,,0.56062345,0.13543731,,,,,,20260923,223ae7ea3e685c7c69fc4f541c05270507523378eb46d34ed223d11ab67c14d7,r2-223ae7ea3e68-seed20260923
synthetic_vs_thin_file,thin_file,,0.14939507,0.9883398,,,,,,20260923,223ae7ea3e685c7c69fc4f541c05270507523378eb46d34ed223d11ab67c14d7,r2-223ae7ea3e68-seed20260923
synthetic_vs_thin_file,thin_file,,1.82519119,1.02021506,,,,,,20260923,223ae7ea3e685c7c69fc4f541c05270507523378eb46d34ed223d11ab67c14d7,r2-223ae7ea3e68-seed20260923
synthetic_vs_thin_file,thin_file,,0.20941241,-0.43676005,,,,,,20260923,223ae7ea3e685c7c69fc4f541c05270507523378eb46d34ed223d11ab67c14d7,r2-223ae7ea3e68-seed20260923
synthetic_vs_thin_file,thin_file,,0.49457109,-0.8091323,,,,,,20260923,223ae7ea3e685c7c69fc4f541c05270507523378eb46d34ed223d11ab67c14d7,r2-223ae7ea3e68-seed20260923
synthetic_vs_thin_file,thin_file,,1.73594091,1.00692247,,,,,,20260923,223ae7ea3e685c7c69fc4f541c05270507523378eb46d34ed223d11ab67c14d7,r2-223ae7ea3e68-seed20260923
synthetic_vs_thin_file,thin_file,,-1.52745847,-3.41154573,,,,,,20260923,223ae7ea3e685c7c69fc4f541c05270507523378eb46d34ed223d11ab67c14d7,r2-223ae7ea3e68-seed20260923
synthetic_vs_thin_file,thin_file,,0.06121587,0.58097976,,,,,,20260923,223ae7ea3e685c7c69fc4f541c05270507523378eb46d34ed223d11ab67c14d7,r2-223ae7ea3e68-seed20260923
synthetic_vs_thin_file,thin_file,,0.82432167,0.83591616,,,,,,20260923,223ae7ea3e685c7c69fc4f541c05270507523378eb46d34ed223d11ab67c14d7,r2-223ae7ea3e68-seed20260923
synthetic_vs_thin_file,thin_file,,-0.7299988,-1.07743534,,,,,,20260923,223ae7ea3e685c7c69fc4f541c05270507523378eb46d34ed223d11ab67c14d7,r2-223ae7ea3e68-seed20260923
synthetic_vs_thin_file,thin_file,,-0.5302857,-0.38437742,,,,,,20260923,223ae7ea3e685c7c69fc4f541c05270507523378eb46d34ed223d11ab67c14d7,r2-223ae7ea3e68-seed20260923
synthetic_vs_thin_file,thin_file,,0.68055524,1.13171481,,,,,,20260923,223ae7ea3e685c7c69fc4f541c05270507523378eb46d34ed223d11ab67c14d7,r2-223ae7ea3e68-seed20260923
synthetic_vs_thin_file,thin_file,,1.17565809,1.59588805,,,,,,20260923,223ae7ea3e685c7c69fc4f541c05270507523378eb46d34ed223d11ab67c14d7,r2-223ae7ea3e68-seed20260923
synthetic_vs_thin_file,thin_file,,0.97149783,0.609104,,,,,,20260923,223ae7ea3e685c7c69fc4f541c05270507523378eb46d34ed223d11ab67c14d7,r2-223ae7ea3e68-seed20260923
synthetic_vs_thin_file,thin_file,,1.14522335,0.66856407,,,,,,20260923,223ae7ea3e685c7c69fc4f541c05270507523378eb46d34ed223d11ab67c14d7,r2-223ae7ea3e68-seed20260923
synthetic_vs_thin_file,thin_file,,0.42210661,-1.48475241,,,,,,20260923,223ae7ea3e685c7c69fc4f541c05270507523378eb46d34ed223d11ab67c14d7,r2-223ae7ea3e68-seed20260923
synthetic_vs_thin_file,thin_file,,-0.00068759,0.32835825,,,,,,20260923,223ae7ea3e685c7c69fc4f541c05270507523378eb46d34ed223d11ab67c14d7,r2-223ae7ea3e68-seed20260923
synthetic_vs_thin_file,thin_file,,0.80322294,1.14662789,,,,,,20260923,223ae7ea3e685c7c69fc4f541c05270507523378eb46d34ed223d11ab67c14d7,r2-223ae7ea3e68-seed20260923
synthetic_vs_thin_file,thin_file,,-0.30819462,1.0258842,,,,,,20260923,223ae7ea3e685c7c69fc4f541c05270507523378eb46d34ed223d11ab67c14d7,r2-223ae7ea3e68-seed20260923
synthetic_vs_thin_file,thin_file,,-0.53749298,-0.23224133,,,,,,20260923,223ae7ea3e685c7c69fc4f541c05270507523378eb46d34ed223d11ab67c14d7,r2-223ae7ea3e68-seed20260923
synthetic_vs_thin_file,thin_file,,-0.16442446,0.88566508,,,,,,20260923,223ae7ea3e685c7c69fc4f541c05270507523378eb46d34ed223d11ab67c14d7,r2-223ae7ea3e68-seed20260923
synthetic_vs_thin_file,thin_file,,0.92348603,0.43961294,,,,,,20260923,223ae7ea3e685c7c69fc4f541c05270507523378eb46d34ed223d11ab67c14d7,r2-223ae7ea3e68-seed20260923
synthetic_vs_thin_file,thin_file,,-0.9518431,-0.07435831,,,,,,20260923,223ae7ea3e685c7c69fc4f541c05270507523378eb46d34ed223d11ab67c14d7,r2-223ae7ea3e68-seed20260923
synthetic_vs_thin_file,thin_file,,1.44570261,2.06471109,,,,,,20260923,223ae7ea3e685c7c69fc4f541c05270507523378eb46d34ed223d11ab67c14d7,r2-223ae7ea3e68-seed20260923
synthetic_vs_thin_file,thin_file,,1.20711806,1.6859874,,,,,,20260923,223ae7ea3e685c7c69fc4f541c05270507523378eb46d34ed223d11ab67c14d7,r2-223ae7ea3e68-seed20260923
synthetic_vs_thin_file,thin_file,,0.01273594,0.65125529,,,,,,20260923,223ae7ea3e685c7c69fc4f541c05270507523378eb46d34ed223d11ab67c14d7,r2-223ae7ea3e68-seed20260923
synthetic_vs_thin_file,thin_file,,0.43190488,1.87677032,,,,,,20260923,223ae7ea3e685c7c69fc4f541c05270507523378eb46d34ed223d11ab67c14d7,r2-223ae7ea3e68-seed20260923
synthetic_vs_thin_file,thin_file,,0.60171526,-0.88571625,,,,,,20260923,223ae7ea3e685c7c69fc4f541c05270507523378eb46d34ed223d11ab67c14d7,r2-223ae7ea3e68-seed20260923
synthetic_vs_thin_file,thin_file,,-0.22357948,0.03081304,,,,,,20260923,223ae7ea3e685c7c69fc4f541c05270507523378eb46d34ed223d11ab67c14d7,r2-223ae7ea3e68-seed20260923
synthetic_vs_thin_file,thin_file,,-0.34290449,0.23000868,,,,,,20260923,223ae7ea3e685c7c69fc4f541c05270507523378eb46d34ed223d11ab67c14d7,r2-223ae7ea3e68-seed20260923
synthetic_vs_thin_file,thin_file,,-0.01616544,-0.27690281,,,,,,20260923,223ae7ea3e685c7c69fc4f541c05270507523378eb46d34ed223d11ab67c14d7,r2-223ae7ea3e68-seed20260923
synthetic_vs_thin_file,thin_file,,0.44055966,0.71751984,,,,,,20260923,223ae7ea3e685c7c69fc4f541c05270507523378eb46d34ed223d11ab67c14d7,r2-223ae7ea3e68-seed20260923
synthetic_vs_thin_file,thin_file,,-0.17880895,-0.69991016,,,,,,20260923,223ae7ea3e685c7c69fc4f541c05270507523378eb46d34ed223d11ab67c14d7,r2-223ae7ea3e68-seed20260923
synthetic_vs_thin_file,thin_file,,0.07594785,-0.31831059,,,,,,20260923,223ae7ea3e685c7c69fc4f541c05270507523378eb46d34ed223d11ab67c14d7,r2-223ae7ea3e68-seed20260923
synthetic_vs_thin_file,thin_file,,-1.74056256,-2.7198842,,,,,,20260923,223ae7ea3e685c7c69fc4f541c05270507523378eb46d34ed223d11ab67c14d7,r2-223ae7ea3e68-seed20260923
synthetic_vs_thin_file,thin_file,,0.50619913,-0.06450845,,,,,,20260923,223ae7ea3e685c7c69fc4f541c05270507523378eb46d34ed223d11ab67c14d7,r2-223ae7ea3e68-seed20260923
synthetic_vs_thin_file,thin_file,,-1.04912538,-1.30024414,,,,,,20260923,223ae7ea3e685c7c69fc4f541c05270507523378eb46d34ed223d11ab67c14d7,r2-223ae7ea3e68-seed20260923
synthetic_vs_thin_file,thin_file,,0.34490325,0.10871456,,,,,,20260923,223ae7ea3e685c7c69fc4f541c05270507523378eb46d34ed223d11ab67c14d7,r2-223ae7ea3e68-seed20260923
synthetic_vs_thin_file,thin_file,,0.50848524,-0.10345364,,,,,,20260923,223ae7ea3e685c7c69fc4f541c05270507523378eb46d34ed223d11ab67c14d7,r2-223ae7ea3e68-seed20260923
synthetic_vs_thin_file,thin_file,,0.14422956,-1.07798366,,,,,,20260923,223ae7ea3e685c7c69fc4f541c05270507523378eb46d34ed223d11ab67c14d7,r2-223ae7ea3e68-seed20260923
synthetic_vs_thin_file,thin_file,,0.70744989,1.17722445,,,,,,20260923,223ae7ea3e685c7c69fc4f541c05270507523378eb46d34ed223d11ab67c14d7,r2-223ae7ea3e68-seed20260923
synthetic_vs_thin_file,thin_file,,0.40142359,-0.54497731,,,,,,20260923,223ae7ea3e685c7c69fc4f541c05270507523378eb46d34ed223d11ab67c14d7,r2-223ae7ea3e68-seed20260923
synthetic_vs_thin_file,thin_file,,1.16931469,0.12288799,,,,,,20260923,223ae7ea3e685c7c69fc4f541c05270507523378eb46d34ed223d11ab67c14d7,r2-223ae7ea3e68-seed20260923
synthetic_vs_thin_file,thin_file,,0.36828428,0.46040096,,,,,,20260923,223ae7ea3e685c7c69fc4f541c05270507523378eb46d34ed223d11ab67c14d7,r2-223ae7ea3e68-seed20260923
synthetic_vs_thin_file,thin_file,,1.68057452,1.08793502,,,,,,20260923,223ae7ea3e685c7c69fc4f541c05270507523378eb46d34ed223d11ab67c14d7,r2-223ae7ea3e68-seed20260923
synthetic_vs_thin_file,thin_file,,1.10379136,0.47583139,,,,,,20260923,223ae7ea3e685c7c69fc4f541c05270507523378eb46d34ed223d11ab67c14d7,r2-223ae7ea3e68-seed20260923
synthetic_vs_thin_file,thin_file,,0.33700251,0.44266463,,,,,,20260923,223ae7ea3e685c7c69fc4f541c05270507523378eb46d34ed223d11ab67c14d7,r2-223ae7ea3e68-seed20260923
synthetic_vs_thin_file,thin_file,,-0.79951655,0.22334037,,,,,,20260923,223ae7ea3e685c7c69fc4f541c05270507523378eb46d34ed223d11ab67c14d7,r2-223ae7ea3e68-seed20260923
synthetic_vs_thin_file,thin_file,,0.86239537,0.70957549,,,,,,20260923,223ae7ea3e685c7c69fc4f541c05270507523378eb46d34ed223d11ab67c14d7,r2-223ae7ea3e68-seed20260923
synthetic_vs_thin_file,thin_file,,-0.30480394,0.19099651,,,,,,20260923,223ae7ea3e685c7c69fc4f541c05270507523378eb46d34ed223d11ab67c14d7,r2-223ae7ea3e68-seed20260923
synthetic_vs_thin_file,thin_file,,0.27200814,1.33117346,,,,,,20260923,223ae7ea3e685c7c69fc4f541c05270507523378eb46d34ed223d11ab67c14d7,r2-223ae7ea3e68-seed20260923
synthetic_vs_thin_file,thin_file,,0.51886079,-0.04967554,,,,,,20260923,223ae7ea3e685c7c69fc4f541c05270507523378eb46d34ed223d11ab67c14d7,r2-223ae7ea3e68-seed20260923
synthetic_vs_thin_file,thin_file,,-0.92977349,0.17398692,,,,,,20260923,223ae7ea3e685c7c69fc4f541c05270507523378eb46d34ed223d11ab67c14d7,r2-223ae7ea3e68-seed20260923
synthetic_vs_thin_file,thin_file,,-0.51752425,-1.01253409,,,,,,20260923,223ae7ea3e685c7c69fc4f541c05270507523378eb46d34ed223d11ab67c14d7,r2-223ae7ea3e68-seed20260923
synthetic_vs_thin_file,thin_file,,0.23863174,0.0277448,,,,,,20260923,223ae7ea3e685c7c69fc4f541c05270507523378eb46d34ed223d11ab67c14d7,r2-223ae7ea3e68-seed20260923
synthetic_vs_thin_file,thin_file,,0.40092872,0.74120433,,,,,,20260923,223ae7ea3e685c7c69fc4f541c05270507523378eb46d34ed223d11ab67c14d7,r2-223ae7ea3e68-seed20260923
synthetic_vs_thin_file,thin_file,,-0.73867864,-0.48142801,,,,,,20260923,223ae7ea3e685c7c69fc4f541c05270507523378eb46d34ed223d11ab67c14d7,r2-223ae7ea3e68-seed20260923
synthetic_vs_thin_file,thin_file,,0.48769515,1.10836558,,,,,,20260923,223ae7ea3e685c7c69fc4f541c05270507523378eb46d34ed223d11ab67c14d7,r2-223ae7ea3e68-seed20260923
synthetic_vs_thin_file,thin_file,,0.62528372,0.30046269,,,,,,20260923,223ae7ea3e685c7c69fc4f541c05270507523378eb46d34ed223d11ab67c14d7,r2-223ae7ea3e68-seed20260923
synthetic_vs_thin_file,thin_file,,-0.77828021,0.16452869,,,,,,20260923,223ae7ea3e685c7c69fc4f541c05270507523378eb46d34ed223d11ab67c14d7,r2-223ae7ea3e68-seed20260923
synthetic_vs_thin_file,thin_file,,-0.05981705,0.68984815,,,,,,20260923,223ae7ea3e685c7c69fc4f541c05270507523378eb46d34ed223d11ab67c14d7,r2-223ae7ea3e68-seed20260923
synthetic_vs_thin_file,thin_file,,-0.98921139,0.43828271,,,,,,20260923,223ae7ea3e685c7c69fc4f541c05270507523378eb46d34ed223d11ab67c14d7,r2-223ae7ea3e68-seed20260923
synthetic_vs_thin_file,thin_file,,-0.14291842,-0.48367109,,,,,,20260923,223ae7ea3e685c7c69fc4f541c05270507523378eb46d34ed223d11ab67c14d7,r2-223ae7ea3e68-seed20260923
synthetic_vs_thin_file,thin_file,,-2.15332589,-2.12945132,,,,,,20260923,223ae7ea3e685c7c69fc4f541c05270507523378eb46d34ed223d11ab67c14d7,r2-223ae7ea3e68-seed20260923
synthetic_vs_thin_file,thin_file,,-0.09971553,0.5493848,,,,,,20260923,223ae7ea3e685c7c69fc4f541c05270507523378eb46d34ed223d11ab67c14d7,r2-223ae7ea3e68-seed20260923
synthetic_vs_thin_file,thin_file,,0.1532152,1.37981165,,,,,,20260923,223ae7ea3e685c7c69fc4f541c05270507523378eb46d34ed223d11ab67c14d7,r2-223ae7ea3e68-seed20260923
synthetic_vs_thin_file,thin_file,,0.50434338,0.63768955,,,,,,20260923,223ae7ea3e685c7c69fc4f541c05270507523378eb46d34ed223d11ab67c14d7,r2-223ae7ea3e68-seed20260923
synthetic_vs_thin_file,thin_file,,1.23212951,1.33043653,,,,,,20260923,223ae7ea3e685c7c69fc4f541c05270507523378eb46d34ed223d11ab67c14d7,r2-223ae7ea3e68-seed20260923
synthetic_vs_thin_file,thin_file,,0.03101405,-0.56828326,,,,,,20260923,223ae7ea3e685c7c69fc4f541c05270507523378eb46d34ed223d11ab67c14d7,r2-223ae7ea3e68-seed20260923
synthetic_vs_thin_file,thin_file,,0.38431452,1.42651236,,,,,,20260923,223ae7ea3e685c7c69fc4f541c05270507523378eb46d34ed223d11ab67c14d7,r2-223ae7ea3e68-seed20260923
synthetic_vs_thin_file,thin_file,,0.95418721,-0.03293089,,,,,,20260923,223ae7ea3e685c7c69fc4f541c05270507523378eb46d34ed223d11ab67c14d7,r2-223ae7ea3e68-seed20260923
synthetic_vs_thin_file,thin_file,,-1.27987531,-1.45675507,,,,,,20260923,223ae7ea3e685c7c69fc4f541c05270507523378eb46d34ed223d11ab67c14d7,r2-223ae7ea3e68-seed20260923
synthetic_vs_thin_file,thin_file,,-0.98247433,-0.35819247,,,,,,20260923,223ae7ea3e685c7c69fc4f541c05270507523378eb46d34ed223d11ab67c14d7,r2-223ae7ea3e68-seed20260923
synthetic_vs_thin_file,thin_file,,0.24786606,0.23415728,,,,,,20260923,223ae7ea3e685c7c69fc4f541c05270507523378eb46d34ed223d11ab67c14d7,r2-223ae7ea3e68-seed20260923
synthetic_vs_thin_file,thin_file,,-0.42798715,1.00382211,,,,,,20260923,223ae7ea3e685c7c69fc4f541c05270507523378eb46d34ed223d11ab67c14d7,r2-223ae7ea3e68-seed20260923
synthetic_vs_thin_file,thin_file,,-0.95128381,0.32443125,,,,,,20260923,223ae7ea3e685c7c69fc4f541c05270507523378eb46d34ed223d11ab67c14d7,r2-223ae7ea3e68-seed20260923
synthetic_vs_thin_file,thin_file,,-1.02703365,-0.26438573,,,,,,20260923,223ae7ea3e685c7c69fc4f541c05270507523378eb46d34ed223d11ab67c14d7,r2-223ae7ea3e68-seed20260923
synthetic_vs_thin_file,thin_file,,0.61692812,-0.71979121,,,,,,20260923,223ae7ea3e685c7c69fc4f541c05270507523378eb46d34ed223d11ab67c14d7,r2-223ae7ea3e68-seed20260923
synthetic_vs_thin_file,thin_file,,0.58380089,1.29824164,,,,,,20260923,223ae7ea3e685c7c69fc4f541c05270507523378eb46d34ed223d11ab67c14d7,r2-223ae7ea3e68-seed20260923
synthetic_vs_thin_file,thin_file,,0.2361804,1.27928679,,,,,,20260923,223ae7ea3e685c7c69fc4f541c05270507523378eb46d34ed223d11ab67c14d7,r2-223ae7ea3e68-seed20260923
synthetic_vs_thin_file,thin_file,,1.26407592,-0.60017136,,,,,,20260923,223ae7ea3e685c7c69fc4f541c05270507523378eb46d34ed223d11ab67c14d7,r2-223ae7ea3e68-seed20260923
synthetic_vs_thin_file,thin_file,,-0.7644682,-0.19590827,,,,,,20260923,223ae7ea3e685c7c69fc4f541c05270507523378eb46d34ed223d11ab67c14d7,r2-223ae7ea3e68-seed20260923
synthetic_vs_thin_file,thin_file,,-2.60817137,-1.035797,,,,,,20260923,223ae7ea3e685c7c69fc4f541c05270507523378eb46d34ed223d11ab67c14d7,r2-223ae7ea3e68-seed20260923
synthetic_vs_thin_file,thin_file,,-0.34616531,-0.44684755,,,,,,20260923,223ae7ea3e685c7c69fc4f541c05270507523378eb46d34ed223d11ab67c14d7,r2-223ae7ea3e68-seed20260923
synthetic_vs_thin_file,thin_file,,0.0816503,-0.30859107,,,,,,20260923,223ae7ea3e685c7c69fc4f541c05270507523378eb46d34ed223d11ab67c14d7,r2-223ae7ea3e68-seed20260923
synthetic_vs_thin_file,thin_file,,-3.26778564,-1.43206331,,,,,,20260923,223ae7ea3e685c7c69fc4f541c05270507523378eb46d34ed223d11ab67c14d7,r2-223ae7ea3e68-seed20260923
synthetic_vs_thin_file,thin_file,,-0.18140507,0.44931654,,,,,,20260923,223ae7ea3e685c7c69fc4f541c05270507523378eb46d34ed223d11ab67c14d7,r2-223ae7ea3e68-seed20260923
synthetic_vs_thin_file,thin_file,,1.12876508,1.48397459,,,,,,20260923,223ae7ea3e685c7c69fc4f541c05270507523378eb46d34ed223d11ab67c14d7,r2-223ae7ea3e68-seed20260923
synthetic_vs_thin_file,thin_file,,-0.00322949,0.51501673,,,,,,20260923,223ae7ea3e685c7c69fc4f541c05270507523378eb46d34ed223d11ab67c14d7,r2-223ae7ea3e68-seed20260923
synthetic_vs_thin_file,thin_file,,-0.71871054,-0.86471511,,,,,,20260923,223ae7ea3e685c7c69fc4f541c05270507523378eb46d34ed223d11ab67c14d7,r2-223ae7ea3e68-seed20260923
synthetic_vs_thin_file,thin_file,,0.34059384,0.60492885,,,,,,20260923,223ae7ea3e685c7c69fc4f541c05270507523378eb46d34ed223d11ab67c14d7,r2-223ae7ea3e68-seed20260923
synthetic_vs_thin_file,thin_file,,-0.70599576,0.77202298,,,,,,20260923,223ae7ea3e685c7c69fc4f541c05270507523378eb46d34ed223d11ab67c14d7,r2-223ae7ea3e68-seed20260923
synthetic_vs_thin_file,thin_file,,0.9495408,-0.22737187,,,,,,20260923,223ae7ea3e685c7c69fc4f541c05270507523378eb46d34ed223d11ab67c14d7,r2-223ae7ea3e68-seed20260923
synthetic_vs_thin_file,thin_file,,0.60835778,0.92943439,,,,,,20260923,223ae7ea3e685c7c69fc4f541c05270507523378eb46d34ed223d11ab67c14d7,r2-223ae7ea3e68-seed20260923
synthetic_vs_thin_file,thin_file,,-0.00865669,-0.60472882,,,,,,20260923,223ae7ea3e685c7c69fc4f541c05270507523378eb46d34ed223d11ab67c14d7,r2-223ae7ea3e68-seed20260923
synthetic_vs_thin_file,thin_file,,-0.19619029,-1.38173921,,,,,,20260923,223ae7ea3e685c7c69fc4f541c05270507523378eb46d34ed223d11ab67c14d7,r2-223ae7ea3e68-seed20260923
synthetic_vs_thin_file,thin_file,,-1.99438138,-0.41769344,,,,,,20260923,223ae7ea3e685c7c69fc4f541c05270507523378eb46d34ed223d11ab67c14d7,r2-223ae7ea3e68-seed20260923
synthetic_vs_thin_file,thin_file,,0.57913913,-1.0831955,,,,,,20260923,223ae7ea3e685c7c69fc4f541c05270507523378eb46d34ed223d11ab67c14d7,r2-223ae7ea3e68-seed20260923
synthetic_vs_thin_file,thin_file,,-0.71098132,0.34691791,,,,,,20260923,223ae7ea3e685c7c69fc4f541c05270507523378eb46d34ed223d11ab67c14d7,r2-223ae7ea3e68-seed20260923
synthetic_vs_thin_file,thin_file,,-0.15398853,-0.63315184,,,,,,20260923,223ae7ea3e685c7c69fc4f541c05270507523378eb46d34ed223d11ab67c14d7,r2-223ae7ea3e68-seed20260923
synthetic_vs_thin_file,thin_file,,0.25660824,-1.2161955,,,,,,20260923,223ae7ea3e685c7c69fc4f541c05270507523378eb46d34ed223d11ab67c14d7,r2-223ae7ea3e68-seed20260923
synthetic_vs_thin_file,thin_file,,0.28472778,0.3248999,,,,,,20260923,223ae7ea3e685c7c69fc4f541c05270507523378eb46d34ed223d11ab67c14d7,r2-223ae7ea3e68-seed20260923
synthetic_vs_thin_file,thin_file,,1.58954201,0.50658086,,,,,,20260923,223ae7ea3e685c7c69fc4f541c05270507523378eb46d34ed223d11ab67c14d7,r2-223ae7ea3e68-seed20260923
synthetic_vs_thin_file,thin_file,,-0.46720916,-0.90067094,,,,,,20260923,223ae7ea3e685c7c69fc4f541c05270507523378eb46d34ed223d11ab67c14d7,r2-223ae7ea3e68-seed20260923
synthetic_vs_thin_file,thin_file,,-1.38119698,-0.98989708,,,,,,20260923,223ae7ea3e685c7c69fc4f541c05270507523378eb46d34ed223d11ab67c14d7,r2-223ae7ea3e68-seed20260923
synthetic_vs_thin_file,thin_file,,0.10284049,0.03822119,,,,,,20260923,223ae7ea3e685c7c69fc4f541c05270507523378eb46d34ed223d11ab67c14d7,r2-223ae7ea3e68-seed20260923
synthetic_vs_thin_file,thin_file,,-0.93021497,-0.30060446,,,,,,20260923,223ae7ea3e685c7c69fc4f541c05270507523378eb46d34ed223d11ab67c14d7,r2-223ae7ea3e68-seed20260923
synthetic_vs_thin_file,thin_file,,1.5170954,2.63205967,,,,,,20260923,223ae7ea3e685c7c69fc4f541c05270507523378eb46d34ed223d11ab67c14d7,r2-223ae7ea3e68-seed20260923
synthetic_vs_thin_file,thin_file,,1.258134,0.51749629,,,,,,20260923,223ae7ea3e685c7c69fc4f541c05270507523378eb46d34ed223d11ab67c14d7,r2-223ae7ea3e68-seed20260923
synthetic_vs_thin_file,thin_file,,1.26881845,0.19738351,,,,,,20260923,223ae7ea3e685c7c69fc4f541c05270507523378eb46d34ed223d11ab67c14d7,r2-223ae7ea3e68-seed20260923
synthetic_vs_thin_file,thin_file,,-0.12322876,-0.70005689,,,,,,20260923,223ae7ea3e685c7c69fc4f541c05270507523378eb46d34ed223d11ab67c14d7,r2-223ae7ea3e68-seed20260923
synthetic_vs_thin_file,thin_file,,-0.54233113,-0.06607096,,,,,,20260923,223ae7ea3e685c7c69fc4f541c05270507523378eb46d34ed223d11ab67c14d7,r2-223ae7ea3e68-seed20260923
synthetic_vs_thin_file,thin_file,,-0.56340229,-0.09708379,,,,,,20260923,223ae7ea3e685c7c69fc4f541c05270507523378eb46d34ed223d11ab67c14d7,r2-223ae7ea3e68-seed20260923
synthetic_vs_thin_file,thin_file,,-1.16722526,-1.14523071,,,,,,20260923,223ae7ea3e685c7c69fc4f541c05270507523378eb46d34ed223d11ab67c14d7,r2-223ae7ea3e68-seed20260923
synthetic_vs_thin_file,thin_file,,1.1391008,0.77127595,,,,,,20260923,223ae7ea3e685c7c69fc4f541c05270507523378eb46d34ed223d11ab67c14d7,r2-223ae7ea3e68-seed20260923
synthetic_vs_thin_file,thin_file,,-0.26579642,-0.93369903,,,,,,20260923,223ae7ea3e685c7c69fc4f541c05270507523378eb46d34ed223d11ab67c14d7,r2-223ae7ea3e68-seed20260923
synthetic_vs_thin_file,thin_file,,0.41403616,-0.60287072,,,,,,20260923,223ae7ea3e685c7c69fc4f541c05270507523378eb46d34ed223d11ab67c14d7,r2-223ae7ea3e68-seed20260923
synthetic_vs_thin_file,thin_file,,0.31426922,-0.15012299,,,,,,20260923,223ae7ea3e685c7c69fc4f541c05270507523378eb46d34ed223d11ab67c14d7,r2-223ae7ea3e68-seed20260923
synthetic_vs_thin_file,thin_file,,-1.46862888,-2.01722748,,,,,,20260923,223ae7ea3e685c7c69fc4f541c05270507523378eb46d34ed223d11ab67c14d7,r2-223ae7ea3e68-seed20260923
synthetic_vs_thin_file,thin_file,,0.58954964,-0.41414051,,,,,,20260923,223ae7ea3e685c7c69fc4f541c05270507523378eb46d34ed223d11ab67c14d7,r2-223ae7ea3e68-seed20260923
synthetic_vs_thin_file,thin_file,,0.66970451,-0.12848485,,,,,,20260923,223ae7ea3e685c7c69fc4f541c05270507523378eb46d34ed223d11ab67c14d7,r2-223ae7ea3e68-seed20260923
synthetic_vs_thin_file,thin_file,,-0.93862748,-0.41407844,,,,,,20260923,223ae7ea3e685c7c69fc4f541c05270507523378eb46d34ed223d11ab67c14d7,r2-223ae7ea3e68-seed20260923
synthetic_vs_thin_file,thin_file,,-1.14946269,-0.71741247,,,,,,20260923,223ae7ea3e685c7c69fc4f541c05270507523378eb46d34ed223d11ab67c14d7,r2-223ae7ea3e68-seed20260923
synthetic_vs_thin_file,thin_file,,0.42351831,1.66953059,,,,,,20260923,223ae7ea3e685c7c69fc4f541c05270507523378eb46d34ed223d11ab67c14d7,r2-223ae7ea3e68-seed20260923
synthetic_vs_thin_file,thin_file,,0.04905314,-0.04911887,,,,,,20260923,223ae7ea3e685c7c69fc4f541c05270507523378eb46d34ed223d11ab67c14d7,r2-223ae7ea3e68-seed20260923
synthetic_vs_thin_file,thin_file,,0.79204047,0.70947171,,,,,,20260923,223ae7ea3e685c7c69fc4f541c05270507523378eb46d34ed223d11ab67c14d7,r2-223ae7ea3e68-seed20260923
synthetic_vs_thin_file,thin_file,,0.18771585,0.95557689,,,,,,20260923,223ae7ea3e685c7c69fc4f541c05270507523378eb46d34ed223d11ab67c14d7,r2-223ae7ea3e68-seed20260923
synthetic_vs_thin_file,thin_file,,-0.57526606,0.8308744,,,,,,20260923,223ae7ea3e685c7c69fc4f541c05270507523378eb46d34ed223d11ab67c14d7,r2-223ae7ea3e68-seed20260923
synthetic_vs_thin_file,best_auc,,,0.70576863,,,,,"best achievable AUC 0.71 (HistGB, 5-fold OOF)",20260923,223ae7ea3e685c7c69fc4f541c05270507523378eb46d34ed223d11ab67c14d7,r2-223ae7ea3e68-seed20260923
