panel,series,group,x,y,y_low,y_high,z,n,label,seed,config_hash,run_id
D7_reliability,reliability,,0.21318348964274095,0.41904761904761906,0.329164925471253,0.5146447943417596,,105,105 rejects,20260923,2e24b84e0a1e906a88bd91d21f25a0228935e2c3a86929fb2e135da495bc0196,r2-2e24b84e0a1e-seed20260923
D7_reliability,reliability,,0.2499872974085313,0.3523809523809524,0.2676921334923939,0.44749029675486446,,105,105 rejects,20260923,2e24b84e0a1e906a88bd91d21f25a0228935e2c3a86929fb2e135da495bc0196,r2-2e24b84e0a1e-seed20260923
D7_reliability,reliability,,0.2735586190024024,0.44761904761904764,0.3560311977661813,0.5429045032892974,,105,105 rejects,20260923,2e24b84e0a1e906a88bd91d21f25a0228935e2c3a86929fb2e135da495bc0196,r2-2e24b84e0a1e-seed20260923
D7_reliability,reliability,,0.30062273860109917,0.49523809523809526,0.40147502342062186,0.5893373130389671,,105,105 rejects,20260923,2e24b84e0a1e906a88bd91d21f25a0228935e2c3a86929fb2e135da495bc0196,r2-2e24b84e0a1e-seed20260923
D7_reliability,reliability,,0.3286686718926529,0.4380952380952381,0.3470420653581746,0.5335183086164821,,105,105 rejects,20260923,2e24b84e0a1e906a88bd91d21f25a0228935e2c3a86929fb2e135da495bc0196,r2-2e24b84e0a1e-seed20260923
D7_reliability,reliability,,0.3628979906981353,0.44761904761904764,0.3560311977661813,0.5429045032892974,,105,105 rejects,20260923,2e24b84e0a1e906a88bd91d21f25a0228935e2c3a86929fb2e135da495bc0196,r2-2e24b84e0a1e-seed20260923
D7_reliability,reliability,,0.41087373965901214,0.5714285714285714,0.47590151019505855,0.6619134429111067,,105,105 rejects,20260923,2e24b84e0a1e906a88bd91d21f25a0228935e2c3a86929fb2e135da495bc0196,r2-2e24b84e0a1e-seed20260923
D7_reliability,reliability,,0.5107579835470187,0.6952380952380952,0.6015949639138787,0.7750992412429729,,105,105 rejects,20260923,2e24b84e0a1e906a88bd91d21f25a0228935e2c3a86929fb2e135da495bc0196,r2-2e24b84e0a1e-seed20260923
D7_reliability,diagonal,,0.0,0.0,,,,,,20260923,2e24b84e0a1e906a88bd91d21f25a0228935e2c3a86929fb2e135da495bc0196,r2-2e24b84e0a1e-seed20260923
D7_reliability,diagonal,,1.0,1.0,,,,,,20260923,2e24b84e0a1e906a88bd91d21f25a0228935e2c3a86929fb2e135da495bc0196,r2-2e24b84e0a1e-seed20260923
D7_overlap,accepted_sample,,-0.384400668943204,-0.9961714570290279,,,,,,20260923,2e24b84e0a1e906a88bd91d21f25a0228935e2c3a86929fb2e135da495bc0196,r2-2e24b84e0a1e-seed20260923
D7_overlap,accepted_sample,,-0.06488271485418319,-1.4317402511832549,,,,,,20260923,2e24b84e0a1e906a88bd91d21f25a0228935e2c3a86929fb2e135da495bc0196,r2-2e24b84e0a1e-seed20260923
D7_overlap,accepted_sample,,-2.101258286827187,-0.05756822246301785,,,,,,20260923,2e24b84e0a1e906a88bd91d21f25a0228935e2c3a86929fb2e135da495bc0196,r2-2e24b84e0a1e-seed20260923
D7_overlap,accepted_sample,,-1.2422198849501984,-0.22812066785813273,,,,,,20260923,2e24b84e0a1e906a88bd91d21f25a0228935e2c3a86929fb2e135da495bc0196,r2-2e24b84e0a1e-seed20260923
D7_overlap,accepted_sample,,-2.2376537847216684,-0.5246303744605358,,,,,,20260923,2e24b84e0a1e906a88bd91d21f25a0228935e2c3a86929fb2e135da495bc0196,r2-2e24b84e0a1e-seed20260923
D7_overlap,accepted_sample,,-1.351799063646066,0.05393903010136549,,,,,,20260923,2e24b84e0a1e906a88bd91d21f25a0228935e2c3a86929fb2e135da495bc0196,r2-2e24b84e0a1e-seed20260923
D7_overlap,accepted_sample,,-1.2289711693340604,0.027449124643023917,,,,,,20260923,2e24b84e0a1e906a88bd91d21f25a0228935e2c3a86929fb2e135da495bc0196,r2-2e24b84e0a1e-seed20260923
D7_overlap,accepted_sample,,-0.6851097631698376,-3.87157088070847,,,,,,20260923,2e24b84e0a1e906a88bd91d21f25a0228935e2c3a86929fb2e135da495bc0196,r2-2e24b84e0a1e-seed20260923
D7_overlap,accepted_sample,,-1.0503937772228515,-0.2967498325334731,,,,,,20260923,2e24b84e0a1e906a88bd91d21f25a0228935e2c3a86929fb2e135da495bc0196,r2-2e24b84e0a1e-seed20260923
D7_overlap,accepted_sample,,-0.006922577571579023,-0.837891924576994,,,,,,20260923,2e24b84e0a1e906a88bd91d21f25a0228935e2c3a86929fb2e135da495bc0196,r2-2e24b84e0a1e-seed20260923
D7_overlap,accepted_sample,,-2.119564876860645,-0.6322863215358938,,,,,,20260923,2e24b84e0a1e906a88bd91d21f25a0228935e2c3a86929fb2e135da495bc0196,r2-2e24b84e0a1e-seed20260923
D7_overlap,accepted_sample,,0.2652788385679354,-1.3540158774493198,,,,,,20260923,2e24b84e0a1e906a88bd91d21f25a0228935e2c3a86929fb2e135da495bc0196,r2-2e24b84e0a1e-seed20260923
D7_overlap,accepted_sample,,-1.7316850096126857,-0.36664477119069383,,,,,,20260923,2e24b84e0a1e906a88bd91d21f25a0228935e2c3a86929fb2e135da495bc0196,r2-2e24b84e0a1e-seed20260923
D7_overlap,accepted_sample,,-1.484925546480867,-0.20683326332381197,,,,,,20260923,2e24b84e0a1e906a88bd91d21f25a0228935e2c3a86929fb2e135da495bc0196,r2-2e24b84e0a1e-seed20260923
D7_overlap,accepted_sample,,-0.0768448089524035,-1.0687422753551186,,,,,,20260923,2e24b84e0a1e906a88bd91d21f25a0228935e2c3a86929fb2e135da495bc0196,r2-2e24b84e0a1e-seed20260923
D7_overlap,accepted_sample,,-1.415657089249341,-2.3545315380974667,,,,,,20260923,2e24b84e0a1e906a88bd91d21f25a0228935e2c3a86929fb2e135da495bc0196,r2-2e24b84e0a1e-seed20260923
D7_overlap,accepted_sample,,-2.6962778070069127,-0.23869355030950393,,,,,,20260923,2e24b84e0a1e906a88bd91d21f25a0228935e2c3a86929fb2e135da495bc0196,r2-2e24b84e0a1e-seed20260923
D7_overlap,accepted_sample,,-1.1154550334934836,-1.5540055239499555,,,,,,20260923,2e24b84e0a1e906a88bd91d21f25a0228935e2c3a86929fb2e135da495bc0196,r2-2e24b84e0a1e-seed20260923
D7_overlap,accepted_sample,,-0.4260019191171988,-1.800014921641979,,,,,,20260923,2e24b84e0a1e906a88bd91d21f25a0228935e2c3a86929fb2e135da495bc0196,r2-2e24b84e0a1e-seed20260923
D7_overlap,accepted_sample,,-0.9278846596518633,0.28106611569596524,,,,,,20260923,2e24b84e0a1e906a88bd91d21f25a0228935e2c3a86929fb2e135da495bc0196,r2-2e24b84e0a1e-seed20260923
D7_overlap,accepted_sample,,0.04119220086627171,-1.9526677049536985,,,,,,20260923,2e24b84e0a1e906a88bd91d21f25a0228935e2c3a86929fb2e135da495bc0196,r2-2e24b84e0a1e-seed20260923
D7_overlap,accepted_sample,,-1.8371579397532405,-1.0355068947457142,,,,,,20260923,2e24b84e0a1e906a88bd91d21f25a0228935e2c3a86929fb2e135da495bc0196,r2-2e24b84e0a1e-seed20260923
D7_overlap,accepted_sample,,-0.875503610636372,-0.41198812862370676,,,,,,20260923,2e24b84e0a1e906a88bd91d21f25a0228935e2c3a86929fb2e135da495bc0196,r2-2e24b84e0a1e-seed20260923
D7_overlap,accepted_sample,,0.2545030624494387,-1.1761145958200792,,,,,,20260923,2e24b84e0a1e906a88bd91d21f25a0228935e2c3a86929fb2e135da495bc0196,r2-2e24b84e0a1e-seed20260923
D7_overlap,accepted_sample,,-1.308714046186801,-0.046033478895793456,,,,,,20260923,2e24b84e0a1e906a88bd91d21f25a0228935e2c3a86929fb2e135da495bc0196,r2-2e24b84e0a1e-seed20260923
D7_overlap,accepted_sample,,-0.7094379384565886,-1.5299535760005651,,,,,,20260923,2e24b84e0a1e906a88bd91d21f25a0228935e2c3a86929fb2e135da495bc0196,r2-2e24b84e0a1e-seed20260923
D7_overlap,accepted_sample,,-1.51037036965835,-0.26018393937034234,,,,,,20260923,2e24b84e0a1e906a88bd91d21f25a0228935e2c3a86929fb2e135da495bc0196,r2-2e24b84e0a1e-seed20260923
D7_overlap,accepted_sample,,-0.8974787701483398,-0.38677379224424346,,,,,,20260923,2e24b84e0a1e906a88bd91d21f25a0228935e2c3a86929fb2e135da495bc0196,r2-2e24b84e0a1e-seed20260923
D7_overlap,accepted_sample,,-0.9642098856284236,0.7199644309681728,,,,,,20260923,2e24b84e0a1e906a88bd91d21f25a0228935e2c3a86929fb2e135da495bc0196,r2-2e24b84e0a1e-seed20260923
D7_overlap,accepted_sample,,-0.4805042186798157,-1.5628444620836188,,,,,,20260923,2e24b84e0a1e906a88bd91d21f25a0228935e2c3a86929fb2e135da495bc0196,r2-2e24b84e0a1e-seed20260923
D7_overlap,accepted_sample,,-1.6629791629705224,-0.3504630364143301,,,,,,20260923,2e24b84e0a1e906a88bd91d21f25a0228935e2c3a86929fb2e135da495bc0196,r2-2e24b84e0a1e-seed20260923
D7_overlap,accepted_sample,,-1.5675993959777819,-0.3526224432488846,,,,,,20260923,2e24b84e0a1e906a88bd91d21f25a0228935e2c3a86929fb2e135da495bc0196,r2-2e24b84e0a1e-seed20260923
D7_overlap,accepted_sample,,-1.7671187539306807,0.32797154747594215,,,,,,20260923,2e24b84e0a1e906a88bd91d21f25a0228935e2c3a86929fb2e135da495bc0196,r2-2e24b84e0a1e-seed20260923
D7_overlap,accepted_sample,,0.14458491417172709,0.1751970422204597,,,,,,20260923,2e24b84e0a1e906a88bd91d21f25a0228935e2c3a86929fb2e135da495bc0196,r2-2e24b84e0a1e-seed20260923
D7_overlap,accepted_sample,,0.44493646239473816,-1.3239128512477552,,,,,,20260923,2e24b84e0a1e906a88bd91d21f25a0228935e2c3a86929fb2e135da495bc0196,r2-2e24b84e0a1e-seed20260923
D7_overlap,accepted_sample,,-0.2045102895584191,-1.2428277916392996,,,,,,20260923,2e24b84e0a1e906a88bd91d21f25a0228935e2c3a86929fb2e135da495bc0196,r2-2e24b84e0a1e-seed20260923
D7_overlap,accepted_sample,,0.07574996131068495,-0.6734835603189193,,,,,,20260923,2e24b84e0a1e906a88bd91d21f25a0228935e2c3a86929fb2e135da495bc0196,r2-2e24b84e0a1e-seed20260923
D7_overlap,accepted_sample,,-0.7862505356520939,-0.033916211637190385,,,,,,20260923,2e24b84e0a1e906a88bd91d21f25a0228935e2c3a86929fb2e135da495bc0196,r2-2e24b84e0a1e-seed20260923
D7_overlap,accepted_sample,,-0.9632713121564735,-0.2172729333259339,,,,,,20260923,2e24b84e0a1e906a88bd91d21f25a0228935e2c3a86929fb2e135da495bc0196,r2-2e24b84e0a1e-seed20260923
D7_overlap,accepted_sample,,-0.6755484448042678,0.06883895088922645,,,,,,20260923,2e24b84e0a1e906a88bd91d21f25a0228935e2c3a86929fb2e135da495bc0196,r2-2e24b84e0a1e-seed20260923
D7_overlap,accepted_sample,,-1.9362927767877804,0.9956789712559474,,,,,,20260923,2e24b84e0a1e906a88bd91d21f25a0228935e2c3a86929fb2e135da495bc0196,r2-2e24b84e0a1e-seed20260923
D7_overlap,accepted_sample,,-1.7538895213528176,0.0831751342636631,,,,,,20260923,2e24b84e0a1e906a88bd91d21f25a0228935e2c3a86929fb2e135da495bc0196,r2-2e24b84e0a1e-seed20260923
D7_overlap,accepted_sample,,-2.048222064239861,-1.470043628552941,,,,,,20260923,2e24b84e0a1e906a88bd91d21f25a0228935e2c3a86929fb2e135da495bc0196,r2-2e24b84e0a1e-seed20260923
D7_overlap,accepted_sample,,-1.2790773015006394,-0.3440289595683756,,,,,,20260923,2e24b84e0a1e906a88bd91d21f25a0228935e2c3a86929fb2e135da495bc0196,r2-2e24b84e0a1e-seed20260923
D7_overlap,accepted_sample,,-0.9799618061370068,-2.0482726866209444,,,,,,20260923,2e24b84e0a1e906a88bd91d21f25a0228935e2c3a86929fb2e135da495bc0196,r2-2e24b84e0a1e-seed20260923
D7_overlap,accepted_sample,,-1.8000521092576218,1.4697387328016192,,,,,,20260923,2e24b84e0a1e906a88bd91d21f25a0228935e2c3a86929fb2e135da495bc0196,r2-2e24b84e0a1e-seed20260923
D7_overlap,accepted_sample,,-0.6135987485284705,0.8119404845841538,,,,,,20260923,2e24b84e0a1e906a88bd91d21f25a0228935e2c3a86929fb2e135da495bc0196,r2-2e24b84e0a1e-seed20260923
D7_overlap,accepted_sample,,-0.350767429570903,-1.3576795847991197,,,,,,20260923,2e24b84e0a1e906a88bd91d21f25a0228935e2c3a86929fb2e135da495bc0196,r2-2e24b84e0a1e-seed20260923
D7_overlap,accepted_sample,,-1.2413368804056797,0.26854711751081894,,,,,,20260923,2e24b84e0a1e906a88bd91d21f25a0228935e2c3a86929fb2e135da495bc0196,r2-2e24b84e0a1e-seed20260923
D7_overlap,accepted_sample,,-0.5899204904934788,-0.7349024770585815,,,,,,20260923,2e24b84e0a1e906a88bd91d21f25a0228935e2c3a86929fb2e135da495bc0196,r2-2e24b84e0a1e-seed20260923
D7_overlap,accepted_sample,,-0.40732850682739236,-1.6517118721606547,,,,,,20260923,2e24b84e0a1e906a88bd91d21f25a0228935e2c3a86929fb2e135da495bc0196,r2-2e24b84e0a1e-seed20260923
D7_overlap,accepted_sample,,-1.4121751710182273,-0.2557200969041302,,,,,,20260923,2e24b84e0a1e906a88bd91d21f25a0228935e2c3a86929fb2e135da495bc0196,r2-2e24b84e0a1e-seed20260923
D7_overlap,accepted_sample,,-0.03628408496502003,-1.3502188925903216,,,,,,20260923,2e24b84e0a1e906a88bd91d21f25a0228935e2c3a86929fb2e135da495bc0196,r2-2e24b84e0a1e-seed20260923
D7_overlap,accepted_sample,,-0.6510512481532102,-2.1992402699921416,,,,,,20260923,2e24b84e0a1e906a88bd91d21f25a0228935e2c3a86929fb2e135da495bc0196,r2-2e24b84e0a1e-seed20260923
D7_overlap,accepted_sample,,-0.0987048988539336,-0.9756013164318664,,,,,,20260923,2e24b84e0a1e906a88bd91d21f25a0228935e2c3a86929fb2e135da495bc0196,r2-2e24b84e0a1e-seed20260923
D7_overlap,accepted_sample,,-1.193311196660208,0.8358629282806587,,,,,,20260923,2e24b84e0a1e906a88bd91d21f25a0228935e2c3a86929fb2e135da495bc0196,r2-2e24b84e0a1e-seed20260923
D7_overlap,accepted_sample,,-1.8877449459095985,-0.22347474957930016,,,,,,20260923,2e24b84e0a1e906a88bd91d21f25a0228935e2c3a86929fb2e135da495bc0196,r2-2e24b84e0a1e-seed20260923
D7_overlap,accepted_sample,,-1.0786918852762784,-0.17817965054571555,,,,,,20260923,2e24b84e0a1e906a88bd91d21f25a0228935e2c3a86929fb2e135da495bc0196,r2-2e24b84e0a1e-seed20260923
D7_overlap,accepted_sample,,-1.2469017591179672,-0.1545732278601279,,,,,,20260923,2e24b84e0a1e906a88bd91d21f25a0228935e2c3a86929fb2e135da495bc0196,r2-2e24b84e0a1e-seed20260923
D7_overlap,accepted_sample,,-0.5010714475746939,-1.5753130944277733,,,,,,20260923,2e24b84e0a1e906a88bd91d21f25a0228935e2c3a86929fb2e135da495bc0196,r2-2e24b84e0a1e-seed20260923
D7_overlap,accepted_sample,,-0.1711476452019144,-0.46664014178384133,,,,,,20260923,2e24b84e0a1e906a88bd91d21f25a0228935e2c3a86929fb2e135da495bc0196,r2-2e24b84e0a1e-seed20260923
D7_overlap,accepted_sample,,-0.7822393535548063,-0.29499873264079773,,,,,,20260923,2e24b84e0a1e906a88bd91d21f25a0228935e2c3a86929fb2e135da495bc0196,r2-2e24b84e0a1e-seed20260923
D7_overlap,accepted_sample,,-1.0416668105575781,-0.32363362262930173,,,,,,20260923,2e24b84e0a1e906a88bd91d21f25a0228935e2c3a86929fb2e135da495bc0196,r2-2e24b84e0a1e-seed20260923
D7_overlap,accepted_sample,,-0.4885225106594956,0.7282071242843448,,,,,,20260923,2e24b84e0a1e906a88bd91d21f25a0228935e2c3a86929fb2e135da495bc0196,r2-2e24b84e0a1e-seed20260923
D7_overlap,accepted_sample,,-0.523268166673378,-1.042391507352043,,,,,,20260923,2e24b84e0a1e906a88bd91d21f25a0228935e2c3a86929fb2e135da495bc0196,r2-2e24b84e0a1e-seed20260923
D7_overlap,accepted_sample,,-1.1568700204207927,-0.08593705924342171,,,,,,20260923,2e24b84e0a1e906a88bd91d21f25a0228935e2c3a86929fb2e135da495bc0196,r2-2e24b84e0a1e-seed20260923
D7_overlap,accepted_sample,,-1.816373703627676,-0.40059181055997534,,,,,,20260923,2e24b84e0a1e906a88bd91d21f25a0228935e2c3a86929fb2e135da495bc0196,r2-2e24b84e0a1e-seed20260923
D7_overlap,accepted_sample,,-0.897291910894523,0.003926232402978642,,,,,,20260923,2e24b84e0a1e906a88bd91d21f25a0228935e2c3a86929fb2e135da495bc0196,r2-2e24b84e0a1e-seed20260923
D7_overlap,accepted_sample,,-0.4507351849307025,-3.3677691284632276,,,,,,20260923,2e24b84e0a1e906a88bd91d21f25a0228935e2c3a86929fb2e135da495bc0196,r2-2e24b84e0a1e-seed20260923
D7_overlap,accepted_sample,,-0.9850118593161562,0.5449253014617962,,,,,,20260923,2e24b84e0a1e906a88bd91d21f25a0228935e2c3a86929fb2e135da495bc0196,r2-2e24b84e0a1e-seed20260923
D7_overlap,accepted_sample,,-0.41249510927058575,-0.8287862486720162,,,,,,20260923,2e24b84e0a1e906a88bd91d21f25a0228935e2c3a86929fb2e135da495bc0196,r2-2e24b84e0a1e-seed20260923
D7_overlap,accepted_sample,,-0.6079207754904248,-0.3465135512579079,,,,,,20260923,2e24b84e0a1e906a88bd91d21f25a0228935e2c3a86929fb2e135da495bc0196,r2-2e24b84e0a1e-seed20260923
D7_overlap,accepted_sample,,0.13647424249187134,-2.4805348283931195,,,,,,20260923,2e24b84e0a1e906a88bd91d21f25a0228935e2c3a86929fb2e135da495bc0196,r2-2e24b84e0a1e-seed20260923
D7_overlap,accepted_sample,,-2.4193277744230297,-0.6036520012531892,,,,,,20260923,2e24b84e0a1e906a88bd91d21f25a0228935e2c3a86929fb2e135da495bc0196,r2-2e24b84e0a1e-seed20260923
D7_overlap,accepted_sample,,-0.6953198103134133,-0.4235848816252167,,,,,,20260923,2e24b84e0a1e906a88bd91d21f25a0228935e2c3a86929fb2e135da495bc0196,r2-2e24b84e0a1e-seed20260923
D7_overlap,accepted_sample,,-2.092653941288259,0.7597989374261181,,,,,,20260923,2e24b84e0a1e906a88bd91d21f25a0228935e2c3a86929fb2e135da495bc0196,r2-2e24b84e0a1e-seed20260923
D7_overlap,accepted_sample,,-0.3868138862102444,-0.8037571321534648,,,,,,20260923,2e24b84e0a1e906a88bd91d21f25a0228935e2c3a86929fb2e135da495bc0196,r2-2e24b84e0a1e-seed20260923
D7_overlap,accepted_sample,,-4.3127720173167585,-0.5149895160600471,,,,,,20260923,2e24b84e0a1e906a88bd91d21f25a0228935e2c3a86929fb2e135da495bc0196,r2-2e24b84e0a1e-seed20260923
D7_overlap,accepted_sample,,-2.1664343488896454,-0.7578331395409069,,,,,,20260923,2e24b84e0a1e906a88bd91d21f25a0228935e2c3a86929fb2e135da495bc0196,r2-2e24b84e0a1e-seed20260923
D7_overlap,accepted_sample,,0.2056828515399065,-1.3589861348410917,,,,,,20260923,2e24b84e0a1e906a88bd91d21f25a0228935e2c3a86929fb2e135da495bc0196,r2-2e24b84e0a1e-seed20260923
D7_overlap,accepted_sample,,-2.3254551089508566,1.1327800798488554,,,,,,20260923,2e24b84e0a1e906a88bd91d21f25a0228935e2c3a86929fb2e135da495bc0196,r2-2e24b84e0a1e-seed20260923
D7_overlap,accepted_sample,,-1.1521617840652385,-0.8841275894516958,,,,,,20260923,2e24b84e0a1e906a88bd91d21f25a0228935e2c3a86929fb2e135da495bc0196,r2-2e24b84e0a1e-seed20260923
D7_overlap,accepted_sample,,-0.5943145717807384,0.060757831848391404,,,,,,20260923,2e24b84e0a1e906a88bd91d21f25a0228935e2c3a86929fb2e135da495bc0196,r2-2e24b84e0a1e-seed20260923
D7_overlap,accepted_sample,,-1.6630098654534717,0.10774292275372678,,,,,,20260923,2e24b84e0a1e906a88bd91d21f25a0228935e2c3a86929fb2e135da495bc0196,r2-2e24b84e0a1e-seed20260923
D7_overlap,accepted_sample,,-1.6174885054750123,1.2422389691090006,,,,,,20260923,2e24b84e0a1e906a88bd91d21f25a0228935e2c3a86929fb2e135da495bc0196,r2-2e24b84e0a1e-seed20260923
D7_overlap,accepted_sample,,-0.43740871229668693,-1.1191201054099098,,,,,,20260923,2e24b84e0a1e906a88bd91d21f25a0228935e2c3a86929fb2e135da495bc0196,r2-2e24b84e0a1e-seed20260923
D7_overlap,accepted_sample,,-0.16158552432000525,-3.086641190996311,,,,,,20260923,2e24b84e0a1e906a88bd91d21f25a0228935e2c3a86929fb2e135da495bc0196,r2-2e24b84e0a1e-seed20260923
D7_overlap,accepted_sample,,-1.6147448166564635,-0.6870732833068729,,,,,,20260923,2e24b84e0a1e906a88bd91d21f25a0228935e2c3a86929fb2e135da495bc0196,r2-2e24b84e0a1e-seed20260923
D7_overlap,accepted_sample,,-0.7590286536015804,-0.47004423195746264,,,,,,20260923,2e24b84e0a1e906a88bd91d21f25a0228935e2c3a86929fb2e135da495bc0196,r2-2e24b84e0a1e-seed20260923
D7_overlap,accepted_sample,,-1.0896859710221354,-0.7848377877499113,,,,,,20260923,2e24b84e0a1e906a88bd91d21f25a0228935e2c3a86929fb2e135da495bc0196,r2-2e24b84e0a1e-seed20260923
D7_overlap,accepted_sample,,-1.1474421979177905,0.02063859573023985,,,,,,20260923,2e24b84e0a1e906a88bd91d21f25a0228935e2c3a86929fb2e135da495bc0196,r2-2e24b84e0a1e-seed20260923
D7_overlap,accepted_sample,,-1.3360067773062523,-0.44237132071192187,,,,,,20260923,2e24b84e0a1e906a88bd91d21f25a0228935e2c3a86929fb2e135da495bc0196,r2-2e24b84e0a1e-seed20260923
D7_overlap,accepted_sample,,-1.4692148193490298,0.934798423984168,,,,,,20260923,2e24b84e0a1e906a88bd91d21f25a0228935e2c3a86929fb2e135da495bc0196,r2-2e24b84e0a1e-seed20260923
D7_overlap,accepted_sample,,0.37981724738929107,-1.5383903360806748,,,,,,20260923,2e24b84e0a1e906a88bd91d21f25a0228935e2c3a86929fb2e135da495bc0196,r2-2e24b84e0a1e-seed20260923
D7_overlap,accepted_sample,,-0.8316302868273476,-1.3257405944234137,,,,,,20260923,2e24b84e0a1e906a88bd91d21f25a0228935e2c3a86929fb2e135da495bc0196,r2-2e24b84e0a1e-seed20260923
D7_overlap,accepted_sample,,-1.9797900626480998,0.5799699308509813,,,,,,20260923,2e24b84e0a1e906a88bd91d21f25a0228935e2c3a86929fb2e135da495bc0196,r2-2e24b84e0a1e-seed20260923
D7_overlap,accepted_sample,,-0.6584760312433331,-0.3298221063550546,,,,,,20260923,2e24b84e0a1e906a88bd91d21f25a0228935e2c3a86929fb2e135da495bc0196,r2-2e24b84e0a1e-seed20260923
D7_overlap,accepted_sample,,-1.40270525907372,-0.2482624711022242,,,,,,20260923,2e24b84e0a1e906a88bd91d21f25a0228935e2c3a86929fb2e135da495bc0196,r2-2e24b84e0a1e-seed20260923
D7_overlap,accepted_sample,,0.24934256668435487,-1.2942194675303509,,,,,,20260923,2e24b84e0a1e906a88bd91d21f25a0228935e2c3a86929fb2e135da495bc0196,r2-2e24b84e0a1e-seed20260923
D7_overlap,accepted_sample,,-2.413785983472572,-1.1411567629319925,,,,,,20260923,2e24b84e0a1e906a88bd91d21f25a0228935e2c3a86929fb2e135da495bc0196,r2-2e24b84e0a1e-seed20260923
D7_overlap,accepted_sample,,-1.0326373388943824,-0.2334011813420065,,,,,,20260923,2e24b84e0a1e906a88bd91d21f25a0228935e2c3a86929fb2e135da495bc0196,r2-2e24b84e0a1e-seed20260923
D7_overlap,accepted_sample,,-1.0242133647485112,0.12136832930883158,,,,,,20260923,2e24b84e0a1e906a88bd91d21f25a0228935e2c3a86929fb2e135da495bc0196,r2-2e24b84e0a1e-seed20260923
D7_overlap,accepted_sample,,-0.9207676103346472,-0.27169109668042385,,,,,,20260923,2e24b84e0a1e906a88bd91d21f25a0228935e2c3a86929fb2e135da495bc0196,r2-2e24b84e0a1e-seed20260923
D7_overlap,accepted_sample,,-0.5053454299427563,-1.6795495317880713,,,,,,20260923,2e24b84e0a1e906a88bd91d21f25a0228935e2c3a86929fb2e135da495bc0196,r2-2e24b84e0a1e-seed20260923
D7_overlap,accepted_sample,,-2.098765344307821,-0.8786948021263535,,,,,,20260923,2e24b84e0a1e906a88bd91d21f25a0228935e2c3a86929fb2e135da495bc0196,r2-2e24b84e0a1e-seed20260923
D7_overlap,accepted_sample,,-0.4939644491125858,-1.4364924128536738,,,,,,20260923,2e24b84e0a1e906a88bd91d21f25a0228935e2c3a86929fb2e135da495bc0196,r2-2e24b84e0a1e-seed20260923
D7_overlap,accepted_sample,,0.16028761579111053,-1.0429875601987892,,,,,,20260923,2e24b84e0a1e906a88bd91d21f25a0228935e2c3a86929fb2e135da495bc0196,r2-2e24b84e0a1e-seed20260923
D7_overlap,accepted_sample,,-1.3361021306456986,0.6070771525062008,,,,,,20260923,2e24b84e0a1e906a88bd91d21f25a0228935e2c3a86929fb2e135da495bc0196,r2-2e24b84e0a1e-seed20260923
D7_overlap,accepted_sample,,-0.4711893561249307,-0.8779222565191273,,,,,,20260923,2e24b84e0a1e906a88bd91d21f25a0228935e2c3a86929fb2e135da495bc0196,r2-2e24b84e0a1e-seed20260923
D7_overlap,accepted_sample,,-1.6166419869147581,-0.6936076037469243,,,,,,20260923,2e24b84e0a1e906a88bd91d21f25a0228935e2c3a86929fb2e135da495bc0196,r2-2e24b84e0a1e-seed20260923
D7_overlap,accepted_sample,,-1.1703001369361585,-0.1872821977375374,,,,,,20260923,2e24b84e0a1e906a88bd91d21f25a0228935e2c3a86929fb2e135da495bc0196,r2-2e24b84e0a1e-seed20260923
D7_overlap,accepted_sample,,-0.9347287603803555,0.5047616856281764,,,,,,20260923,2e24b84e0a1e906a88bd91d21f25a0228935e2c3a86929fb2e135da495bc0196,r2-2e24b84e0a1e-seed20260923
D7_overlap,accepted_sample,,-0.5864277545398242,-2.4935829360121575,,,,,,20260923,2e24b84e0a1e906a88bd91d21f25a0228935e2c3a86929fb2e135da495bc0196,r2-2e24b84e0a1e-seed20260923
D7_overlap,accepted_sample,,-1.2081911217478034,-0.8911488548613883,,,,,,20260923,2e24b84e0a1e906a88bd91d21f25a0228935e2c3a86929fb2e135da495bc0196,r2-2e24b84e0a1e-seed20260923
D7_overlap,accepted_sample,,-1.7164680968524373,0.7119921489374654,,,,,,20260923,2e24b84e0a1e906a88bd91d21f25a0228935e2c3a86929fb2e135da495bc0196,r2-2e24b84e0a1e-seed20260923
D7_overlap,accepted_sample,,-1.1617065317773327,0.809546358953522,,,,,,20260923,2e24b84e0a1e906a88bd91d21f25a0228935e2c3a86929fb2e135da495bc0196,r2-2e24b84e0a1e-seed20260923
D7_overlap,accepted_sample,,-1.853049662130487,0.5447721720375783,,,,,,20260923,2e24b84e0a1e906a88bd91d21f25a0228935e2c3a86929fb2e135da495bc0196,r2-2e24b84e0a1e-seed20260923
D7_overlap,accepted_sample,,0.4620617495015034,-0.7654254170901091,,,,,,20260923,2e24b84e0a1e906a88bd91d21f25a0228935e2c3a86929fb2e135da495bc0196,r2-2e24b84e0a1e-seed20260923
D7_overlap,accepted_sample,,-0.9718837554526035,0.022958663336857876,,,,,,20260923,2e24b84e0a1e906a88bd91d21f25a0228935e2c3a86929fb2e135da495bc0196,r2-2e24b84e0a1e-seed20260923
D7_overlap,accepted_sample,,-1.1504615776043012,-0.9640255492803,,,,,,20260923,2e24b84e0a1e906a88bd91d21f25a0228935e2c3a86929fb2e135da495bc0196,r2-2e24b84e0a1e-seed20260923
D7_overlap,rejected_sample,,0.035590064798746046,1.4663875709598697,,,,,,20260923,2e24b84e0a1e906a88bd91d21f25a0228935e2c3a86929fb2e135da495bc0196,r2-2e24b84e0a1e-seed20260923
D7_overlap,rejected_sample,,0.9610185988541251,0.40452784146101767,,,,,,20260923,2e24b84e0a1e906a88bd91d21f25a0228935e2c3a86929fb2e135da495bc0196,r2-2e24b84e0a1e-seed20260923
D7_overlap,rejected_sample,,0.7133869601708344,1.1492134722950904,,,,,,20260923,2e24b84e0a1e906a88bd91d21f25a0228935e2c3a86929fb2e135da495bc0196,r2-2e24b84e0a1e-seed20260923
D7_overlap,rejected_sample,,-0.34782083442655076,-0.3738861076050245,,,,,,20260923,2e24b84e0a1e906a88bd91d21f25a0228935e2c3a86929fb2e135da495bc0196,r2-2e24b84e0a1e-seed20260923
D7_overlap,rejected_sample,,0.14544993938190062,0.23150205411344002,,,,,,20260923,2e24b84e0a1e906a88bd91d21f25a0228935e2c3a86929fb2e135da495bc0196,r2-2e24b84e0a1e-seed20260923
D7_overlap,rejected_sample,,-0.20634368402064085,-0.004833930030895608,,,,,,20260923,2e24b84e0a1e906a88bd91d21f25a0228935e2c3a86929fb2e135da495bc0196,r2-2e24b84e0a1e-seed20260923
D7_overlap,rejected_sample,,1.7959898269787526,-2.260271590417554,,,,,,20260923,2e24b84e0a1e906a88bd91d21f25a0228935e2c3a86929fb2e135da495bc0196,r2-2e24b84e0a1e-seed20260923
D7_overlap,rejected_sample,,-0.20506499393898597,0.5073981355961701,,,,,,20260923,2e24b84e0a1e906a88bd91d21f25a0228935e2c3a86929fb2e135da495bc0196,r2-2e24b84e0a1e-seed20260923
D7_overlap,rejected_sample,,1.131140358263525,0.550592131207464,,,,,,20260923,2e24b84e0a1e906a88bd91d21f25a0228935e2c3a86929fb2e135da495bc0196,r2-2e24b84e0a1e-seed20260923
D7_overlap,rejected_sample,,-0.3913797669090125,2.032803763202435,,,,,,20260923,2e24b84e0a1e906a88bd91d21f25a0228935e2c3a86929fb2e135da495bc0196,r2-2e24b84e0a1e-seed20260923
D7_overlap,rejected_sample,,-0.5376101796765539,0.26768504944987503,,,,,,20260923,2e24b84e0a1e906a88bd91d21f25a0228935e2c3a86929fb2e135da495bc0196,r2-2e24b84e0a1e-seed20260923
D7_overlap,rejected_sample,,1.031703047228488,-1.060721290813482,,,,,,20260923,2e24b84e0a1e906a88bd91d21f25a0228935e2c3a86929fb2e135da495bc0196,r2-2e24b84e0a1e-seed20260923
D7_overlap,rejected_sample,,0.028290163088879692,0.2986894946069625,,,,,,20260923,2e24b84e0a1e906a88bd91d21f25a0228935e2c3a86929fb2e135da495bc0196,r2-2e24b84e0a1e-seed20260923
D7_overlap,rejected_sample,,0.9821809574703578,-0.16258736764978732,,,,,,20260923,2e24b84e0a1e906a88bd91d21f25a0228935e2c3a86929fb2e135da495bc0196,r2-2e24b84e0a1e-seed20260923
D7_overlap,rejected_sample,,0.5058087644642493,-0.6538620511848156,,,,,,20260923,2e24b84e0a1e906a88bd91d21f25a0228935e2c3a86929fb2e135da495bc0196,r2-2e24b84e0a1e-seed20260923
D7_overlap,rejected_sample,,0.03171653174803327,1.214587983095314,,,,,,20260923,2e24b84e0a1e906a88bd91d21f25a0228935e2c3a86929fb2e135da495bc0196,r2-2e24b84e0a1e-seed20260923
D7_overlap,rejected_sample,,-1.120761595203056,0.7379318046764967,,,,,,20260923,2e24b84e0a1e906a88bd91d21f25a0228935e2c3a86929fb2e135da495bc0196,r2-2e24b84e0a1e-seed20260923
D7_overlap,rejected_sample,,-0.42454662327362064,0.46319694554845786,,,,,,20260923,2e24b84e0a1e906a88bd91d21f25a0228935e2c3a86929fb2e135da495bc0196,r2-2e24b84e0a1e-seed20260923
D7_overlap,rejected_sample,,0.7938971970716758,-0.23219249054384763,,,,,,20260923,2e24b84e0a1e906a88bd91d21f25a0228935e2c3a86929fb2e135da495bc0196,r2-2e24b84e0a1e-seed20260923
D7_overlap,rejected_sample,,-0.16433565916773252,-0.431842989291809,,,,,,20260923,2e24b84e0a1e906a88bd91d21f25a0228935e2c3a86929fb2e135da495bc0196,r2-2e24b84e0a1e-seed20260923
D7_overlap,rejected_sample,,0.4557336388239733,0.6117640931250834,,,,,,20260923,2e24b84e0a1e906a88bd91d21f25a0228935e2c3a86929fb2e135da495bc0196,r2-2e24b84e0a1e-seed20260923
D7_overlap,rejected_sample,,0.2711482003861805,-0.1083653183828109,,,,,,20260923,2e24b84e0a1e906a88bd91d21f25a0228935e2c3a86929fb2e135da495bc0196,r2-2e24b84e0a1e-seed20260923
D7_overlap,rejected_sample,,-0.9450462211131694,1.506310859190615,,,,,,20260923,2e24b84e0a1e906a88bd91d21f25a0228935e2c3a86929fb2e135da495bc0196,r2-2e24b84e0a1e-seed20260923
D7_overlap,rejected_sample,,2.119522631745783,-1.676027102945136,,,,,,20260923,2e24b84e0a1e906a88bd91d21f25a0228935e2c3a86929fb2e135da495bc0196,r2-2e24b84e0a1e-seed20260923
D7_overlap,rejected_sample,,0.5630865232270432,0.0960512429083326,,,,,,20260923,2e24b84e0a1e906a88bd91d21f25a0228935e2c3a86929fb2e135da495bc0196,r2-2e24b84e0a1e-seed20260923
D7_overlap,rejected_sample,,1.4585404326479288,1.4449900625654168,,,,,,20260923,2e24b84e0a1e906a88bd91d21f25a0228935e2c3a86929fb2e135da495bc0196,r2-2e24b84e0a1e-seed20260923
D7_overlap,rejected_sample,,0.23976618132755775,0.9784952951860049,,,,,,20260923,2e24b84e0a1e906a88bd91d21f25a0228935e2c3a86929fb2e135da495bc0196,r2-2e24b84e0a1e-seed20260923
D7_overlap,rejected_sample,,0.5539981643132857,0.018953994821381954,,,,,,20260923,2e24b84e0a1e906a88bd91d21f25a0228935e2c3a86929fb2e135da495bc0196,r2-2e24b84e0a1e-seed20260923
D7_overlap,rejected_sample,,0.274787035258967,-0.36837603848222555,,,,,,20260923,2e24b84e0a1e906a88bd91d21f25a0228935e2c3a86929fb2e135da495bc0196,r2-2e24b84e0a1e-seed20260923
D7_overlap,rejected_sample,,-0.3611686961872152,1.1797737664830743,,,,,,20260923,2e24b84e0a1e906a88bd91d21f25a0228935e2c3a86929fb2e135da495bc0196,r2-2e24b84e0a1e-seed20260923
D7_overlap,rejected_sample,,-0.355359648882897,1.1142359969304652,,,,,,20260923,2e24b84e0a1e906a88bd91d21f25a0228935e2c3a86929fb2e135da495bc0196,r2-2e24b84e0a1e-seed20260923
D7_overlap,rejected_sample,,-0.034078177062369784,0.3139660784154334,,,,,,20260923,2e24b84e0a1e906a88bd91d21f25a0228935e2c3a86929fb2e135da495bc0196,r2-2e24b84e0a1e-seed20260923
D7_overlap,rejected_sample,,0.05866491777933226,-0.11646652538800727,,,,,,20260923,2e24b84e0a1e906a88bd91d21f25a0228935e2c3a86929fb2e135da495bc0196,r2-2e24b84e0a1e-seed20260923
D7_overlap,rejected_sample,,2.283084461033076,0.3691955659236668,,,,,,20260923,2e24b84e0a1e906a88bd91d21f25a0228935e2c3a86929fb2e135da495bc0196,r2-2e24b84e0a1e-seed20260923
D7_overlap,rejected_sample,,-0.6002229062044426,0.9204243364574829,,,,,,20260923,2e24b84e0a1e906a88bd91d21f25a0228935e2c3a86929fb2e135da495bc0196,r2-2e24b84e0a1e-seed20260923
D7_overlap,rejected_sample,,-0.44224883423744515,1.3192811103058633,,,,,,20260923,2e24b84e0a1e906a88bd91d21f25a0228935e2c3a86929fb2e135da495bc0196,r2-2e24b84e0a1e-seed20260923
D7_overlap,rejected_sample,,2.322951565050901,0.7046622756628906,,,,,,20260923,2e24b84e0a1e906a88bd91d21f25a0228935e2c3a86929fb2e135da495bc0196,r2-2e24b84e0a1e-seed20260923
D7_overlap,rejected_sample,,-0.8692107253017344,0.292637130652503,,,,,,20260923,2e24b84e0a1e906a88bd91d21f25a0228935e2c3a86929fb2e135da495bc0196,r2-2e24b84e0a1e-seed20260923
D7_overlap,rejected_sample,,-0.8971132781775715,0.6911985139210296,,,,,,20260923,2e24b84e0a1e906a88bd91d21f25a0228935e2c3a86929fb2e135da495bc0196,r2-2e24b84e0a1e-seed20260923
D7_overlap,rejected_sample,,-0.8191116343162698,0.22964807678973145,,,,,,20260923,2e24b84e0a1e906a88bd91d21f25a0228935e2c3a86929fb2e135da495bc0196,r2-2e24b84e0a1e-seed20260923
D7_overlap,rejected_sample,,0.42297787198317316,-0.5238491308701699,,,,,,20260923,2e24b84e0a1e906a88bd91d21f25a0228935e2c3a86929fb2e135da495bc0196,r2-2e24b84e0a1e-seed20260923
D7_overlap,rejected_sample,,1.1084087706286743,0.5437983097525899,,,,,,20260923,2e24b84e0a1e906a88bd91d21f25a0228935e2c3a86929fb2e135da495bc0196,r2-2e24b84e0a1e-seed20260923
D7_overlap,rejected_sample,,1.3989770363075362,-0.5270390781695243,,,,,,20260923,2e24b84e0a1e906a88bd91d21f25a0228935e2c3a86929fb2e135da495bc0196,r2-2e24b84e0a1e-seed20260923
D7_overlap,rejected_sample,,0.7078134108361697,-1.8518907006917231,,,,,,20260923,2e24b84e0a1e906a88bd91d21f25a0228935e2c3a86929fb2e135da495bc0196,r2-2e24b84e0a1e-seed20260923
D7_overlap,rejected_sample,,2.8021620074032128,-1.4050270090578985,,,,,,20260923,2e24b84e0a1e906a88bd91d21f25a0228935e2c3a86929fb2e135da495bc0196,r2-2e24b84e0a1e-seed20260923
D7_overlap,rejected_sample,,0.7944621333213879,-0.781138083365477,,,,,,20260923,2e24b84e0a1e906a88bd91d21f25a0228935e2c3a86929fb2e135da495bc0196,r2-2e24b84e0a1e-seed20260923
D7_overlap,rejected_sample,,-0.5809113110966143,-0.3847161091163975,,,,,,20260923,2e24b84e0a1e906a88bd91d21f25a0228935e2c3a86929fb2e135da495bc0196,r2-2e24b84e0a1e-seed20260923
D7_overlap,rejected_sample,,0.7391835454362022,0.6303163955470873,,,,,,20260923,2e24b84e0a1e906a88bd91d21f25a0228935e2c3a86929fb2e135da495bc0196,r2-2e24b84e0a1e-seed20260923
D7_overlap,rejected_sample,,-0.6204882678491437,1.0350214823062298,,,,,,20260923,2e24b84e0a1e906a88bd91d21f25a0228935e2c3a86929fb2e135da495bc0196,r2-2e24b84e0a1e-seed20260923
D7_overlap,rejected_sample,,-1.2992888512353205,2.88528553418847,,,,,,20260923,2e24b84e0a1e906a88bd91d21f25a0228935e2c3a86929fb2e135da495bc0196,r2-2e24b84e0a1e-seed20260923
D7_overlap,rejected_sample,,0.37616105695384444,0.7050200043036232,,,,,,20260923,2e24b84e0a1e906a88bd91d21f25a0228935e2c3a86929fb2e135da495bc0196,r2-2e24b84e0a1e-seed20260923
D7_overlap,rejected_sample,,0.9216435993179006,-1.9322244313598747,,,,,,20260923,2e24b84e0a1e906a88bd91d21f25a0228935e2c3a86929fb2e135da495bc0196,r2-2e24b84e0a1e-seed20260923
D7_overlap,rejected_sample,,1.209501179254256,1.5693311432314085,,,,,,20260923,2e24b84e0a1e906a88bd91d21f25a0228935e2c3a86929fb2e135da495bc0196,r2-2e24b84e0a1e-seed20260923
D7_overlap,rejected_sample,,0.5541655602464717,2.5168260864733245,,,,,,20260923,2e24b84e0a1e906a88bd91d21f25a0228935e2c3a86929fb2e135da495bc0196,r2-2e24b84e0a1e-seed20260923
D7_overlap,rejected_sample,,-0.3535761617117285,0.24005663491487186,,,,,,20260923,2e24b84e0a1e906a88bd91d21f25a0228935e2c3a86929fb2e135da495bc0196,r2-2e24b84e0a1e-seed20260923
D7_overlap,rejected_sample,,-0.3334929881476219,0.1912436136752894,,,,,,20260923,2e24b84e0a1e906a88bd91d21f25a0228935e2c3a86929fb2e135da495bc0196,r2-2e24b84e0a1e-seed20260923
D7_overlap,rejected_sample,,1.2169887696194788,0.18613510107326894,,,,,,20260923,2e24b84e0a1e906a88bd91d21f25a0228935e2c3a86929fb2e135da495bc0196,r2-2e24b84e0a1e-seed20260923
D7_overlap,rejected_sample,,0.41903818001185156,0.15953207648685308,,,,,,20260923,2e24b84e0a1e906a88bd91d21f25a0228935e2c3a86929fb2e135da495bc0196,r2-2e24b84e0a1e-seed20260923
D7_overlap,rejected_sample,,1.536490648023384,0.9280461086325635,,,,,,20260923,2e24b84e0a1e906a88bd91d21f25a0228935e2c3a86929fb2e135da495bc0196,r2-2e24b84e0a1e-seed20260923
D7_overlap,rejected_sample,,1.611410229098996,1.4749624804577859,,,,,,20260923,2e24b84e0a1e906a88bd91d21f25a0228935e2c3a86929fb2e135da495bc0196,r2-2e24b84e0a1e-seed20260923
D7_overlap,rejected_sample,,1.3854255907434108,0.6517456613942566,,,,,,20260923,2e24b84e0a1e906a88bd91d21f25a0228935e2c3a86929fb2e135da495bc0196,r2-2e24b84e0a1e-seed20260923
D7_overlap,rejected_sample,,-0.9355254050262726,0.5140590607315652,,,,,,20260923,2e24b84e0a1e906a88bd91d21f25a0228935e2c3a86929fb2e135da495bc0196,r2-2e24b84e0a1e-seed20260923
D7_overlap,rejected_sample,,1.1183607997995104,0.34894583366531706,,,,,,20260923,2e24b84e0a1e906a88bd91d21f25a0228935e2c3a86929fb2e135da495bc0196,r2-2e24b84e0a1e-seed20260923
D7_overlap,rejected_sample,,0.0008582278564644558,1.0319437987240179,,,,,,20260923,2e24b84e0a1e906a88bd91d21f25a0228935e2c3a86929fb2e135da495bc0196,r2-2e24b84e0a1e-seed20260923
D7_overlap,rejected_sample,,0.12994396029143512,1.1022335588899124,,,,,,20260923,2e24b84e0a1e906a88bd91d21f25a0228935e2c3a86929fb2e135da495bc0196,r2-2e24b84e0a1e-seed20260923
D7_overlap,rejected_sample,,-0.6149493181484629,0.36513788985808077,,,,,,20260923,2e24b84e0a1e906a88bd91d21f25a0228935e2c3a86929fb2e135da495bc0196,r2-2e24b84e0a1e-seed20260923
D7_overlap,rejected_sample,,0.41018014481210824,-0.0130456893515388,,,,,,20260923,2e24b84e0a1e906a88bd91d21f25a0228935e2c3a86929fb2e135da495bc0196,r2-2e24b84e0a1e-seed20260923
D7_overlap,rejected_sample,,1.1661064761978557,-0.8354749436960707,,,,,,20260923,2e24b84e0a1e906a88bd91d21f25a0228935e2c3a86929fb2e135da495bc0196,r2-2e24b84e0a1e-seed20260923
D7_overlap,rejected_sample,,1.1731750841205748,1.2732789973122527,,,,,,20260923,2e24b84e0a1e906a88bd91d21f25a0228935e2c3a86929fb2e135da495bc0196,r2-2e24b84e0a1e-seed20260923
D7_overlap,rejected_sample,,0.8245224865406906,-1.6240189613200147,,,,,,20260923,2e24b84e0a1e906a88bd91d21f25a0228935e2c3a86929fb2e135da495bc0196,r2-2e24b84e0a1e-seed20260923
D7_overlap,rejected_sample,,1.496544551764819,0.7449599229579187,,,,,,20260923,2e24b84e0a1e906a88bd91d21f25a0228935e2c3a86929fb2e135da495bc0196,r2-2e24b84e0a1e-seed20260923
D7_overlap,rejected_sample,,0.8107976869822517,-0.4327809330739522,,,,,,20260923,2e24b84e0a1e906a88bd91d21f25a0228935e2c3a86929fb2e135da495bc0196,r2-2e24b84e0a1e-seed20260923
D7_overlap,rejected_sample,,0.2350393094547389,-0.07248142576563535,,,,,,20260923,2e24b84e0a1e906a88bd91d21f25a0228935e2c3a86929fb2e135da495bc0196,r2-2e24b84e0a1e-seed20260923
D7_overlap,rejected_sample,,-0.008995390607770434,1.3493731135956104,,,,,,20260923,2e24b84e0a1e906a88bd91d21f25a0228935e2c3a86929fb2e135da495bc0196,r2-2e24b84e0a1e-seed20260923
D7_overlap,rejected_sample,,0.3234439441890517,0.9807496723070458,,,,,,20260923,2e24b84e0a1e906a88bd91d21f25a0228935e2c3a86929fb2e135da495bc0196,r2-2e24b84e0a1e-seed20260923
D7_overlap,rejected_sample,,0.519167464402024,0.29979475553311247,,,,,,20260923,2e24b84e0a1e906a88bd91d21f25a0228935e2c3a86929fb2e135da495bc0196,r2-2e24b84e0a1e-seed20260923
D7_overlap,rejected_sample,,-0.2642308158340107,-0.13664476153115152,,,,,,20260923,2e24b84e0a1e906a88bd91d21f25a0228935e2c3a86929fb2e135da495bc0196,r2-2e24b84e0a1e-seed20260923
D7_overlap,rejected_sample,,1.4049399731687147,0.049915519667497216,,,,,,20260923,2e24b84e0a1e906a88bd91d21f25a0228935e2c3a86929fb2e135da495bc0196,r2-2e24b84e0a1e-seed20260923
D7_overlap,rejected_sample,,0.32435922597103967,0.7751737572975747,,,,,,20260923,2e24b84e0a1e906a88bd91d21f25a0228935e2c3a86929fb2e135da495bc0196,r2-2e24b84e0a1e-seed20260923
D7_overlap,rejected_sample,,0.8490443007884986,-1.820717123738087,,,,,,20260923,2e24b84e0a1e906a88bd91d21f25a0228935e2c3a86929fb2e135da495bc0196,r2-2e24b84e0a1e-seed20260923
D7_overlap,rejected_sample,,0.4854640388108841,0.7544650206661224,,,,,,20260923,2e24b84e0a1e906a88bd91d21f25a0228935e2c3a86929fb2e135da495bc0196,r2-2e24b84e0a1e-seed20260923
D7_overlap,rejected_sample,,1.6107155295880788,-1.391118569807563,,,,,,20260923,2e24b84e0a1e906a88bd91d21f25a0228935e2c3a86929fb2e135da495bc0196,r2-2e24b84e0a1e-seed20260923
D7_overlap,rejected_sample,,0.4761856131663039,-0.5578000644429679,,,,,,20260923,2e24b84e0a1e906a88bd91d21f25a0228935e2c3a86929fb2e135da495bc0196,r2-2e24b84e0a1e-seed20260923
D7_overlap,rejected_sample,,0.9643344074046135,0.26440348979206657,,,,,,20260923,2e24b84e0a1e906a88bd91d21f25a0228935e2c3a86929fb2e135da495bc0196,r2-2e24b84e0a1e-seed20260923
D7_overlap,rejected_sample,,1.2308351523157397,1.0892467184473376,,,,,,20260923,2e24b84e0a1e906a88bd91d21f25a0228935e2c3a86929fb2e135da495bc0196,r2-2e24b84e0a1e-seed20260923
D7_overlap,rejected_sample,,1.3074885153790523,0.7895892255273397,,,,,,20260923,2e24b84e0a1e906a88bd91d21f25a0228935e2c3a86929fb2e135da495bc0196,r2-2e24b84e0a1e-seed20260923
D7_overlap,rejected_sample,,0.857869001749681,1.0652861773901954,,,,,,20260923,2e24b84e0a1e906a88bd91d21f25a0228935e2c3a86929fb2e135da495bc0196,r2-2e24b84e0a1e-seed20260923
D7_overlap,rejected_sample,,-0.0426865831802274,0.0731564906152864,,,,,,20260923,2e24b84e0a1e906a88bd91d21f25a0228935e2c3a86929fb2e135da495bc0196,r2-2e24b84e0a1e-seed20260923
D7_overlap,rejected_sample,,0.8881030643814396,-0.32505875161512154,,,,,,20260923,2e24b84e0a1e906a88bd91d21f25a0228935e2c3a86929fb2e135da495bc0196,r2-2e24b84e0a1e-seed20260923
D7_overlap,rejected_sample,,0.8442708174605622,0.3475807747180611,,,,,,20260923,2e24b84e0a1e906a88bd91d21f25a0228935e2c3a86929fb2e135da495bc0196,r2-2e24b84e0a1e-seed20260923
D7_overlap,rejected_sample,,-0.1137026213037163,-0.3307835204922139,,,,,,20260923,2e24b84e0a1e906a88bd91d21f25a0228935e2c3a86929fb2e135da495bc0196,r2-2e24b84e0a1e-seed20260923
D7_overlap,rejected_sample,,0.7407195666540436,-0.915521894687385,,,,,,20260923,2e24b84e0a1e906a88bd91d21f25a0228935e2c3a86929fb2e135da495bc0196,r2-2e24b84e0a1e-seed20260923
D7_overlap,rejected_sample,,0.7177567361150746,2.6801498374262156,,,,,,20260923,2e24b84e0a1e906a88bd91d21f25a0228935e2c3a86929fb2e135da495bc0196,r2-2e24b84e0a1e-seed20260923
D7_overlap,rejected_sample,,0.5304720894959474,-0.2194731615890688,,,,,,20260923,2e24b84e0a1e906a88bd91d21f25a0228935e2c3a86929fb2e135da495bc0196,r2-2e24b84e0a1e-seed20260923
D7_overlap,rejected_sample,,-0.733675926070321,1.584332896437601,,,,,,20260923,2e24b84e0a1e906a88bd91d21f25a0228935e2c3a86929fb2e135da495bc0196,r2-2e24b84e0a1e-seed20260923
D7_overlap,rejected_sample,,0.9750901072531987,-0.07468368736496185,,,,,,20260923,2e24b84e0a1e906a88bd91d21f25a0228935e2c3a86929fb2e135da495bc0196,r2-2e24b84e0a1e-seed20260923
D7_overlap,rejected_sample,,1.8851800056358283,1.6496434206639632,,,,,,20260923,2e24b84e0a1e906a88bd91d21f25a0228935e2c3a86929fb2e135da495bc0196,r2-2e24b84e0a1e-seed20260923
D7_overlap,rejected_sample,,-0.372956744200218,2.274698912054336,,,,,,20260923,2e24b84e0a1e906a88bd91d21f25a0228935e2c3a86929fb2e135da495bc0196,r2-2e24b84e0a1e-seed20260923
D7_overlap,rejected_sample,,0.31124335093325706,0.5705464683064474,,,,,,20260923,2e24b84e0a1e906a88bd91d21f25a0228935e2c3a86929fb2e135da495bc0196,r2-2e24b84e0a1e-seed20260923
D7_overlap,rejected_sample,,-0.12080529598128098,0.5419791198393838,,,,,,20260923,2e24b84e0a1e906a88bd91d21f25a0228935e2c3a86929fb2e135da495bc0196,r2-2e24b84e0a1e-seed20260923
D7_overlap,rejected_sample,,0.6138321150809183,0.8760778955977422,,,,,,20260923,2e24b84e0a1e906a88bd91d21f25a0228935e2c3a86929fb2e135da495bc0196,r2-2e24b84e0a1e-seed20260923
D7_overlap,rejected_sample,,-0.056620747794659844,0.4313970720514531,,,,,,20260923,2e24b84e0a1e906a88bd91d21f25a0228935e2c3a86929fb2e135da495bc0196,r2-2e24b84e0a1e-seed20260923
D7_overlap,rejected_sample,,0.9166187784676125,-0.18576034370723157,,,,,,20260923,2e24b84e0a1e906a88bd91d21f25a0228935e2c3a86929fb2e135da495bc0196,r2-2e24b84e0a1e-seed20260923
D7_overlap,rejected_sample,,1.4603425661567413,0.23241937119420392,,,,,,20260923,2e24b84e0a1e906a88bd91d21f25a0228935e2c3a86929fb2e135da495bc0196,r2-2e24b84e0a1e-seed20260923
D7_overlap,rejected_sample,,0.29719289806490484,0.1984802446704771,,,,,,20260923,2e24b84e0a1e906a88bd91d21f25a0228935e2c3a86929fb2e135da495bc0196,r2-2e24b84e0a1e-seed20260923
D7_overlap,rejected_sample,,0.42699371352728394,0.884751635237279,,,,,,20260923,2e24b84e0a1e906a88bd91d21f25a0228935e2c3a86929fb2e135da495bc0196,r2-2e24b84e0a1e-seed20260923
D7_overlap,rejected_sample,,0.07141437190669098,0.5951120343214472,,,,,,20260923,2e24b84e0a1e906a88bd91d21f25a0228935e2c3a86929fb2e135da495bc0196,r2-2e24b84e0a1e-seed20260923
D7_overlap,rejected_sample,,1.077810079266822,-0.6184694107602665,,,,,,20260923,2e24b84e0a1e906a88bd91d21f25a0228935e2c3a86929fb2e135da495bc0196,r2-2e24b84e0a1e-seed20260923
D7_overlap,rejected_sample,,-0.9338856713601221,0.5439010839529576,,,,,,20260923,2e24b84e0a1e906a88bd91d21f25a0228935e2c3a86929fb2e135da495bc0196,r2-2e24b84e0a1e-seed20260923
D7_overlap,rejected_sample,,1.2871471151898393,-0.061445251667815795,,,,,,20260923,2e24b84e0a1e906a88bd91d21f25a0228935e2c3a86929fb2e135da495bc0196,r2-2e24b84e0a1e-seed20260923
D7_overlap,rejected_sample,,-0.7564709246945951,1.5546871776908455,,,,,,20260923,2e24b84e0a1e906a88bd91d21f25a0228935e2c3a86929fb2e135da495bc0196,r2-2e24b84e0a1e-seed20260923
D7_overlap,rejected_sample,,0.4453320158472987,0.27301004243270555,,,,,,20260923,2e24b84e0a1e906a88bd91d21f25a0228935e2c3a86929fb2e135da495bc0196,r2-2e24b84e0a1e-seed20260923
D7_overlap,rejected_sample,,0.28775016248198004,0.8077510103056021,,,,,,20260923,2e24b84e0a1e906a88bd91d21f25a0228935e2c3a86929fb2e135da495bc0196,r2-2e24b84e0a1e-seed20260923
D7_overlap,rejected_sample,,0.3070762594995308,-0.8568084296943749,,,,,,20260923,2e24b84e0a1e906a88bd91d21f25a0228935e2c3a86929fb2e135da495bc0196,r2-2e24b84e0a1e-seed20260923
D7_overlap,rejected_sample,,-0.11818319319966407,1.0320231278694296,,,,,,20260923,2e24b84e0a1e906a88bd91d21f25a0228935e2c3a86929fb2e135da495bc0196,r2-2e24b84e0a1e-seed20260923
D7_overlap,rejected_sample,,0.5495388063345246,0.20260376004562253,,,,,,20260923,2e24b84e0a1e906a88bd91d21f25a0228935e2c3a86929fb2e135da495bc0196,r2-2e24b84e0a1e-seed20260923
D7_overlap,rejected_sample,,-0.4836270038747675,1.7013512590822737,,,,,,20260923,2e24b84e0a1e906a88bd91d21f25a0228935e2c3a86929fb2e135da495bc0196,r2-2e24b84e0a1e-seed20260923
D7_overlap,rejected_sample,,-0.14225972953380134,0.9681908396872608,,,,,,20260923,2e24b84e0a1e906a88bd91d21f25a0228935e2c3a86929fb2e135da495bc0196,r2-2e24b84e0a1e-seed20260923
D7_overlap,rejected_sample,,0.7854584967747434,-0.20280399191631093,,,,,,20260923,2e24b84e0a1e906a88bd91d21f25a0228935e2c3a86929fb2e135da495bc0196,r2-2e24b84e0a1e-seed20260923
D7_overlap,rejected_sample,,0.6175436987246751,-1.9950506510482378,,,,,,20260923,2e24b84e0a1e906a88bd91d21f25a0228935e2c3a86929fb2e135da495bc0196,r2-2e24b84e0a1e-seed20260923
D8_running_mean,running_mean,trial_1,1.0,0.5654761904761905,,,,840,,20260923,2e24b84e0a1e906a88bd91d21f25a0228935e2c3a86929fb2e135da495bc0196,r2-2e24b84e0a1e-seed20260923
D8_change_vs_tolerance,running_change,trial_1,1.0,0.5654761904761905,,,,840,,20260923,2e24b84e0a1e906a88bd91d21f25a0228935e2c3a86929fb2e135da495bc0196,r2-2e24b84e0a1e-seed20260923
D8_running_mean,running_mean,trial_1,2.0,0.5666666666666667,,,,840,,20260923,2e24b84e0a1e906a88bd91d21f25a0228935e2c3a86929fb2e135da495bc0196,r2-2e24b84e0a1e-seed20260923
D8_change_vs_tolerance,running_change,trial_1,2.0,0.0011904761904761862,,,,840,,20260923,2e24b84e0a1e906a88bd91d21f25a0228935e2c3a86929fb2e135da495bc0196,r2-2e24b84e0a1e-seed20260923
D8_running_mean,running_mean,trial_1,3.0,0.5761904761904761,,,,840,,20260923,2e24b84e0a1e906a88bd91d21f25a0228935e2c3a86929fb2e135da495bc0196,r2-2e24b84e0a1e-seed20260923
D8_change_vs_tolerance,running_change,trial_1,3.0,0.00952380952380949,,,,840,,20260923,2e24b84e0a1e906a88bd91d21f25a0228935e2c3a86929fb2e135da495bc0196,r2-2e24b84e0a1e-seed20260923
D8_running_mean,running_mean,trial_1,4.0,0.5675595238095238,,,,840,,20260923,2e24b84e0a1e906a88bd91d21f25a0228935e2c3a86929fb2e135da495bc0196,r2-2e24b84e0a1e-seed20260923
D8_change_vs_tolerance,running_change,trial_1,4.0,0.00863095238095235,,,,840,,20260923,2e24b84e0a1e906a88bd91d21f25a0228935e2c3a86929fb2e135da495bc0196,r2-2e24b84e0a1e-seed20260923
D8_running_mean,running_mean,trial_1,5.0,0.5673809523809524,,,,840,,20260923,2e24b84e0a1e906a88bd91d21f25a0228935e2c3a86929fb2e135da495bc0196,r2-2e24b84e0a1e-seed20260923
D8_change_vs_tolerance,running_change,trial_1,5.0,0.00017857142857136132,,,,840,,20260923,2e24b84e0a1e906a88bd91d21f25a0228935e2c3a86929fb2e135da495bc0196,r2-2e24b84e0a1e-seed20260923
D8_running_mean,running_mean,trial_1,6.0,0.5666666666666667,,,,840,,20260923,2e24b84e0a1e906a88bd91d21f25a0228935e2c3a86929fb2e135da495bc0196,r2-2e24b84e0a1e-seed20260923
D8_change_vs_tolerance,running_change,trial_1,6.0,0.0007142857142857784,,,,840,,20260923,2e24b84e0a1e906a88bd91d21f25a0228935e2c3a86929fb2e135da495bc0196,r2-2e24b84e0a1e-seed20260923
D8_running_mean,running_mean,trial_1,7.0,0.5683673469387756,,,,840,,20260923,2e24b84e0a1e906a88bd91d21f25a0228935e2c3a86929fb2e135da495bc0196,r2-2e24b84e0a1e-seed20260923
D8_change_vs_tolerance,running_change,trial_1,7.0,0.001700680272108901,,,,840,,20260923,2e24b84e0a1e906a88bd91d21f25a0228935e2c3a86929fb2e135da495bc0196,r2-2e24b84e0a1e-seed20260923
D8_running_mean,running_mean,trial_1,8.0,0.5711309523809524,,,,840,,20260923,2e24b84e0a1e906a88bd91d21f25a0228935e2c3a86929fb2e135da495bc0196,r2-2e24b84e0a1e-seed20260923
D8_change_vs_tolerance,running_change,trial_1,8.0,0.0027636054421767975,,,,840,,20260923,2e24b84e0a1e906a88bd91d21f25a0228935e2c3a86929fb2e135da495bc0196,r2-2e24b84e0a1e-seed20260923
D8_running_mean,running_mean,trial_1,9.0,0.5695767195767196,,,,840,,20260923,2e24b84e0a1e906a88bd91d21f25a0228935e2c3a86929fb2e135da495bc0196,r2-2e24b84e0a1e-seed20260923
D8_change_vs_tolerance,running_change,trial_1,9.0,0.0015542328042327247,,,,840,,20260923,2e24b84e0a1e906a88bd91d21f25a0228935e2c3a86929fb2e135da495bc0196,r2-2e24b84e0a1e-seed20260923
D8_running_mean,running_mean,trial_1,10.0,0.5683333333333334,,,,840,,20260923,2e24b84e0a1e906a88bd91d21f25a0228935e2c3a86929fb2e135da495bc0196,r2-2e24b84e0a1e-seed20260923
D8_change_vs_tolerance,running_change,trial_1,10.0,0.0012433862433862686,,,,840,,20260923,2e24b84e0a1e906a88bd91d21f25a0228935e2c3a86929fb2e135da495bc0196,r2-2e24b84e0a1e-seed20260923
D8_running_mean,running_mean,trial_1,11.0,0.5663419913419914,,,,840,,20260923,2e24b84e0a1e906a88bd91d21f25a0228935e2c3a86929fb2e135da495bc0196,r2-2e24b84e0a1e-seed20260923
D8_change_vs_tolerance,running_change,trial_1,11.0,0.0019913419913419883,,,,840,,20260923,2e24b84e0a1e906a88bd91d21f25a0228935e2c3a86929fb2e135da495bc0196,r2-2e24b84e0a1e-seed20260923
D8_running_mean,running_mean,trial_1,12.0,0.566765873015873,,,,840,,20260923,2e24b84e0a1e906a88bd91d21f25a0228935e2c3a86929fb2e135da495bc0196,r2-2e24b84e0a1e-seed20260923
D8_change_vs_tolerance,running_change,trial_1,12.0,0.000423881673881632,,,,840,,20260923,2e24b84e0a1e906a88bd91d21f25a0228935e2c3a86929fb2e135da495bc0196,r2-2e24b84e0a1e-seed20260923
D8_running_mean,running_mean,trial_1,13.0,0.5683150183150183,,,,840,,20260923,2e24b84e0a1e906a88bd91d21f25a0228935e2c3a86929fb2e135da495bc0196,r2-2e24b84e0a1e-seed20260923
D8_change_vs_tolerance,running_change,trial_1,13.0,0.0015491452991452936,,,,840,,20260923,2e24b84e0a1e906a88bd91d21f25a0228935e2c3a86929fb2e135da495bc0196,r2-2e24b84e0a1e-seed20260923
D8_running_mean,running_mean,trial_1,14.0,0.5680272108843537,,,,840,,20260923,2e24b84e0a1e906a88bd91d21f25a0228935e2c3a86929fb2e135da495bc0196,r2-2e24b84e0a1e-seed20260923
D8_change_vs_tolerance,running_change,trial_1,14.0,0.00028780743066458836,,,,840,,20260923,2e24b84e0a1e906a88bd91d21f25a0228935e2c3a86929fb2e135da495bc0196,r2-2e24b84e0a1e-seed20260923
D8_running_mean,running_mean,trial_1,15.0,0.5684126984126984,,,,840,,20260923,2e24b84e0a1e906a88bd91d21f25a0228935e2c3a86929fb2e135da495bc0196,r2-2e24b84e0a1e-seed20260923
D8_change_vs_tolerance,running_change,trial_1,15.0,0.0003854875283446635,,,,840,,20260923,2e24b84e0a1e906a88bd91d21f25a0228935e2c3a86929fb2e135da495bc0196,r2-2e24b84e0a1e-seed20260923
D8_running_mean,running_mean,trial_1,16.0,0.5696428571428571,,,,840,,20260923,2e24b84e0a1e906a88bd91d21f25a0228935e2c3a86929fb2e135da495bc0196,r2-2e24b84e0a1e-seed20260923
D8_change_vs_tolerance,running_change,trial_1,16.0,0.001230158730158748,,,,840,,20260923,2e24b84e0a1e906a88bd91d21f25a0228935e2c3a86929fb2e135da495bc0196,r2-2e24b84e0a1e-seed20260923
D8_running_mean,running_mean,trial_1,17.0,0.5725490196078431,,,,840,,20260923,2e24b84e0a1e906a88bd91d21f25a0228935e2c3a86929fb2e135da495bc0196,r2-2e24b84e0a1e-seed20260923
D8_change_vs_tolerance,running_change,trial_1,17.0,0.002906162464985984,,,,840,,20260923,2e24b84e0a1e906a88bd91d21f25a0228935e2c3a86929fb2e135da495bc0196,r2-2e24b84e0a1e-seed20260923
D8_running_mean,running_mean,trial_1,18.0,0.573941798941799,,,,840,,20260923,2e24b84e0a1e906a88bd91d21f25a0228935e2c3a86929fb2e135da495bc0196,r2-2e24b84e0a1e-seed20260923
D8_change_vs_tolerance,running_change,trial_1,18.0,0.0013927793339558736,,,,840,,20260923,2e24b84e0a1e906a88bd91d21f25a0228935e2c3a86929fb2e135da495bc0196,r2-2e24b84e0a1e-seed20260923
D8_running_mean,running_mean,trial_1,19.0,0.5736842105263158,,,,840,,20260923,2e24b84e0a1e906a88bd91d21f25a0228935e2c3a86929fb2e135da495bc0196,r2-2e24b84e0a1e-seed20260923
D8_change_vs_tolerance,running_change,trial_1,19.0,0.0002575884154831787,,,,840,,20260923,2e24b84e0a1e906a88bd91d21f25a0228935e2c3a86929fb2e135da495bc0196,r2-2e24b84e0a1e-seed20260923
D8_running_mean,running_mean,trial_1,20.0,0.5721428571428572,,,,840,,20260923,2e24b84e0a1e906a88bd91d21f25a0228935e2c3a86929fb2e135da495bc0196,r2-2e24b84e0a1e-seed20260923
D8_change_vs_tolerance,running_change,trial_1,20.0,0.0015413533834586213,,,,840,,20260923,2e24b84e0a1e906a88bd91d21f25a0228935e2c3a86929fb2e135da495bc0196,r2-2e24b84e0a1e-seed20260923
D8_running_mean,running_mean,trial_1,21.0,0.574092970521542,,,,840,,20260923,2e24b84e0a1e906a88bd91d21f25a0228935e2c3a86929fb2e135da495bc0196,r2-2e24b84e0a1e-seed20260923
D8_change_vs_tolerance,running_change,trial_1,21.0,0.0019501133786847813,,,,840,,20260923,2e24b84e0a1e906a88bd91d21f25a0228935e2c3a86929fb2e135da495bc0196,r2-2e24b84e0a1e-seed20260923
D8_running_mean,running_mean,trial_1,22.0,0.574512987012987,,,,840,,20260923,2e24b84e0a1e906a88bd91d21f25a0228935e2c3a86929fb2e135da495bc0196,r2-2e24b84e0a1e-seed20260923
D8_change_vs_tolerance,running_change,trial_1,22.0,0.00042001649144507436,,,,840,,20260923,2e24b84e0a1e906a88bd91d21f25a0228935e2c3a86929fb2e135da495bc0196,r2-2e24b84e0a1e-seed20260923
D8_running_mean,running_mean,trial_1,23.0,0.5755175983436853,,,,840,,20260923,2e24b84e0a1e906a88bd91d21f25a0228935e2c3a86929fb2e135da495bc0196,r2-2e24b84e0a1e-seed20260923
D8_change_vs_tolerance,running_change,trial_1,23.0,0.0010046113306982907,,,,840,,20260923,2e24b84e0a1e906a88bd91d21f25a0228935e2c3a86929fb2e135da495bc0196,r2-2e24b84e0a1e-seed20260923
D8_running_mean,running_mean,trial_1,24.0,0.5763888888888888,,,,840,,20260923,2e24b84e0a1e906a88bd91d21f25a0228935e2c3a86929fb2e135da495bc0196,r2-2e24b84e0a1e-seed20260923
D8_change_vs_tolerance,running_change,trial_1,24.0,0.000871290545203518,,,,840,,20260923,2e24b84e0a1e906a88bd91d21f25a0228935e2c3a86929fb2e135da495bc0196,r2-2e24b84e0a1e-seed20260923
D8_running_mean,running_mean,trial_1,25.0,0.5758571428571428,,,,840,,20260923,2e24b84e0a1e906a88bd91d21f25a0228935e2c3a86929fb2e135da495bc0196,r2-2e24b84e0a1e-seed20260923
D8_change_vs_tolerance,running_change,trial_1,25.0,0.0005317460317459943,,,,840,,20260923,2e24b84e0a1e906a88bd91d21f25a0228935e2c3a86929fb2e135da495bc0196,r2-2e24b84e0a1e-seed20260923
D8_running_mean,running_mean,trial_1,26.0,0.5754120879120879,,,,840,,20260923,2e24b84e0a1e906a88bd91d21f25a0228935e2c3a86929fb2e135da495bc0196,r2-2e24b84e0a1e-seed20260923
D8_change_vs_tolerance,running_change,trial_1,26.0,0.000445054945054979,,,,840,,20260923,2e24b84e0a1e906a88bd91d21f25a0228935e2c3a86929fb2e135da495bc0196,r2-2e24b84e0a1e-seed20260923
D8_running_mean,running_mean,trial_1,27.0,0.5743827160493827,,,,840,,20260923,2e24b84e0a1e906a88bd91d21f25a0228935e2c3a86929fb2e135da495bc0196,r2-2e24b84e0a1e-seed20260923
D8_change_vs_tolerance,running_change,trial_1,27.0,0.0010293718627051307,,,,840,,20260923,2e24b84e0a1e906a88bd91d21f25a0228935e2c3a86929fb2e135da495bc0196,r2-2e24b84e0a1e-seed20260923
D8_running_mean,running_mean,trial_1,28.0,0.5749149659863946,,,,840,,20260923,2e24b84e0a1e906a88bd91d21f25a0228935e2c3a86929fb2e135da495bc0196,r2-2e24b84e0a1e-seed20260923
D8_change_vs_tolerance,running_change,trial_1,28.0,0.0005322499370118416,,,,840,,20260923,2e24b84e0a1e906a88bd91d21f25a0228935e2c3a86929fb2e135da495bc0196,r2-2e24b84e0a1e-seed20260923
D8_running_mean,running_mean,trial_1,29.0,0.5740968801313628,,,,840,,20260923,2e24b84e0a1e906a88bd91d21f25a0228935e2c3a86929fb2e135da495bc0196,r2-2e24b84e0a1e-seed20260923
D8_change_vs_tolerance,running_change,trial_1,29.0,0.000818085855031736,,,,840,,20260923,2e24b84e0a1e906a88bd91d21f25a0228935e2c3a86929fb2e135da495bc0196,r2-2e24b84e0a1e-seed20260923
D8_running_mean,running_mean,trial_1,30.0,0.5730952380952381,,,,840,,20260923,2e24b84e0a1e906a88bd91d21f25a0228935e2c3a86929fb2e135da495bc0196,r2-2e24b84e0a1e-seed20260923
D8_change_vs_tolerance,running_change,trial_1,30.0,0.0010016420361247391,,,,840,,20260923,2e24b84e0a1e906a88bd91d21f25a0228935e2c3a86929fb2e135da495bc0196,r2-2e24b84e0a1e-seed20260923
D8_running_mean,running_mean,trial_1,31.0,0.5737327188940092,,,,840,,20260923,2e24b84e0a1e906a88bd91d21f25a0228935e2c3a86929fb2e135da495bc0196,r2-2e24b84e0a1e-seed20260923
D8_change_vs_tolerance,running_change,trial_1,31.0,0.0006374807987711284,,,,840,,20260923,2e24b84e0a1e906a88bd91d21f25a0228935e2c3a86929fb2e135da495bc0196,r2-2e24b84e0a1e-seed20260923
D8_running_mean,running_mean,trial_1,32.0,0.5734375,,,,840,,20260923,2e24b84e0a1e906a88bd91d21f25a0228935e2c3a86929fb2e135da495bc0196,r2-2e24b84e0a1e-seed20260923
D8_change_vs_tolerance,running_change,trial_1,32.0,0.000295218894009186,,,,840,,20260923,2e24b84e0a1e906a88bd91d21f25a0228935e2c3a86929fb2e135da495bc0196,r2-2e24b84e0a1e-seed20260923
D8_running_mean,running_mean,trial_1,33.0,0.5732683982683983,,,,840,,20260923,2e24b84e0a1e906a88bd91d21f25a0228935e2c3a86929fb2e135da495bc0196,r2-2e24b84e0a1e-seed20260923
D8_change_vs_tolerance,running_change,trial_1,33.0,0.000169101731601784,,,,840,,20260923,2e24b84e0a1e906a88bd91d21f25a0228935e2c3a86929fb2e135da495bc0196,r2-2e24b84e0a1e-seed20260923
D8_running_mean,running_mean,trial_1,34.0,0.5733893557422969,,,,840,,20260923,2e24b84e0a1e906a88bd91d21f25a0228935e2c3a86929fb2e135da495bc0196,r2-2e24b84e0a1e-seed20260923
D8_change_vs_tolerance,running_change,trial_1,34.0,0.00012095747389861966,,,,840,,20260923,2e24b84e0a1e906a88bd91d21f25a0228935e2c3a86929fb2e135da495bc0196,r2-2e24b84e0a1e-seed20260923
D8_running_mean,running_mean,trial_1,35.0,0.5736734693877551,,,,840,,20260923,2e24b84e0a1e906a88bd91d21f25a0228935e2c3a86929fb2e135da495bc0196,r2-2e24b84e0a1e-seed20260923
D8_change_vs_tolerance,running_change,trial_1,35.0,0.00028411364545821716,,,,840,,20260923,2e24b84e0a1e906a88bd91d21f25a0228935e2c3a86929fb2e135da495bc0196,r2-2e24b84e0a1e-seed20260923
D8_running_mean,running_mean,trial_1,36.0,0.5738425925925926,,,,840,,20260923,2e24b84e0a1e906a88bd91d21f25a0228935e2c3a86929fb2e135da495bc0196,r2-2e24b84e0a1e-seed20260923
D8_change_vs_tolerance,running_change,trial_1,36.0,0.00016912320483752907,,,,840,,20260923,2e24b84e0a1e906a88bd91d21f25a0228935e2c3a86929fb2e135da495bc0196,r2-2e24b84e0a1e-seed20260923
D8_running_mean,running_mean,trial_1,37.0,0.5739382239382239,,,,840,,20260923,2e24b84e0a1e906a88bd91d21f25a0228935e2c3a86929fb2e135da495bc0196,r2-2e24b84e0a1e-seed20260923
D8_change_vs_tolerance,running_change,trial_1,37.0,9.563134563128628e-05,,,,840,,20260923,2e24b84e0a1e906a88bd91d21f25a0228935e2c3a86929fb2e135da495bc0196,r2-2e24b84e0a1e-seed20260923
D8_running_mean,running_mean,trial_1,38.0,0.5735588972431078,,,,840,,20260923,2e24b84e0a1e906a88bd91d21f25a0228935e2c3a86929fb2e135da495bc0196,r2-2e24b84e0a1e-seed20260923
D8_change_vs_tolerance,running_change,trial_1,38.0,0.00037932669511608896,,,,840,,20260923,2e24b84e0a1e906a88bd91d21f25a0228935e2c3a86929fb2e135da495bc0196,r2-2e24b84e0a1e-seed20260923
D8_running_mean,running_mean,trial_1,39.0,0.5737484737484737,,,,840,,20260923,2e24b84e0a1e906a88bd91d21f25a0228935e2c3a86929fb2e135da495bc0196,r2-2e24b84e0a1e-seed20260923
D8_change_vs_tolerance,running_change,trial_1,39.0,0.00018957650536588488,,,,840,,20260923,2e24b84e0a1e906a88bd91d21f25a0228935e2c3a86929fb2e135da495bc0196,r2-2e24b84e0a1e-seed20260923
D8_running_mean,running_mean,trial_1,40.0,0.5734821428571428,,,,840,,20260923,2e24b84e0a1e906a88bd91d21f25a0228935e2c3a86929fb2e135da495bc0196,r2-2e24b84e0a1e-seed20260923
D8_change_vs_tolerance,running_change,trial_1,40.0,0.0002663308913308793,,,,840,,20260923,2e24b84e0a1e906a88bd91d21f25a0228935e2c3a86929fb2e135da495bc0196,r2-2e24b84e0a1e-seed20260923
D8_running_mean,running_mean,trial_1,41.0,0.5731416957026713,,,,840,,20260923,2e24b84e0a1e906a88bd91d21f25a0228935e2c3a86929fb2e135da495bc0196,r2-2e24b84e0a1e-seed20260923
D8_change_vs_tolerance,running_change,trial_1,41.0,0.00034044715447156815,,,,840,,20260923,2e24b84e0a1e906a88bd91d21f25a0228935e2c3a86929fb2e135da495bc0196,r2-2e24b84e0a1e-seed20260923
D8_running_mean,running_mean,trial_1,42.0,0.5731292517006803,,,,840,,20260923,2e24b84e0a1e906a88bd91d21f25a0228935e2c3a86929fb2e135da495bc0196,r2-2e24b84e0a1e-seed20260923
D8_change_vs_tolerance,running_change,trial_1,42.0,1.2444001990963294e-05,,,,840,,20260923,2e24b84e0a1e906a88bd91d21f25a0228935e2c3a86929fb2e135da495bc0196,r2-2e24b84e0a1e-seed20260923
D8_running_mean,running_mean,trial_1,43.0,0.5728959025470653,,,,840,,20260923,2e24b84e0a1e906a88bd91d21f25a0228935e2c3a86929fb2e135da495bc0196,r2-2e24b84e0a1e-seed20260923
D8_change_vs_tolerance,running_change,trial_1,43.0,0.0002333491536149479,,,,840,,20260923,2e24b84e0a1e906a88bd91d21f25a0228935e2c3a86929fb2e135da495bc0196,r2-2e24b84e0a1e-seed20260923
D8_running_mean,running_mean,trial_1,44.0,0.5728084415584416,,,,840,,20260923,2e24b84e0a1e906a88bd91d21f25a0228935e2c3a86929fb2e135da495bc0196,r2-2e24b84e0a1e-seed20260923
D8_change_vs_tolerance,running_change,trial_1,44.0,8.74609886237776e-05,,,,840,,20260923,2e24b84e0a1e906a88bd91d21f25a0228935e2c3a86929fb2e135da495bc0196,r2-2e24b84e0a1e-seed20260923
D8_running_mean,running_mean,trial_1,45.0,0.5730687830687831,,,,840,,20260923,2e24b84e0a1e906a88bd91d21f25a0228935e2c3a86929fb2e135da495bc0196,r2-2e24b84e0a1e-seed20260923
D8_change_vs_tolerance,running_change,trial_1,45.0,0.00026034151034148856,,,,840,,20260923,2e24b84e0a1e906a88bd91d21f25a0228935e2c3a86929fb2e135da495bc0196,r2-2e24b84e0a1e-seed20260923
D8_running_mean,running_mean,trial_1,46.0,0.5735766045548655,,,,840,,20260923,2e24b84e0a1e906a88bd91d21f25a0228935e2c3a86929fb2e135da495bc0196,r2-2e24b84e0a1e-seed20260923
D8_change_vs_tolerance,running_change,trial_1,46.0,0.000507821486082416,,,,840,,20260923,2e24b84e0a1e906a88bd91d21f25a0228935e2c3a86929fb2e135da495bc0196,r2-2e24b84e0a1e-seed20260923
D8_running_mean,running_mean,trial_1,47.0,0.5740121580547113,,,,840,,20260923,2e24b84e0a1e906a88bd91d21f25a0228935e2c3a86929fb2e135da495bc0196,r2-2e24b84e0a1e-seed20260923
D8_change_vs_tolerance,running_change,trial_1,47.0,0.0004355534998458088,,,,840,,20260923,2e24b84e0a1e906a88bd91d21f25a0228935e2c3a86929fb2e135da495bc0196,r2-2e24b84e0a1e-seed20260923
D8_running_mean,running_mean,trial_1,48.0,0.5738839285714286,,,,840,,20260923,2e24b84e0a1e906a88bd91d21f25a0228935e2c3a86929fb2e135da495bc0196,r2-2e24b84e0a1e-seed20260923
D8_change_vs_tolerance,running_change,trial_1,48.0,0.00012822948328272687,,,,840,,20260923,2e24b84e0a1e906a88bd91d21f25a0228935e2c3a86929fb2e135da495bc0196,r2-2e24b84e0a1e-seed20260923
D8_running_mean,running_mean,trial_1,49.0,0.573469387755102,,,,840,,20260923,2e24b84e0a1e906a88bd91d21f25a0228935e2c3a86929fb2e135da495bc0196,r2-2e24b84e0a1e-seed20260923
D8_change_vs_tolerance,running_change,trial_1,49.0,0.0004145408163265252,,,,840,,20260923,2e24b84e0a1e906a88bd91d21f25a0228935e2c3a86929fb2e135da495bc0196,r2-2e24b84e0a1e-seed20260923
D8_running_mean,running_mean,trial_1,50.0,0.5736428571428571,,,,840,,20260923,2e24b84e0a1e906a88bd91d21f25a0228935e2c3a86929fb2e135da495bc0196,r2-2e24b84e0a1e-seed20260923
D8_change_vs_tolerance,running_change,trial_1,50.0,0.00017346938775508747,,,,840,,20260923,2e24b84e0a1e906a88bd91d21f25a0228935e2c3a86929fb2e135da495bc0196,r2-2e24b84e0a1e-seed20260923
D8_running_mean,running_mean,trial_1,51.0,0.5733893557422969,,,,840,,20260923,2e24b84e0a1e906a88bd91d21f25a0228935e2c3a86929fb2e135da495bc0196,r2-2e24b84e0a1e-seed20260923
D8_change_vs_tolerance,running_change,trial_1,51.0,0.00025350140056024095,,,,840,,20260923,2e24b84e0a1e906a88bd91d21f25a0228935e2c3a86929fb2e135da495bc0196,r2-2e24b84e0a1e-seed20260923
D8_running_mean,running_mean,trial_1,52.0,0.5736263736263736,,,,840,,20260923,2e24b84e0a1e906a88bd91d21f25a0228935e2c3a86929fb2e135da495bc0196,r2-2e24b84e0a1e-seed20260923
D8_change_vs_tolerance,running_change,trial_1,52.0,0.00023701788407670676,,,,840,,20260923,2e24b84e0a1e906a88bd91d21f25a0228935e2c3a86929fb2e135da495bc0196,r2-2e24b84e0a1e-seed20260923
D8_running_mean,running_mean,trial_1,53.0,0.5740341419586703,,,,840,,20260923,2e24b84e0a1e906a88bd91d21f25a0228935e2c3a86929fb2e135da495bc0196,r2-2e24b84e0a1e-seed20260923
D8_change_vs_tolerance,running_change,trial_1,53.0,0.0004077683322967207,,,,840,,20260923,2e24b84e0a1e906a88bd91d21f25a0228935e2c3a86929fb2e135da495bc0196,r2-2e24b84e0a1e-seed20260923
D8_running_mean,running_mean,trial_1,54.0,0.5738977072310406,,,,840,,20260923,2e24b84e0a1e906a88bd91d21f25a0228935e2c3a86929fb2e135da495bc0196,r2-2e24b84e0a1e-seed20260923
D8_change_vs_tolerance,running_change,trial_1,54.0,0.00013643472762969733,,,,840,,20260923,2e24b84e0a1e906a88bd91d21f25a0228935e2c3a86929fb2e135da495bc0196,r2-2e24b84e0a1e-seed20260923
D8_running_mean,running_mean,trial_1,55.0,0.5737012987012987,,,,840,,20260923,2e24b84e0a1e906a88bd91d21f25a0228935e2c3a86929fb2e135da495bc0196,r2-2e24b84e0a1e-seed20260923
D8_change_vs_tolerance,running_change,trial_1,55.0,0.00019640852974189826,,,,840,,20260923,2e24b84e0a1e906a88bd91d21f25a0228935e2c3a86929fb2e135da495bc0196,r2-2e24b84e0a1e-seed20260923
D8_running_mean,running_mean,trial_1,56.0,0.5732355442176871,,,,840,,20260923,2e24b84e0a1e906a88bd91d21f25a0228935e2c3a86929fb2e135da495bc0196,r2-2e24b84e0a1e-seed20260923
D8_change_vs_tolerance,running_change,trial_1,56.0,0.00046575448361163563,,,,840,,20260923,2e24b84e0a1e906a88bd91d21f25a0228935e2c3a86929fb2e135da495bc0196,r2-2e24b84e0a1e-seed20260923
D8_running_mean,running_mean,trial_1,57.0,0.573266499582289,,,,840,,20260923,2e24b84e0a1e906a88bd91d21f25a0228935e2c3a86929fb2e135da495bc0196,r2-2e24b84e0a1e-seed20260923
D8_change_vs_tolerance,running_change,trial_1,57.0,3.095536460195891e-05,,,,840,,20260923,2e24b84e0a1e906a88bd91d21f25a0228935e2c3a86929fb2e135da495bc0196,r2-2e24b84e0a1e-seed20260923
D8_running_mean,running_mean,trial_1,58.0,0.5733169129720854,,,,840,,20260923,2e24b84e0a1e906a88bd91d21f25a0228935e2c3a86929fb2e135da495bc0196,r2-2e24b84e0a1e-seed20260923
D8_change_vs_tolerance,running_change,trial_1,58.0,5.041338979638876e-05,,,,840,,20260923,2e24b84e0a1e906a88bd91d21f25a0228935e2c3a86929fb2e135da495bc0196,r2-2e24b84e0a1e-seed20260923
D8_running_mean,running_mean,trial_1,59.0,0.5736682808716707,,,,840,,20260923,2e24b84e0a1e906a88bd91d21f25a0228935e2c3a86929fb2e135da495bc0196,r2-2e24b84e0a1e-seed20260923
D8_change_vs_tolerance,running_change,trial_1,59.0,0.00035136789958523096,,,,840,,20260923,2e24b84e0a1e906a88bd91d21f25a0228935e2c3a86929fb2e135da495bc0196,r2-2e24b84e0a1e-seed20260923
D8_running_mean,running_mean,trial_1,60.0,0.5735515873015873,,,,840,,20260923,2e24b84e0a1e906a88bd91d21f25a0228935e2c3a86929fb2e135da495bc0196,r2-2e24b84e0a1e-seed20260923
D8_change_vs_tolerance,running_change,trial_1,60.0,0.00011669357008337045,,,,840,,20260923,2e24b84e0a1e906a88bd91d21f25a0228935e2c3a86929fb2e135da495bc0196,r2-2e24b84e0a1e-seed20260923
D8_running_mean,running_mean,trial_1,61.0,0.5738290398126463,,,,840,,20260923,2e24b84e0a1e906a88bd91d21f25a0228935e2c3a86929fb2e135da495bc0196,r2-2e24b84e0a1e-seed20260923
D8_change_vs_tolerance,running_change,trial_1,61.0,0.0002774525110590398,,,,840,,20260923,2e24b84e0a1e906a88bd91d21f25a0228935e2c3a86929fb2e135da495bc0196,r2-2e24b84e0a1e-seed20260923
D8_running_mean,running_mean,trial_1,62.0,0.5737519201228879,,,,840,,20260923,2e24b84e0a1e906a88bd91d21f25a0228935e2c3a86929fb2e135da495bc0196,r2-2e24b84e0a1e-seed20260923
D8_change_vs_tolerance,running_change,trial_1,62.0,7.711968975843142e-05,,,,840,,20260923,2e24b84e0a1e906a88bd91d21f25a0228935e2c3a86929fb2e135da495bc0196,r2-2e24b84e0a1e-seed20260923
D8_running_mean,running_mean,trial_1,63.0,0.5736961451247166,,,,840,,20260923,2e24b84e0a1e906a88bd91d21f25a0228935e2c3a86929fb2e135da495bc0196,r2-2e24b84e0a1e-seed20260923
D8_change_vs_tolerance,running_change,trial_1,63.0,5.57749981713318e-05,,,,840,,20260923,2e24b84e0a1e906a88bd91d21f25a0228935e2c3a86929fb2e135da495bc0196,r2-2e24b84e0a1e-seed20260923
D8_running_mean,running_mean,trial_1,64.0,0.5736235119047619,,,,840,,20260923,2e24b84e0a1e906a88bd91d21f25a0228935e2c3a86929fb2e135da495bc0196,r2-2e24b84e0a1e-seed20260923
D8_change_vs_tolerance,running_change,trial_1,64.0,7.263321995465422e-05,,,,840,,20260923,2e24b84e0a1e906a88bd91d21f25a0228935e2c3a86929fb2e135da495bc0196,r2-2e24b84e0a1e-seed20260923
D8_running_mean,running_mean,trial_1,65.0,0.5735347985347985,,,,840,,20260923,2e24b84e0a1e906a88bd91d21f25a0228935e2c3a86929fb2e135da495bc0196,r2-2e24b84e0a1e-seed20260923
D8_change_vs_tolerance,running_change,trial_1,65.0,8.871336996341128e-05,,,,840,,20260923,2e24b84e0a1e906a88bd91d21f25a0228935e2c3a86929fb2e135da495bc0196,r2-2e24b84e0a1e-seed20260923
D8_running_mean,running_mean,trial_1,66.0,0.5736652236652237,,,,840,,20260923,2e24b84e0a1e906a88bd91d21f25a0228935e2c3a86929fb2e135da495bc0196,r2-2e24b84e0a1e-seed20260923
D8_change_vs_tolerance,running_change,trial_1,66.0,0.00013042513042516024,,,,840,,20260923,2e24b84e0a1e906a88bd91d21f25a0228935e2c3a86929fb2e135da495bc0196,r2-2e24b84e0a1e-seed20260923
D8_running_mean,running_mean,trial_1,67.0,0.5738272921108742,,,,840,,20260923,2e24b84e0a1e906a88bd91d21f25a0228935e2c3a86929fb2e135da495bc0196,r2-2e24b84e0a1e-seed20260923
D8_change_vs_tolerance,running_change,trial_1,67.0,0.0001620684456505872,,,,840,,20260923,2e24b84e0a1e906a88bd91d21f25a0228935e2c3a86929fb2e135da495bc0196,r2-2e24b84e0a1e-seed20260923
D8_running_mean,running_mean,trial_1,68.0,0.5736169467787114,,,,840,,20260923,2e24b84e0a1e906a88bd91d21f25a0228935e2c3a86929fb2e135da495bc0196,r2-2e24b84e0a1e-seed20260923
D8_change_vs_tolerance,running_change,trial_1,68.0,0.00021034533216279794,,,,840,,20260923,2e24b84e0a1e906a88bd91d21f25a0228935e2c3a86929fb2e135da495bc0196,r2-2e24b84e0a1e-seed20260923
D8_running_mean,running_mean,trial_1,69.0,0.5734299516908212,,,,840,,20260923,2e24b84e0a1e906a88bd91d21f25a0228935e2c3a86929fb2e135da495bc0196,r2-2e24b84e0a1e-seed20260923
D8_change_vs_tolerance,running_change,trial_1,69.0,0.00018699508789021824,,,,840,,20260923,2e24b84e0a1e906a88bd91d21f25a0228935e2c3a86929fb2e135da495bc0196,r2-2e24b84e0a1e-seed20260923
D8_running_mean,running_mean,trial_1,70.0,0.5738775510204082,,,,840,,20260923,2e24b84e0a1e906a88bd91d21f25a0228935e2c3a86929fb2e135da495bc0196,r2-2e24b84e0a1e-seed20260923
D8_change_vs_tolerance,running_change,trial_1,70.0,0.00044759932958693405,,,,840,,20260923,2e24b84e0a1e906a88bd91d21f25a0228935e2c3a86929fb2e135da495bc0196,r2-2e24b84e0a1e-seed20260923
D8_running_mean,running_mean,trial_1,71.0,0.5738430583501006,,,,840,,20260923,2e24b84e0a1e906a88bd91d21f25a0228935e2c3a86929fb2e135da495bc0196,r2-2e24b84e0a1e-seed20260923
D8_change_vs_tolerance,running_change,trial_1,71.0,3.449267030752878e-05,,,,840,,20260923,2e24b84e0a1e906a88bd91d21f25a0228935e2c3a86929fb2e135da495bc0196,r2-2e24b84e0a1e-seed20260923
D8_running_mean,running_mean,trial_1,72.0,0.573478835978836,,,,840,,20260923,2e24b84e0a1e906a88bd91d21f25a0228935e2c3a86929fb2e135da495bc0196,r2-2e24b84e0a1e-seed20260923
D8_change_vs_tolerance,running_change,trial_1,72.0,0.0003642223712646553,,,,840,,20260923,2e24b84e0a1e906a88bd91d21f25a0228935e2c3a86929fb2e135da495bc0196,r2-2e24b84e0a1e-seed20260923
D8_running_mean,running_mean,trial_1,73.0,0.5737116764514025,,,,840,,20260923,2e24b84e0a1e906a88bd91d21f25a0228935e2c3a86929fb2e135da495bc0196,r2-2e24b84e0a1e-seed20260923
D8_change_vs_tolerance,running_change,trial_1,73.0,0.00023284047256655338,,,,840,,20260923,2e24b84e0a1e906a88bd91d21f25a0228935e2c3a86929fb2e135da495bc0196,r2-2e24b84e0a1e-seed20260923
D8_running_mean,running_mean,trial_1,74.0,0.5739221364221364,,,,840,,20260923,2e24b84e0a1e906a88bd91d21f25a0228935e2c3a86929fb2e135da495bc0196,r2-2e24b84e0a1e-seed20260923
D8_change_vs_tolerance,running_change,trial_1,74.0,0.00021045997073387834,,,,840,,20260923,2e24b84e0a1e906a88bd91d21f25a0228935e2c3a86929fb2e135da495bc0196,r2-2e24b84e0a1e-seed20260923
D8_running_mean,running_mean,trial_1,75.0,0.5741904761904761,,,,840,,20260923,2e24b84e0a1e906a88bd91d21f25a0228935e2c3a86929fb2e135da495bc0196,r2-2e24b84e0a1e-seed20260923
D8_change_vs_tolerance,running_change,trial_1,75.0,0.0002683397683397315,,,,840,,20260923,2e24b84e0a1e906a88bd91d21f25a0228935e2c3a86929fb2e135da495bc0196,r2-2e24b84e0a1e-seed20260923
D8_running_mean,running_mean,trial_1,76.0,0.5740914786967418,,,,840,,20260923,2e24b84e0a1e906a88bd91d21f25a0228935e2c3a86929fb2e135da495bc0196,r2-2e24b84e0a1e-seed20260923
D8_change_vs_tolerance,running_change,trial_1,76.0,9.899749373432076e-05,,,,840,,20260923,2e24b84e0a1e906a88bd91d21f25a0228935e2c3a86929fb2e135da495bc0196,r2-2e24b84e0a1e-seed20260923
D8_running_mean,running_mean,trial_1,77.0,0.5740414347557204,,,,840,,20260923,2e24b84e0a1e906a88bd91d21f25a0228935e2c3a86929fb2e135da495bc0196,r2-2e24b84e0a1e-seed20260923
D8_change_vs_tolerance,running_change,trial_1,77.0,5.004394102137155e-05,,,,840,,20260923,2e24b84e0a1e906a88bd91d21f25a0228935e2c3a86929fb2e135da495bc0196,r2-2e24b84e0a1e-seed20260923
D8_running_mean,running_mean,trial_1,78.0,0.5742826617826617,,,,840,,20260923,2e24b84e0a1e906a88bd91d21f25a0228935e2c3a86929fb2e135da495bc0196,r2-2e24b84e0a1e-seed20260923
D8_change_vs_tolerance,running_change,trial_1,78.0,0.00024122702694129305,,,,840,,20260923,2e24b84e0a1e906a88bd91d21f25a0228935e2c3a86929fb2e135da495bc0196,r2-2e24b84e0a1e-seed20260923
D8_running_mean,running_mean,trial_1,79.0,0.5746232670283303,,,,840,,20260923,2e24b84e0a1e906a88bd91d21f25a0228935e2c3a86929fb2e135da495bc0196,r2-2e24b84e0a1e-seed20260923
D8_change_vs_tolerance,running_change,trial_1,79.0,0.0003406052456685904,,,,840,,20260923,2e24b84e0a1e906a88bd91d21f25a0228935e2c3a86929fb2e135da495bc0196,r2-2e24b84e0a1e-seed20260923
D8_running_mean,running_mean,trial_1,80.0,0.5742113095238095,,,,840,,20260923,2e24b84e0a1e906a88bd91d21f25a0228935e2c3a86929fb2e135da495bc0196,r2-2e24b84e0a1e-seed20260923
D8_change_vs_tolerance,running_change,trial_1,80.0,0.00041195750452083235,,,,840,,20260923,2e24b84e0a1e906a88bd91d21f25a0228935e2c3a86929fb2e135da495bc0196,r2-2e24b84e0a1e-seed20260923
D8_running_mean,running_mean,trial_1,81.0,0.5740152851263962,,,,840,,20260923,2e24b84e0a1e906a88bd91d21f25a0228935e2c3a86929fb2e135da495bc0196,r2-2e24b84e0a1e-seed20260923
D8_change_vs_tolerance,running_change,trial_1,81.0,0.0001960243974132858,,,,840,,20260923,2e24b84e0a1e906a88bd91d21f25a0228935e2c3a86929fb2e135da495bc0196,r2-2e24b84e0a1e-seed20260923
D8_running_mean,running_mean,trial_1,82.0,0.573911149825784,,,,840,,20260923,2e24b84e0a1e906a88bd91d21f25a0228935e2c3a86929fb2e135da495bc0196,r2-2e24b84e0a1e-seed20260923
D8_change_vs_tolerance,running_change,trial_1,82.0,0.0001041353006122625,,,,840,,20260923,2e24b84e0a1e906a88bd91d21f25a0228935e2c3a86929fb2e135da495bc0196,r2-2e24b84e0a1e-seed20260923
D8_running_mean,running_mean,trial_1,83.0,0.573766494549627,,,,840,,20260923,2e24b84e0a1e906a88bd91d21f25a0228935e2c3a86929fb2e135da495bc0196,r2-2e24b84e0a1e-seed20260923
D8_change_vs_tolerance,running_change,trial_1,83.0,0.0001446552761569242,,,,840,,20260923,2e24b84e0a1e906a88bd91d21f25a0228935e2c3a86929fb2e135da495bc0196,r2-2e24b84e0a1e-seed20260923
D8_running_mean,running_mean,trial_1,84.0,0.5732851473922902,,,,840,,20260923,2e24b84e0a1e906a88bd91d21f25a0228935e2c3a86929fb2e135da495bc0196,r2-2e24b84e0a1e-seed20260923
D8_change_vs_tolerance,running_change,trial_1,84.0,0.0004813471573368311,,,,840,,20260923,2e24b84e0a1e906a88bd91d21f25a0228935e2c3a86929fb2e135da495bc0196,r2-2e24b84e0a1e-seed20260923
D8_running_mean,running_mean,trial_1,85.0,0.5732633053221289,,,,840,,20260923,2e24b84e0a1e906a88bd91d21f25a0228935e2c3a86929fb2e135da495bc0196,r2-2e24b84e0a1e-seed20260923
D8_change_vs_tolerance,running_change,trial_1,85.0,2.184207016131534e-05,,,,840,,20260923,2e24b84e0a1e906a88bd91d21f25a0228935e2c3a86929fb2e135da495bc0196,r2-2e24b84e0a1e-seed20260923
D8_running_mean,running_mean,trial_1,86.0,0.5731589147286822,,,,840,,20260923,2e24b84e0a1e906a88bd91d21f25a0228935e2c3a86929fb2e135da495bc0196,r2-2e24b84e0a1e-seed20260923
D8_change_vs_tolerance,running_change,trial_1,86.0,0.00010439059344669044,,,,840,,20260923,2e24b84e0a1e906a88bd91d21f25a0228935e2c3a86929fb2e135da495bc0196,r2-2e24b84e0a1e-seed20260923
D8_running_mean,running_mean,trial_1,87.0,0.5731527093596059,,,,840,,20260923,2e24b84e0a1e906a88bd91d21f25a0228935e2c3a86929fb2e135da495bc0196,r2-2e24b84e0a1e-seed20260923
D8_change_vs_tolerance,running_change,trial_1,87.0,6.205369076250911e-06,,,,840,,20260923,2e24b84e0a1e906a88bd91d21f25a0228935e2c3a86929fb2e135da495bc0196,r2-2e24b84e0a1e-seed20260923
D8_running_mean,running_mean,trial_1,88.0,0.5729166666666666,,,,840,,20260923,2e24b84e0a1e906a88bd91d21f25a0228935e2c3a86929fb2e135da495bc0196,r2-2e24b84e0a1e-seed20260923
D8_change_vs_tolerance,running_change,trial_1,88.0,0.0002360426929393089,,,,840,,20260923,2e24b84e0a1e906a88bd91d21f25a0228935e2c3a86929fb2e135da495bc0196,r2-2e24b84e0a1e-seed20260923
D8_running_mean,running_mean,trial_1,89.0,0.572752808988764,,,,840,,20260923,2e24b84e0a1e906a88bd91d21f25a0228935e2c3a86929fb2e135da495bc0196,r2-2e24b84e0a1e-seed20260923
D8_change_vs_tolerance,running_change,trial_1,89.0,0.0001638576779026124,,,,840,,20260923,2e24b84e0a1e906a88bd91d21f25a0228935e2c3a86929fb2e135da495bc0196,r2-2e24b84e0a1e-seed20260923
D8_running_mean,running_mean,trial_1,90.0,0.5726455026455026,,,,840,,20260923,2e24b84e0a1e906a88bd91d21f25a0228935e2c3a86929fb2e135da495bc0196,r2-2e24b84e0a1e-seed20260923
D8_change_vs_tolerance,running_change,trial_1,90.0,0.00010730634326139299,,,,840,,20260923,2e24b84e0a1e906a88bd91d21f25a0228935e2c3a86929fb2e135da495bc0196,r2-2e24b84e0a1e-seed20260923
D8_running_mean,running_mean,trial_1,91.0,0.572723704866562,,,,840,,20260923,2e24b84e0a1e906a88bd91d21f25a0228935e2c3a86929fb2e135da495bc0196,r2-2e24b84e0a1e-seed20260923
D8_change_vs_tolerance,running_change,trial_1,91.0,7.82022210593647e-05,,,,840,,20260923,2e24b84e0a1e906a88bd91d21f25a0228935e2c3a86929fb2e135da495bc0196,r2-2e24b84e0a1e-seed20260923
D8_running_mean,running_mean,trial_1,92.0,0.5724249482401657,,,,840,,20260923,2e24b84e0a1e906a88bd91d21f25a0228935e2c3a86929fb2e135da495bc0196,r2-2e24b84e0a1e-seed20260923
D8_change_vs_tolerance,running_change,trial_1,92.0,0.0002987566263963348,,,,840,,20260923,2e24b84e0a1e906a88bd91d21f25a0228935e2c3a86929fb2e135da495bc0196,r2-2e24b84e0a1e-seed20260923
D8_running_mean,running_mean,trial_1,93.0,0.5723502304147465,,,,840,,20260923,2e24b84e0a1e906a88bd91d21f25a0228935e2c3a86929fb2e135da495bc0196,r2-2e24b84e0a1e-seed20260923
D8_change_vs_tolerance,running_change,trial_1,93.0,7.471782541912386e-05,,,,840,,20260923,2e24b84e0a1e906a88bd91d21f25a0228935e2c3a86929fb2e135da495bc0196,r2-2e24b84e0a1e-seed20260923
D8_running_mean,running_mean,trial_1,94.0,0.5723150962512664,,,,840,,20260923,2e24b84e0a1e906a88bd91d21f25a0228935e2c3a86929fb2e135da495bc0196,r2-2e24b84e0a1e-seed20260923
D8_change_vs_tolerance,running_change,trial_1,94.0,3.513416348011056e-05,,,,840,,20260923,2e24b84e0a1e906a88bd91d21f25a0228935e2c3a86929fb2e135da495bc0196,r2-2e24b84e0a1e-seed20260923
D8_running_mean,running_mean,trial_1,95.0,0.5722681704260651,,,,840,,20260923,2e24b84e0a1e906a88bd91d21f25a0228935e2c3a86929fb2e135da495bc0196,r2-2e24b84e0a1e-seed20260923
D8_change_vs_tolerance,running_change,trial_1,95.0,4.692582520127164e-05,,,,840,,20260923,2e24b84e0a1e906a88bd91d21f25a0228935e2c3a86929fb2e135da495bc0196,r2-2e24b84e0a1e-seed20260923
D8_running_mean,running_mean,trial_1,96.0,0.5726438492063493,,,,840,,20260923,2e24b84e0a1e906a88bd91d21f25a0228935e2c3a86929fb2e135da495bc0196,r2-2e24b84e0a1e-seed20260923
D8_change_vs_tolerance,running_change,trial_1,96.0,0.0003756787802841055,,,,840,,20260923,2e24b84e0a1e906a88bd91d21f25a0228935e2c3a86929fb2e135da495bc0196,r2-2e24b84e0a1e-seed20260923
D8_running_mean,running_mean,trial_1,97.0,0.5728399607265586,,,,840,,20260923,2e24b84e0a1e906a88bd91d21f25a0228935e2c3a86929fb2e135da495bc0196,r2-2e24b84e0a1e-seed20260923
D8_change_vs_tolerance,running_change,trial_1,97.0,0.0001961115202093744,,,,840,,20260923,2e24b84e0a1e906a88bd91d21f25a0228935e2c3a86929fb2e135da495bc0196,r2-2e24b84e0a1e-seed20260923
D8_running_mean,running_mean,trial_1,98.0,0.5728620019436346,,,,840,,20260923,2e24b84e0a1e906a88bd91d21f25a0228935e2c3a86929fb2e135da495bc0196,r2-2e24b84e0a1e-seed20260923
D8_change_vs_tolerance,running_change,trial_1,98.0,2.2041217075940978e-05,,,,840,,20260923,2e24b84e0a1e906a88bd91d21f25a0228935e2c3a86929fb2e135da495bc0196,r2-2e24b84e0a1e-seed20260923
D8_running_mean,running_mean,trial_1,99.0,0.5729918229918229,,,,840,,20260923,2e24b84e0a1e906a88bd91d21f25a0228935e2c3a86929fb2e135da495bc0196,r2-2e24b84e0a1e-seed20260923
D8_change_vs_tolerance,running_change,trial_1,99.0,0.00012982104818837215,,,,840,,20260923,2e24b84e0a1e906a88bd91d21f25a0228935e2c3a86929fb2e135da495bc0196,r2-2e24b84e0a1e-seed20260923
D8_running_mean,running_mean,trial_1,100.0,0.5730357142857143,,,,840,,20260923,2e24b84e0a1e906a88bd91d21f25a0228935e2c3a86929fb2e135da495bc0196,r2-2e24b84e0a1e-seed20260923
D8_change_vs_tolerance,running_change,trial_1,100.0,4.3891293891373806e-05,,,,840,,20260923,2e24b84e0a1e906a88bd91d21f25a0228935e2c3a86929fb2e135da495bc0196,r2-2e24b84e0a1e-seed20260923
D8_running_mean,running_mean,trial_1,101.0,0.5730905233380481,,,,840,,20260923,2e24b84e0a1e906a88bd91d21f25a0228935e2c3a86929fb2e135da495bc0196,r2-2e24b84e0a1e-seed20260923
D8_change_vs_tolerance,running_change,trial_1,101.0,5.480905233379296e-05,,,,840,,20260923,2e24b84e0a1e906a88bd91d21f25a0228935e2c3a86929fb2e135da495bc0196,r2-2e24b84e0a1e-seed20260923
D8_running_mean,running_mean,trial_1,107.0,0.5724966622162884,,,,840,,20260923,2e24b84e0a1e906a88bd91d21f25a0228935e2c3a86929fb2e135da495bc0196,r2-2e24b84e0a1e-seed20260923
D8_change_vs_tolerance,running_change,trial_1,107.0,5.499995801527824e-05,,,,840,,20260923,2e24b84e0a1e906a88bd91d21f25a0228935e2c3a86929fb2e135da495bc0196,r2-2e24b84e0a1e-seed20260923
D8_running_mean,running_mean,trial_1,114.0,0.572608604845447,,,,840,,20260923,2e24b84e0a1e906a88bd91d21f25a0228935e2c3a86929fb2e135da495bc0196,r2-2e24b84e0a1e-seed20260923
D8_change_vs_tolerance,running_change,trial_1,114.0,4.204833617971193e-05,,,,840,,20260923,2e24b84e0a1e906a88bd91d21f25a0228935e2c3a86929fb2e135da495bc0196,r2-2e24b84e0a1e-seed20260923
D8_running_mean,running_mean,trial_1,121.0,0.5731011412829594,,,,840,,20260923,2e24b84e0a1e906a88bd91d21f25a0228935e2c3a86929fb2e135da495bc0196,r2-2e24b84e0a1e-seed20260923
D8_change_vs_tolerance,running_change,trial_1,121.0,0.0002539190607372399,,,,840,,20260923,2e24b84e0a1e906a88bd91d21f25a0228935e2c3a86929fb2e135da495bc0196,r2-2e24b84e0a1e-seed20260923
D8_running_mean,running_mean,trial_1,129.0,0.5733296419342931,,,,840,,20260923,2e24b84e0a1e906a88bd91d21f25a0228935e2c3a86929fb2e135da495bc0196,r2-2e24b84e0a1e-seed20260923
D8_change_vs_tolerance,running_change,trial_1,129.0,6.885324381700197e-05,,,,840,,20260923,2e24b84e0a1e906a88bd91d21f25a0228935e2c3a86929fb2e135da495bc0196,r2-2e24b84e0a1e-seed20260923
D8_running_mean,running_mean,trial_1,137.0,0.5736183524504692,,,,840,,20260923,2e24b84e0a1e906a88bd91d21f25a0228935e2c3a86929fb2e135da495bc0196,r2-2e24b84e0a1e-seed20260923
D8_change_vs_tolerance,running_change,trial_1,137.0,0.00010644768856449272,,,,840,,20260923,2e24b84e0a1e906a88bd91d21f25a0228935e2c3a86929fb2e135da495bc0196,r2-2e24b84e0a1e-seed20260923
D8_running_mean,running_mean,trial_1,146.0,0.5739318330071754,,,,840,,20260923,2e24b84e0a1e906a88bd91d21f25a0228935e2c3a86929fb2e135da495bc0196,r2-2e24b84e0a1e-seed20260923
D8_change_vs_tolerance,running_change,trial_1,146.0,3.199721078794848e-05,,,,840,,20260923,2e24b84e0a1e906a88bd91d21f25a0228935e2c3a86929fb2e135da495bc0196,r2-2e24b84e0a1e-seed20260923
D8_running_mean,running_mean,trial_1,155.0,0.5740399385560676,,,,840,,20260923,2e24b84e0a1e906a88bd91d21f25a0228935e2c3a86929fb2e135da495bc0196,r2-2e24b84e0a1e-seed20260923
D8_change_vs_tolerance,running_change,trial_1,155.0,5.5608753765423735e-05,,,,840,,20260923,2e24b84e0a1e906a88bd91d21f25a0228935e2c3a86929fb2e135da495bc0196,r2-2e24b84e0a1e-seed20260923
D8_running_mean,running_mean,trial_1,165.0,0.5738311688311688,,,,840,,20260923,2e24b84e0a1e906a88bd91d21f25a0228935e2c3a86929fb2e135da495bc0196,r2-2e24b84e0a1e-seed20260923
D8_change_vs_tolerance,running_change,trial_1,165.0,3.642698764649843e-05,,,,840,,20260923,2e24b84e0a1e906a88bd91d21f25a0228935e2c3a86929fb2e135da495bc0196,r2-2e24b84e0a1e-seed20260923
D8_running_mean,running_mean,trial_1,175.0,0.5740408163265306,,,,840,,20260923,2e24b84e0a1e906a88bd91d21f25a0228935e2c3a86929fb2e135da495bc0196,r2-2e24b84e0a1e-seed20260923
D8_change_vs_tolerance,running_change,trial_1,175.0,1.329267339089668e-06,,,,840,,20260923,2e24b84e0a1e906a88bd91d21f25a0228935e2c3a86929fb2e135da495bc0196,r2-2e24b84e0a1e-seed20260923
D8_running_mean,running_mean,trial_1,187.0,0.574554367201426,,,,840,,20260923,2e24b84e0a1e906a88bd91d21f25a0228935e2c3a86929fb2e135da495bc0196,r2-2e24b84e0a1e-seed20260923
D8_change_vs_tolerance,running_change,trial_1,187.0,0.00012400365815923298,,,,840,,20260923,2e24b84e0a1e906a88bd91d21f25a0228935e2c3a86929fb2e135da495bc0196,r2-2e24b84e0a1e-seed20260923
D8_running_mean,running_mean,trial_1,198.0,0.5743205868205868,,,,840,,20260923,2e24b84e0a1e906a88bd91d21f25a0228935e2c3a86929fb2e135da495bc0196,r2-2e24b84e0a1e-seed20260923
D8_change_vs_tolerance,running_change,trial_1,198.0,9.491824212615185e-06,,,,840,,20260923,2e24b84e0a1e906a88bd91d21f25a0228935e2c3a86929fb2e135da495bc0196,r2-2e24b84e0a1e-seed20260923
D8_running_mean,running_mean,trial_1,211.0,0.574221394719025,,,,840,,20260923,2e24b84e0a1e906a88bd91d21f25a0228935e2c3a86929fb2e135da495bc0196,r2-2e24b84e0a1e-seed20260923
D8_change_vs_tolerance,running_change,trial_1,211.0,4.7312763968188065e-05,,,,840,,20260923,2e24b84e0a1e906a88bd91d21f25a0228935e2c3a86929fb2e135da495bc0196,r2-2e24b84e0a1e-seed20260923
D8_running_mean,running_mean,trial_1,224.0,0.5744047619047619,,,,840,,20260923,2e24b84e0a1e906a88bd91d21f25a0228935e2c3a86929fb2e135da495bc0196,r2-2e24b84e0a1e-seed20260923
D8_change_vs_tolerance,running_change,trial_1,224.0,9.342301943204845e-05,,,,840,,20260923,2e24b84e0a1e906a88bd91d21f25a0228935e2c3a86929fb2e135da495bc0196,r2-2e24b84e0a1e-seed20260923
D8_running_mean,running_mean,trial_1,238.0,0.5745048019207684,,,,840,,20260923,2e24b84e0a1e906a88bd91d21f25a0228935e2c3a86929fb2e135da495bc0196,r2-2e24b84e0a1e-seed20260923
D8_change_vs_tolerance,running_change,trial_1,238.0,2.9336629165932493e-06,,,,840,,20260923,2e24b84e0a1e906a88bd91d21f25a0228935e2c3a86929fb2e135da495bc0196,r2-2e24b84e0a1e-seed20260923
D8_running_mean,running_mean,trial_1,254.0,0.5745875515560555,,,,840,,20260923,2e24b84e0a1e906a88bd91d21f25a0228935e2c3a86929fb2e135da495bc0196,r2-2e24b84e0a1e-seed20260923
D8_change_vs_tolerance,running_change,trial_1,254.0,3.456830741999095e-05,,,,840,,20260923,2e24b84e0a1e906a88bd91d21f25a0228935e2c3a86929fb2e135da495bc0196,r2-2e24b84e0a1e-seed20260923
D8_running_mean,running_mean,trial_1,270.0,0.5743033509700176,,,,840,,20260923,2e24b84e0a1e906a88bd91d21f25a0228935e2c3a86929fb2e135da495bc0196,r2-2e24b84e0a1e-seed20260923
D8_change_vs_tolerance,running_change,trial_1,270.0,3.356870767023956e-05,,,,840,,20260923,2e24b84e0a1e906a88bd91d21f25a0228935e2c3a86929fb2e135da495bc0196,r2-2e24b84e0a1e-seed20260923
D8_running_mean,running_mean,trial_1,287.0,0.574610087937614,,,,840,,20260923,2e24b84e0a1e906a88bd91d21f25a0228935e2c3a86929fb2e135da495bc0196,r2-2e24b84e0a1e-seed20260923
D8_change_vs_tolerance,running_change,trial_1,287.0,5.9638387164495654e-05,,,,840,,20260923,2e24b84e0a1e906a88bd91d21f25a0228935e2c3a86929fb2e135da495bc0196,r2-2e24b84e0a1e-seed20260923
D8_running_mean,running_mean,trial_1,305.0,0.5747658079625293,,,,840,,20260923,2e24b84e0a1e906a88bd91d21f25a0228935e2c3a86929fb2e135da495bc0196,r2-2e24b84e0a1e-seed20260923
D8_change_vs_tolerance,running_change,trial_1,305.0,7.909117054938353e-05,,,,840,,20260923,2e24b84e0a1e906a88bd91d21f25a0228935e2c3a86929fb2e135da495bc0196,r2-2e24b84e0a1e-seed20260923
D8_running_mean,running_mean,trial_1,324.0,0.5745002939447383,,,,840,,20260923,2e24b84e0a1e906a88bd91d21f25a0228935e2c3a86929fb2e135da495bc0196,r2-2e24b84e0a1e-seed20260923
D8_change_vs_tolerance,running_change,trial_1,324.0,3.16240856317318e-05,,,,840,,20260923,2e24b84e0a1e906a88bd91d21f25a0228935e2c3a86929fb2e135da495bc0196,r2-2e24b84e0a1e-seed20260923
D8_running_mean,running_mean,trial_1,340.0,0.5748459383753501,,,,840,,20260923,2e24b84e0a1e906a88bd91d21f25a0228935e2c3a86929fb2e135da495bc0196,r2-2e24b84e0a1e-seed20260923
D8_change_vs_tolerance,running_change,trial_1,340.0,4.5445906970975614e-07,,,,840,,20260923,2e24b84e0a1e906a88bd91d21f25a0228935e2c3a86929fb2e135da495bc0196,r2-2e24b84e0a1e-seed20260923
D8_running_mean,running_mean,trial_1,345.0,0.5747653554175294,,,,840,,20260923,2e24b84e0a1e906a88bd91d21f25a0228935e2c3a86929fb2e135da495bc0196,r2-2e24b84e0a1e-seed20260923
D8_change_vs_tolerance,running_change,trial_1,345.0,6.161025245954299e-05,,,,840,,20260923,2e24b84e0a1e906a88bd91d21f25a0228935e2c3a86929fb2e135da495bc0196,r2-2e24b84e0a1e-seed20260923
D8_running_mean,running_mean,trial_1,366.0,0.5746812386156649,,,,840,,20260923,2e24b84e0a1e906a88bd91d21f25a0228935e2c3a86929fb2e135da495bc0196,r2-2e24b84e0a1e-seed20260923
D8_change_vs_tolerance,running_change,trial_1,366.0,6.610489094216465e-05,,,,840,,20260923,2e24b84e0a1e906a88bd91d21f25a0228935e2c3a86929fb2e135da495bc0196,r2-2e24b84e0a1e-seed20260923
D8_running_mean,running_mean,trial_1,390.0,0.5746703296703297,,,,840,,20260923,2e24b84e0a1e906a88bd91d21f25a0228935e2c3a86929fb2e135da495bc0196,r2-2e24b84e0a1e-seed20260923
D8_change_vs_tolerance,running_change,trial_1,390.0,1.7514619056968606e-05,,,,840,,20260923,2e24b84e0a1e906a88bd91d21f25a0228935e2c3a86929fb2e135da495bc0196,r2-2e24b84e0a1e-seed20260923
D8_running_mean,running_mean,trial_1,414.0,0.5750373821025995,,,,840,,20260923,2e24b84e0a1e906a88bd91d21f25a0228935e2c3a86929fb2e135da495bc0196,r2-2e24b84e0a1e-seed20260923
D8_change_vs_tolerance,running_change,trial_1,414.0,5.674504305885897e-06,,,,840,,20260923,2e24b84e0a1e906a88bd91d21f25a0228935e2c3a86929fb2e135da495bc0196,r2-2e24b84e0a1e-seed20260923
D8_running_mean,running_mean,trial_1,441.0,0.5750566893424036,,,,840,,20260923,2e24b84e0a1e906a88bd91d21f25a0228935e2c3a86929fb2e135da495bc0196,r2-2e24b84e0a1e-seed20260923
D8_change_vs_tolerance,running_change,trial_1,441.0,2.576788291075438e-06,,,,840,,20260923,2e24b84e0a1e906a88bd91d21f25a0228935e2c3a86929fb2e135da495bc0196,r2-2e24b84e0a1e-seed20260923
D8_running_mean,running_mean,trial_1,468.0,0.575030525030525,,,,840,,20260923,2e24b84e0a1e906a88bd91d21f25a0228935e2c3a86929fb2e135da495bc0196,r2-2e24b84e0a1e-seed20260923
D8_change_vs_tolerance,running_change,trial_1,468.0,6.536409113966357e-08,,,,840,,20260923,2e24b84e0a1e906a88bd91d21f25a0228935e2c3a86929fb2e135da495bc0196,r2-2e24b84e0a1e-seed20260923
D8_running_mean,running_mean,trial_1,498.0,0.5748685217058711,,,,840,,20260923,2e24b84e0a1e906a88bd91d21f25a0228935e2c3a86929fb2e135da495bc0196,r2-2e24b84e0a1e-seed20260923
D8_change_vs_tolerance,running_change,trial_1,498.0,1.4636489812813736e-05,,,,840,,20260923,2e24b84e0a1e906a88bd91d21f25a0228935e2c3a86929fb2e135da495bc0196,r2-2e24b84e0a1e-seed20260923
D8_running_mean,running_mean,trial_1,530.0,0.5749730458221024,,,,840,,20260923,2e24b84e0a1e906a88bd91d21f25a0228935e2c3a86929fb2e135da495bc0196,r2-2e24b84e0a1e-seed20260923
D8_change_vs_tolerance,running_change,trial_1,530.0,6.700329666431415e-06,,,,840,,20260923,2e24b84e0a1e906a88bd91d21f25a0228935e2c3a86929fb2e135da495bc0196,r2-2e24b84e0a1e-seed20260923
D8_running_mean,running_mean,trial_1,563.0,0.5747716315655925,,,,840,,20260923,2e24b84e0a1e906a88bd91d21f25a0228935e2c3a86929fb2e135da495bc0196,r2-2e24b84e0a1e-seed20260923
D8_change_vs_tolerance,running_change,trial_1,563.0,2.3707484928192635e-05,,,,840,,20260923,2e24b84e0a1e906a88bd91d21f25a0228935e2c3a86929fb2e135da495bc0196,r2-2e24b84e0a1e-seed20260923
D8_running_mean,running_mean,trial_1,599.0,0.5750238492725972,,,,840,,20260923,2e24b84e0a1e906a88bd91d21f25a0228935e2c3a86929fb2e135da495bc0196,r2-2e24b84e0a1e-seed20260923
D8_change_vs_tolerance,running_change,trial_1,599.0,7.759986982602829e-05,,,,840,,20260923,2e24b84e0a1e906a88bd91d21f25a0228935e2c3a86929fb2e135da495bc0196,r2-2e24b84e0a1e-seed20260923
D8_running_mean,running_mean,trial_1,637.0,0.5748504896464081,,,,840,,20260923,2e24b84e0a1e906a88bd91d21f25a0228935e2c3a86929fb2e135da495bc0196,r2-2e24b84e0a1e-seed20260923
D8_change_vs_tolerance,running_change,trial_1,637.0,3.1585825290059155e-05,,,,840,,20260923,2e24b84e0a1e906a88bd91d21f25a0228935e2c3a86929fb2e135da495bc0196,r2-2e24b84e0a1e-seed20260923
D8_running_mean,running_mean,trial_1,677.0,0.5748505310543716,,,,840,,20260923,2e24b84e0a1e906a88bd91d21f25a0228935e2c3a86929fb2e135da495bc0196,r2-2e24b84e0a1e-seed20260923
D8_change_vs_tolerance,running_change,trial_1,677.0,1.4309583534655168e-05,,,,840,,20260923,2e24b84e0a1e906a88bd91d21f25a0228935e2c3a86929fb2e135da495bc0196,r2-2e24b84e0a1e-seed20260923
D8_running_mean,running_mean,trial_1,720.0,0.5748826058201059,,,,840,,20260923,2e24b84e0a1e906a88bd91d21f25a0228935e2c3a86929fb2e135da495bc0196,r2-2e24b84e0a1e-seed20260923
D8_change_vs_tolerance,running_change,trial_1,720.0,3.474751823162592e-06,,,,840,,20260923,2e24b84e0a1e906a88bd91d21f25a0228935e2c3a86929fb2e135da495bc0196,r2-2e24b84e0a1e-seed20260923
D8_running_mean,running_mean,trial_1,765.0,0.5749595393713041,,,,840,,20260923,2e24b84e0a1e906a88bd91d21f25a0228935e2c3a86929fb2e135da495bc0196,r2-2e24b84e0a1e-seed20260923
D8_change_vs_tolerance,running_change,trial_1,765.0,1.5529190151908345e-05,,,,840,,20260923,2e24b84e0a1e906a88bd91d21f25a0228935e2c3a86929fb2e135da495bc0196,r2-2e24b84e0a1e-seed20260923
D8_running_mean,running_mean,trial_1,814.0,0.5751886626886626,,,,840,,20260923,2e24b84e0a1e906a88bd91d21f25a0228935e2c3a86929fb2e135da495bc0196,r2-2e24b84e0a1e-seed20260923
D8_change_vs_tolerance,running_change,trial_1,814.0,1.7339546859784782e-05,,,,840,,20260923,2e24b84e0a1e906a88bd91d21f25a0228935e2c3a86929fb2e135da495bc0196,r2-2e24b84e0a1e-seed20260923
D8_running_mean,running_mean,trial_1,865.0,0.5752270850536747,,,,840,,20260923,2e24b84e0a1e906a88bd91d21f25a0228935e2c3a86929fb2e135da495bc0196,r2-2e24b84e0a1e-seed20260923
D8_change_vs_tolerance,running_change,trial_1,865.0,1.0760097766460142e-05,,,,840,,20260923,2e24b84e0a1e906a88bd91d21f25a0228935e2c3a86929fb2e135da495bc0196,r2-2e24b84e0a1e-seed20260923
D8_running_mean,running_mean,trial_1,920.0,0.5752329192546584,,,,840,,20260923,2e24b84e0a1e906a88bd91d21f25a0228935e2c3a86929fb2e135da495bc0196,r2-2e24b84e0a1e-seed20260923
D8_change_vs_tolerance,running_change,trial_1,920.0,2.4359225641257254e-05,,,,840,,20260923,2e24b84e0a1e906a88bd91d21f25a0228935e2c3a86929fb2e135da495bc0196,r2-2e24b84e0a1e-seed20260923
D8_running_mean,running_mean,trial_1,978.0,0.5753079657220761,,,,840,,20260923,2e24b84e0a1e906a88bd91d21f25a0228935e2c3a86929fb2e135da495bc0196,r2-2e24b84e0a1e-seed20260923
D8_change_vs_tolerance,running_change,trial_1,978.0,1.4937236446077584e-05,,,,840,,20260923,2e24b84e0a1e906a88bd91d21f25a0228935e2c3a86929fb2e135da495bc0196,r2-2e24b84e0a1e-seed20260923
D8_running_mean,running_mean,trial_1,1040.0,0.575224358974359,,,,840,,20260923,2e24b84e0a1e906a88bd91d21f25a0228935e2c3a86929fb2e135da495bc0196,r2-2e24b84e0a1e-seed20260923
D8_change_vs_tolerance,running_change,trial_1,1040.0,1.361727781312716e-06,,,,840,,20260923,2e24b84e0a1e906a88bd91d21f25a0228935e2c3a86929fb2e135da495bc0196,r2-2e24b84e0a1e-seed20260923
D8_running_mean,running_mean,trial_1,1106.0,0.5754919056230087,,,,840,,20260923,2e24b84e0a1e906a88bd91d21f25a0228935e2c3a86929fb2e135da495bc0196,r2-2e24b84e0a1e-seed20260923
D8_change_vs_tolerance,running_change,trial_1,1106.0,4.451634597613108e-07,,,,840,,20260923,2e24b84e0a1e906a88bd91d21f25a0228935e2c3a86929fb2e135da495bc0196,r2-2e24b84e0a1e-seed20260923
D8_running_mean,running_mean,trial_1,1176.0,0.5756266196954972,,,,840,,20260923,2e24b84e0a1e906a88bd91d21f25a0228935e2c3a86929fb2e135da495bc0196,r2-2e24b84e0a1e-seed20260923
D8_change_vs_tolerance,running_change,trial_1,1176.0,2.2823060328525102e-05,,,,840,,20260923,2e24b84e0a1e906a88bd91d21f25a0228935e2c3a86929fb2e135da495bc0196,r2-2e24b84e0a1e-seed20260923
D8_running_mean,running_mean,trial_1,1251.0,0.5755329070077272,,,,840,,20260923,2e24b84e0a1e906a88bd91d21f25a0228935e2c3a86929fb2e135da495bc0196,r2-2e24b84e0a1e-seed20260923
D8_change_vs_tolerance,running_change,trial_1,1251.0,3.383198203366078e-06,,,,840,,20260923,2e24b84e0a1e906a88bd91d21f25a0228935e2c3a86929fb2e135da495bc0196,r2-2e24b84e0a1e-seed20260923
D8_running_mean,running_mean,trial_1,1330.0,0.5755898675259578,,,,840,,20260923,2e24b84e0a1e906a88bd91d21f25a0228935e2c3a86929fb2e135da495bc0196,r2-2e24b84e0a1e-seed20260923
D8_change_vs_tolerance,running_change,trial_1,1330.0,4.026916695099025e-06,,,,840,,20260923,2e24b84e0a1e906a88bd91d21f25a0228935e2c3a86929fb2e135da495bc0196,r2-2e24b84e0a1e-seed20260923
D8_running_mean,running_mean,trial_1,1414.0,0.5754866302956826,,,,840,,20260923,2e24b84e0a1e906a88bd91d21f25a0228935e2c3a86929fb2e135da495bc0196,r2-2e24b84e0a1e-seed20260923
D8_change_vs_tolerance,running_change,trial_1,1414.0,7.084529242473714e-06,,,,840,,20260923,2e24b84e0a1e906a88bd91d21f25a0228935e2c3a86929fb2e135da495bc0196,r2-2e24b84e0a1e-seed20260923
D8_running_mean,running_mean,trial_1,1503.0,0.575342964863923,,,,840,,20260923,2e24b84e0a1e906a88bd91d21f25a0228935e2c3a86929fb2e135da495bc0196,r2-2e24b84e0a1e-seed20260923
D8_change_vs_tolerance,running_change,trial_1,1503.0,5.31981922069491e-06,,,,840,,20260923,2e24b84e0a1e906a88bd91d21f25a0228935e2c3a86929fb2e135da495bc0196,r2-2e24b84e0a1e-seed20260923
D8_running_mean,running_mean,trial_1,1599.0,0.5752992942017332,,,,840,,20260923,2e24b84e0a1e906a88bd91d21f25a0228935e2c3a86929fb2e135da495bc0196,r2-2e24b84e0a1e-seed20260923
D8_change_vs_tolerance,running_change,trial_1,1599.0,1.7692199230090466e-05,,,,840,,20260923,2e24b84e0a1e906a88bd91d21f25a0228935e2c3a86929fb2e135da495bc0196,r2-2e24b84e0a1e-seed20260923
D8_running_mean,running_mean,trial_1,1700.0,0.5752794117647059,,,,840,,20260923,2e24b84e0a1e906a88bd91d21f25a0228935e2c3a86929fb2e135da495bc0196,r2-2e24b84e0a1e-seed20260923
D8_change_vs_tolerance,running_change,trial_1,1700.0,1.5658411687269336e-06,,,,840,,20260923,2e24b84e0a1e906a88bd91d21f25a0228935e2c3a86929fb2e135da495bc0196,r2-2e24b84e0a1e-seed20260923
D8_running_mean,running_mean,trial_1,1807.0,0.5752207025588321,,,,840,,20260923,2e24b84e0a1e906a88bd91d21f25a0228935e2c3a86929fb2e135da495bc0196,r2-2e24b84e0a1e-seed20260923
D8_change_vs_tolerance,running_change,trial_1,1807.0,2.0997403822331506e-06,,,,840,,20260923,2e24b84e0a1e906a88bd91d21f25a0228935e2c3a86929fb2e135da495bc0196,r2-2e24b84e0a1e-seed20260923
D8_running_mean,running_mean,trial_1,1922.0,0.5752706753877409,,,,840,,20260923,2e24b84e0a1e906a88bd91d21f25a0228935e2c3a86929fb2e135da495bc0196,r2-2e24b84e0a1e-seed20260923
D8_change_vs_tolerance,running_change,trial_1,1922.0,3.2394879438957247e-06,,,,840,,20260923,2e24b84e0a1e906a88bd91d21f25a0228935e2c3a86929fb2e135da495bc0196,r2-2e24b84e0a1e-seed20260923
D8_running_mean,running_mean,trial_1,2043.0,0.5753758478428082,,,,840,,20260923,2e24b84e0a1e906a88bd91d21f25a0228935e2c3a86929fb2e135da495bc0196,r2-2e24b84e0a1e-seed20260923
D8_change_vs_tolerance,running_change,trial_1,2043.0,7.977874056708245e-06,,,,840,,20260923,2e24b84e0a1e906a88bd91d21f25a0228935e2c3a86929fb2e135da495bc0196,r2-2e24b84e0a1e-seed20260923
D8_running_mean,running_mean,trial_1,2173.0,0.575257489097802,,,,840,,20260923,2e24b84e0a1e906a88bd91d21f25a0228935e2c3a86929fb2e135da495bc0196,r2-2e24b84e0a1e-seed20260923
D8_change_vs_tolerance,running_change,trial_1,2173.0,3.1700589526728606e-06,,,,840,,20260923,2e24b84e0a1e906a88bd91d21f25a0228935e2c3a86929fb2e135da495bc0196,r2-2e24b84e0a1e-seed20260923
D8_running_mean,running_mean,trial_1,2310.0,0.5751757369614513,,,,840,,20260923,2e24b84e0a1e906a88bd91d21f25a0228935e2c3a86929fb2e135da495bc0196,r2-2e24b84e0a1e-seed20260923
D8_change_vs_tolerance,running_change,trial_1,2310.0,5.595279832792954e-06,,,,840,,20260923,2e24b84e0a1e906a88bd91d21f25a0228935e2c3a86929fb2e135da495bc0196,r2-2e24b84e0a1e-seed20260923
D8_running_mean,running_mean,trial_1,2456.0,0.5751880719714596,,,,840,,20260923,2e24b84e0a1e906a88bd91d21f25a0228935e2c3a86929fb2e135da495bc0196,r2-2e24b84e0a1e-seed20260923
D8_change_vs_tolerance,running_change,trial_1,2456.0,3.955959875900916e-06,,,,840,,20260923,2e24b84e0a1e906a88bd91d21f25a0228935e2c3a86929fb2e135da495bc0196,r2-2e24b84e0a1e-seed20260923
D8_running_mean,running_mean,trial_1,2612.0,0.575257055348939,,,,840,,20260923,2e24b84e0a1e906a88bd91d21f25a0228935e2c3a86929fb2e135da495bc0196,r2-2e24b84e0a1e-seed20260923
D8_change_vs_tolerance,running_change,trial_1,2612.0,3.2900760942311535e-06,,,,840,,20260923,2e24b84e0a1e906a88bd91d21f25a0228935e2c3a86929fb2e135da495bc0196,r2-2e24b84e0a1e-seed20260923
D8_running_mean,running_mean,trial_1,2777.0,0.5753545278392236,,,,840,,20260923,2e24b84e0a1e906a88bd91d21f25a0228935e2c3a86929fb2e135da495bc0196,r2-2e24b84e0a1e-seed20260923
D8_change_vs_tolerance,running_change,trial_1,2777.0,9.85403537545615e-07,,,,840,,20260923,2e24b84e0a1e906a88bd91d21f25a0228935e2c3a86929fb2e135da495bc0196,r2-2e24b84e0a1e-seed20260923
D8_running_mean,running_mean,trial_1,2953.0,0.5755180365407253,,,,840,,20260923,2e24b84e0a1e906a88bd91d21f25a0228935e2c3a86929fb2e135da495bc0196,r2-2e24b84e0a1e-seed20260923
D8_change_vs_tolerance,running_change,trial_1,2953.0,5.014820740667503e-06,,,,840,,20260923,2e24b84e0a1e906a88bd91d21f25a0228935e2c3a86929fb2e135da495bc0196,r2-2e24b84e0a1e-seed20260923
D8_running_mean,running_mean,trial_1,3140.0,0.575482635729451,,,,840,,20260923,2e24b84e0a1e906a88bd91d21f25a0228935e2c3a86929fb2e135da495bc0196,r2-2e24b84e0a1e-seed20260923
D8_change_vs_tolerance,running_change,trial_1,3140.0,9.840053654119885e-07,,,,840,,20260923,2e24b84e0a1e906a88bd91d21f25a0228935e2c3a86929fb2e135da495bc0196,r2-2e24b84e0a1e-seed20260923
D8_running_mean,running_mean,trial_1,3339.0,0.5754289137038463,,,,840,,20260923,2e24b84e0a1e906a88bd91d21f25a0228935e2c3a86929fb2e135da495bc0196,r2-2e24b84e0a1e-seed20260923
D8_change_vs_tolerance,running_change,trial_1,3339.0,1.9117120000355925e-06,,,,840,,20260923,2e24b84e0a1e906a88bd91d21f25a0228935e2c3a86929fb2e135da495bc0196,r2-2e24b84e0a1e-seed20260923
D8_running_mean,running_mean,trial_1,3550.0,0.5755975855130785,,,,840,,20260923,2e24b84e0a1e906a88bd91d21f25a0228935e2c3a86929fb2e135da495bc0196,r2-2e24b84e0a1e-seed20260923
D8_change_vs_tolerance,running_change,trial_1,3550.0,1.174701066308792e-06,,,,840,,20260923,2e24b84e0a1e906a88bd91d21f25a0228935e2c3a86929fb2e135da495bc0196,r2-2e24b84e0a1e-seed20260923
D8_running_mean,running_mean,trial_1,3775.0,0.5755578681803848,,,,840,,20260923,2e24b84e0a1e906a88bd91d21f25a0228935e2c3a86929fb2e135da495bc0196,r2-2e24b84e0a1e-seed20260923
D8_change_vs_tolerance,running_change,trial_1,3775.0,2.060271635739852e-06,,,,840,,20260923,2e24b84e0a1e906a88bd91d21f25a0228935e2c3a86929fb2e135da495bc0196,r2-2e24b84e0a1e-seed20260923
D8_running_mean,running_mean,trial_1,4014.0,0.5755202030986785,,,,840,,20260923,2e24b84e0a1e906a88bd91d21f25a0228935e2c3a86929fb2e135da495bc0196,r2-2e24b84e0a1e-seed20260923
D8_change_vs_tolerance,running_change,trial_1,4014.0,7.88005333773878e-06,,,,840,,20260923,2e24b84e0a1e906a88bd91d21f25a0228935e2c3a86929fb2e135da495bc0196,r2-2e24b84e0a1e-seed20260923
D8_running_mean,running_mean,trial_1,4268.0,0.575628430847503,,,,840,,20260923,2e24b84e0a1e906a88bd91d21f25a0228935e2c3a86929fb2e135da495bc0196,r2-2e24b84e0a1e-seed20260923
D8_change_vs_tolerance,running_change,trial_1,4268.0,1.8056954501632916e-06,,,,840,,20260923,2e24b84e0a1e906a88bd91d21f25a0228935e2c3a86929fb2e135da495bc0196,r2-2e24b84e0a1e-seed20260923
D8_running_mean,running_mean,trial_1,4538.0,0.5754501668450545,,,,840,,20260923,2e24b84e0a1e906a88bd91d21f25a0228935e2c3a86929fb2e135da495bc0196,r2-2e24b84e0a1e-seed20260923
D8_change_vs_tolerance,running_change,trial_1,4538.0,2.460756570288325e-06,,,,840,,20260923,2e24b84e0a1e906a88bd91d21f25a0228935e2c3a86929fb2e135da495bc0196,r2-2e24b84e0a1e-seed20260923
D8_running_mean,running_mean,trial_1,4825.0,0.5754821120157908,,,,840,,20260923,2e24b84e0a1e906a88bd91d21f25a0228935e2c3a86929fb2e135da495bc0196,r2-2e24b84e0a1e-seed20260923
D8_change_vs_tolerance,running_change,trial_1,4825.0,8.402861912948367e-07,,,,840,,20260923,2e24b84e0a1e906a88bd91d21f25a0228935e2c3a86929fb2e135da495bc0196,r2-2e24b84e0a1e-seed20260923
D8_running_mean,running_mean,trial_1,5130.0,0.5754657477025898,,,,840,,20260923,2e24b84e0a1e906a88bd91d21f25a0228935e2c3a86929fb2e135da495bc0196,r2-2e24b84e0a1e-seed20260923
D8_change_vs_tolerance,running_change,trial_1,5130.0,1.2513411298264998e-06,,,,840,,20260923,2e24b84e0a1e906a88bd91d21f25a0228935e2c3a86929fb2e135da495bc0196,r2-2e24b84e0a1e-seed20260923
D8_running_mean,running_mean,trial_1,5455.0,0.5754613504430186,,,,840,,20260923,2e24b84e0a1e906a88bd91d21f25a0228935e2c3a86929fb2e135da495bc0196,r2-2e24b84e0a1e-seed20260923
D8_change_vs_tolerance,running_change,trial_1,5455.0,2.0981685847631937e-06,,,,840,,20260923,2e24b84e0a1e906a88bd91d21f25a0228935e2c3a86929fb2e135da495bc0196,r2-2e24b84e0a1e-seed20260923
D8_running_mean,running_mean,trial_1,5800.0,0.5755626026272578,,,,840,,20260923,2e24b84e0a1e906a88bd91d21f25a0228935e2c3a86929fb2e135da495bc0196,r2-2e24b84e0a1e-seed20260923
D8_change_vs_tolerance,running_change,trial_1,5800.0,3.187621386513406e-06,,,,840,,20260923,2e24b84e0a1e906a88bd91d21f25a0228935e2c3a86929fb2e135da495bc0196,r2-2e24b84e0a1e-seed20260923
D8_running_mean,running_mean,trial_1,6167.0,0.5755403182839538,,,,840,,20260923,2e24b84e0a1e906a88bd91d21f25a0228935e2c3a86929fb2e135da495bc0196,r2-2e24b84e0a1e-seed20260923
D8_change_vs_tolerance,running_change,trial_1,6167.0,2.404481441731221e-06,,,,840,,20260923,2e24b84e0a1e906a88bd91d21f25a0228935e2c3a86929fb2e135da495bc0196,r2-2e24b84e0a1e-seed20260923
D8_running_mean,running_mean,trial_1,6558.0,0.5754532813430343,,,,840,,20260923,2e24b84e0a1e906a88bd91d21f25a0228935e2c3a86929fb2e135da495bc0196,r2-2e24b84e0a1e-seed20260923
D8_change_vs_tolerance,running_change,trial_1,6558.0,1.8847099660934674e-06,,,,840,,20260923,2e24b84e0a1e906a88bd91d21f25a0228935e2c3a86929fb2e135da495bc0196,r2-2e24b84e0a1e-seed20260923
D8_running_mean,running_mean,trial_1,6973.0,0.5754421817486496,,,,840,,20260923,2e24b84e0a1e906a88bd91d21f25a0228935e2c3a86929fb2e135da495bc0196,r2-2e24b84e0a1e-seed20260923
D8_change_vs_tolerance,running_change,trial_1,6973.0,2.780795513857015e-07,,,,840,,20260923,2e24b84e0a1e906a88bd91d21f25a0228935e2c3a86929fb2e135da495bc0196,r2-2e24b84e0a1e-seed20260923
D8_running_mean,running_mean,trial_1,7414.0,0.5755260318316698,,,,840,,20260923,2e24b84e0a1e906a88bd91d21f25a0228935e2c3a86929fb2e135da495bc0196,r2-2e24b84e0a1e-seed20260923
D8_change_vs_tolerance,running_change,trial_1,7414.0,1.6955626958026215e-06,,,,840,,20260923,2e24b84e0a1e906a88bd91d21f25a0228935e2c3a86929fb2e135da495bc0196,r2-2e24b84e0a1e-seed20260923
D8_running_mean,running_mean,trial_1,7884.0,0.5756104889951922,,,,840,,20260923,2e24b84e0a1e906a88bd91d21f25a0228935e2c3a86929fb2e135da495bc0196,r2-2e24b84e0a1e-seed20260923
D8_change_vs_tolerance,running_change,trial_1,7884.0,3.244955879111444e-06,,,,840,,20260923,2e24b84e0a1e906a88bd91d21f25a0228935e2c3a86929fb2e135da495bc0196,r2-2e24b84e0a1e-seed20260923
D8_running_mean,running_mean,trial_1,8383.0,0.5754873809239788,,,,840,,20260923,2e24b84e0a1e906a88bd91d21f25a0228935e2c3a86929fb2e135da495bc0196,r2-2e24b84e0a1e-seed20260923
D8_change_vs_tolerance,running_change,trial_1,8383.0,1.1943677461490054e-06,,,,840,,20260923,2e24b84e0a1e906a88bd91d21f25a0228935e2c3a86929fb2e135da495bc0196,r2-2e24b84e0a1e-seed20260923
D8_running_mean,running_mean,trial_1,8913.0,0.5754355596159703,,,,840,,20260923,2e24b84e0a1e906a88bd91d21f25a0228935e2c3a86929fb2e135da495bc0196,r2-2e24b84e0a1e-seed20260923
D8_change_vs_tolerance,running_change,trial_1,8913.0,2.319754808577379e-06,,,,840,,20260923,2e24b84e0a1e906a88bd91d21f25a0228935e2c3a86929fb2e135da495bc0196,r2-2e24b84e0a1e-seed20260923
D8_running_mean,running_mean,trial_1,9477.0,0.5753640392529281,,,,840,,20260923,2e24b84e0a1e906a88bd91d21f25a0228935e2c3a86929fb2e135da495bc0196,r2-2e24b84e0a1e-seed20260923
D8_change_vs_tolerance,running_change,trial_1,9477.0,1.092259018675712e-06,,,,840,,20260923,2e24b84e0a1e906a88bd91d21f25a0228935e2c3a86929fb2e135da495bc0196,r2-2e24b84e0a1e-seed20260923
D8_running_mean,running_mean,trial_1,10077.0,0.5754231701611874,,,,840,,20260923,2e24b84e0a1e906a88bd91d21f25a0228935e2c3a86929fb2e135da495bc0196,r2-2e24b84e0a1e-seed20260923
D8_change_vs_tolerance,running_change,trial_1,10077.0,1.4597940102278884e-06,,,,840,,20260923,2e24b84e0a1e906a88bd91d21f25a0228935e2c3a86929fb2e135da495bc0196,r2-2e24b84e0a1e-seed20260923
D8_running_mean,running_mean,trial_1,10715.0,0.5754294158167234,,,,840,,20260923,2e24b84e0a1e906a88bd91d21f25a0228935e2c3a86929fb2e135da495bc0196,r2-2e24b84e0a1e-seed20260923
D8_change_vs_tolerance,running_change,trial_1,10715.0,1.484562842324344e-06,,,,840,,20260923,2e24b84e0a1e906a88bd91d21f25a0228935e2c3a86929fb2e135da495bc0196,r2-2e24b84e0a1e-seed20260923
D8_running_mean,running_mean,trial_1,11393.0,0.5754253865155295,,,,840,,20260923,2e24b84e0a1e906a88bd91d21f25a0228935e2c3a86929fb2e135da495bc0196,r2-2e24b84e0a1e-seed20260923
D8_change_vs_tolerance,running_change,trial_1,11393.0,6.941666799153978e-07,,,,840,,20260923,2e24b84e0a1e906a88bd91d21f25a0228935e2c3a86929fb2e135da495bc0196,r2-2e24b84e0a1e-seed20260923
D8_running_mean,running_mean,trial_1,12114.0,0.5754495978678742,,,,840,,20260923,2e24b84e0a1e906a88bd91d21f25a0228935e2c3a86929fb2e135da495bc0196,r2-2e24b84e0a1e-seed20260923
D8_change_vs_tolerance,running_change,trial_1,12114.0,1.3147682939029792e-06,,,,840,,20260923,2e24b84e0a1e906a88bd91d21f25a0228935e2c3a86929fb2e135da495bc0196,r2-2e24b84e0a1e-seed20260923
D8_running_mean,running_mean,trial_1,12881.0,0.5754572071822285,,,,840,,20260923,2e24b84e0a1e906a88bd91d21f25a0228935e2c3a86929fb2e135da495bc0196,r2-2e24b84e0a1e-seed20260923
D8_change_vs_tolerance,running_change,trial_1,12881.0,5.190722018877381e-07,,,,840,,20260923,2e24b84e0a1e906a88bd91d21f25a0228935e2c3a86929fb2e135da495bc0196,r2-2e24b84e0a1e-seed20260923
D8_running_mean,running_mean,trial_1,13696.0,0.5754933661548731,,,,840,,20260923,2e24b84e0a1e906a88bd91d21f25a0228935e2c3a86929fb2e135da495bc0196,r2-2e24b84e0a1e-seed20260923
D8_change_vs_tolerance,running_change,trial_1,13696.0,3.837364671577248e-07,,,,840,,20260923,2e24b84e0a1e906a88bd91d21f25a0228935e2c3a86929fb2e135da495bc0196,r2-2e24b84e0a1e-seed20260923
D8_running_mean,running_mean,trial_1,14563.0,0.5755715724454995,,,,840,,20260923,2e24b84e0a1e906a88bd91d21f25a0228935e2c3a86929fb2e135da495bc0196,r2-2e24b84e0a1e-seed20260923
D8_change_vs_tolerance,running_change,trial_1,14563.0,5.330147567761401e-07,,,,840,,20260923,2e24b84e0a1e906a88bd91d21f25a0228935e2c3a86929fb2e135da495bc0196,r2-2e24b84e0a1e-seed20260923
D8_running_mean,running_mean,trial_1,15485.0,0.5755695988437352,,,,840,,20260923,2e24b84e0a1e906a88bd91d21f25a0228935e2c3a86929fb2e135da495bc0196,r2-2e24b84e0a1e-seed20260923
D8_change_vs_tolerance,running_change,trial_1,15485.0,4.009799459137042e-08,,,,840,,20260923,2e24b84e0a1e906a88bd91d21f25a0228935e2c3a86929fb2e135da495bc0196,r2-2e24b84e0a1e-seed20260923
D8_running_mean,running_mean,trial_1,16465.0,0.5756193512935086,,,,840,,20260923,2e24b84e0a1e906a88bd91d21f25a0228935e2c3a86929fb2e135da495bc0196,r2-2e24b84e0a1e-seed20260923
D8_change_vs_tolerance,running_change,trial_1,16465.0,6.131519935115293e-07,,,,840,,20260923,2e24b84e0a1e906a88bd91d21f25a0228935e2c3a86929fb2e135da495bc0196,r2-2e24b84e0a1e-seed20260923
D8_running_mean,running_mean,trial_1,17507.0,0.5756432801029249,,,,840,,20260923,2e24b84e0a1e906a88bd91d21f25a0228935e2c3a86929fb2e135da495bc0196,r2-2e24b84e0a1e-seed20260923
D8_change_vs_tolerance,running_change,trial_1,17507.0,7.793004789258262e-07,,,,840,,20260923,2e24b84e0a1e906a88bd91d21f25a0228935e2c3a86929fb2e135da495bc0196,r2-2e24b84e0a1e-seed20260923
D8_running_mean,running_mean,trial_1,18615.0,0.5756695829016538,,,,840,,20260923,2e24b84e0a1e906a88bd91d21f25a0228935e2c3a86929fb2e135da495bc0196,r2-2e24b84e0a1e-seed20260923
D8_change_vs_tolerance,running_change,trial_1,18615.0,1.5069590245664344e-06,,,,840,,20260923,2e24b84e0a1e906a88bd91d21f25a0228935e2c3a86929fb2e135da495bc0196,r2-2e24b84e0a1e-seed20260923
D8_running_mean,running_mean,trial_1,19794.0,0.5756475026102186,,,,840,,20260923,2e24b84e0a1e906a88bd91d21f25a0228935e2c3a86929fb2e135da495bc0196,r2-2e24b84e0a1e-seed20260923
D8_change_vs_tolerance,running_change,trial_1,19794.0,5.138843093277501e-07,,,,840,,20260923,2e24b84e0a1e906a88bd91d21f25a0228935e2c3a86929fb2e135da495bc0196,r2-2e24b84e0a1e-seed20260923
D8_running_mean,running_mean,trial_1,21046.0,0.5756557631129996,,,,840,,20260923,2e24b84e0a1e906a88bd91d21f25a0228935e2c3a86929fb2e135da495bc0196,r2-2e24b84e0a1e-seed20260923
D8_change_vs_tolerance,running_change,trial_1,21046.0,6.534094183496819e-07,,,,840,,20260923,2e24b84e0a1e906a88bd91d21f25a0228935e2c3a86929fb2e135da495bc0196,r2-2e24b84e0a1e-seed20260923
D8_running_mean,running_mean,trial_1,22379.0,0.5756289910396439,,,,840,,20260923,2e24b84e0a1e906a88bd91d21f25a0228935e2c3a86929fb2e135da495bc0196,r2-2e24b84e0a1e-seed20260923
D8_change_vs_tolerance,running_change,trial_1,22379.0,7.166715357831421e-07,,,,840,,20260923,2e24b84e0a1e906a88bd91d21f25a0228935e2c3a86929fb2e135da495bc0196,r2-2e24b84e0a1e-seed20260923
D8_running_mean,running_mean,trial_1,23795.0,0.5756358378610953,,,,840,,20260923,2e24b84e0a1e906a88bd91d21f25a0228935e2c3a86929fb2e135da495bc0196,r2-2e24b84e0a1e-seed20260923
D8_change_vs_tolerance,running_change,trial_1,23795.0,2.6722613233332027e-08,,,,840,,20260923,2e24b84e0a1e906a88bd91d21f25a0228935e2c3a86929fb2e135da495bc0196,r2-2e24b84e0a1e-seed20260923
D8_running_mean,running_mean,trial_1,25301.0,0.5756582649659998,,,,840,,20260923,2e24b84e0a1e906a88bd91d21f25a0228935e2c3a86929fb2e135da495bc0196,r2-2e24b84e0a1e-seed20260923
D8_change_vs_tolerance,running_change,trial_1,25301.0,1.1082694604258592e-06,,,,840,,20260923,2e24b84e0a1e906a88bd91d21f25a0228935e2c3a86929fb2e135da495bc0196,r2-2e24b84e0a1e-seed20260923
D8_running_mean,running_mean,trial_1,26902.0,0.5756240463622815,,,,840,,20260923,2e24b84e0a1e906a88bd91d21f25a0228935e2c3a86929fb2e135da495bc0196,r2-2e24b84e0a1e-seed20260923
D8_change_vs_tolerance,running_change,trial_1,26902.0,5.521037922395777e-07,,,,840,,20260923,2e24b84e0a1e906a88bd91d21f25a0228935e2c3a86929fb2e135da495bc0196,r2-2e24b84e0a1e-seed20260923
D8_running_mean,running_mean,trial_1,28605.0,0.5756255982553833,,,,840,,20260923,2e24b84e0a1e906a88bd91d21f25a0228935e2c3a86929fb2e135da495bc0196,r2-2e24b84e0a1e-seed20260923
D8_change_vs_tolerance,running_change,trial_1,28605.0,8.542554210677622e-07,,,,840,,20260923,2e24b84e0a1e906a88bd91d21f25a0228935e2c3a86929fb2e135da495bc0196,r2-2e24b84e0a1e-seed20260923
D8_running_mean,running_mean,trial_1,30416.0,0.57560909358483,,,,840,,20260923,2e24b84e0a1e906a88bd91d21f25a0228935e2c3a86929fb2e135da495bc0196,r2-2e24b84e0a1e-seed20260923
D8_change_vs_tolerance,running_change,trial_1,30416.0,5.680013234199421e-07,,,,840,,20260923,2e24b84e0a1e906a88bd91d21f25a0228935e2c3a86929fb2e135da495bc0196,r2-2e24b84e0a1e-seed20260923
D8_running_mean,running_mean,trial_1,32341.0,0.5755660292625755,,,,840,,20260923,2e24b84e0a1e906a88bd91d21f25a0228935e2c3a86929fb2e135da495bc0196,r2-2e24b84e0a1e-seed20260923
D8_change_vs_tolerance,running_change,trial_1,32341.0,9.293133307330947e-08,,,,840,,20260923,2e24b84e0a1e906a88bd91d21f25a0228935e2c3a86929fb2e135da495bc0196,r2-2e24b84e0a1e-seed20260923
D8_running_mean,running_mean,trial_1,34388.0,0.5755430327301329,,,,840,,20260923,2e24b84e0a1e906a88bd91d21f25a0228935e2c3a86929fb2e135da495bc0196,r2-2e24b84e0a1e-seed20260923
D8_change_vs_tolerance,running_change,trial_1,34388.0,2.2351149775445833e-07,,,,840,,20260923,2e24b84e0a1e906a88bd91d21f25a0228935e2c3a86929fb2e135da495bc0196,r2-2e24b84e0a1e-seed20260923
D8_running_mean,running_mean,trial_1,36565.0,0.575545538603791,,,,840,,20260923,2e24b84e0a1e906a88bd91d21f25a0228935e2c3a86929fb2e135da495bc0196,r2-2e24b84e0a1e-seed20260923
D8_change_vs_tolerance,running_change,trial_1,36565.0,1.1531468535608269e-07,,,,840,,20260923,2e24b84e0a1e906a88bd91d21f25a0228935e2c3a86929fb2e135da495bc0196,r2-2e24b84e0a1e-seed20260923
D8_running_mean,running_mean,trial_1,38879.0,0.5755208773496281,,,,840,,20260923,2e24b84e0a1e906a88bd91d21f25a0228935e2c3a86929fb2e135da495bc0196,r2-2e24b84e0a1e-seed20260923
D8_change_vs_tolerance,running_change,trial_1,38879.0,1.7032717203324665e-07,,,,840,,20260923,2e24b84e0a1e906a88bd91d21f25a0228935e2c3a86929fb2e135da495bc0196,r2-2e24b84e0a1e-seed20260923
D8_running_mean,running_mean,trial_1,41340.0,0.5755289469440413,,,,840,,20260923,2e24b84e0a1e906a88bd91d21f25a0228935e2c3a86929fb2e135da495bc0196,r2-2e24b84e0a1e-seed20260923
D8_change_vs_tolerance,running_change,trial_1,41340.0,7.615406248939749e-07,,,,840,,20260923,2e24b84e0a1e906a88bd91d21f25a0228935e2c3a86929fb2e135da495bc0196,r2-2e24b84e0a1e-seed20260923
D8_running_mean,running_mean,trial_1,43956.0,0.5755243338576672,,,,840,,20260923,2e24b84e0a1e906a88bd91d21f25a0228935e2c3a86929fb2e135da495bc0196,r2-2e24b84e0a1e-seed20260923
D8_change_vs_tolerance,running_change,trial_1,43956.0,7.973641993341829e-07,,,,840,,20260923,2e24b84e0a1e906a88bd91d21f25a0228935e2c3a86929fb2e135da495bc0196,r2-2e24b84e0a1e-seed20260923
D8_running_mean,running_mean,trial_1,46738.0,0.5755170412980974,,,,840,,20260923,2e24b84e0a1e906a88bd91d21f25a0228935e2c3a86929fb2e135da495bc0196,r2-2e24b84e0a1e-seed20260923
D8_change_vs_tolerance,running_change,trial_1,46738.0,2.9459898986949895e-07,,,,840,,20260923,2e24b84e0a1e906a88bd91d21f25a0228935e2c3a86929fb2e135da495bc0196,r2-2e24b84e0a1e-seed20260923
D8_running_mean,running_mean,trial_1,49697.0,0.5754689130416035,,,,840,,20260923,2e24b84e0a1e906a88bd91d21f25a0228935e2c3a86929fb2e135da495bc0196,r2-2e24b84e0a1e-seed20260923
D8_change_vs_tolerance,running_change,trial_1,49697.0,3.2593676801973004e-07,,,,840,,20260923,2e24b84e0a1e906a88bd91d21f25a0228935e2c3a86929fb2e135da495bc0196,r2-2e24b84e0a1e-seed20260923
D8_running_mean,running_mean,trial_1,52842.0,0.5754636012839714,,,,840,,20260923,2e24b84e0a1e906a88bd91d21f25a0228935e2c3a86929fb2e135da495bc0196,r2-2e24b84e0a1e-seed20260923
D8_change_vs_tolerance,running_change,trial_1,52842.0,3.241851582735933e-07,,,,840,,20260923,2e24b84e0a1e906a88bd91d21f25a0228935e2c3a86929fb2e135da495bc0196,r2-2e24b84e0a1e-seed20260923
D8_running_mean,running_mean,trial_1,56187.0,0.5754598165818733,,,,840,,20260923,2e24b84e0a1e906a88bd91d21f25a0228935e2c3a86929fb2e135da495bc0196,r2-2e24b84e0a1e-seed20260923
D8_change_vs_tolerance,running_change,trial_1,56187.0,4.9551078495913e-07,,,,840,,20260923,2e24b84e0a1e906a88bd91d21f25a0228935e2c3a86929fb2e135da495bc0196,r2-2e24b84e0a1e-seed20260923
D8_running_mean,running_mean,trial_1,59743.0,0.5754594680548348,,,,840,,20260923,2e24b84e0a1e906a88bd91d21f25a0228935e2c3a86929fb2e135da495bc0196,r2-2e24b84e0a1e-seed20260923
D8_change_vs_tolerance,running_change,trial_1,59743.0,1.0732565047799625e-07,,,,840,,20260923,2e24b84e0a1e906a88bd91d21f25a0228935e2c3a86929fb2e135da495bc0196,r2-2e24b84e0a1e-seed20260923
D8_running_mean,running_mean,trial_1,62479.0,0.5754765029621381,,,,840,,20260923,2e24b84e0a1e906a88bd91d21f25a0228935e2c3a86929fb2e135da495bc0196,r2-2e24b84e0a1e-seed20260923
D8_change_vs_tolerance,running_change,trial_1,62479.0,3.162968128522792e-07,,,,840,,20260923,2e24b84e0a1e906a88bd91d21f25a0228935e2c3a86929fb2e135da495bc0196,r2-2e24b84e0a1e-seed20260923
D8_running_mean,running_mean,trial_1,63525.0,0.5754874346432788,,,,840,,20260923,2e24b84e0a1e906a88bd91d21f25a0228935e2c3a86929fb2e135da495bc0196,r2-2e24b84e0a1e-seed20260923
D8_change_vs_tolerance,running_change,trial_1,63525.0,7.673236046557008e-09,,,,840,,20260923,2e24b84e0a1e906a88bd91d21f25a0228935e2c3a86929fb2e135da495bc0196,r2-2e24b84e0a1e-seed20260923
D8_running_mean,running_mean,trial_1,67545.0,0.5754782878433777,,,,840,,20260923,2e24b84e0a1e906a88bd91d21f25a0228935e2c3a86929fb2e135da495bc0196,r2-2e24b84e0a1e-seed20260923
D8_change_vs_tolerance,running_change,trial_1,67545.0,7.758191122864133e-08,,,,840,,20260923,2e24b84e0a1e906a88bd91d21f25a0228935e2c3a86929fb2e135da495bc0196,r2-2e24b84e0a1e-seed20260923
D8_running_mean,running_mean,trial_1,71821.0,0.5754954944203214,,,,840,,20260923,2e24b84e0a1e906a88bd91d21f25a0228935e2c3a86929fb2e135da495bc0196,r2-2e24b84e0a1e-seed20260923
D8_change_vs_tolerance,running_change,trial_1,71821.0,2.417383520025851e-07,,,,840,,20260923,2e24b84e0a1e906a88bd91d21f25a0228935e2c3a86929fb2e135da495bc0196,r2-2e24b84e0a1e-seed20260923
D8_running_mean,running_mean,trial_1,76366.0,0.5755054917234421,,,,840,,20260923,2e24b84e0a1e906a88bd91d21f25a0228935e2c3a86929fb2e135da495bc0196,r2-2e24b84e0a1e-seed20260923
D8_change_vs_tolerance,running_change,trial_1,76366.0,2.4045877800027426e-07,,,,840,,20260923,2e24b84e0a1e906a88bd91d21f25a0228935e2c3a86929fb2e135da495bc0196,r2-2e24b84e0a1e-seed20260923
D8_running_mean,running_mean,trial_1,81200.0,0.5755082981468449,,,,840,,20260923,2e24b84e0a1e906a88bd91d21f25a0228935e2c3a86929fb2e135da495bc0196,r2-2e24b84e0a1e-seed20260923
D8_change_vs_tolerance,running_change,trial_1,81200.0,6.49047761092092e-08,,,,840,,20260923,2e24b84e0a1e906a88bd91d21f25a0228935e2c3a86929fb2e135da495bc0196,r2-2e24b84e0a1e-seed20260923
D8_running_mean,running_mean,trial_1,86339.0,0.5755248690240409,,,,840,,20260923,2e24b84e0a1e906a88bd91d21f25a0228935e2c3a86929fb2e135da495bc0196,r2-2e24b84e0a1e-seed20260923
D8_change_vs_tolerance,running_change,trial_1,86339.0,1.5938341468846318e-07,,,,840,,20260923,2e24b84e0a1e906a88bd91d21f25a0228935e2c3a86929fb2e135da495bc0196,r2-2e24b84e0a1e-seed20260923
D8_running_mean,running_mean,trial_1,91804.0,0.5755335123897496,,,,840,,20260923,2e24b84e0a1e906a88bd91d21f25a0228935e2c3a86929fb2e135da495bc0196,r2-2e24b84e0a1e-seed20260923
D8_change_vs_tolerance,running_change,trial_1,91804.0,5.902714028671596e-08,,,,840,,20260923,2e24b84e0a1e906a88bd91d21f25a0228935e2c3a86929fb2e135da495bc0196,r2-2e24b84e0a1e-seed20260923
D8_running_mean,running_mean,trial_1,97615.0,0.5755417419746672,,,,840,,20260923,2e24b84e0a1e906a88bd91d21f25a0228935e2c3a86929fb2e135da495bc0196,r2-2e24b84e0a1e-seed20260923
D8_change_vs_tolerance,running_change,trial_1,97615.0,7.872435425770874e-08,,,,840,,20260923,2e24b84e0a1e906a88bd91d21f25a0228935e2c3a86929fb2e135da495bc0196,r2-2e24b84e0a1e-seed20260923
D8_running_mean,running_mean,trial_1,103793.0,0.5755396042397575,,,,840,,20260923,2e24b84e0a1e906a88bd91d21f25a0228935e2c3a86929fb2e135da495bc0196,r2-2e24b84e0a1e-seed20260923
D8_change_vs_tolerance,running_change,trial_1,103793.0,1.5430663935500633e-07,,,,840,,20260923,2e24b84e0a1e906a88bd91d21f25a0228935e2c3a86929fb2e135da495bc0196,r2-2e24b84e0a1e-seed20260923
D8_running_mean,running_mean,trial_1,110363.0,0.5755331540116749,,,,840,,20260923,2e24b84e0a1e906a88bd91d21f25a0228935e2c3a86929fb2e135da495bc0196,r2-2e24b84e0a1e-seed20260923
D8_change_vs_tolerance,running_change,trial_1,110363.0,1.0303916109233313e-07,,,,840,,20260923,2e24b84e0a1e906a88bd91d21f25a0228935e2c3a86929fb2e135da495bc0196,r2-2e24b84e0a1e-seed20260923
D8_running_mean,running_mean,trial_1,117348.0,0.5755387009253713,,,,840,,20260923,2e24b84e0a1e906a88bd91d21f25a0228935e2c3a86929fb2e135da495bc0196,r2-2e24b84e0a1e-seed20260923
D8_change_vs_tolerance,running_change,trial_1,117348.0,5.6278867011094746e-08,,,,840,,20260923,2e24b84e0a1e906a88bd91d21f25a0228935e2c3a86929fb2e135da495bc0196,r2-2e24b84e0a1e-seed20260923
D8_running_mean,running_mean,trial_1,124776.0,0.5755390803176434,,,,840,,20260923,2e24b84e0a1e906a88bd91d21f25a0228935e2c3a86929fb2e135da495bc0196,r2-2e24b84e0a1e-seed20260923
D8_change_vs_tolerance,running_change,trial_1,124776.0,2.8190907941372245e-07,,,,840,,20260923,2e24b84e0a1e906a88bd91d21f25a0228935e2c3a86929fb2e135da495bc0196,r2-2e24b84e0a1e-seed20260923
D8_running_mean,running_mean,trial_1,132674.0,0.5755643083619929,,,,840,,20260923,2e24b84e0a1e906a88bd91d21f25a0228935e2c3a86929fb2e135da495bc0196,r2-2e24b84e0a1e-seed20260923
D8_change_vs_tolerance,running_change,trial_1,132674.0,6.706444943826995e-08,,,,840,,20260923,2e24b84e0a1e906a88bd91d21f25a0228935e2c3a86929fb2e135da495bc0196,r2-2e24b84e0a1e-seed20260923
D8_running_mean,running_mean,trial_1,141071.0,0.5755550480997241,,,,840,,20260923,2e24b84e0a1e906a88bd91d21f25a0228935e2c3a86929fb2e135da495bc0196,r2-2e24b84e0a1e-seed20260923
D8_change_vs_tolerance,running_change,trial_1,141071.0,2.2334606264440282e-07,,,,840,,20260923,2e24b84e0a1e906a88bd91d21f25a0228935e2c3a86929fb2e135da495bc0196,r2-2e24b84e0a1e-seed20260923
D8_running_mean,running_mean,trial_1,150000.0,0.5755782857142857,,,,840,,20260923,2e24b84e0a1e906a88bd91d21f25a0228935e2c3a86929fb2e135da495bc0196,r2-2e24b84e0a1e-seed20260923
D8_change_vs_tolerance,running_change,trial_1,150000.0,9.115743315746272e-08,,,,840,,20260923,2e24b84e0a1e906a88bd91d21f25a0228935e2c3a86929fb2e135da495bc0196,r2-2e24b84e0a1e-seed20260923
D8_running_mean,running_mean,trial_2,1.0,0.4,,,,840,,20260923,2e24b84e0a1e906a88bd91d21f25a0228935e2c3a86929fb2e135da495bc0196,r2-2e24b84e0a1e-seed20260923
D8_change_vs_tolerance,running_change,trial_2,1.0,0.4,,,,840,,20260923,2e24b84e0a1e906a88bd91d21f25a0228935e2c3a86929fb2e135da495bc0196,r2-2e24b84e0a1e-seed20260923
D8_running_mean,running_mean,trial_2,2.0,0.4101190476190476,,,,840,,20260923,2e24b84e0a1e906a88bd91d21f25a0228935e2c3a86929fb2e135da495bc0196,r2-2e24b84e0a1e-seed20260923
D8_change_vs_tolerance,running_change,trial_2,2.0,0.010119047619047583,,,,840,,20260923,2e24b84e0a1e906a88bd91d21f25a0228935e2c3a86929fb2e135da495bc0196,r2-2e24b84e0a1e-seed20260923
D8_running_mean,running_mean,trial_2,3.0,0.4119047619047619,,,,840,,20260923,2e24b84e0a1e906a88bd91d21f25a0228935e2c3a86929fb2e135da495bc0196,r2-2e24b84e0a1e-seed20260923
D8_change_vs_tolerance,running_change,trial_2,3.0,0.0017857142857142794,,,,840,,20260923,2e24b84e0a1e906a88bd91d21f25a0228935e2c3a86929fb2e135da495bc0196,r2-2e24b84e0a1e-seed20260923
D8_running_mean,running_mean,trial_2,4.0,0.4133928571428571,,,,840,,20260923,2e24b84e0a1e906a88bd91d21f25a0228935e2c3a86929fb2e135da495bc0196,r2-2e24b84e0a1e-seed20260923
D8_change_vs_tolerance,running_change,trial_2,4.0,0.0014880952380952328,,,,840,,20260923,2e24b84e0a1e906a88bd91d21f25a0228935e2c3a86929fb2e135da495bc0196,r2-2e24b84e0a1e-seed20260923
D8_running_mean,running_mean,trial_2,5.0,0.415,,,,840,,20260923,2e24b84e0a1e906a88bd91d21f25a0228935e2c3a86929fb2e135da495bc0196,r2-2e24b84e0a1e-seed20260923
D8_change_vs_tolerance,running_change,trial_2,5.0,0.0016071428571428625,,,,840,,20260923,2e24b84e0a1e906a88bd91d21f25a0228935e2c3a86929fb2e135da495bc0196,r2-2e24b84e0a1e-seed20260923
D8_running_mean,running_mean,trial_2,6.0,0.4126984126984127,,,,840,,20260923,2e24b84e0a1e906a88bd91d21f25a0228935e2c3a86929fb2e135da495bc0196,r2-2e24b84e0a1e-seed20260923
D8_change_vs_tolerance,running_change,trial_2,6.0,0.0023015873015873045,,,,840,,20260923,2e24b84e0a1e906a88bd91d21f25a0228935e2c3a86929fb2e135da495bc0196,r2-2e24b84e0a1e-seed20260923
D8_running_mean,running_mean,trial_2,7.0,0.4142857142857143,,,,840,,20260923,2e24b84e0a1e906a88bd91d21f25a0228935e2c3a86929fb2e135da495bc0196,r2-2e24b84e0a1e-seed20260923
D8_change_vs_tolerance,running_change,trial_2,7.0,0.0015873015873016372,,,,840,,20260923,2e24b84e0a1e906a88bd91d21f25a0228935e2c3a86929fb2e135da495bc0196,r2-2e24b84e0a1e-seed20260923
D8_running_mean,running_mean,trial_2,8.0,0.4148809523809524,,,,840,,20260923,2e24b84e0a1e906a88bd91d21f25a0228935e2c3a86929fb2e135da495bc0196,r2-2e24b84e0a1e-seed20260923
D8_change_vs_tolerance,running_change,trial_2,8.0,0.0005952380952380931,,,,840,,20260923,2e24b84e0a1e906a88bd91d21f25a0228935e2c3a86929fb2e135da495bc0196,r2-2e24b84e0a1e-seed20260923
D8_running_mean,running_mean,trial_2,9.0,0.416005291005291,,,,840,,20260923,2e24b84e0a1e906a88bd91d21f25a0228935e2c3a86929fb2e135da495bc0196,r2-2e24b84e0a1e-seed20260923
D8_change_vs_tolerance,running_change,trial_2,9.0,0.0011243386243385833,,,,840,,20260923,2e24b84e0a1e906a88bd91d21f25a0228935e2c3a86929fb2e135da495bc0196,r2-2e24b84e0a1e-seed20260923
D8_running_mean,running_mean,trial_2,10.0,0.41619047619047617,,,,840,,20260923,2e24b84e0a1e906a88bd91d21f25a0228935e2c3a86929fb2e135da495bc0196,r2-2e24b84e0a1e-seed20260923
D8_change_vs_tolerance,running_change,trial_2,10.0,0.00018518518518517713,,,,840,,20260923,2e24b84e0a1e906a88bd91d21f25a0228935e2c3a86929fb2e135da495bc0196,r2-2e24b84e0a1e-seed20260923
D8_running_mean,running_mean,trial_2,11.0,0.4152597402597403,,,,840,,20260923,2e24b84e0a1e906a88bd91d21f25a0228935e2c3a86929fb2e135da495bc0196,r2-2e24b84e0a1e-seed20260923
D8_change_vs_tolerance,running_change,trial_2,11.0,0.0009307359307358931,,,,840,,20260923,2e24b84e0a1e906a88bd91d21f25a0228935e2c3a86929fb2e135da495bc0196,r2-2e24b84e0a1e-seed20260923
D8_running_mean,running_mean,trial_2,12.0,0.4154761904761905,,,,840,,20260923,2e24b84e0a1e906a88bd91d21f25a0228935e2c3a86929fb2e135da495bc0196,r2-2e24b84e0a1e-seed20260923
D8_change_vs_tolerance,running_change,trial_2,12.0,0.00021645021645022577,,,,840,,20260923,2e24b84e0a1e906a88bd91d21f25a0228935e2c3a86929fb2e135da495bc0196,r2-2e24b84e0a1e-seed20260923
D8_running_mean,running_mean,trial_2,13.0,0.414010989010989,,,,840,,20260923,2e24b84e0a1e906a88bd91d21f25a0228935e2c3a86929fb2e135da495bc0196,r2-2e24b84e0a1e-seed20260923
D8_change_vs_tolerance,running_change,trial_2,13.0,0.0014652014652015155,,,,840,,20260923,2e24b84e0a1e906a88bd91d21f25a0228935e2c3a86929fb2e135da495bc0196,r2-2e24b84e0a1e-seed20260923
D8_running_mean,running_mean,trial_2,14.0,0.41462585034013605,,,,840,,20260923,2e24b84e0a1e906a88bd91d21f25a0228935e2c3a86929fb2e135da495bc0196,r2-2e24b84e0a1e-seed20260923
D8_change_vs_tolerance,running_change,trial_2,14.0,0.000614861329147065,,,,840,,20260923,2e24b84e0a1e906a88bd91d21f25a0228935e2c3a86929fb2e135da495bc0196,r2-2e24b84e0a1e-seed20260923
D8_running_mean,running_mean,trial_2,15.0,0.41293650793650793,,,,840,,20260923,2e24b84e0a1e906a88bd91d21f25a0228935e2c3a86929fb2e135da495bc0196,r2-2e24b84e0a1e-seed20260923
D8_change_vs_tolerance,running_change,trial_2,15.0,0.0016893424036281135,,,,840,,20260923,2e24b84e0a1e906a88bd91d21f25a0228935e2c3a86929fb2e135da495bc0196,r2-2e24b84e0a1e-seed20260923
D8_running_mean,running_mean,trial_2,16.0,0.4148065476190476,,,,840,,20260923,2e24b84e0a1e906a88bd91d21f25a0228935e2c3a86929fb2e135da495bc0196,r2-2e24b84e0a1e-seed20260923
D8_change_vs_tolerance,running_change,trial_2,16.0,0.0018700396825396814,,,,840,,20260923,2e24b84e0a1e906a88bd91d21f25a0228935e2c3a86929fb2e135da495bc0196,r2-2e24b84e0a1e-seed20260923
D8_running_mean,running_mean,trial_2,17.0,0.41596638655462187,,,,840,,20260923,2e24b84e0a1e906a88bd91d21f25a0228935e2c3a86929fb2e135da495bc0196,r2-2e24b84e0a1e-seed20260923
D8_change_vs_tolerance,running_change,trial_2,17.0,0.0011598389355742533,,,,840,,20260923,2e24b84e0a1e906a88bd91d21f25a0228935e2c3a86929fb2e135da495bc0196,r2-2e24b84e0a1e-seed20260923
D8_running_mean,running_mean,trial_2,18.0,0.41673280423280423,,,,840,,20260923,2e24b84e0a1e906a88bd91d21f25a0228935e2c3a86929fb2e135da495bc0196,r2-2e24b84e0a1e-seed20260923
D8_change_vs_tolerance,running_change,trial_2,18.0,0.0007664176781823628,,,,840,,20260923,2e24b84e0a1e906a88bd91d21f25a0228935e2c3a86929fb2e135da495bc0196,r2-2e24b84e0a1e-seed20260923
D8_running_mean,running_mean,trial_2,19.0,0.41616541353383457,,,,840,,20260923,2e24b84e0a1e906a88bd91d21f25a0228935e2c3a86929fb2e135da495bc0196,r2-2e24b84e0a1e-seed20260923
D8_change_vs_tolerance,running_change,trial_2,19.0,0.0005673906989696609,,,,840,,20260923,2e24b84e0a1e906a88bd91d21f25a0228935e2c3a86929fb2e135da495bc0196,r2-2e24b84e0a1e-seed20260923
D8_running_mean,running_mean,trial_2,20.0,0.4147619047619048,,,,840,,20260923,2e24b84e0a1e906a88bd91d21f25a0228935e2c3a86929fb2e135da495bc0196,r2-2e24b84e0a1e-seed20260923
D8_change_vs_tolerance,running_change,trial_2,20.0,0.0014035087719297956,,,,840,,20260923,2e24b84e0a1e906a88bd91d21f25a0228935e2c3a86929fb2e135da495bc0196,r2-2e24b84e0a1e-seed20260923
D8_running_mean,running_mean,trial_2,21.0,0.4155895691609977,,,,840,,20260923,2e24b84e0a1e906a88bd91d21f25a0228935e2c3a86929fb2e135da495bc0196,r2-2e24b84e0a1e-seed20260923
D8_change_vs_tolerance,running_change,trial_2,21.0,0.0008276643990929311,,,,840,,20260923,2e24b84e0a1e906a88bd91d21f25a0228935e2c3a86929fb2e135da495bc0196,r2-2e24b84e0a1e-seed20260923
D8_running_mean,running_mean,trial_2,22.0,0.4148809523809524,,,,840,,20260923,2e24b84e0a1e906a88bd91d21f25a0228935e2c3a86929fb2e135da495bc0196,r2-2e24b84e0a1e-seed20260923
D8_change_vs_tolerance,running_change,trial_2,22.0,0.0007086167800453014,,,,840,,20260923,2e24b84e0a1e906a88bd91d21f25a0228935e2c3a86929fb2e135da495bc0196,r2-2e24b84e0a1e-seed20260923
D8_running_mean,running_mean,trial_2,23.0,0.41423395445134575,,,,840,,20260923,2e24b84e0a1e906a88bd91d21f25a0228935e2c3a86929fb2e135da495bc0196,r2-2e24b84e0a1e-seed20260923
D8_change_vs_tolerance,running_change,trial_2,23.0,0.0006469979296066519,,,,840,,20260923,2e24b84e0a1e906a88bd91d21f25a0228935e2c3a86929fb2e135da495bc0196,r2-2e24b84e0a1e-seed20260923
D8_running_mean,running_mean,trial_2,24.0,0.4154265873015873,,,,840,,20260923,2e24b84e0a1e906a88bd91d21f25a0228935e2c3a86929fb2e135da495bc0196,r2-2e24b84e0a1e-seed20260923
D8_change_vs_tolerance,running_change,trial_2,24.0,0.0011926328502415706,,,,840,,20260923,2e24b84e0a1e906a88bd91d21f25a0228935e2c3a86929fb2e135da495bc0196,r2-2e24b84e0a1e-seed20260923
D8_running_mean,running_mean,trial_2,25.0,0.41495238095238096,,,,840,,20260923,2e24b84e0a1e906a88bd91d21f25a0228935e2c3a86929fb2e135da495bc0196,r2-2e24b84e0a1e-seed20260923
D8_change_vs_tolerance,running_change,trial_2,25.0,0.00047420634920636306,,,,840,,20260923,2e24b84e0a1e906a88bd91d21f25a0228935e2c3a86929fb2e135da495bc0196,r2-2e24b84e0a1e-seed20260923
D8_running_mean,running_mean,trial_2,26.0,0.4144688644688645,,,,840,,20260923,2e24b84e0a1e906a88bd91d21f25a0228935e2c3a86929fb2e135da495bc0196,r2-2e24b84e0a1e-seed20260923
D8_change_vs_tolerance,running_change,trial_2,26.0,0.00048351648351646626,,,,840,,20260923,2e24b84e0a1e906a88bd91d21f25a0228935e2c3a86929fb2e135da495bc0196,r2-2e24b84e0a1e-seed20260923
D8_running_mean,running_mean,trial_2,27.0,0.4143298059964727,,,,840,,20260923,2e24b84e0a1e906a88bd91d21f25a0228935e2c3a86929fb2e135da495bc0196,r2-2e24b84e0a1e-seed20260923
D8_change_vs_tolerance,running_change,trial_2,27.0,0.00013905847239181757,,,,840,,20260923,2e24b84e0a1e906a88bd91d21f25a0228935e2c3a86929fb2e135da495bc0196,r2-2e24b84e0a1e-seed20260923
D8_running_mean,running_mean,trial_2,28.0,0.4133928571428571,,,,840,,20260923,2e24b84e0a1e906a88bd91d21f25a0228935e2c3a86929fb2e135da495bc0196,r2-2e24b84e0a1e-seed20260923
D8_change_vs_tolerance,running_change,trial_2,28.0,0.0009369488536155601,,,,840,,20260923,2e24b84e0a1e906a88bd91d21f25a0228935e2c3a86929fb2e135da495bc0196,r2-2e24b84e0a1e-seed20260923
D8_running_mean,running_mean,trial_2,29.0,0.41461412151067323,,,,840,,20260923,2e24b84e0a1e906a88bd91d21f25a0228935e2c3a86929fb2e135da495bc0196,r2-2e24b84e0a1e-seed20260923
D8_change_vs_tolerance,running_change,trial_2,29.0,0.0012212643678161106,,,,840,,20260923,2e24b84e0a1e906a88bd91d21f25a0228935e2c3a86929fb2e135da495bc0196,r2-2e24b84e0a1e-seed20260923
D8_running_mean,running_mean,trial_2,30.0,0.41404761904761905,,,,840,,20260923,2e24b84e0a1e906a88bd91d21f25a0228935e2c3a86929fb2e135da495bc0196,r2-2e24b84e0a1e-seed20260923
D8_change_vs_tolerance,running_change,trial_2,30.0,0.0005665024630541748,,,,840,,20260923,2e24b84e0a1e906a88bd91d21f25a0228935e2c3a86929fb2e135da495bc0196,r2-2e24b84e0a1e-seed20260923
D8_running_mean,running_mean,trial_2,31.0,0.41459293394777263,,,,840,,20260923,2e24b84e0a1e906a88bd91d21f25a0228935e2c3a86929fb2e135da495bc0196,r2-2e24b84e0a1e-seed20260923
D8_change_vs_tolerance,running_change,trial_2,31.0,0.0005453149001535817,,,,840,,20260923,2e24b84e0a1e906a88bd91d21f25a0228935e2c3a86929fb2e135da495bc0196,r2-2e24b84e0a1e-seed20260923
D8_running_mean,running_mean,trial_2,32.0,0.4144717261904762,,,,840,,20260923,2e24b84e0a1e906a88bd91d21f25a0228935e2c3a86929fb2e135da495bc0196,r2-2e24b84e0a1e-seed20260923
D8_change_vs_tolerance,running_change,trial_2,32.0,0.00012120775729645983,,,,840,,20260923,2e24b84e0a1e906a88bd91d21f25a0228935e2c3a86929fb2e135da495bc0196,r2-2e24b84e0a1e-seed20260923
D8_running_mean,running_mean,trial_2,33.0,0.41493506493506493,,,,840,,20260923,2e24b84e0a1e906a88bd91d21f25a0228935e2c3a86929fb2e135da495bc0196,r2-2e24b84e0a1e-seed20260923
D8_change_vs_tolerance,running_change,trial_2,33.0,0.00046333874458875934,,,,840,,20260923,2e24b84e0a1e906a88bd91d21f25a0228935e2c3a86929fb2e135da495bc0196,r2-2e24b84e0a1e-seed20260923
D8_running_mean,running_mean,trial_2,34.0,0.4148109243697479,,,,840,,20260923,2e24b84e0a1e906a88bd91d21f25a0228935e2c3a86929fb2e135da495bc0196,r2-2e24b84e0a1e-seed20260923
D8_change_vs_tolerance,running_change,trial_2,34.0,0.00012414056531701023,,,,840,,20260923,2e24b84e0a1e906a88bd91d21f25a0228935e2c3a86929fb2e135da495bc0196,r2-2e24b84e0a1e-seed20260923
D8_running_mean,running_mean,trial_2,35.0,0.4147619047619048,,,,840,,20260923,2e24b84e0a1e906a88bd91d21f25a0228935e2c3a86929fb2e135da495bc0196,r2-2e24b84e0a1e-seed20260923
D8_change_vs_tolerance,running_change,trial_2,35.0,4.901960784314818e-05,,,,840,,20260923,2e24b84e0a1e906a88bd91d21f25a0228935e2c3a86929fb2e135da495bc0196,r2-2e24b84e0a1e-seed20260923
D8_running_mean,running_mean,trial_2,36.0,0.41451719576719576,,,,840,,20260923,2e24b84e0a1e906a88bd91d21f25a0228935e2c3a86929fb2e135da495bc0196,r2-2e24b84e0a1e-seed20260923
D8_change_vs_tolerance,running_change,trial_2,36.0,0.00024470899470901974,,,,840,,20260923,2e24b84e0a1e906a88bd91d21f25a0228935e2c3a86929fb2e135da495bc0196,r2-2e24b84e0a1e-seed20260923
D8_running_mean,running_mean,trial_2,37.0,0.41483268983268984,,,,840,,20260923,2e24b84e0a1e906a88bd91d21f25a0228935e2c3a86929fb2e135da495bc0196,r2-2e24b84e0a1e-seed20260923
D8_change_vs_tolerance,running_change,trial_2,37.0,0.0003154940654940819,,,,840,,20260923,2e24b84e0a1e906a88bd91d21f25a0228935e2c3a86929fb2e135da495bc0196,r2-2e24b84e0a1e-seed20260923
D8_running_mean,running_mean,trial_2,38.0,0.41519423558897245,,,,840,,20260923,2e24b84e0a1e906a88bd91d21f25a0228935e2c3a86929fb2e135da495bc0196,r2-2e24b84e0a1e-seed20260923
D8_change_vs_tolerance,running_change,trial_2,38.0,0.00036154575628261076,,,,840,,20260923,2e24b84e0a1e906a88bd91d21f25a0228935e2c3a86929fb2e135da495bc0196,r2-2e24b84e0a1e-seed20260923
D8_running_mean,running_mean,trial_2,39.0,0.41614774114774117,,,,840,,20260923,2e24b84e0a1e906a88bd91d21f25a0228935e2c3a86929fb2e135da495bc0196,r2-2e24b84e0a1e-seed20260923
D8_change_vs_tolerance,running_change,trial_2,39.0,0.0009535055587687191,,,,840,,20260923,2e24b84e0a1e906a88bd91d21f25a0228935e2c3a86929fb2e135da495bc0196,r2-2e24b84e0a1e-seed20260923
D8_running_mean,running_mean,trial_2,40.0,0.4164285714285714,,,,840,,20260923,2e24b84e0a1e906a88bd91d21f25a0228935e2c3a86929fb2e135da495bc0196,r2-2e24b84e0a1e-seed20260923
D8_change_vs_tolerance,running_change,trial_2,40.0,0.00028083028083025763,,,,840,,20260923,2e24b84e0a1e906a88bd91d21f25a0228935e2c3a86929fb2e135da495bc0196,r2-2e24b84e0a1e-seed20260923
D8_running_mean,running_mean,trial_2,41.0,0.4160859465737515,,,,840,,20260923,2e24b84e0a1e906a88bd91d21f25a0228935e2c3a86929fb2e135da495bc0196,r2-2e24b84e0a1e-seed20260923
D8_change_vs_tolerance,running_change,trial_2,41.0,0.00034262485481995064,,,,840,,20260923,2e24b84e0a1e906a88bd91d21f25a0228935e2c3a86929fb2e135da495bc0196,r2-2e24b84e0a1e-seed20260923
D8_running_mean,running_mean,trial_2,42.0,0.41604308390022676,,,,840,,20260923,2e24b84e0a1e906a88bd91d21f25a0228935e2c3a86929fb2e135da495bc0196,r2-2e24b84e0a1e-seed20260923
D8_change_vs_tolerance,running_change,trial_2,42.0,4.2862673524712847e-05,,,,840,,20260923,2e24b84e0a1e906a88bd91d21f25a0228935e2c3a86929fb2e135da495bc0196,r2-2e24b84e0a1e-seed20260923
D8_running_mean,running_mean,trial_2,43.0,0.4161129568106312,,,,840,,20260923,2e24b84e0a1e906a88bd91d21f25a0228935e2c3a86929fb2e135da495bc0196,r2-2e24b84e0a1e-seed20260923
D8_change_vs_tolerance,running_change,trial_2,43.0,6.987291040444488e-05,,,,840,,20260923,2e24b84e0a1e906a88bd91d21f25a0228935e2c3a86929fb2e135da495bc0196,r2-2e24b84e0a1e-seed20260923
D8_running_mean,running_mean,trial_2,44.0,0.4163961038961039,,,,840,,20260923,2e24b84e0a1e906a88bd91d21f25a0228935e2c3a86929fb2e135da495bc0196,r2-2e24b84e0a1e-seed20260923
D8_change_vs_tolerance,running_change,trial_2,44.0,0.0002831470854726681,,,,840,,20260923,2e24b84e0a1e906a88bd91d21f25a0228935e2c3a86929fb2e135da495bc0196,r2-2e24b84e0a1e-seed20260923
D8_running_mean,running_mean,trial_2,45.0,0.4164814814814815,,,,840,,20260923,2e24b84e0a1e906a88bd91d21f25a0228935e2c3a86929fb2e135da495bc0196,r2-2e24b84e0a1e-seed20260923
D8_change_vs_tolerance,running_change,trial_2,45.0,8.537758537763285e-05,,,,840,,20260923,2e24b84e0a1e906a88bd91d21f25a0228935e2c3a86929fb2e135da495bc0196,r2-2e24b84e0a1e-seed20260923
D8_running_mean,running_mean,trial_2,46.0,0.4164855072463768,,,,840,,20260923,2e24b84e0a1e906a88bd91d21f25a0228935e2c3a86929fb2e135da495bc0196,r2-2e24b84e0a1e-seed20260923
D8_change_vs_tolerance,running_change,trial_2,46.0,4.02576489527684e-06,,,,840,,20260923,2e24b84e0a1e906a88bd91d21f25a0228935e2c3a86929fb2e135da495bc0196,r2-2e24b84e0a1e-seed20260923
D8_running_mean,running_mean,trial_2,47.0,0.4164387031408308,,,,840,,20260923,2e24b84e0a1e906a88bd91d21f25a0228935e2c3a86929fb2e135da495bc0196,r2-2e24b84e0a1e-seed20260923
D8_change_vs_tolerance,running_change,trial_2,47.0,4.680410554597225e-05,,,,840,,20260923,2e24b84e0a1e906a88bd91d21f25a0228935e2c3a86929fb2e135da495bc0196,r2-2e24b84e0a1e-seed20260923
D8_running_mean,running_mean,trial_2,48.0,0.4158482142857143,,,,840,,20260923,2e24b84e0a1e906a88bd91d21f25a0228935e2c3a86929fb2e135da495bc0196,r2-2e24b84e0a1e-seed20260923
D8_change_vs_tolerance,running_change,trial_2,48.0,0.0005904888551165333,,,,840,,20260923,2e24b84e0a1e906a88bd91d21f25a0228935e2c3a86929fb2e135da495bc0196,r2-2e24b84e0a1e-seed20260923
D8_running_mean,running_mean,trial_2,49.0,0.41591350826044704,,,,840,,20260923,2e24b84e0a1e906a88bd91d21f25a0228935e2c3a86929fb2e135da495bc0196,r2-2e24b84e0a1e-seed20260923
D8_change_vs_tolerance,running_change,trial_2,49.0,6.529397473276077e-05,,,,840,,20260923,2e24b84e0a1e906a88bd91d21f25a0228935e2c3a86929fb2e135da495bc0196,r2-2e24b84e0a1e-seed20260923
D8_running_mean,running_mean,trial_2,50.0,0.4158095238095238,,,,840,,20260923,2e24b84e0a1e906a88bd91d21f25a0228935e2c3a86929fb2e135da495bc0196,r2-2e24b84e0a1e-seed20260923
D8_change_vs_tolerance,running_change,trial_2,50.0,0.0001039844509232446,,,,840,,20260923,2e24b84e0a1e906a88bd91d21f25a0228935e2c3a86929fb2e135da495bc0196,r2-2e24b84e0a1e-seed20260923
D8_running_mean,running_mean,trial_2,51.0,0.415406162464986,,,,840,,20260923,2e24b84e0a1e906a88bd91d21f25a0228935e2c3a86929fb2e135da495bc0196,r2-2e24b84e0a1e-seed20260923
D8_change_vs_tolerance,running_change,trial_2,51.0,0.00040336134453777817,,,,840,,20260923,2e24b84e0a1e906a88bd91d21f25a0228935e2c3a86929fb2e135da495bc0196,r2-2e24b84e0a1e-seed20260923
D8_running_mean,running_mean,trial_2,52.0,0.4156593406593407,,,,840,,20260923,2e24b84e0a1e906a88bd91d21f25a0228935e2c3a86929fb2e135da495bc0196,r2-2e24b84e0a1e-seed20260923
D8_change_vs_tolerance,running_change,trial_2,52.0,0.00025317819435466404,,,,840,,20260923,2e24b84e0a1e906a88bd91d21f25a0228935e2c3a86929fb2e135da495bc0196,r2-2e24b84e0a1e-seed20260923
D8_running_mean,running_mean,trial_2,53.0,0.41545372866127583,,,,840,,20260923,2e24b84e0a1e906a88bd91d21f25a0228935e2c3a86929fb2e135da495bc0196,r2-2e24b84e0a1e-seed20260923
D8_change_vs_tolerance,running_change,trial_2,53.0,0.00020561199806484742,,,,840,,20260923,2e24b84e0a1e906a88bd91d21f25a0228935e2c3a86929fb2e135da495bc0196,r2-2e24b84e0a1e-seed20260923
D8_running_mean,running_mean,trial_2,54.0,0.4156084656084656,,,,840,,20260923,2e24b84e0a1e906a88bd91d21f25a0228935e2c3a86929fb2e135da495bc0196,r2-2e24b84e0a1e-seed20260923
D8_change_vs_tolerance,running_change,trial_2,54.0,0.00015473694718975972,,,,840,,20260923,2e24b84e0a1e906a88bd91d21f25a0228935e2c3a86929fb2e135da495bc0196,r2-2e24b84e0a1e-seed20260923
D8_running_mean,running_mean,trial_2,55.0,0.4153246753246753,,,,840,,20260923,2e24b84e0a1e906a88bd91d21f25a0228935e2c3a86929fb2e135da495bc0196,r2-2e24b84e0a1e-seed20260923
D8_change_vs_tolerance,running_change,trial_2,55.0,0.00028379028379027504,,,,840,,20260923,2e24b84e0a1e906a88bd91d21f25a0228935e2c3a86929fb2e135da495bc0196,r2-2e24b84e0a1e-seed20260923
D8_running_mean,running_mean,trial_2,56.0,0.4154761904761905,,,,840,,20260923,2e24b84e0a1e906a88bd91d21f25a0228935e2c3a86929fb2e135da495bc0196,r2-2e24b84e0a1e-seed20260923
D8_change_vs_tolerance,running_change,trial_2,56.0,0.00015151515151518025,,,,840,,20260923,2e24b84e0a1e906a88bd91d21f25a0228935e2c3a86929fb2e135da495bc0196,r2-2e24b84e0a1e-seed20260923
D8_running_mean,running_mean,trial_2,57.0,0.4157059314954052,,,,840,,20260923,2e24b84e0a1e906a88bd91d21f25a0228935e2c3a86929fb2e135da495bc0196,r2-2e24b84e0a1e-seed20260923
D8_change_vs_tolerance,running_change,trial_2,57.0,0.00022974101921469092,,,,840,,20260923,2e24b84e0a1e906a88bd91d21f25a0228935e2c3a86929fb2e135da495bc0196,r2-2e24b84e0a1e-seed20260923
D8_running_mean,running_mean,trial_2,58.0,0.4153735632183908,,,,840,,20260923,2e24b84e0a1e906a88bd91d21f25a0228935e2c3a86929fb2e135da495bc0196,r2-2e24b84e0a1e-seed20260923
D8_change_vs_tolerance,running_change,trial_2,58.0,0.0003323682770143832,,,,840,,20260923,2e24b84e0a1e906a88bd91d21f25a0228935e2c3a86929fb2e135da495bc0196,r2-2e24b84e0a1e-seed20260923
D8_running_mean,running_mean,trial_2,59.0,0.41527441485068606,,,,840,,20260923,2e24b84e0a1e906a88bd91d21f25a0228935e2c3a86929fb2e135da495bc0196,r2-2e24b84e0a1e-seed20260923
D8_change_vs_tolerance,running_change,trial_2,59.0,9.914836770474889e-05,,,,840,,20260923,2e24b84e0a1e906a88bd91d21f25a0228935e2c3a86929fb2e135da495bc0196,r2-2e24b84e0a1e-seed20260923
D8_running_mean,running_mean,trial_2,60.0,0.4153174603174603,,,,840,,20260923,2e24b84e0a1e906a88bd91d21f25a0228935e2c3a86929fb2e135da495bc0196,r2-2e24b84e0a1e-seed20260923
D8_change_vs_tolerance,running_change,trial_2,60.0,4.3045466774249697e-05,,,,840,,20260923,2e24b84e0a1e906a88bd91d21f25a0228935e2c3a86929fb2e135da495bc0196,r2-2e24b84e0a1e-seed20260923
D8_running_mean,running_mean,trial_2,61.0,0.41533957845433256,,,,840,,20260923,2e24b84e0a1e906a88bd91d21f25a0228935e2c3a86929fb2e135da495bc0196,r2-2e24b84e0a1e-seed20260923
D8_change_vs_tolerance,running_change,trial_2,61.0,2.211813687225117e-05,,,,840,,20260923,2e24b84e0a1e906a88bd91d21f25a0228935e2c3a86929fb2e135da495bc0196,r2-2e24b84e0a1e-seed20260923
D8_running_mean,running_mean,trial_2,62.0,0.415610599078341,,,,840,,20260923,2e24b84e0a1e906a88bd91d21f25a0228935e2c3a86929fb2e135da495bc0196,r2-2e24b84e0a1e-seed20260923
D8_change_vs_tolerance,running_change,trial_2,62.0,0.0002710206240084667,,,,840,,20260923,2e24b84e0a1e906a88bd91d21f25a0228935e2c3a86929fb2e135da495bc0196,r2-2e24b84e0a1e-seed20260923
D8_running_mean,running_mean,trial_2,63.0,0.41532501889644746,,,,840,,20260923,2e24b84e0a1e906a88bd91d21f25a0228935e2c3a86929fb2e135da495bc0196,r2-2e24b84e0a1e-seed20260923
D8_change_vs_tolerance,running_change,trial_2,63.0,0.00028558018189356327,,,,840,,20260923,2e24b84e0a1e906a88bd91d21f25a0228935e2c3a86929fb2e135da495bc0196,r2-2e24b84e0a1e-seed20260923
D8_running_mean,running_mean,trial_2,64.0,0.41489955357142855,,,,840,,20260923,2e24b84e0a1e906a88bd91d21f25a0228935e2c3a86929fb2e135da495bc0196,r2-2e24b84e0a1e-seed20260923
D8_change_vs_tolerance,running_change,trial_2,64.0,0.00042546532501891443,,,,840,,20260923,2e24b84e0a1e906a88bd91d21f25a0228935e2c3a86929fb2e135da495bc0196,r2-2e24b84e0a1e-seed20260923
D8_running_mean,running_mean,trial_2,65.0,0.4146703296703297,,,,840,,20260923,2e24b84e0a1e906a88bd91d21f25a0228935e2c3a86929fb2e135da495bc0196,r2-2e24b84e0a1e-seed20260923
D8_change_vs_tolerance,running_change,trial_2,65.0,0.00022922390109886281,,,,840,,20260923,2e24b84e0a1e906a88bd91d21f25a0228935e2c3a86929fb2e135da495bc0196,r2-2e24b84e0a1e-seed20260923
D8_running_mean,running_mean,trial_2,66.0,0.41473665223665224,,,,840,,20260923,2e24b84e0a1e906a88bd91d21f25a0228935e2c3a86929fb2e135da495bc0196,r2-2e24b84e0a1e-seed20260923
D8_change_vs_tolerance,running_change,trial_2,66.0,6.632256632255196e-05,,,,840,,20260923,2e24b84e0a1e906a88bd91d21f25a0228935e2c3a86929fb2e135da495bc0196,r2-2e24b84e0a1e-seed20260923
D8_running_mean,running_mean,trial_2,67.0,0.4146588486140725,,,,840,,20260923,2e24b84e0a1e906a88bd91d21f25a0228935e2c3a86929fb2e135da495bc0196,r2-2e24b84e0a1e-seed20260923
D8_change_vs_tolerance,running_change,trial_2,67.0,7.780362257975293e-05,,,,840,,20260923,2e24b84e0a1e906a88bd91d21f25a0228935e2c3a86929fb2e135da495bc0196,r2-2e24b84e0a1e-seed20260923
D8_running_mean,running_mean,trial_2,68.0,0.4148984593837535,,,,840,,20260923,2e24b84e0a1e906a88bd91d21f25a0228935e2c3a86929fb2e135da495bc0196,r2-2e24b84e0a1e-seed20260923
D8_change_vs_tolerance,running_change,trial_2,68.0,0.00023961076968104233,,,,840,,20260923,2e24b84e0a1e906a88bd91d21f25a0228935e2c3a86929fb2e135da495bc0196,r2-2e24b84e0a1e-seed20260923
D8_running_mean,running_mean,trial_2,69.0,0.41499309868875084,,,,840,,20260923,2e24b84e0a1e906a88bd91d21f25a0228935e2c3a86929fb2e135da495bc0196,r2-2e24b84e0a1e-seed20260923
D8_change_vs_tolerance,running_change,trial_2,69.0,9.463930499731266e-05,,,,840,,20260923,2e24b84e0a1e906a88bd91d21f25a0228935e2c3a86929fb2e135da495bc0196,r2-2e24b84e0a1e-seed20260923
D8_running_mean,running_mean,trial_2,70.0,0.41493197278911564,,,,840,,20260923,2e24b84e0a1e906a88bd91d21f25a0228935e2c3a86929fb2e135da495bc0196,r2-2e24b84e0a1e-seed20260923
D8_change_vs_tolerance,running_change,trial_2,70.0,6.112589963519488e-05,,,,840,,20260923,2e24b84e0a1e906a88bd91d21f25a0228935e2c3a86929fb2e135da495bc0196,r2-2e24b84e0a1e-seed20260923
D8_running_mean,running_mean,trial_2,71.0,0.4147887323943662,,,,840,,20260923,2e24b84e0a1e906a88bd91d21f25a0228935e2c3a86929fb2e135da495bc0196,r2-2e24b84e0a1e-seed20260923
D8_change_vs_tolerance,running_change,trial_2,71.0,0.00014324039474944428,,,,840,,20260923,2e24b84e0a1e906a88bd91d21f25a0228935e2c3a86929fb2e135da495bc0196,r2-2e24b84e0a1e-seed20260923
D8_running_mean,running_mean,trial_2,72.0,0.414864417989418,,,,840,,20260923,2e24b84e0a1e906a88bd91d21f25a0228935e2c3a86929fb2e135da495bc0196,r2-2e24b84e0a1e-seed20260923
D8_change_vs_tolerance,running_change,trial_2,72.0,7.568559505177763e-05,,,,840,,20260923,2e24b84e0a1e906a88bd91d21f25a0228935e2c3a86929fb2e135da495bc0196,r2-2e24b84e0a1e-seed20260923
D8_running_mean,running_mean,trial_2,73.0,0.4149380300065232,,,,840,,20260923,2e24b84e0a1e906a88bd91d21f25a0228935e2c3a86929fb2e135da495bc0196,r2-2e24b84e0a1e-seed20260923
D8_change_vs_tolerance,running_change,trial_2,73.0,7.361201710520682e-05,,,,840,,20260923,2e24b84e0a1e906a88bd91d21f25a0228935e2c3a86929fb2e135da495bc0196,r2-2e24b84e0a1e-seed20260923
D8_running_mean,running_mean,trial_2,74.0,0.41537966537966536,,,,840,,20260923,2e24b84e0a1e906a88bd91d21f25a0228935e2c3a86929fb2e135da495bc0196,r2-2e24b84e0a1e-seed20260923
D8_change_vs_tolerance,running_change,trial_2,74.0,0.0004416353731421796,,,,840,,20260923,2e24b84e0a1e906a88bd91d21f25a0228935e2c3a86929fb2e135da495bc0196,r2-2e24b84e0a1e-seed20260923
D8_running_mean,running_mean,trial_2,75.0,0.4154285714285714,,,,840,,20260923,2e24b84e0a1e906a88bd91d21f25a0228935e2c3a86929fb2e135da495bc0196,r2-2e24b84e0a1e-seed20260923
D8_change_vs_tolerance,running_change,trial_2,75.0,4.8906048906061095e-05,,,,840,,20260923,2e24b84e0a1e906a88bd91d21f25a0228935e2c3a86929fb2e135da495bc0196,r2-2e24b84e0a1e-seed20260923
D8_running_mean,running_mean,trial_2,76.0,0.4154761904761905,,,,840,,20260923,2e24b84e0a1e906a88bd91d21f25a0228935e2c3a86929fb2e135da495bc0196,r2-2e24b84e0a1e-seed20260923
D8_change_vs_tolerance,running_change,trial_2,76.0,4.7619047619074095e-05,,,,840,,20260923,2e24b84e0a1e906a88bd91d21f25a0228935e2c3a86929fb2e135da495bc0196,r2-2e24b84e0a1e-seed20260923
D8_running_mean,running_mean,trial_2,77.0,0.41573902288188,,,,840,,20260923,2e24b84e0a1e906a88bd91d21f25a0228935e2c3a86929fb2e135da495bc0196,r2-2e24b84e0a1e-seed20260923
D8_change_vs_tolerance,running_change,trial_2,77.0,0.00026283240568952815,,,,840,,20260923,2e24b84e0a1e906a88bd91d21f25a0228935e2c3a86929fb2e135da495bc0196,r2-2e24b84e0a1e-seed20260923
D8_running_mean,running_mean,trial_2,78.0,0.4155982905982906,,,,840,,20260923,2e24b84e0a1e906a88bd91d21f25a0228935e2c3a86929fb2e135da495bc0196,r2-2e24b84e0a1e-seed20260923
D8_change_vs_tolerance,running_change,trial_2,78.0,0.00014073228358940648,,,,840,,20260923,2e24b84e0a1e906a88bd91d21f25a0228935e2c3a86929fb2e135da495bc0196,r2-2e24b84e0a1e-seed20260923
D8_running_mean,running_mean,trial_2,79.0,0.4153556359252562,,,,840,,20260923,2e24b84e0a1e906a88bd91d21f25a0228935e2c3a86929fb2e135da495bc0196,r2-2e24b84e0a1e-seed20260923
D8_change_vs_tolerance,running_change,trial_2,79.0,0.0002426546730344148,,,,840,,20260923,2e24b84e0a1e906a88bd91d21f25a0228935e2c3a86929fb2e135da495bc0196,r2-2e24b84e0a1e-seed20260923
D8_running_mean,running_mean,trial_2,80.0,0.41520833333333335,,,,840,,20260923,2e24b84e0a1e906a88bd91d21f25a0228935e2c3a86929fb2e135da495bc0196,r2-2e24b84e0a1e-seed20260923
D8_change_vs_tolerance,running_change,trial_2,80.0,0.00014730259192285988,,,,840,,20260923,2e24b84e0a1e906a88bd91d21f25a0228935e2c3a86929fb2e135da495bc0196,r2-2e24b84e0a1e-seed20260923
D8_running_mean,running_mean,trial_2,81.0,0.41527042915931806,,,,840,,20260923,2e24b84e0a1e906a88bd91d21f25a0228935e2c3a86929fb2e135da495bc0196,r2-2e24b84e0a1e-seed20260923
D8_change_vs_tolerance,running_change,trial_2,81.0,6.209582598470931e-05,,,,840,,20260923,2e24b84e0a1e906a88bd91d21f25a0228935e2c3a86929fb2e135da495bc0196,r2-2e24b84e0a1e-seed20260923
D8_running_mean,running_mean,trial_2,82.0,0.4150116144018583,,,,840,,20260923,2e24b84e0a1e906a88bd91d21f25a0228935e2c3a86929fb2e135da495bc0196,r2-2e24b84e0a1e-seed20260923
D8_change_vs_tolerance,running_change,trial_2,82.0,0.0002588147574597577,,,,840,,20260923,2e24b84e0a1e906a88bd91d21f25a0228935e2c3a86929fb2e135da495bc0196,r2-2e24b84e0a1e-seed20260923
D8_running_mean,running_mean,trial_2,83.0,0.41507458405048764,,,,840,,20260923,2e24b84e0a1e906a88bd91d21f25a0228935e2c3a86929fb2e135da495bc0196,r2-2e24b84e0a1e-seed20260923
D8_change_vs_tolerance,running_change,trial_2,83.0,6.296964862934074e-05,,,,840,,20260923,2e24b84e0a1e906a88bd91d21f25a0228935e2c3a86929fb2e135da495bc0196,r2-2e24b84e0a1e-seed20260923
D8_running_mean,running_mean,trial_2,84.0,0.4146825396825397,,,,840,,20260923,2e24b84e0a1e906a88bd91d21f25a0228935e2c3a86929fb2e135da495bc0196,r2-2e24b84e0a1e-seed20260923
D8_change_vs_tolerance,running_change,trial_2,84.0,0.0003920443679479302,,,,840,,20260923,2e24b84e0a1e906a88bd91d21f25a0228935e2c3a86929fb2e135da495bc0196,r2-2e24b84e0a1e-seed20260923
D8_running_mean,running_mean,trial_2,85.0,0.4145098039215686,,,,840,,20260923,2e24b84e0a1e906a88bd91d21f25a0228935e2c3a86929fb2e135da495bc0196,r2-2e24b84e0a1e-seed20260923
D8_change_vs_tolerance,running_change,trial_2,85.0,0.00017273576097109888,,,,840,,20260923,2e24b84e0a1e906a88bd91d21f25a0228935e2c3a86929fb2e135da495bc0196,r2-2e24b84e0a1e-seed20260923
D8_running_mean,running_mean,trial_2,86.0,0.41442414174972314,,,,840,,20260923,2e24b84e0a1e906a88bd91d21f25a0228935e2c3a86929fb2e135da495bc0196,r2-2e24b84e0a1e-seed20260923
D8_change_vs_tolerance,running_change,trial_2,86.0,8.566217184546865e-05,,,,840,,20260923,2e24b84e0a1e906a88bd91d21f25a0228935e2c3a86929fb2e135da495bc0196,r2-2e24b84e0a1e-seed20260923
D8_running_mean,running_mean,trial_2,87.0,0.4145046524356869,,,,840,,20260923,2e24b84e0a1e906a88bd91d21f25a0228935e2c3a86929fb2e135da495bc0196,r2-2e24b84e0a1e-seed20260923
D8_change_vs_tolerance,running_change,trial_2,87.0,8.051068596376387e-05,,,,840,,20260923,2e24b84e0a1e906a88bd91d21f25a0228935e2c3a86929fb2e135da495bc0196,r2-2e24b84e0a1e-seed20260923
D8_running_mean,running_mean,trial_2,88.0,0.41443452380952384,,,,840,,20260923,2e24b84e0a1e906a88bd91d21f25a0228935e2c3a86929fb2e135da495bc0196,r2-2e24b84e0a1e-seed20260923
D8_change_vs_tolerance,running_change,trial_2,88.0,7.012862616306847e-05,,,,840,,20260923,2e24b84e0a1e906a88bd91d21f25a0228935e2c3a86929fb2e135da495bc0196,r2-2e24b84e0a1e-seed20260923
D8_running_mean,running_mean,trial_2,89.0,0.4143793472445158,,,,840,,20260923,2e24b84e0a1e906a88bd91d21f25a0228935e2c3a86929fb2e135da495bc0196,r2-2e24b84e0a1e-seed20260923
D8_change_vs_tolerance,running_change,trial_2,89.0,5.5176565008030476e-05,,,,840,,20260923,2e24b84e0a1e906a88bd91d21f25a0228935e2c3a86929fb2e135da495bc0196,r2-2e24b84e0a1e-seed20260923
D8_running_mean,running_mean,trial_2,90.0,0.4142857142857143,,,,840,,20260923,2e24b84e0a1e906a88bd91d21f25a0228935e2c3a86929fb2e135da495bc0196,r2-2e24b84e0a1e-seed20260923
D8_change_vs_tolerance,running_change,trial_2,90.0,9.36329588014928e-05,,,,840,,20260923,2e24b84e0a1e906a88bd91d21f25a0228935e2c3a86929fb2e135da495bc0196,r2-2e24b84e0a1e-seed20260923
D8_running_mean,running_mean,trial_2,91.0,0.4140894819466248,,,,840,,20260923,2e24b84e0a1e906a88bd91d21f25a0228935e2c3a86929fb2e135da495bc0196,r2-2e24b84e0a1e-seed20260923
D8_change_vs_tolerance,running_change,trial_2,91.0,0.0001962323390894971,,,,840,,20260923,2e24b84e0a1e906a88bd91d21f25a0228935e2c3a86929fb2e135da495bc0196,r2-2e24b84e0a1e-seed20260923
D8_running_mean,running_mean,trial_2,92.0,0.4143633540372671,,,,840,,20260923,2e24b84e0a1e906a88bd91d21f25a0228935e2c3a86929fb2e135da495bc0196,r2-2e24b84e0a1e-seed20260923
D8_change_vs_tolerance,running_change,trial_2,92.0,0.0002738720906422798,,,,840,,20260923,2e24b84e0a1e906a88bd91d21f25a0228935e2c3a86929fb2e135da495bc0196,r2-2e24b84e0a1e-seed20260923
D8_running_mean,running_mean,trial_2,93.0,0.4144905273937532,,,,840,,20260923,2e24b84e0a1e906a88bd91d21f25a0228935e2c3a86929fb2e135da495bc0196,r2-2e24b84e0a1e-seed20260923
D8_change_vs_tolerance,running_change,trial_2,93.0,0.00012717335648609884,,,,840,,20260923,2e24b84e0a1e906a88bd91d21f25a0228935e2c3a86929fb2e135da495bc0196,r2-2e24b84e0a1e-seed20260923
D8_running_mean,running_mean,trial_2,94.0,0.4147289766970618,,,,840,,20260923,2e24b84e0a1e906a88bd91d21f25a0228935e2c3a86929fb2e135da495bc0196,r2-2e24b84e0a1e-seed20260923
D8_change_vs_tolerance,running_change,trial_2,94.0,0.0002384493033086299,,,,840,,20260923,2e24b84e0a1e906a88bd91d21f25a0228935e2c3a86929fb2e135da495bc0196,r2-2e24b84e0a1e-seed20260923
D8_running_mean,running_mean,trial_2,95.0,0.4145614035087719,,,,840,,20260923,2e24b84e0a1e906a88bd91d21f25a0228935e2c3a86929fb2e135da495bc0196,r2-2e24b84e0a1e-seed20260923
D8_change_vs_tolerance,running_change,trial_2,95.0,0.00016757318828991563,,,,840,,20260923,2e24b84e0a1e906a88bd91d21f25a0228935e2c3a86929fb2e135da495bc0196,r2-2e24b84e0a1e-seed20260923
D8_running_mean,running_mean,trial_2,96.0,0.4146701388888889,,,,840,,20260923,2e24b84e0a1e906a88bd91d21f25a0228935e2c3a86929fb2e135da495bc0196,r2-2e24b84e0a1e-seed20260923
D8_change_vs_tolerance,running_change,trial_2,96.0,0.00010873538011696438,,,,840,,20260923,2e24b84e0a1e906a88bd91d21f25a0228935e2c3a86929fb2e135da495bc0196,r2-2e24b84e0a1e-seed20260923
D8_running_mean,running_mean,trial_2,97.0,0.4148379970544919,,,,840,,20260923,2e24b84e0a1e906a88bd91d21f25a0228935e2c3a86929fb2e135da495bc0196,r2-2e24b84e0a1e-seed20260923
D8_change_vs_tolerance,running_change,trial_2,97.0,0.000167858165603052,,,,840,,20260923,2e24b84e0a1e906a88bd91d21f25a0228935e2c3a86929fb2e135da495bc0196,r2-2e24b84e0a1e-seed20260923
D8_running_mean,running_mean,trial_2,98.0,0.41482021379980566,,,,840,,20260923,2e24b84e0a1e906a88bd91d21f25a0228935e2c3a86929fb2e135da495bc0196,r2-2e24b84e0a1e-seed20260923
D8_change_vs_tolerance,running_change,trial_2,98.0,1.7783254686265515e-05,,,,840,,20260923,2e24b84e0a1e906a88bd91d21f25a0228935e2c3a86929fb2e135da495bc0196,r2-2e24b84e0a1e-seed20260923
D8_running_mean,running_mean,trial_2,99.0,0.4151635401635402,,,,840,,20260923,2e24b84e0a1e906a88bd91d21f25a0228935e2c3a86929fb2e135da495bc0196,r2-2e24b84e0a1e-seed20260923
D8_change_vs_tolerance,running_change,trial_2,99.0,0.00034332636373451964,,,,840,,20260923,2e24b84e0a1e906a88bd91d21f25a0228935e2c3a86929fb2e135da495bc0196,r2-2e24b84e0a1e-seed20260923
D8_running_mean,running_mean,trial_2,100.0,0.41545238095238096,,,,840,,20260923,2e24b84e0a1e906a88bd91d21f25a0228935e2c3a86929fb2e135da495bc0196,r2-2e24b84e0a1e-seed20260923
D8_change_vs_tolerance,running_change,trial_2,100.0,0.0002888407888407829,,,,840,,20260923,2e24b84e0a1e906a88bd91d21f25a0228935e2c3a86929fb2e135da495bc0196,r2-2e24b84e0a1e-seed20260923
D8_running_mean,running_mean,trial_2,101.0,0.4156412069778406,,,,840,,20260923,2e24b84e0a1e906a88bd91d21f25a0228935e2c3a86929fb2e135da495bc0196,r2-2e24b84e0a1e-seed20260923
D8_change_vs_tolerance,running_change,trial_2,101.0,0.0001888260254596652,,,,840,,20260923,2e24b84e0a1e906a88bd91d21f25a0228935e2c3a86929fb2e135da495bc0196,r2-2e24b84e0a1e-seed20260923
D8_running_mean,running_mean,trial_2,107.0,0.4157098353360036,,,,840,,20260923,2e24b84e0a1e906a88bd91d21f25a0228935e2c3a86929fb2e135da495bc0196,r2-2e24b84e0a1e-seed20260923
D8_change_vs_tolerance,running_change,trial_2,107.0,2.0257618123964427e-05,,,,840,,20260923,2e24b84e0a1e906a88bd91d21f25a0228935e2c3a86929fb2e135da495bc0196,r2-2e24b84e0a1e-seed20260923
D8_running_mean,running_mean,trial_2,114.0,0.41595655806182125,,,,840,,20260923,2e24b84e0a1e906a88bd91d21f25a0228935e2c3a86929fb2e135da495bc0196,r2-2e24b84e0a1e-seed20260923
D8_change_vs_tolerance,running_change,trial_2,114.0,0.0002485934600513495,,,,840,,20260923,2e24b84e0a1e906a88bd91d21f25a0228935e2c3a86929fb2e135da495bc0196,r2-2e24b84e0a1e-seed20260923
D8_running_mean,running_mean,trial_2,121.0,0.4162927981109799,,,,840,,20260923,2e24b84e0a1e906a88bd91d21f25a0228935e2c3a86929fb2e135da495bc0196,r2-2e24b84e0a1e-seed20260923
D8_change_vs_tolerance,running_change,trial_2,121.0,4.279811097990249e-05,,,,840,,20260923,2e24b84e0a1e906a88bd91d21f25a0228935e2c3a86929fb2e135da495bc0196,r2-2e24b84e0a1e-seed20260923
D8_running_mean,running_mean,trial_2,129.0,0.4165559246954596,,,,840,,20260923,2e24b84e0a1e906a88bd91d21f25a0228935e2c3a86929fb2e135da495bc0196,r2-2e24b84e0a1e-seed20260923
D8_change_vs_tolerance,running_change,trial_2,129.0,2.7036614064224196e-05,,,,840,,20260923,2e24b84e0a1e906a88bd91d21f25a0228935e2c3a86929fb2e135da495bc0196,r2-2e24b84e0a1e-seed20260923
D8_running_mean,running_mean,trial_2,137.0,0.4157108098713938,,,,840,,20260923,2e24b84e0a1e906a88bd91d21f25a0228935e2c3a86929fb2e135da495bc0196,r2-2e24b84e0a1e-seed20260923
D8_change_vs_tolerance,running_change,trial_2,137.0,7.175315381630076e-05,,,,840,,20260923,2e24b84e0a1e906a88bd91d21f25a0228935e2c3a86929fb2e135da495bc0196,r2-2e24b84e0a1e-seed20260923
D8_running_mean,running_mean,trial_2,146.0,0.41626712328767124,,,,840,,20260923,2e24b84e0a1e906a88bd91d21f25a0228935e2c3a86929fb2e135da495bc0196,r2-2e24b84e0a1e-seed20260923
D8_change_vs_tolerance,running_change,trial_2,146.0,0.00025727107092249346,,,,840,,20260923,2e24b84e0a1e906a88bd91d21f25a0228935e2c3a86929fb2e135da495bc0196,r2-2e24b84e0a1e-seed20260923
D8_running_mean,running_mean,trial_2,155.0,0.4162135176651306,,,,840,,20260923,2e24b84e0a1e906a88bd91d21f25a0228935e2c3a86929fb2e135da495bc0196,r2-2e24b84e0a1e-seed20260923
D8_change_vs_tolerance,running_change,trial_2,155.0,0.00010343726933592645,,,,840,,20260923,2e24b84e0a1e906a88bd91d21f25a0228935e2c3a86929fb2e135da495bc0196,r2-2e24b84e0a1e-seed20260923
D8_running_mean,running_mean,trial_2,165.0,0.4161832611832612,,,,840,,20260923,2e24b84e0a1e906a88bd91d21f25a0228935e2c3a86929fb2e135da495bc0196,r2-2e24b84e0a1e-seed20260923
D8_change_vs_tolerance,running_change,trial_2,165.0,3.334741139615627e-05,,,,840,,20260923,2e24b84e0a1e906a88bd91d21f25a0228935e2c3a86929fb2e135da495bc0196,r2-2e24b84e0a1e-seed20260923
D8_running_mean,running_mean,trial_2,175.0,0.41625850340136056,,,,840,,20260923,2e24b84e0a1e906a88bd91d21f25a0228935e2c3a86929fb2e135da495bc0196,r2-2e24b84e0a1e-seed20260923
D8_change_vs_tolerance,running_change,trial_2,175.0,4.339666901242989e-05,,,,840,,20260923,2e24b84e0a1e906a88bd91d21f25a0228935e2c3a86929fb2e135da495bc0196,r2-2e24b84e0a1e-seed20260923
D8_running_mean,running_mean,trial_2,187.0,0.41609371021135727,,,,840,,20260923,2e24b84e0a1e906a88bd91d21f25a0228935e2c3a86929fb2e135da495bc0196,r2-2e24b84e0a1e-seed20260923
D8_change_vs_tolerance,running_change,trial_2,187.0,7.348491693842663e-05,,,,840,,20260923,2e24b84e0a1e906a88bd91d21f25a0228935e2c3a86929fb2e135da495bc0196,r2-2e24b84e0a1e-seed20260923
D8_running_mean,running_mean,trial_2,198.0,0.41545214045214046,,,,840,,20260923,2e24b84e0a1e906a88bd91d21f25a0228935e2c3a86929fb2e135da495bc0196,r2-2e24b84e0a1e-seed20260923
D8_change_vs_tolerance,running_change,trial_2,198.0,0.00016303963004471456,,,,840,,20260923,2e24b84e0a1e906a88bd91d21f25a0228935e2c3a86929fb2e135da495bc0196,r2-2e24b84e0a1e-seed20260923
D8_running_mean,running_mean,trial_2,211.0,0.416057323403295,,,,840,,20260923,2e24b84e0a1e906a88bd91d21f25a0228935e2c3a86929fb2e135da495bc0196,r2-2e24b84e0a1e-seed20260923
D8_change_vs_tolerance,running_change,trial_2,211.0,0.00015596285907731877,,,,840,,20260923,2e24b84e0a1e906a88bd91d21f25a0228935e2c3a86929fb2e135da495bc0196,r2-2e24b84e0a1e-seed20260923
D8_running_mean,running_mean,trial_2,224.0,0.41627869897959185,,,,840,,20260923,2e24b84e0a1e906a88bd91d21f25a0228935e2c3a86929fb2e135da495bc0196,r2-2e24b84e0a1e-seed20260923
D8_change_vs_tolerance,running_change,trial_2,224.0,7.078223666190375e-06,,,,840,,20260923,2e24b84e0a1e906a88bd91d21f25a0228935e2c3a86929fb2e135da495bc0196,r2-2e24b84e0a1e-seed20260923
D8_running_mean,running_mean,trial_2,229.0,0.4164431274693283,,,,840,,20260923,2e24b84e0a1e906a88bd91d21f25a0228935e2c3a86929fb2e135da495bc0196,r2-2e24b84e0a1e-seed20260923
D8_change_vs_tolerance,running_change,trial_2,229.0,9.804350760145297e-07,,,,840,,20260923,2e24b84e0a1e906a88bd91d21f25a0228935e2c3a86929fb2e135da495bc0196,r2-2e24b84e0a1e-seed20260923
D8_running_mean,running_mean,trial_2,238.0,0.416546618647459,,,,840,,20260923,2e24b84e0a1e906a88bd91d21f25a0228935e2c3a86929fb2e135da495bc0196,r2-2e24b84e0a1e-seed20260923
D8_change_vs_tolerance,running_change,trial_2,238.0,1.0552744304503925e-05,,,,840,,20260923,2e24b84e0a1e906a88bd91d21f25a0228935e2c3a86929fb2e135da495bc0196,r2-2e24b84e0a1e-seed20260923
D8_running_mean,running_mean,trial_2,254.0,0.41623078365204347,,,,840,,20260923,2e24b84e0a1e906a88bd91d21f25a0228935e2c3a86929fb2e135da495bc0196,r2-2e24b84e0a1e-seed20260923
D8_change_vs_tolerance,running_change,trial_2,254.0,2.5250055205539024e-05,,,,840,,20260923,2e24b84e0a1e906a88bd91d21f25a0228935e2c3a86929fb2e135da495bc0196,r2-2e24b84e0a1e-seed20260923
D8_running_mean,running_mean,trial_2,270.0,0.4158597883597884,,,,840,,20260923,2e24b84e0a1e906a88bd91d21f25a0228935e2c3a86929fb2e135da495bc0196,r2-2e24b84e0a1e-seed20260923
D8_change_vs_tolerance,running_change,trial_2,270.0,3.240494876183275e-05,,,,840,,20260923,2e24b84e0a1e906a88bd91d21f25a0228935e2c3a86929fb2e135da495bc0196,r2-2e24b84e0a1e-seed20260923
D8_running_mean,running_mean,trial_2,287.0,0.41600298656047785,,,,840,,20260923,2e24b84e0a1e906a88bd91d21f25a0228935e2c3a86929fb2e135da495bc0196,r2-2e24b84e0a1e-seed20260923
D8_change_vs_tolerance,running_change,trial_2,287.0,6.84420109507422e-05,,,,840,,20260923,2e24b84e0a1e906a88bd91d21f25a0228935e2c3a86929fb2e135da495bc0196,r2-2e24b84e0a1e-seed20260923
D8_running_mean,running_mean,trial_2,305.0,0.41619047619047617,,,,840,,20260923,2e24b84e0a1e906a88bd91d21f25a0228935e2c3a86929fb2e135da495bc0196,r2-2e24b84e0a1e-seed20260923
D8_change_vs_tolerance,running_change,trial_2,305.0,4.855889724308948e-05,,,,840,,20260923,2e24b84e0a1e906a88bd91d21f25a0228935e2c3a86929fb2e135da495bc0196,r2-2e24b84e0a1e-seed20260923
D8_running_mean,running_mean,trial_2,324.0,0.4158032039976484,,,,840,,20260923,2e24b84e0a1e906a88bd91d21f25a0228935e2c3a86929fb2e135da495bc0196,r2-2e24b84e0a1e-seed20260923
D8_change_vs_tolerance,running_change,trial_2,324.0,9.1129694242853e-05,,,,840,,20260923,2e24b84e0a1e906a88bd91d21f25a0228935e2c3a86929fb2e135da495bc0196,r2-2e24b84e0a1e-seed20260923
D8_running_mean,running_mean,trial_2,345.0,0.4155728088336784,,,,840,,20260923,2e24b84e0a1e906a88bd91d21f25a0228935e2c3a86929fb2e135da495bc0196,r2-2e24b84e0a1e-seed20260923
D8_change_vs_tolerance,running_change,trial_2,345.0,8.333734572357754e-05,,,,840,,20260923,2e24b84e0a1e906a88bd91d21f25a0228935e2c3a86929fb2e135da495bc0196,r2-2e24b84e0a1e-seed20260923
D8_running_mean,running_mean,trial_2,366.0,0.4159510798855061,,,,840,,20260923,2e24b84e0a1e906a88bd91d21f25a0228935e2c3a86929fb2e135da495bc0196,r2-2e24b84e0a1e-seed20260923
D8_change_vs_tolerance,running_change,trial_2,366.0,3.7837876373680857e-05,,,,840,,20260923,2e24b84e0a1e906a88bd91d21f25a0228935e2c3a86929fb2e135da495bc0196,r2-2e24b84e0a1e-seed20260923
D8_running_mean,running_mean,trial_2,390.0,0.41614163614163613,,,,840,,20260923,2e24b84e0a1e906a88bd91d21f25a0228935e2c3a86929fb2e135da495bc0196,r2-2e24b84e0a1e-seed20260923
D8_change_vs_tolerance,running_change,trial_2,390.0,3.195319390691953e-05,,,,840,,20260923,2e24b84e0a1e906a88bd91d21f25a0228935e2c3a86929fb2e135da495bc0196,r2-2e24b84e0a1e-seed20260923
D8_running_mean,running_mean,trial_2,414.0,0.4164912583390844,,,,840,,20260923,2e24b84e0a1e906a88bd91d21f25a0228935e2c3a86929fb2e135da495bc0196,r2-2e24b84e0a1e-seed20260923
D8_change_vs_tolerance,running_change,trial_2,414.0,1.687033611447175e-05,,,,840,,20260923,2e24b84e0a1e906a88bd91d21f25a0228935e2c3a86929fb2e135da495bc0196,r2-2e24b84e0a1e-seed20260923
D8_running_mean,running_mean,trial_2,441.0,0.41670176006910703,,,,840,,20260923,2e24b84e0a1e906a88bd91d21f25a0228935e2c3a86929fb2e135da495bc0196,r2-2e24b84e0a1e-seed20260923
D8_change_vs_tolerance,running_change,trial_2,441.0,2.7853854384085608e-06,,,,840,,20260923,2e24b84e0a1e906a88bd91d21f25a0228935e2c3a86929fb2e135da495bc0196,r2-2e24b84e0a1e-seed20260923
D8_running_mean,running_mean,trial_2,468.0,0.416704822954823,,,,840,,20260923,2e24b84e0a1e906a88bd91d21f25a0228935e2c3a86929fb2e135da495bc0196,r2-2e24b84e0a1e-seed20260923
D8_change_vs_tolerance,running_change,trial_2,468.0,6.126249434601494e-05,,,,840,,20260923,2e24b84e0a1e906a88bd91d21f25a0228935e2c3a86929fb2e135da495bc0196,r2-2e24b84e0a1e-seed20260923
D8_running_mean,running_mean,trial_2,498.0,0.416884203480589,,,,840,,20260923,2e24b84e0a1e906a88bd91d21f25a0228935e2c3a86929fb2e135da495bc0196,r2-2e24b84e0a1e-seed20260923
D8_change_vs_tolerance,running_change,trial_2,498.0,1.0018997134486618e-05,,,,840,,20260923,2e24b84e0a1e906a88bd91d21f25a0228935e2c3a86929fb2e135da495bc0196,r2-2e24b84e0a1e-seed20260923
D8_running_mean,running_mean,trial_2,530.0,0.4168351302785265,,,,840,,20260923,2e24b84e0a1e906a88bd91d21f25a0228935e2c3a86929fb2e135da495bc0196,r2-2e24b84e0a1e-seed20260923
D8_change_vs_tolerance,running_change,trial_2,530.0,2.057230496438356e-05,,,,840,,20260923,2e24b84e0a1e906a88bd91d21f25a0228935e2c3a86929fb2e135da495bc0196,r2-2e24b84e0a1e-seed20260923
D8_running_mean,running_mean,trial_2,563.0,0.4167977670641969,,,,840,,20260923,2e24b84e0a1e906a88bd91d21f25a0228935e2c3a86929fb2e135da495bc0196,r2-2e24b84e0a1e-seed20260923
D8_change_vs_tolerance,running_change,trial_2,563.0,5.319040063955782e-05,,,,840,,20260923,2e24b84e0a1e906a88bd91d21f25a0228935e2c3a86929fb2e135da495bc0196,r2-2e24b84e0a1e-seed20260923
D8_running_mean,running_mean,trial_2,599.0,0.4169468956196836,,,,840,,20260923,2e24b84e0a1e906a88bd91d21f25a0228935e2c3a86929fb2e135da495bc0196,r2-2e24b84e0a1e-seed20260923
D8_change_vs_tolerance,running_change,trial_2,599.0,4.730969835858856e-05,,,,840,,20260923,2e24b84e0a1e906a88bd91d21f25a0228935e2c3a86929fb2e135da495bc0196,r2-2e24b84e0a1e-seed20260923
D8_running_mean,running_mean,trial_2,637.0,0.41692270314719293,,,,840,,20260923,2e24b84e0a1e906a88bd91d21f25a0228935e2c3a86929fb2e135da495bc0196,r2-2e24b84e0a1e-seed20260923
D8_change_vs_tolerance,running_change,trial_2,637.0,5.468529245966636e-05,,,,840,,20260923,2e24b84e0a1e906a88bd91d21f25a0228935e2c3a86929fb2e135da495bc0196,r2-2e24b84e0a1e-seed20260923
D8_running_mean,running_mean,trial_2,677.0,0.4170201167616234,,,,840,,20260923,2e24b84e0a1e906a88bd91d21f25a0228935e2c3a86929fb2e135da495bc0196,r2-2e24b84e0a1e-seed20260923
D8_change_vs_tolerance,running_change,trial_2,677.0,2.999263736702673e-06,,,,840,,20260923,2e24b84e0a1e906a88bd91d21f25a0228935e2c3a86929fb2e135da495bc0196,r2-2e24b84e0a1e-seed20260923
D8_running_mean,running_mean,trial_2,720.0,0.41697420634920634,,,,840,,20260923,2e24b84e0a1e906a88bd91d21f25a0228935e2c3a86929fb2e135da495bc0196,r2-2e24b84e0a1e-seed20260923
D8_change_vs_tolerance,running_change,trial_2,720.0,1.4473916594925917e-05,,,,840,,20260923,2e24b84e0a1e906a88bd91d21f25a0228935e2c3a86929fb2e135da495bc0196,r2-2e24b84e0a1e-seed20260923
D8_running_mean,running_mean,trial_2,765.0,0.41720666044195454,,,,840,,20260923,2e24b84e0a1e906a88bd91d21f25a0228935e2c3a86929fb2e135da495bc0196,r2-2e24b84e0a1e-seed20260923
D8_change_vs_tolerance,running_change,trial_2,765.0,1.0200706227758705e-05,,,,840,,20260923,2e24b84e0a1e906a88bd91d21f25a0228935e2c3a86929fb2e135da495bc0196,r2-2e24b84e0a1e-seed20260923
D8_running_mean,running_mean,trial_2,814.0,0.41724435474435473,,,,840,,20260923,2e24b84e0a1e906a88bd91d21f25a0228935e2c3a86929fb2e135da495bc0196,r2-2e24b84e0a1e-seed20260923
D8_change_vs_tolerance,running_change,trial_2,814.0,2.7067969872396347e-05,,,,840,,20260923,2e24b84e0a1e906a88bd91d21f25a0228935e2c3a86929fb2e135da495bc0196,r2-2e24b84e0a1e-seed20260923
D8_running_mean,running_mean,trial_2,865.0,0.4173589320121112,,,,840,,20260923,2e24b84e0a1e906a88bd91d21f25a0228935e2c3a86929fb2e135da495bc0196,r2-2e24b84e0a1e-seed20260923
D8_change_vs_tolerance,running_change,trial_2,865.0,2.1790989999104227e-06,,,,840,,20260923,2e24b84e0a1e906a88bd91d21f25a0228935e2c3a86929fb2e135da495bc0196,r2-2e24b84e0a1e-seed20260923
D8_running_mean,running_mean,trial_2,920.0,0.41732531055900624,,,,840,,20260923,2e24b84e0a1e906a88bd91d21f25a0228935e2c3a86929fb2e135da495bc0196,r2-2e24b84e0a1e-seed20260923
D8_change_vs_tolerance,running_change,trial_2,920.0,8.351131056627548e-06,,,,840,,20260923,2e24b84e0a1e906a88bd91d21f25a0228935e2c3a86929fb2e135da495bc0196,r2-2e24b84e0a1e-seed20260923
D8_running_mean,running_mean,trial_2,978.0,0.417633167786542,,,,840,,20260923,2e24b84e0a1e906a88bd91d21f25a0228935e2c3a86929fb2e135da495bc0196,r2-2e24b84e0a1e-seed20260923
D8_change_vs_tolerance,running_change,trial_2,978.0,1.8506773723392378e-05,,,,840,,20260923,2e24b84e0a1e906a88bd91d21f25a0228935e2c3a86929fb2e135da495bc0196,r2-2e24b84e0a1e-seed20260923
D8_running_mean,running_mean,trial_2,1040.0,0.417533195970696,,,,840,,20260923,2e24b84e0a1e906a88bd91d21f25a0228935e2c3a86929fb2e135da495bc0196,r2-2e24b84e0a1e-seed20260923
D8_change_vs_tolerance,running_change,trial_2,1040.0,1.4061271580545487e-05,,,,840,,20260923,2e24b84e0a1e906a88bd91d21f25a0228935e2c3a86929fb2e135da495bc0196,r2-2e24b84e0a1e-seed20260923
D8_running_mean,running_mean,trial_2,1106.0,0.41750086110393525,,,,840,,20260923,2e24b84e0a1e906a88bd91d21f25a0228935e2c3a86929fb2e135da495bc0196,r2-2e24b84e0a1e-seed20260923
D8_change_vs_tolerance,running_change,trial_2,1106.0,1.3683175314915808e-05,,,,840,,20260923,2e24b84e0a1e906a88bd91d21f25a0228935e2c3a86929fb2e135da495bc0196,r2-2e24b84e0a1e-seed20260923
D8_running_mean,running_mean,trial_2,1176.0,0.41751498218334954,,,,840,,20260923,2e24b84e0a1e906a88bd91d21f25a0228935e2c3a86929fb2e135da495bc0196,r2-2e24b84e0a1e-seed20260923
D8_change_vs_tolerance,running_change,trial_2,1176.0,7.383399155014292e-06,,,,840,,20260923,2e24b84e0a1e906a88bd91d21f25a0228935e2c3a86929fb2e135da495bc0196,r2-2e24b84e0a1e-seed20260923
D8_running_mean,running_mean,trial_2,1251.0,0.41737562331087513,,,,840,,20260923,2e24b84e0a1e906a88bd91d21f25a0228935e2c3a86929fb2e135da495bc0196,r2-2e24b84e0a1e-seed20260923
D8_change_vs_tolerance,running_change,trial_2,1251.0,7.051882303710233e-06,,,,840,,20260923,2e24b84e0a1e906a88bd91d21f25a0228935e2c3a86929fb2e135da495bc0196,r2-2e24b84e0a1e-seed20260923
D8_running_mean,running_mean,trial_2,1330.0,0.4172914428929467,,,,840,,20260923,2e24b84e0a1e906a88bd91d21f25a0228935e2c3a86929fb2e135da495bc0196,r2-2e24b84e0a1e-seed20260923
D8_change_vs_tolerance,running_change,trial_2,1330.0,6.696037093745222e-06,,,,840,,20260923,2e24b84e0a1e906a88bd91d21f25a0228935e2c3a86929fb2e135da495bc0196,r2-2e24b84e0a1e-seed20260923
D8_running_mean,running_mean,trial_2,1414.0,0.4172231763992726,,,,840,,20260923,2e24b84e0a1e906a88bd91d21f25a0228935e2c3a86929fb2e135da495bc0196,r2-2e24b84e0a1e-seed20260923
D8_change_vs_tolerance,running_change,trial_2,1414.0,2.0788833075546798e-06,,,,840,,20260923,2e24b84e0a1e906a88bd91d21f25a0228935e2c3a86929fb2e135da495bc0196,r2-2e24b84e0a1e-seed20260923
D8_running_mean,running_mean,trial_2,1503.0,0.41735734879447456,,,,840,,20260923,2e24b84e0a1e906a88bd91d21f25a0228935e2c3a86929fb2e135da495bc0196,r2-2e24b84e0a1e-seed20260923
D8_change_vs_tolerance,running_change,trial_2,1503.0,6.007999641233219e-06,,,,840,,20260923,2e24b84e0a1e906a88bd91d21f25a0228935e2c3a86929fb2e135da495bc0196,r2-2e24b84e0a1e-seed20260923
D8_running_mean,running_mean,trial_2,1599.0,0.41722877393609104,,,,840,,20260923,2e24b84e0a1e906a88bd91d21f25a0228935e2c3a86929fb2e135da495bc0196,r2-2e24b84e0a1e-seed20260923
D8_change_vs_tolerance,running_change,trial_2,1599.0,1.8831797884977242e-06,,,,840,,20260923,2e24b84e0a1e906a88bd91d21f25a0228935e2c3a86929fb2e135da495bc0196,r2-2e24b84e0a1e-seed20260923
D8_running_mean,running_mean,trial_2,1700.0,0.4172619047619048,,,,840,,20260923,2e24b84e0a1e906a88bd91d21f25a0228935e2c3a86929fb2e135da495bc0196,r2-2e24b84e0a1e-seed20260923
D8_change_vs_tolerance,running_change,trial_2,1700.0,2.4524229939038023e-06,,,,840,,20260923,2e24b84e0a1e906a88bd91d21f25a0228935e2c3a86929fb2e135da495bc0196,r2-2e24b84e0a1e-seed20260923
D8_running_mean,running_mean,trial_2,1807.0,0.41737555010936306,,,,840,,20260923,2e24b84e0a1e906a88bd91d21f25a0228935e2c3a86929fb2e135da495bc0196,r2-2e24b84e0a1e-seed20260923
D8_change_vs_tolerance,running_change,trial_2,1807.0,1.2257726949738146e-05,,,,840,,20260923,2e24b84e0a1e906a88bd91d21f25a0228935e2c3a86929fb2e135da495bc0196,r2-2e24b84e0a1e-seed20260923
D8_running_mean,running_mean,trial_2,1922.0,0.4174018879143749,,,,840,,20260923,2e24b84e0a1e906a88bd91d21f25a0228935e2c3a86929fb2e135da495bc0196,r2-2e24b84e0a1e-seed20260923
D8_change_vs_tolerance,running_change,trial_2,1922.0,1.0772176044171466e-05,,,,840,,20260923,2e24b84e0a1e906a88bd91d21f25a0228935e2c3a86929fb2e135da495bc0196,r2-2e24b84e0a1e-seed20260923
D8_running_mean,running_mean,trial_2,2043.0,0.41725229004964687,,,,840,,20260923,2e24b84e0a1e906a88bd91d21f25a0228935e2c3a86929fb2e135da495bc0196,r2-2e24b84e0a1e-seed20260923
D8_change_vs_tolerance,running_change,trial_2,2043.0,5.533745885077934e-06,,,,840,,20260923,2e24b84e0a1e906a88bd91d21f25a0228935e2c3a86929fb2e135da495bc0196,r2-2e24b84e0a1e-seed20260923
D8_running_mean,running_mean,trial_2,2173.0,0.4172079416211952,,,,840,,20260923,2e24b84e0a1e906a88bd91d21f25a0228935e2c3a86929fb2e135da495bc0196,r2-2e24b84e0a1e-seed20260923
D8_change_vs_tolerance,running_change,trial_2,2173.0,5.231807988115289e-06,,,,840,,20260923,2e24b84e0a1e906a88bd91d21f25a0228935e2c3a86929fb2e135da495bc0196,r2-2e24b84e0a1e-seed20260923
D8_running_mean,running_mean,trial_2,2310.0,0.41720212327355183,,,,840,,20260923,2e24b84e0a1e906a88bd91d21f25a0228935e2c3a86929fb2e135da495bc0196,r2-2e24b84e0a1e-seed20260923
D8_change_vs_tolerance,running_change,trial_2,2310.0,1.6782268375370446e-05,,,,840,,20260923,2e24b84e0a1e906a88bd91d21f25a0228935e2c3a86929fb2e135da495bc0196,r2-2e24b84e0a1e-seed20260923
D8_running_mean,running_mean,trial_2,2456.0,0.41718047153714904,,,,840,,20260923,2e24b84e0a1e906a88bd91d21f25a0228935e2c3a86929fb2e135da495bc0196,r2-2e24b84e0a1e-seed20260923
D8_change_vs_tolerance,running_change,trial_2,2456.0,2.215305939634593e-06,,,,840,,20260923,2e24b84e0a1e906a88bd91d21f25a0228935e2c3a86929fb2e135da495bc0196,r2-2e24b84e0a1e-seed20260923
D8_running_mean,running_mean,trial_2,2612.0,0.4172851491285641,,,,840,,20260923,2e24b84e0a1e906a88bd91d21f25a0228935e2c3a86929fb2e135da495bc0196,r2-2e24b84e0a1e-seed20260923
D8_change_vs_tolerance,running_change,trial_2,2612.0,7.9879654155679e-06,,,,840,,20260923,2e24b84e0a1e906a88bd91d21f25a0228935e2c3a86929fb2e135da495bc0196,r2-2e24b84e0a1e-seed20260923
D8_running_mean,running_mean,trial_2,2777.0,0.41731999245503026,,,,840,,20260923,2e24b84e0a1e906a88bd91d21f25a0228935e2c3a86929fb2e135da495bc0196,r2-2e24b84e0a1e-seed20260923
D8_change_vs_tolerance,running_change,trial_2,2777.0,7.48387811244644e-06,,,,840,,20260923,2e24b84e0a1e906a88bd91d21f25a0228935e2c3a86929fb2e135da495bc0196,r2-2e24b84e0a1e-seed20260923
D8_running_mean,running_mean,trial_2,2953.0,0.4173798235853773,,,,840,,20260923,2e24b84e0a1e906a88bd91d21f25a0228935e2c3a86929fb2e135da495bc0196,r2-2e24b84e0a1e-seed20260923
D8_change_vs_tolerance,running_change,trial_2,2953.0,1.774804889498327e-06,,,,840,,20260923,2e24b84e0a1e906a88bd91d21f25a0228935e2c3a86929fb2e135da495bc0196,r2-2e24b84e0a1e-seed20260923
D8_running_mean,running_mean,trial_2,3140.0,0.4173434182590234,,,,840,,20260923,2e24b84e0a1e906a88bd91d21f25a0228935e2c3a86929fb2e135da495bc0196,r2-2e24b84e0a1e-seed20260923
D8_change_vs_tolerance,running_change,trial_2,3140.0,2.491114601821387e-06,,,,840,,20260923,2e24b84e0a1e906a88bd91d21f25a0228935e2c3a86929fb2e135da495bc0196,r2-2e24b84e0a1e-seed20260923
D8_running_mean,running_mean,trial_2,3339.0,0.41749917996548724,,,,840,,20260923,2e24b84e0a1e906a88bd91d21f25a0228935e2c3a86929fb2e135da495bc0196,r2-2e24b84e0a1e-seed20260923
D8_change_vs_tolerance,running_change,trial_2,3339.0,9.6269193522458e-07,,,,840,,20260923,2e24b84e0a1e906a88bd91d21f25a0228935e2c3a86929fb2e135da495bc0196,r2-2e24b84e0a1e-seed20260923
D8_running_mean,running_mean,trial_2,3550.0,0.41745741113346746,,,,840,,20260923,2e24b84e0a1e906a88bd91d21f25a0228935e2c3a86929fb2e135da495bc0196,r2-2e24b84e0a1e-seed20260923
D8_change_vs_tolerance,running_change,trial_2,3550.0,2.2280768297022746e-07,,,,840,,20260923,2e24b84e0a1e906a88bd91d21f25a0228935e2c3a86929fb2e135da495bc0196,r2-2e24b84e0a1e-seed20260923
D8_running_mean,running_mean,trial_2,3775.0,0.4174027120782088,,,,840,,20260923,2e24b84e0a1e906a88bd91d21f25a0228935e2c3a86929fb2e135da495bc0196,r2-2e24b84e0a1e-seed20260923
D8_change_vs_tolerance,running_change,trial_2,3775.0,5.5575359431681015e-06,,,,840,,20260923,2e24b84e0a1e906a88bd91d21f25a0228935e2c3a86929fb2e135da495bc0196,r2-2e24b84e0a1e-seed20260923
D8_running_mean,running_mean,trial_2,4014.0,0.41735414145728045,,,,840,,20260923,2e24b84e0a1e906a88bd91d21f25a0228935e2c3a86929fb2e135da495bc0196,r2-2e24b84e0a1e-seed20260923
D8_change_vs_tolerance,running_change,trial_2,4014.0,1.3579316104350703e-06,,,,840,,20260923,2e24b84e0a1e906a88bd91d21f25a0228935e2c3a86929fb2e135da495bc0196,r2-2e24b84e0a1e-seed20260923
D8_running_mean,running_mean,trial_2,4268.0,0.4173232695139912,,,,840,,20260923,2e24b84e0a1e906a88bd91d21f25a0228935e2c3a86929fb2e135da495bc0196,r2-2e24b84e0a1e-seed20260923
D8_change_vs_tolerance,running_change,trial_2,4268.0,1.5387927049248518e-07,,,,840,,20260923,2e24b84e0a1e906a88bd91d21f25a0228935e2c3a86929fb2e135da495bc0196,r2-2e24b84e0a1e-seed20260923
D8_running_mean,running_mean,trial_2,4538.0,0.41735555835379545,,,,840,,20260923,2e24b84e0a1e906a88bd91d21f25a0228935e2c3a86929fb2e135da495bc0196,r2-2e24b84e0a1e-seed20260923
D8_change_vs_tolerance,running_change,trial_2,4538.0,2.209696721877652e-06,,,,840,,20260923,2e24b84e0a1e906a88bd91d21f25a0228935e2c3a86929fb2e135da495bc0196,r2-2e24b84e0a1e-seed20260923
D8_running_mean,running_mean,trial_2,4825.0,0.4173325931408833,,,,840,,20260923,2e24b84e0a1e906a88bd91d21f25a0228935e2c3a86929fb2e135da495bc0196,r2-2e24b84e0a1e-seed20260923
D8_change_vs_tolerance,running_change,trial_2,4825.0,3.810466951359448e-06,,,,840,,20260923,2e24b84e0a1e906a88bd91d21f25a0228935e2c3a86929fb2e135da495bc0196,r2-2e24b84e0a1e-seed20260923
D8_running_mean,running_mean,trial_2,5130.0,0.41734034159472755,,,,840,,20260923,2e24b84e0a1e906a88bd91d21f25a0228935e2c3a86929fb2e135da495bc0196,r2-2e24b84e0a1e-seed20260923
D8_change_vs_tolerance,running_change,trial_2,5130.0,1.9576156728984273e-06,,,,840,,20260923,2e24b84e0a1e906a88bd91d21f25a0228935e2c3a86929fb2e135da495bc0196,r2-2e24b84e0a1e-seed20260923
D8_running_mean,running_mean,trial_2,5455.0,0.4173733141285845,,,,840,,20260923,2e24b84e0a1e906a88bd91d21f25a0228935e2c3a86929fb2e135da495bc0196,r2-2e24b84e0a1e-seed20260923
D8_change_vs_tolerance,running_change,trial_2,5455.0,1.6166413754903353e-06,,,,840,,20260923,2e24b84e0a1e906a88bd91d21f25a0228935e2c3a86929fb2e135da495bc0196,r2-2e24b84e0a1e-seed20260923
D8_running_mean,running_mean,trial_2,5800.0,0.4173947044334975,,,,840,,20260923,2e24b84e0a1e906a88bd91d21f25a0228935e2c3a86929fb2e135da495bc0196,r2-2e24b84e0a1e-seed20260923
D8_change_vs_tolerance,running_change,trial_2,5800.0,5.361252194968635e-07,,,,840,,20260923,2e24b84e0a1e906a88bd91d21f25a0228935e2c3a86929fb2e135da495bc0196,r2-2e24b84e0a1e-seed20260923
D8_running_mean,running_mean,trial_2,6167.0,0.4173766668983144,,,,840,,20260923,2e24b84e0a1e906a88bd91d21f25a0228935e2c3a86929fb2e135da495bc0196,r2-2e24b84e0a1e-seed20260923
D8_change_vs_tolerance,running_change,trial_2,6167.0,3.0821868668429175e-07,,,,840,,20260923,2e24b84e0a1e906a88bd91d21f25a0228935e2c3a86929fb2e135da495bc0196,r2-2e24b84e0a1e-seed20260923
D8_running_mean,running_mean,trial_2,6558.0,0.4173459533249103,,,,840,,20260923,2e24b84e0a1e906a88bd91d21f25a0228935e2c3a86929fb2e135da495bc0196,r2-2e24b84e0a1e-seed20260923
D8_change_vs_tolerance,running_change,trial_2,6558.0,3.5275640005161257e-06,,,,840,,20260923,2e24b84e0a1e906a88bd91d21f25a0228935e2c3a86929fb2e135da495bc0196,r2-2e24b84e0a1e-seed20260923
D8_running_mean,running_mean,trial_2,6973.0,0.41730945210437537,,,,840,,20260923,2e24b84e0a1e906a88bd91d21f25a0228935e2c3a86929fb2e135da495bc0196,r2-2e24b84e0a1e-seed20260923
D8_change_vs_tolerance,running_change,trial_2,6973.0,4.518082573901072e-06,,,,840,,20260923,2e24b84e0a1e906a88bd91d21f25a0228935e2c3a86929fb2e135da495bc0196,r2-2e24b84e0a1e-seed20260923
D8_running_mean,running_mean,trial_2,7414.0,0.41729594589386876,,,,840,,20260923,2e24b84e0a1e906a88bd91d21f25a0228935e2c3a86929fb2e135da495bc0196,r2-2e24b84e0a1e-seed20260923
D8_change_vs_tolerance,running_change,trial_2,7414.0,1.209039870553319e-06,,,,840,,20260923,2e24b84e0a1e906a88bd91d21f25a0228935e2c3a86929fb2e135da495bc0196,r2-2e24b84e0a1e-seed20260923
D8_running_mean,running_mean,trial_2,7884.0,0.417310677441956,,,,840,,20260923,2e24b84e0a1e906a88bd91d21f25a0228935e2c3a86929fb2e135da495bc0196,r2-2e24b84e0a1e-seed20260923
D8_change_vs_tolerance,running_change,trial_2,7884.0,1.8939141266938186e-06,,,,840,,20260923,2e24b84e0a1e906a88bd91d21f25a0228935e2c3a86929fb2e135da495bc0196,r2-2e24b84e0a1e-seed20260923
D8_running_mean,running_mean,trial_2,8383.0,0.4173505904807348,,,,840,,20260923,2e24b84e0a1e906a88bd91d21f25a0228935e2c3a86929fb2e135da495bc0196,r2-2e24b84e0a1e-seed20260923
D8_change_vs_tolerance,running_change,trial_2,8383.0,3.327070479286487e-06,,,,840,,20260923,2e24b84e0a1e906a88bd91d21f25a0228935e2c3a86929fb2e135da495bc0196,r2-2e24b84e0a1e-seed20260923
D8_running_mean,running_mean,trial_2,8913.0,0.41736174555090744,,,,840,,20260923,2e24b84e0a1e906a88bd91d21f25a0228935e2c3a86929fb2e135da495bc0196,r2-2e24b84e0a1e-seed20260923
D8_change_vs_tolerance,running_change,trial_2,8913.0,1.1242377502274081e-06,,,,840,,20260923,2e24b84e0a1e906a88bd91d21f25a0228935e2c3a86929fb2e135da495bc0196,r2-2e24b84e0a1e-seed20260923
D8_running_mean,running_mean,trial_2,9477.0,0.41729173889667714,,,,840,,20260923,2e24b84e0a1e906a88bd91d21f25a0228935e2c3a86929fb2e135da495bc0196,r2-2e24b84e0a1e-seed20260923
D8_change_vs_tolerance,running_change,trial_2,9477.0,1.8247930452797156e-06,,,,840,,20260923,2e24b84e0a1e906a88bd91d21f25a0228935e2c3a86929fb2e135da495bc0196,r2-2e24b84e0a1e-seed20260923
D8_running_mean,running_mean,trial_2,10077.0,0.4172844100426714,,,,840,,20260923,2e24b84e0a1e906a88bd91d21f25a0228935e2c3a86929fb2e135da495bc0196,r2-2e24b84e0a1e-seed20260923
D8_change_vs_tolerance,running_change,trial_2,10077.0,8.838890579454528e-07,,,,840,,20260923,2e24b84e0a1e906a88bd91d21f25a0228935e2c3a86929fb2e135da495bc0196,r2-2e24b84e0a1e-seed20260923
D8_running_mean,running_mean,trial_2,10715.0,0.41731840099548917,,,,840,,20260923,2e24b84e0a1e906a88bd91d21f25a0228935e2c3a86929fb2e135da495bc0196,r2-2e24b84e0a1e-seed20260923
D8_change_vs_tolerance,running_change,trial_2,10715.0,6.058542854070481e-07,,,,840,,20260923,2e24b84e0a1e906a88bd91d21f25a0228935e2c3a86929fb2e135da495bc0196,r2-2e24b84e0a1e-seed20260923
D8_running_mean,running_mean,trial_2,11393.0,0.41727878020338305,,,,840,,20260923,2e24b84e0a1e906a88bd91d21f25a0228935e2c3a86929fb2e135da495bc0196,r2-2e24b84e0a1e-seed20260923
D8_change_vs_tolerance,running_change,trial_2,11393.0,1.3077447175158241e-06,,,,840,,20260923,2e24b84e0a1e906a88bd91d21f25a0228935e2c3a86929fb2e135da495bc0196,r2-2e24b84e0a1e-seed20260923
D8_running_mean,running_mean,trial_2,12114.0,0.41720038601539344,,,,840,,20260923,2e24b84e0a1e906a88bd91d21f25a0228935e2c3a86929fb2e135da495bc0196,r2-2e24b84e0a1e-seed20260923
D8_change_vs_tolerance,running_change,trial_2,12114.0,7.320277951028409e-07,,,,840,,20260923,2e24b84e0a1e906a88bd91d21f25a0228935e2c3a86929fb2e135da495bc0196,r2-2e24b84e0a1e-seed20260923
D8_running_mean,running_mean,trial_2,12881.0,0.41719161851527353,,,,840,,20260923,2e24b84e0a1e906a88bd91d21f25a0228935e2c3a86929fb2e135da495bc0196,r2-2e24b84e0a1e-seed20260923
D8_change_vs_tolerance,running_change,trial_2,12881.0,1.253238728127215e-06,,,,840,,20260923,2e24b84e0a1e906a88bd91d21f25a0228935e2c3a86929fb2e135da495bc0196,r2-2e24b84e0a1e-seed20260923
D8_running_mean,running_mean,trial_2,13696.0,0.41721340259234535,,,,840,,20260923,2e24b84e0a1e906a88bd91d21f25a0228935e2c3a86929fb2e135da495bc0196,r2-2e24b84e0a1e-seed20260923
D8_change_vs_tolerance,running_change,trial_2,13696.0,8.222724819373362e-07,,,,840,,20260923,2e24b84e0a1e906a88bd91d21f25a0228935e2c3a86929fb2e135da495bc0196,r2-2e24b84e0a1e-seed20260923
D8_running_mean,running_mean,trial_2,14563.0,0.41721428734921834,,,,840,,20260923,2e24b84e0a1e906a88bd91d21f25a0228935e2c3a86929fb2e135da495bc0196,r2-2e24b84e0a1e-seed20260923
D8_change_vs_tolerance,running_change,trial_2,14563.0,7.733763491835077e-07,,,,840,,20260923,2e24b84e0a1e906a88bd91d21f25a0228935e2c3a86929fb2e135da495bc0196,r2-2e24b84e0a1e-seed20260923
D8_running_mean,running_mean,trial_2,15485.0,0.41726071313252455,,,,840,,20260923,2e24b84e0a1e906a88bd91d21f25a0228935e2c3a86929fb2e135da495bc0196,r2-2e24b84e0a1e-seed20260923
D8_change_vs_tolerance,running_change,trial_2,15485.0,2.6901802102630157e-07,,,,840,,20260923,2e24b84e0a1e906a88bd91d21f25a0228935e2c3a86929fb2e135da495bc0196,r2-2e24b84e0a1e-seed20260923
D8_running_mean,running_mean,trial_2,16465.0,0.4172561566381791,,,,840,,20260923,2e24b84e0a1e906a88bd91d21f25a0228935e2c3a86929fb2e135da495bc0196,r2-2e24b84e0a1e-seed20260923
D8_change_vs_tolerance,running_change,trial_2,16465.0,7.588831314464528e-07,,,,840,,20260923,2e24b84e0a1e906a88bd91d21f25a0228935e2c3a86929fb2e135da495bc0196,r2-2e24b84e0a1e-seed20260923
D8_running_mean,running_mean,trial_2,17507.0,0.4172545267607243,,,,840,,20260923,2e24b84e0a1e906a88bd91d21f25a0228935e2c3a86929fb2e135da495bc0196,r2-2e24b84e0a1e-seed20260923
D8_change_vs_tolerance,running_change,trial_2,17507.0,1.0536389210002994e-06,,,,840,,20260923,2e24b84e0a1e906a88bd91d21f25a0228935e2c3a86929fb2e135da495bc0196,r2-2e24b84e0a1e-seed20260923
D8_running_mean,running_mean,trial_2,18615.0,0.41728790146195466,,,,840,,20260923,2e24b84e0a1e906a88bd91d21f25a0228935e2c3a86929fb2e135da495bc0196,r2-2e24b84e0a1e-seed20260923
D8_change_vs_tolerance,running_change,trial_2,18615.0,1.6322735337248595e-06,,,,840,,20260923,2e24b84e0a1e906a88bd91d21f25a0228935e2c3a86929fb2e135da495bc0196,r2-2e24b84e0a1e-seed20260923
D8_running_mean,running_mean,trial_2,19794.0,0.4172789253116625,,,,840,,20260923,2e24b84e0a1e906a88bd91d21f25a0228935e2c3a86929fb2e135da495bc0196,r2-2e24b84e0a1e-seed20260923
D8_change_vs_tolerance,running_change,trial_2,19794.0,4.502375020587479e-07,,,,840,,20260923,2e24b84e0a1e906a88bd91d21f25a0228935e2c3a86929fb2e135da495bc0196,r2-2e24b84e0a1e-seed20260923
D8_running_mean,running_mean,trial_2,21046.0,0.41733979536887456,,,,840,,20260923,2e24b84e0a1e906a88bd91d21f25a0228935e2c3a86929fb2e135da495bc0196,r2-2e24b84e0a1e-seed20260923
D8_change_vs_tolerance,running_change,trial_2,21046.0,1.4461883328098502e-06,,,,840,,20260923,2e24b84e0a1e906a88bd91d21f25a0228935e2c3a86929fb2e135da495bc0196,r2-2e24b84e0a1e-seed20260923
D8_running_mean,running_mean,trial_2,22379.0,0.41736241884930386,,,,840,,20260923,2e24b84e0a1e906a88bd91d21f25a0228935e2c3a86929fb2e135da495bc0196,r2-2e24b84e0a1e-seed20260923
D8_change_vs_tolerance,running_change,trial_2,22379.0,2.0526341684146132e-06,,,,840,,20260923,2e24b84e0a1e906a88bd91d21f25a0228935e2c3a86929fb2e135da495bc0196,r2-2e24b84e0a1e-seed20260923
D8_running_mean,running_mean,trial_2,23795.0,0.4173681945987052,,,,840,,20260923,2e24b84e0a1e906a88bd91d21f25a0228935e2c3a86929fb2e135da495bc0196,r2-2e24b84e0a1e-seed20260923
D8_change_vs_tolerance,running_change,trial_2,23795.0,9.30070579163722e-07,,,,840,,20260923,2e24b84e0a1e906a88bd91d21f25a0228935e2c3a86929fb2e135da495bc0196,r2-2e24b84e0a1e-seed20260923
D8_running_mean,running_mean,trial_2,25301.0,0.41730705166932985,,,,840,,20260923,2e24b84e0a1e906a88bd91d21f25a0228935e2c3a86929fb2e135da495bc0196,r2-2e24b84e0a1e-seed20260923
D8_change_vs_tolerance,running_change,trial_2,25301.0,5.899643987228309e-07,,,,840,,20260923,2e24b84e0a1e906a88bd91d21f25a0228935e2c3a86929fb2e135da495bc0196,r2-2e24b84e0a1e-seed20260923
D8_running_mean,running_mean,trial_2,26902.0,0.41725088593165316,,,,840,,20260923,2e24b84e0a1e906a88bd91d21f25a0228935e2c3a86929fb2e135da495bc0196,r2-2e24b84e0a1e-seed20260923
D8_change_vs_tolerance,running_change,trial_2,26902.0,7.74854175045192e-07,,,,840,,20260923,2e24b84e0a1e906a88bd91d21f25a0228935e2c3a86929fb2e135da495bc0196,r2-2e24b84e0a1e-seed20260923
D8_running_mean,running_mean,trial_2,28605.0,0.41727004103511706,,,,840,,20260923,2e24b84e0a1e906a88bd91d21f25a0228935e2c3a86929fb2e135da495bc0196,r2-2e24b84e0a1e-seed20260923
D8_change_vs_tolerance,running_change,trial_2,28605.0,5.615750348630932e-07,,,,840,,20260923,2e24b84e0a1e906a88bd91d21f25a0228935e2c3a86929fb2e135da495bc0196,r2-2e24b84e0a1e-seed20260923
D8_running_mean,running_mean,trial_2,30416.0,0.41732726822975375,,,,840,,20260923,2e24b84e0a1e906a88bd91d21f25a0228935e2c3a86929fb2e135da495bc0196,r2-2e24b84e0a1e-seed20260923
D8_change_vs_tolerance,running_change,trial_2,30416.0,1.7828394954788607e-07,,,,840,,20260923,2e24b84e0a1e906a88bd91d21f25a0228935e2c3a86929fb2e135da495bc0196,r2-2e24b84e0a1e-seed20260923
D8_running_mean,running_mean,trial_2,32341.0,0.41733145748946127,,,,840,,20260923,2e24b84e0a1e906a88bd91d21f25a0228935e2c3a86929fb2e135da495bc0196,r2-2e24b84e0a1e-seed20260923
D8_change_vs_tolerance,running_change,trial_2,32341.0,5.7367563810473143e-08,,,,840,,20260923,2e24b84e0a1e906a88bd91d21f25a0228935e2c3a86929fb2e135da495bc0196,r2-2e24b84e0a1e-seed20260923
D8_running_mean,running_mean,trial_2,34388.0,0.41733107340877496,,,,840,,20260923,2e24b84e0a1e906a88bd91d21f25a0228935e2c3a86929fb2e135da495bc0196,r2-2e24b84e0a1e-seed20260923
D8_change_vs_tolerance,running_change,trial_2,34388.0,2.576381418206708e-07,,,,840,,20260923,2e24b84e0a1e906a88bd91d21f25a0228935e2c3a86929fb2e135da495bc0196,r2-2e24b84e0a1e-seed20260923
D8_running_mean,running_mean,trial_2,36565.0,0.41729330676616333,,,,840,,20260923,2e24b84e0a1e906a88bd91d21f25a0228935e2c3a86929fb2e135da495bc0196,r2-2e24b84e0a1e-seed20260923
D8_change_vs_tolerance,running_change,trial_2,36565.0,8.2255565025946e-08,,,,840,,20260923,2e24b84e0a1e906a88bd91d21f25a0228935e2c3a86929fb2e135da495bc0196,r2-2e24b84e0a1e-seed20260923
D8_running_mean,running_mean,trial_2,38879.0,0.41724774299750506,,,,840,,20260923,2e24b84e0a1e906a88bd91d21f25a0228935e2c3a86929fb2e135da495bc0196,r2-2e24b84e0a1e-seed20260923
D8_change_vs_tolerance,running_change,trial_2,38879.0,3.218828582562949e-07,,,,840,,20260923,2e24b84e0a1e906a88bd91d21f25a0228935e2c3a86929fb2e135da495bc0196,r2-2e24b84e0a1e-seed20260923
D8_running_mean,running_mean,trial_2,41340.0,0.4172393565553943,,,,840,,20260923,2e24b84e0a1e906a88bd91d21f25a0228935e2c3a86929fb2e135da495bc0196,r2-2e24b84e0a1e-seed20260923
D8_change_vs_tolerance,running_change,trial_2,41340.0,5.898114056601678e-07,,,,840,,20260923,2e24b84e0a1e906a88bd91d21f25a0228935e2c3a86929fb2e135da495bc0196,r2-2e24b84e0a1e-seed20260923
D8_running_mean,running_mean,trial_2,43956.0,0.41726027976027974,,,,840,,20260923,2e24b84e0a1e906a88bd91d21f25a0228935e2c3a86929fb2e135da495bc0196,r2-2e24b84e0a1e-seed20260923
D8_change_vs_tolerance,running_change,trial_2,43956.0,2.8434478444028244e-07,,,,840,,20260923,2e24b84e0a1e906a88bd91d21f25a0228935e2c3a86929fb2e135da495bc0196,r2-2e24b84e0a1e-seed20260923
D8_running_mean,running_mean,trial_2,46738.0,0.41726893483226657,,,,840,,20260923,2e24b84e0a1e906a88bd91d21f25a0228935e2c3a86929fb2e135da495bc0196,r2-2e24b84e0a1e-seed20260923
D8_change_vs_tolerance,running_change,trial_2,46738.0,2.673036337275114e-07,,,,840,,20260923,2e24b84e0a1e906a88bd91d21f25a0228935e2c3a86929fb2e135da495bc0196,r2-2e24b84e0a1e-seed20260923
D8_running_mean,running_mean,trial_2,49697.0,0.4172993100091315,,,,840,,20260923,2e24b84e0a1e906a88bd91d21f25a0228935e2c3a86929fb2e135da495bc0196,r2-2e24b84e0a1e-seed20260923
D8_change_vs_tolerance,running_change,trial_2,49697.0,1.5495593186365397e-07,,,,840,,20260923,2e24b84e0a1e906a88bd91d21f25a0228935e2c3a86929fb2e135da495bc0196,r2-2e24b84e0a1e-seed20260923
D8_running_mean,running_mean,trial_2,52842.0,0.4172885565414236,,,,840,,20260923,2e24b84e0a1e906a88bd91d21f25a0228935e2c3a86929fb2e135da495bc0196,r2-2e24b84e0a1e-seed20260923
D8_change_vs_tolerance,running_change,trial_2,52842.0,1.459367434120118e-07,,,,840,,20260923,2e24b84e0a1e906a88bd91d21f25a0228935e2c3a86929fb2e135da495bc0196,r2-2e24b84e0a1e-seed20260923
D8_running_mean,running_mean,trial_2,56187.0,0.4172671063548847,,,,840,,20260923,2e24b84e0a1e906a88bd91d21f25a0228935e2c3a86929fb2e135da495bc0196,r2-2e24b84e0a1e-seed20260923
D8_change_vs_tolerance,running_change,trial_2,56187.0,9.543915652221457e-08,,,,840,,20260923,2e24b84e0a1e906a88bd91d21f25a0228935e2c3a86929fb2e135da495bc0196,r2-2e24b84e0a1e-seed20260923
D8_running_mean,running_mean,trial_2,59743.0,0.4172700447870761,,,,840,,20260923,2e24b84e0a1e906a88bd91d21f25a0228935e2c3a86929fb2e135da495bc0196,r2-2e24b84e0a1e-seed20260923
D8_change_vs_tolerance,running_change,trial_2,59743.0,4.2829329566229646e-07,,,,840,,20260923,2e24b84e0a1e906a88bd91d21f25a0228935e2c3a86929fb2e135da495bc0196,r2-2e24b84e0a1e-seed20260923
D8_running_mean,running_mean,trial_2,60698.0,0.41727237815947493,,,,840,,20260923,2e24b84e0a1e906a88bd91d21f25a0228935e2c3a86929fb2e135da495bc0196,r2-2e24b84e0a1e-seed20260923
D8_change_vs_tolerance,running_change,trial_2,60698.0,1.8615500618768266e-07,,,,840,,20260923,2e24b84e0a1e906a88bd91d21f25a0228935e2c3a86929fb2e135da495bc0196,r2-2e24b84e0a1e-seed20260923
D8_running_mean,running_mean,trial_2,63525.0,0.4172758568992335,,,,840,,20260923,2e24b84e0a1e906a88bd91d21f25a0228935e2c3a86929fb2e135da495bc0196,r2-2e24b84e0a1e-seed20260923
D8_change_vs_tolerance,running_change,trial_2,63525.0,1.220333633589199e-07,,,,840,,20260923,2e24b84e0a1e906a88bd91d21f25a0228935e2c3a86929fb2e135da495bc0196,r2-2e24b84e0a1e-seed20260923
D8_running_mean,running_mean,trial_2,67545.0,0.41726947467120684,,,,840,,20260923,2e24b84e0a1e906a88bd91d21f25a0228935e2c3a86929fb2e135da495bc0196,r2-2e24b84e0a1e-seed20260923
D8_change_vs_tolerance,running_change,trial_2,67545.0,9.70506478514821e-08,,,,840,,20260923,2e24b84e0a1e906a88bd91d21f25a0228935e2c3a86929fb2e135da495bc0196,r2-2e24b84e0a1e-seed20260923
D8_running_mean,running_mean,trial_2,71821.0,0.4172430831677431,,,,840,,20260923,2e24b84e0a1e906a88bd91d21f25a0228935e2c3a86929fb2e135da495bc0196,r2-2e24b84e0a1e-seed20260923
D8_change_vs_tolerance,running_change,trial_2,71821.0,2.4008748489290355e-07,,,,840,,20260923,2e24b84e0a1e906a88bd91d21f25a0228935e2c3a86929fb2e135da495bc0196,r2-2e24b84e0a1e-seed20260923
D8_running_mean,running_mean,trial_2,76366.0,0.41724837343469984,,,,840,,20260923,2e24b84e0a1e906a88bd91d21f25a0228935e2c3a86929fb2e135da495bc0196,r2-2e24b84e0a1e-seed20260923
D8_change_vs_tolerance,running_change,trial_2,76366.0,7.971838189568814e-09,,,,840,,20260923,2e24b84e0a1e906a88bd91d21f25a0228935e2c3a86929fb2e135da495bc0196,r2-2e24b84e0a1e-seed20260923
D8_running_mean,running_mean,trial_2,81200.0,0.4172568760262726,,,,840,,20260923,2e24b84e0a1e906a88bd91d21f25a0228935e2c3a86929fb2e135da495bc0196,r2-2e24b84e0a1e-seed20260923
D8_change_vs_tolerance,running_change,trial_2,81200.0,3.659111241782753e-08,,,,840,,20260923,2e24b84e0a1e906a88bd91d21f25a0228935e2c3a86929fb2e135da495bc0196,r2-2e24b84e0a1e-seed20260923
D8_running_mean,running_mean,trial_2,86339.0,0.4172645866046299,,,,840,,20260923,2e24b84e0a1e906a88bd91d21f25a0228935e2c3a86929fb2e135da495bc0196,r2-2e24b84e0a1e-seed20260923
D8_change_vs_tolerance,running_change,trial_2,86339.0,1.0344521850225163e-07,,,,840,,20260923,2e24b84e0a1e906a88bd91d21f25a0228935e2c3a86929fb2e135da495bc0196,r2-2e24b84e0a1e-seed20260923
D8_running_mean,running_mean,trial_2,91804.0,0.41727811424338807,,,,840,,20260923,2e24b84e0a1e906a88bd91d21f25a0228935e2c3a86929fb2e135da495bc0196,r2-2e24b84e0a1e-seed20260923
D8_change_vs_tolerance,running_change,trial_2,91804.0,1.748877388463299e-07,,,,840,,20260923,2e24b84e0a1e906a88bd91d21f25a0228935e2c3a86929fb2e135da495bc0196,r2-2e24b84e0a1e-seed20260923
D8_running_mean,running_mean,trial_2,97615.0,0.41727519189820067,,,,840,,20260923,2e24b84e0a1e906a88bd91d21f25a0228935e2c3a86929fb2e135da495bc0196,r2-2e24b84e0a1e-seed20260923
D8_change_vs_tolerance,running_change,trial_2,97615.0,1.8157509662497517e-08,,,,840,,20260923,2e24b84e0a1e906a88bd91d21f25a0228935e2c3a86929fb2e135da495bc0196,r2-2e24b84e0a1e-seed20260923
D8_running_mean,running_mean,trial_2,103793.0,0.4172948515199438,,,,840,,20260923,2e24b84e0a1e906a88bd91d21f25a0228935e2c3a86929fb2e135da495bc0196,r2-2e24b84e0a1e-seed20260923
D8_change_vs_tolerance,running_change,trial_2,103793.0,1.5516008294857997e-07,,,,840,,20260923,2e24b84e0a1e906a88bd91d21f25a0228935e2c3a86929fb2e135da495bc0196,r2-2e24b84e0a1e-seed20260923
D8_running_mean,running_mean,trial_2,110363.0,0.4172895570159599,,,,840,,20260923,2e24b84e0a1e906a88bd91d21f25a0228935e2c3a86929fb2e135da495bc0196,r2-2e24b84e0a1e-seed20260923
D8_change_vs_tolerance,running_change,trial_2,110363.0,1.1351418294225368e-07,,,,840,,20260923,2e24b84e0a1e906a88bd91d21f25a0228935e2c3a86929fb2e135da495bc0196,r2-2e24b84e0a1e-seed20260923
D8_running_mean,running_mean,trial_2,117348.0,0.41728565382249294,,,,840,,20260923,2e24b84e0a1e906a88bd91d21f25a0228935e2c3a86929fb2e135da495bc0196,r2-2e24b84e0a1e-seed20260923
D8_change_vs_tolerance,running_change,trial_2,117348.0,1.5015000132123646e-08,,,,840,,20260923,2e24b84e0a1e906a88bd91d21f25a0228935e2c3a86929fb2e135da495bc0196,r2-2e24b84e0a1e-seed20260923
D8_running_mean,running_mean,trial_2,124776.0,0.41730029737098406,,,,840,,20260923,2e24b84e0a1e906a88bd91d21f25a0228935e2c3a86929fb2e135da495bc0196,r2-2e24b84e0a1e-seed20260923
D8_change_vs_tolerance,running_change,trial_2,124776.0,1.4003780246518716e-08,,,,840,,20260923,2e24b84e0a1e906a88bd91d21f25a0228935e2c3a86929fb2e135da495bc0196,r2-2e24b84e0a1e-seed20260923
D8_running_mean,running_mean,trial_2,132674.0,0.4173023906790508,,,,840,,20260923,2e24b84e0a1e906a88bd91d21f25a0228935e2c3a86929fb2e135da495bc0196,r2-2e24b84e0a1e-seed20260923
D8_change_vs_tolerance,running_change,trial_2,132674.0,4.0683701796329075e-08,,,,840,,20260923,2e24b84e0a1e906a88bd91d21f25a0228935e2c3a86929fb2e135da495bc0196,r2-2e24b84e0a1e-seed20260923
D8_running_mean,running_mean,trial_2,141071.0,0.41729033944744476,,,,840,,20260923,2e24b84e0a1e906a88bd91d21f25a0228935e2c3a86929fb2e135da495bc0196,r2-2e24b84e0a1e-seed20260923
D8_change_vs_tolerance,running_change,trial_2,141071.0,1.5591816004967285e-07,,,,840,,20260923,2e24b84e0a1e906a88bd91d21f25a0228935e2c3a86929fb2e135da495bc0196,r2-2e24b84e0a1e-seed20260923
D8_running_mean,running_mean,trial_2,150000.0,0.4172945714285714,,,,840,,20260923,2e24b84e0a1e906a88bd91d21f25a0228935e2c3a86929fb2e135da495bc0196,r2-2e24b84e0a1e-seed20260923
D8_change_vs_tolerance,running_change,trial_2,150000.0,5.13698662496509e-08,,,,840,,20260923,2e24b84e0a1e906a88bd91d21f25a0228935e2c3a86929fb2e135da495bc0196,r2-2e24b84e0a1e-seed20260923
D8_running_mean,running_mean,trial_3,1.0,0.3976190476190476,,,,840,,20260923,2e24b84e0a1e906a88bd91d21f25a0228935e2c3a86929fb2e135da495bc0196,r2-2e24b84e0a1e-seed20260923
D8_change_vs_tolerance,running_change,trial_3,1.0,0.3976190476190476,,,,840,,20260923,2e24b84e0a1e906a88bd91d21f25a0228935e2c3a86929fb2e135da495bc0196,r2-2e24b84e0a1e-seed20260923
D8_running_mean,running_mean,trial_3,2.0,0.4148809523809524,,,,840,,20260923,2e24b84e0a1e906a88bd91d21f25a0228935e2c3a86929fb2e135da495bc0196,r2-2e24b84e0a1e-seed20260923
D8_change_vs_tolerance,running_change,trial_3,2.0,0.01726190476190481,,,,840,,20260923,2e24b84e0a1e906a88bd91d21f25a0228935e2c3a86929fb2e135da495bc0196,r2-2e24b84e0a1e-seed20260923
D8_running_mean,running_mean,trial_3,3.0,0.4142857142857143,,,,840,,20260923,2e24b84e0a1e906a88bd91d21f25a0228935e2c3a86929fb2e135da495bc0196,r2-2e24b84e0a1e-seed20260923
D8_change_vs_tolerance,running_change,trial_3,3.0,0.0005952380952380931,,,,840,,20260923,2e24b84e0a1e906a88bd91d21f25a0228935e2c3a86929fb2e135da495bc0196,r2-2e24b84e0a1e-seed20260923
D8_running_mean,running_mean,trial_3,4.0,0.4154761904761905,,,,840,,20260923,2e24b84e0a1e906a88bd91d21f25a0228935e2c3a86929fb2e135da495bc0196,r2-2e24b84e0a1e-seed20260923
D8_change_vs_tolerance,running_change,trial_3,4.0,0.0011904761904761862,,,,840,,20260923,2e24b84e0a1e906a88bd91d21f25a0228935e2c3a86929fb2e135da495bc0196,r2-2e24b84e0a1e-seed20260923
D8_running_mean,running_mean,trial_3,5.0,0.4142857142857143,,,,840,,20260923,2e24b84e0a1e906a88bd91d21f25a0228935e2c3a86929fb2e135da495bc0196,r2-2e24b84e0a1e-seed20260923
D8_change_vs_tolerance,running_change,trial_3,5.0,0.0011904761904761862,,,,840,,20260923,2e24b84e0a1e906a88bd91d21f25a0228935e2c3a86929fb2e135da495bc0196,r2-2e24b84e0a1e-seed20260923
D8_running_mean,running_mean,trial_3,6.0,0.4126984126984127,,,,840,,20260923,2e24b84e0a1e906a88bd91d21f25a0228935e2c3a86929fb2e135da495bc0196,r2-2e24b84e0a1e-seed20260923
D8_change_vs_tolerance,running_change,trial_3,6.0,0.0015873015873016372,,,,840,,20260923,2e24b84e0a1e906a88bd91d21f25a0228935e2c3a86929fb2e135da495bc0196,r2-2e24b84e0a1e-seed20260923
D8_running_mean,running_mean,trial_3,7.0,0.41122448979591836,,,,840,,20260923,2e24b84e0a1e906a88bd91d21f25a0228935e2c3a86929fb2e135da495bc0196,r2-2e24b84e0a1e-seed20260923
D8_change_vs_tolerance,running_change,trial_3,7.0,0.001473922902494318,,,,840,,20260923,2e24b84e0a1e906a88bd91d21f25a0228935e2c3a86929fb2e135da495bc0196,r2-2e24b84e0a1e-seed20260923
D8_running_mean,running_mean,trial_3,8.0,0.41116071428571427,,,,840,,20260923,2e24b84e0a1e906a88bd91d21f25a0228935e2c3a86929fb2e135da495bc0196,r2-2e24b84e0a1e-seed20260923
D8_change_vs_tolerance,running_change,trial_3,8.0,6.377551020408934e-05,,,,840,,20260923,2e24b84e0a1e906a88bd91d21f25a0228935e2c3a86929fb2e135da495bc0196,r2-2e24b84e0a1e-seed20260923
D8_running_mean,running_mean,trial_3,9.0,0.41349206349206347,,,,840,,20260923,2e24b84e0a1e906a88bd91d21f25a0228935e2c3a86929fb2e135da495bc0196,r2-2e24b84e0a1e-seed20260923
D8_change_vs_tolerance,running_change,trial_3,9.0,0.002331349206349198,,,,840,,20260923,2e24b84e0a1e906a88bd91d21f25a0228935e2c3a86929fb2e135da495bc0196,r2-2e24b84e0a1e-seed20260923
D8_running_mean,running_mean,trial_3,10.0,0.41273809523809524,,,,840,,20260923,2e24b84e0a1e906a88bd91d21f25a0228935e2c3a86929fb2e135da495bc0196,r2-2e24b84e0a1e-seed20260923
D8_change_vs_tolerance,running_change,trial_3,10.0,0.0007539682539682291,,,,840,,20260923,2e24b84e0a1e906a88bd91d21f25a0228935e2c3a86929fb2e135da495bc0196,r2-2e24b84e0a1e-seed20260923
D8_running_mean,running_mean,trial_3,11.0,0.4145021645021645,,,,840,,20260923,2e24b84e0a1e906a88bd91d21f25a0228935e2c3a86929fb2e135da495bc0196,r2-2e24b84e0a1e-seed20260923
D8_change_vs_tolerance,running_change,trial_3,11.0,0.0017640692640692457,,,,840,,20260923,2e24b84e0a1e906a88bd91d21f25a0228935e2c3a86929fb2e135da495bc0196,r2-2e24b84e0a1e-seed20260923
D8_running_mean,running_mean,trial_3,12.0,0.41388888888888886,,,,840,,20260923,2e24b84e0a1e906a88bd91d21f25a0228935e2c3a86929fb2e135da495bc0196,r2-2e24b84e0a1e-seed20260923
D8_change_vs_tolerance,running_change,trial_3,12.0,0.0006132756132756212,,,,840,,20260923,2e24b84e0a1e906a88bd91d21f25a0228935e2c3a86929fb2e135da495bc0196,r2-2e24b84e0a1e-seed20260923
D8_running_mean,running_mean,trial_3,13.0,0.4163919413919414,,,,840,,20260923,2e24b84e0a1e906a88bd91d21f25a0228935e2c3a86929fb2e135da495bc0196,r2-2e24b84e0a1e-seed20260923
D8_change_vs_tolerance,running_change,trial_3,13.0,0.0025030525030525497,,,,840,,20260923,2e24b84e0a1e906a88bd91d21f25a0228935e2c3a86929fb2e135da495bc0196,r2-2e24b84e0a1e-seed20260923
D8_running_mean,running_mean,trial_3,14.0,0.4147959183673469,,,,840,,20260923,2e24b84e0a1e906a88bd91d21f25a0228935e2c3a86929fb2e135da495bc0196,r2-2e24b84e0a1e-seed20260923
D8_change_vs_tolerance,running_change,trial_3,14.0,0.001596023024594495,,,,840,,20260923,2e24b84e0a1e906a88bd91d21f25a0228935e2c3a86929fb2e135da495bc0196,r2-2e24b84e0a1e-seed20260923
D8_running_mean,running_mean,trial_3,15.0,0.4149206349206349,,,,840,,20260923,2e24b84e0a1e906a88bd91d21f25a0228935e2c3a86929fb2e135da495bc0196,r2-2e24b84e0a1e-seed20260923
D8_change_vs_tolerance,running_change,trial_3,15.0,0.0001247165532879957,,,,840,,20260923,2e24b84e0a1e906a88bd91d21f25a0228935e2c3a86929fb2e135da495bc0196,r2-2e24b84e0a1e-seed20260923
D8_running_mean,running_mean,trial_3,16.0,0.41450892857142857,,,,840,,20260923,2e24b84e0a1e906a88bd91d21f25a0228935e2c3a86929fb2e135da495bc0196,r2-2e24b84e0a1e-seed20260923
D8_change_vs_tolerance,running_change,trial_3,16.0,0.0004117063492063422,,,,840,,20260923,2e24b84e0a1e906a88bd91d21f25a0228935e2c3a86929fb2e135da495bc0196,r2-2e24b84e0a1e-seed20260923
D8_running_mean,running_mean,trial_3,17.0,0.4142857142857143,,,,840,,20260923,2e24b84e0a1e906a88bd91d21f25a0228935e2c3a86929fb2e135da495bc0196,r2-2e24b84e0a1e-seed20260923
D8_change_vs_tolerance,running_change,trial_3,17.0,0.00022321428571425717,,,,840,,20260923,2e24b84e0a1e906a88bd91d21f25a0228935e2c3a86929fb2e135da495bc0196,r2-2e24b84e0a1e-seed20260923
D8_running_mean,running_mean,trial_3,18.0,0.41395502645502646,,,,840,,20260923,2e24b84e0a1e906a88bd91d21f25a0228935e2c3a86929fb2e135da495bc0196,r2-2e24b84e0a1e-seed20260923
D8_change_vs_tolerance,running_change,trial_3,18.0,0.000330687830687848,,,,840,,20260923,2e24b84e0a1e906a88bd91d21f25a0228935e2c3a86929fb2e135da495bc0196,r2-2e24b84e0a1e-seed20260923
D8_running_mean,running_mean,trial_3,19.0,0.41353383458646614,,,,840,,20260923,2e24b84e0a1e906a88bd91d21f25a0228935e2c3a86929fb2e135da495bc0196,r2-2e24b84e0a1e-seed20260923
D8_change_vs_tolerance,running_change,trial_3,19.0,0.0004211918685603222,,,,840,,20260923,2e24b84e0a1e906a88bd91d21f25a0228935e2c3a86929fb2e135da495bc0196,r2-2e24b84e0a1e-seed20260923
D8_running_mean,running_mean,trial_3,20.0,0.41410714285714284,,,,840,,20260923,2e24b84e0a1e906a88bd91d21f25a0228935e2c3a86929fb2e135da495bc0196,r2-2e24b84e0a1e-seed20260923
D8_change_vs_tolerance,running_change,trial_3,20.0,0.0005733082706766979,,,,840,,20260923,2e24b84e0a1e906a88bd91d21f25a0228935e2c3a86929fb2e135da495bc0196,r2-2e24b84e0a1e-seed20260923
D8_running_mean,running_mean,trial_3,21.0,0.41502267573696144,,,,840,,20260923,2e24b84e0a1e906a88bd91d21f25a0228935e2c3a86929fb2e135da495bc0196,r2-2e24b84e0a1e-seed20260923
D8_change_vs_tolerance,running_change,trial_3,21.0,0.0009155328798186035,,,,840,,20260923,2e24b84e0a1e906a88bd91d21f25a0228935e2c3a86929fb2e135da495bc0196,r2-2e24b84e0a1e-seed20260923
D8_running_mean,running_mean,trial_3,22.0,0.41504329004329005,,,,840,,20260923,2e24b84e0a1e906a88bd91d21f25a0228935e2c3a86929fb2e135da495bc0196,r2-2e24b84e0a1e-seed20260923
D8_change_vs_tolerance,running_change,trial_3,22.0,2.0614306328603504e-05,,,,840,,20260923,2e24b84e0a1e906a88bd91d21f25a0228935e2c3a86929fb2e135da495bc0196,r2-2e24b84e0a1e-seed20260923
D8_running_mean,running_mean,trial_3,23.0,0.4166149068322981,,,,840,,20260923,2e24b84e0a1e906a88bd91d21f25a0228935e2c3a86929fb2e135da495bc0196,r2-2e24b84e0a1e-seed20260923
D8_change_vs_tolerance,running_change,trial_3,23.0,0.001571616789008079,,,,840,,20260923,2e24b84e0a1e906a88bd91d21f25a0228935e2c3a86929fb2e135da495bc0196,r2-2e24b84e0a1e-seed20260923
D8_running_mean,running_mean,trial_3,24.0,0.41691468253968256,,,,840,,20260923,2e24b84e0a1e906a88bd91d21f25a0228935e2c3a86929fb2e135da495bc0196,r2-2e24b84e0a1e-seed20260923
D8_change_vs_tolerance,running_change,trial_3,24.0,0.00029977570738443093,,,,840,,20260923,2e24b84e0a1e906a88bd91d21f25a0228935e2c3a86929fb2e135da495bc0196,r2-2e24b84e0a1e-seed20260923
D8_running_mean,running_mean,trial_3,25.0,0.41623809523809524,,,,840,,20260923,2e24b84e0a1e906a88bd91d21f25a0228935e2c3a86929fb2e135da495bc0196,r2-2e24b84e0a1e-seed20260923
D8_change_vs_tolerance,running_change,trial_3,25.0,0.000676587301587317,,,,840,,20260923,2e24b84e0a1e906a88bd91d21f25a0228935e2c3a86929fb2e135da495bc0196,r2-2e24b84e0a1e-seed20260923
D8_running_mean,running_mean,trial_3,26.0,0.4159798534798535,,,,840,,20260923,2e24b84e0a1e906a88bd91d21f25a0228935e2c3a86929fb2e135da495bc0196,r2-2e24b84e0a1e-seed20260923
D8_change_vs_tolerance,running_change,trial_3,26.0,0.00025824175824173956,,,,840,,20260923,2e24b84e0a1e906a88bd91d21f25a0228935e2c3a86929fb2e135da495bc0196,r2-2e24b84e0a1e-seed20260923
D8_running_mean,running_mean,trial_3,27.0,0.4162698412698413,,,,840,,20260923,2e24b84e0a1e906a88bd91d21f25a0228935e2c3a86929fb2e135da495bc0196,r2-2e24b84e0a1e-seed20260923
D8_change_vs_tolerance,running_change,trial_3,27.0,0.00028998778998778896,,,,840,,20260923,2e24b84e0a1e906a88bd91d21f25a0228935e2c3a86929fb2e135da495bc0196,r2-2e24b84e0a1e-seed20260923
D8_running_mean,running_mean,trial_3,28.0,0.4146683673469388,,,,840,,20260923,2e24b84e0a1e906a88bd91d21f25a0228935e2c3a86929fb2e135da495bc0196,r2-2e24b84e0a1e-seed20260923
D8_change_vs_tolerance,running_change,trial_3,28.0,0.0016014739229024966,,,,840,,20260923,2e24b84e0a1e906a88bd91d21f25a0228935e2c3a86929fb2e135da495bc0196,r2-2e24b84e0a1e-seed20260923
D8_running_mean,running_mean,trial_3,29.0,0.41391625615763544,,,,840,,20260923,2e24b84e0a1e906a88bd91d21f25a0228935e2c3a86929fb2e135da495bc0196,r2-2e24b84e0a1e-seed20260923
D8_change_vs_tolerance,running_change,trial_3,29.0,0.0007521111893033505,,,,840,,20260923,2e24b84e0a1e906a88bd91d21f25a0228935e2c3a86929fb2e135da495bc0196,r2-2e24b84e0a1e-seed20260923
D8_running_mean,running_mean,trial_3,30.0,0.41333333333333333,,,,840,,20260923,2e24b84e0a1e906a88bd91d21f25a0228935e2c3a86929fb2e135da495bc0196,r2-2e24b84e0a1e-seed20260923
D8_change_vs_tolerance,running_change,trial_3,30.0,0.0005829228243021123,,,,840,,20260923,2e24b84e0a1e906a88bd91d21f25a0228935e2c3a86929fb2e135da495bc0196,r2-2e24b84e0a1e-seed20260923
D8_running_mean,running_mean,trial_3,31.0,0.41351766513056837,,,,840,,20260923,2e24b84e0a1e906a88bd91d21f25a0228935e2c3a86929fb2e135da495bc0196,r2-2e24b84e0a1e-seed20260923
D8_change_vs_tolerance,running_change,trial_3,31.0,0.0001843317972350378,,,,840,,20260923,2e24b84e0a1e906a88bd91d21f25a0228935e2c3a86929fb2e135da495bc0196,r2-2e24b84e0a1e-seed20260923
D8_running_mean,running_mean,trial_3,32.0,0.4134300595238095,,,,840,,20260923,2e24b84e0a1e906a88bd91d21f25a0228935e2c3a86929fb2e135da495bc0196,r2-2e24b84e0a1e-seed20260923
D8_change_vs_tolerance,running_change,trial_3,32.0,8.760560675885598e-05,,,,840,,20260923,2e24b84e0a1e906a88bd91d21f25a0228935e2c3a86929fb2e135da495bc0196,r2-2e24b84e0a1e-seed20260923
D8_running_mean,running_mean,trial_3,33.0,0.41388888888888886,,,,840,,20260923,2e24b84e0a1e906a88bd91d21f25a0228935e2c3a86929fb2e135da495bc0196,r2-2e24b84e0a1e-seed20260923
D8_change_vs_tolerance,running_change,trial_3,33.0,0.00045882936507934957,,,,840,,20260923,2e24b84e0a1e906a88bd91d21f25a0228935e2c3a86929fb2e135da495bc0196,r2-2e24b84e0a1e-seed20260923
D8_running_mean,running_mean,trial_3,34.0,0.41351540616246496,,,,840,,20260923,2e24b84e0a1e906a88bd91d21f25a0228935e2c3a86929fb2e135da495bc0196,r2-2e24b84e0a1e-seed20260923
D8_change_vs_tolerance,running_change,trial_3,34.0,0.00037348272642390157,,,,840,,20260923,2e24b84e0a1e906a88bd91d21f25a0228935e2c3a86929fb2e135da495bc0196,r2-2e24b84e0a1e-seed20260923
D8_running_mean,running_mean,trial_3,35.0,0.41275510204081634,,,,840,,20260923,2e24b84e0a1e906a88bd91d21f25a0228935e2c3a86929fb2e135da495bc0196,r2-2e24b84e0a1e-seed20260923
D8_change_vs_tolerance,running_change,trial_3,35.0,0.000760304121648625,,,,840,,20260923,2e24b84e0a1e906a88bd91d21f25a0228935e2c3a86929fb2e135da495bc0196,r2-2e24b84e0a1e-seed20260923
D8_running_mean,running_mean,trial_3,36.0,0.4123677248677249,,,,840,,20260923,2e24b84e0a1e906a88bd91d21f25a0228935e2c3a86929fb2e135da495bc0196,r2-2e24b84e0a1e-seed20260923
D8_change_vs_tolerance,running_change,trial_3,36.0,0.00038737717309145214,,,,840,,20260923,2e24b84e0a1e906a88bd91d21f25a0228935e2c3a86929fb2e135da495bc0196,r2-2e24b84e0a1e-seed20260923
D8_running_mean,running_mean,trial_3,37.0,0.4131917631917632,,,,840,,20260923,2e24b84e0a1e906a88bd91d21f25a0228935e2c3a86929fb2e135da495bc0196,r2-2e24b84e0a1e-seed20260923
D8_change_vs_tolerance,running_change,trial_3,37.0,0.0008240383240383231,,,,840,,20260923,2e24b84e0a1e906a88bd91d21f25a0228935e2c3a86929fb2e135da495bc0196,r2-2e24b84e0a1e-seed20260923
D8_running_mean,running_mean,trial_3,38.0,0.41369047619047616,,,,840,,20260923,2e24b84e0a1e906a88bd91d21f25a0228935e2c3a86929fb2e135da495bc0196,r2-2e24b84e0a1e-seed20260923
D8_change_vs_tolerance,running_change,trial_3,38.0,0.0004987129987129579,,,,840,,20260923,2e24b84e0a1e906a88bd91d21f25a0228935e2c3a86929fb2e135da495bc0196,r2-2e24b84e0a1e-seed20260923
D8_running_mean,running_mean,trial_3,39.0,0.4135531135531135,,,,840,,20260923,2e24b84e0a1e906a88bd91d21f25a0228935e2c3a86929fb2e135da495bc0196,r2-2e24b84e0a1e-seed20260923
D8_change_vs_tolerance,running_change,trial_3,39.0,0.00013736263736263687,,,,840,,20260923,2e24b84e0a1e906a88bd91d21f25a0228935e2c3a86929fb2e135da495bc0196,r2-2e24b84e0a1e-seed20260923
D8_running_mean,running_mean,trial_3,40.0,0.4131547619047619,,,,840,,20260923,2e24b84e0a1e906a88bd91d21f25a0228935e2c3a86929fb2e135da495bc0196,r2-2e24b84e0a1e-seed20260923
D8_change_vs_tolerance,running_change,trial_3,40.0,0.00039835164835161363,,,,840,,20260923,2e24b84e0a1e906a88bd91d21f25a0228935e2c3a86929fb2e135da495bc0196,r2-2e24b84e0a1e-seed20260923
D8_running_mean,running_mean,trial_3,41.0,0.41300813008130083,,,,840,,20260923,2e24b84e0a1e906a88bd91d21f25a0228935e2c3a86929fb2e135da495bc0196,r2-2e24b84e0a1e-seed20260923
D8_change_vs_tolerance,running_change,trial_3,41.0,0.00014663182346108528,,,,840,,20260923,2e24b84e0a1e906a88bd91d21f25a0228935e2c3a86929fb2e135da495bc0196,r2-2e24b84e0a1e-seed20260923
D8_running_mean,running_mean,trial_3,42.0,0.41315192743764173,,,,840,,20260923,2e24b84e0a1e906a88bd91d21f25a0228935e2c3a86929fb2e135da495bc0196,r2-2e24b84e0a1e-seed20260923
D8_change_vs_tolerance,running_change,trial_3,42.0,0.0001437973563409023,,,,840,,20260923,2e24b84e0a1e906a88bd91d21f25a0228935e2c3a86929fb2e135da495bc0196,r2-2e24b84e0a1e-seed20260923
D8_running_mean,running_mean,trial_3,43.0,0.4134551495016611,,,,840,,20260923,2e24b84e0a1e906a88bd91d21f25a0228935e2c3a86929fb2e135da495bc0196,r2-2e24b84e0a1e-seed20260923
D8_change_vs_tolerance,running_change,trial_3,43.0,0.0003032220640193928,,,,840,,20260923,2e24b84e0a1e906a88bd91d21f25a0228935e2c3a86929fb2e135da495bc0196,r2-2e24b84e0a1e-seed20260923
D8_running_mean,running_mean,trial_3,44.0,0.41304112554112554,,,,840,,20260923,2e24b84e0a1e906a88bd91d21f25a0228935e2c3a86929fb2e135da495bc0196,r2-2e24b84e0a1e-seed20260923
D8_change_vs_tolerance,running_change,trial_3,44.0,0.0004140239605355811,,,,840,,20260923,2e24b84e0a1e906a88bd91d21f25a0228935e2c3a86929fb2e135da495bc0196,r2-2e24b84e0a1e-seed20260923
D8_running_mean,running_mean,trial_3,45.0,0.4133068783068783,,,,840,,20260923,2e24b84e0a1e906a88bd91d21f25a0228935e2c3a86929fb2e135da495bc0196,r2-2e24b84e0a1e-seed20260923
D8_change_vs_tolerance,running_change,trial_3,45.0,0.000265752765752747,,,,840,,20260923,2e24b84e0a1e906a88bd91d21f25a0228935e2c3a86929fb2e135da495bc0196,r2-2e24b84e0a1e-seed20260923
D8_running_mean,running_mean,trial_3,46.0,0.4144151138716356,,,,840,,20260923,2e24b84e0a1e906a88bd91d21f25a0228935e2c3a86929fb2e135da495bc0196,r2-2e24b84e0a1e-seed20260923
D8_change_vs_tolerance,running_change,trial_3,46.0,0.0011082355647573094,,,,840,,20260923,2e24b84e0a1e906a88bd91d21f25a0228935e2c3a86929fb2e135da495bc0196,r2-2e24b84e0a1e-seed20260923
D8_running_mean,running_mean,trial_3,47.0,0.414209726443769,,,,840,,20260923,2e24b84e0a1e906a88bd91d21f25a0228935e2c3a86929fb2e135da495bc0196,r2-2e24b84e0a1e-seed20260923
D8_change_vs_tolerance,running_change,trial_3,47.0,0.00020538742786657682,,,,840,,20260923,2e24b84e0a1e906a88bd91d21f25a0228935e2c3a86929fb2e135da495bc0196,r2-2e24b84e0a1e-seed20260923
D8_running_mean,running_mean,trial_3,48.0,0.4139136904761905,,,,840,,20260923,2e24b84e0a1e906a88bd91d21f25a0228935e2c3a86929fb2e135da495bc0196,r2-2e24b84e0a1e-seed20260923
D8_change_vs_tolerance,running_change,trial_3,48.0,0.0002960359675785451,,,,840,,20260923,2e24b84e0a1e906a88bd91d21f25a0228935e2c3a86929fb2e135da495bc0196,r2-2e24b84e0a1e-seed20260923
D8_running_mean,running_mean,trial_3,49.0,0.41379980563654034,,,,840,,20260923,2e24b84e0a1e906a88bd91d21f25a0228935e2c3a86929fb2e135da495bc0196,r2-2e24b84e0a1e-seed20260923
D8_change_vs_tolerance,running_change,trial_3,49.0,0.00011388483965013574,,,,840,,20260923,2e24b84e0a1e906a88bd91d21f25a0228935e2c3a86929fb2e135da495bc0196,r2-2e24b84e0a1e-seed20260923
D8_running_mean,running_mean,trial_3,50.0,0.41404761904761905,,,,840,,20260923,2e24b84e0a1e906a88bd91d21f25a0228935e2c3a86929fb2e135da495bc0196,r2-2e24b84e0a1e-seed20260923
D8_change_vs_tolerance,running_change,trial_3,50.0,0.00024781341107871224,,,,840,,20260923,2e24b84e0a1e906a88bd91d21f25a0228935e2c3a86929fb2e135da495bc0196,r2-2e24b84e0a1e-seed20260923
D8_running_mean,running_mean,trial_3,51.0,0.4137488328664799,,,,840,,20260923,2e24b84e0a1e906a88bd91d21f25a0228935e2c3a86929fb2e135da495bc0196,r2-2e24b84e0a1e-seed20260923
D8_change_vs_tolerance,running_change,trial_3,51.0,0.00029878618113915456,,,,840,,20260923,2e24b84e0a1e906a88bd91d21f25a0228935e2c3a86929fb2e135da495bc0196,r2-2e24b84e0a1e-seed20260923
D8_running_mean,running_mean,trial_3,52.0,0.4133928571428571,,,,840,,20260923,2e24b84e0a1e906a88bd91d21f25a0228935e2c3a86929fb2e135da495bc0196,r2-2e24b84e0a1e-seed20260923
D8_change_vs_tolerance,running_change,trial_3,52.0,0.0003559757236227812,,,,840,,20260923,2e24b84e0a1e906a88bd91d21f25a0228935e2c3a86929fb2e135da495bc0196,r2-2e24b84e0a1e-seed20260923
D8_running_mean,running_mean,trial_3,53.0,0.4133872416891285,,,,840,,20260923,2e24b84e0a1e906a88bd91d21f25a0228935e2c3a86929fb2e135da495bc0196,r2-2e24b84e0a1e-seed20260923
D8_change_vs_tolerance,running_change,trial_3,53.0,5.6154537286245976e-06,,,,840,,20260923,2e24b84e0a1e906a88bd91d21f25a0228935e2c3a86929fb2e135da495bc0196,r2-2e24b84e0a1e-seed20260923
D8_running_mean,running_mean,trial_3,54.0,0.41355820105820107,,,,840,,20260923,2e24b84e0a1e906a88bd91d21f25a0228935e2c3a86929fb2e135da495bc0196,r2-2e24b84e0a1e-seed20260923
D8_change_vs_tolerance,running_change,trial_3,54.0,0.00017095936907257636,,,,840,,20260923,2e24b84e0a1e906a88bd91d21f25a0228935e2c3a86929fb2e135da495bc0196,r2-2e24b84e0a1e-seed20260923
D8_running_mean,running_mean,trial_3,55.0,0.41354978354978356,,,,840,,20260923,2e24b84e0a1e906a88bd91d21f25a0228935e2c3a86929fb2e135da495bc0196,r2-2e24b84e0a1e-seed20260923
D8_change_vs_tolerance,running_change,trial_3,55.0,8.417508417513098e-06,,,,840,,20260923,2e24b84e0a1e906a88bd91d21f25a0228935e2c3a86929fb2e135da495bc0196,r2-2e24b84e0a1e-seed20260923
D8_running_mean,running_mean,trial_3,56.0,0.41354166666666664,,,,840,,20260923,2e24b84e0a1e906a88bd91d21f25a0228935e2c3a86929fb2e135da495bc0196,r2-2e24b84e0a1e-seed20260923
D8_change_vs_tolerance,running_change,trial_3,56.0,8.116883116915385e-06,,,,840,,20260923,2e24b84e0a1e906a88bd91d21f25a0228935e2c3a86929fb2e135da495bc0196,r2-2e24b84e0a1e-seed20260923
D8_running_mean,running_mean,trial_3,57.0,0.4130534670008354,,,,840,,20260923,2e24b84e0a1e906a88bd91d21f25a0228935e2c3a86929fb2e135da495bc0196,r2-2e24b84e0a1e-seed20260923
D8_change_vs_tolerance,running_change,trial_3,57.0,0.00048819966583124597,,,,840,,20260923,2e24b84e0a1e906a88bd91d21f25a0228935e2c3a86929fb2e135da495bc0196,r2-2e24b84e0a1e-seed20260923
D8_running_mean,running_mean,trial_3,58.0,0.41229474548440065,,,,840,,20260923,2e24b84e0a1e906a88bd91d21f25a0228935e2c3a86929fb2e135da495bc0196,r2-2e24b84e0a1e-seed20260923
D8_change_vs_tolerance,running_change,trial_3,58.0,0.0007587215164347461,,,,840,,20260923,2e24b84e0a1e906a88bd91d21f25a0228935e2c3a86929fb2e135da495bc0196,r2-2e24b84e0a1e-seed20260923
D8_running_mean,running_mean,trial_3,59.0,0.41232849071832123,,,,840,,20260923,2e24b84e0a1e906a88bd91d21f25a0228935e2c3a86929fb2e135da495bc0196,r2-2e24b84e0a1e-seed20260923
D8_change_vs_tolerance,running_change,trial_3,59.0,3.374523392057904e-05,,,,840,,20260923,2e24b84e0a1e906a88bd91d21f25a0228935e2c3a86929fb2e135da495bc0196,r2-2e24b84e0a1e-seed20260923
D8_running_mean,running_mean,trial_3,60.0,0.41192460317460317,,,,840,,20260923,2e24b84e0a1e906a88bd91d21f25a0228935e2c3a86929fb2e135da495bc0196,r2-2e24b84e0a1e-seed20260923
D8_change_vs_tolerance,running_change,trial_3,60.0,0.00040388754371806224,,,,840,,20260923,2e24b84e0a1e906a88bd91d21f25a0228935e2c3a86929fb2e135da495bc0196,r2-2e24b84e0a1e-seed20260923
D8_running_mean,running_mean,trial_3,61.0,0.41208040593286493,,,,840,,20260923,2e24b84e0a1e906a88bd91d21f25a0228935e2c3a86929fb2e135da495bc0196,r2-2e24b84e0a1e-seed20260923
D8_change_vs_tolerance,running_change,trial_3,61.0,0.00015580275826176937,,,,840,,20260923,2e24b84e0a1e906a88bd91d21f25a0228935e2c3a86929fb2e135da495bc0196,r2-2e24b84e0a1e-seed20260923
D8_running_mean,running_mean,trial_3,62.0,0.4115975422427035,,,,840,,20260923,2e24b84e0a1e906a88bd91d21f25a0228935e2c3a86929fb2e135da495bc0196,r2-2e24b84e0a1e-seed20260923
D8_change_vs_tolerance,running_change,trial_3,62.0,0.00048286369016142805,,,,840,,20260923,2e24b84e0a1e906a88bd91d21f25a0228935e2c3a86929fb2e135da495bc0196,r2-2e24b84e0a1e-seed20260923
D8_running_mean,running_mean,trial_3,63.0,0.41114890400604687,,,,840,,20260923,2e24b84e0a1e906a88bd91d21f25a0228935e2c3a86929fb2e135da495bc0196,r2-2e24b84e0a1e-seed20260923
D8_change_vs_tolerance,running_change,trial_3,63.0,0.00044863823665663993,,,,840,,20260923,2e24b84e0a1e906a88bd91d21f25a0228935e2c3a86929fb2e135da495bc0196,r2-2e24b84e0a1e-seed20260923
D8_running_mean,running_mean,trial_3,64.0,0.4106956845238095,,,,840,,20260923,2e24b84e0a1e906a88bd91d21f25a0228935e2c3a86929fb2e135da495bc0196,r2-2e24b84e0a1e-seed20260923
D8_change_vs_tolerance,running_change,trial_3,64.0,0.00045321948223736586,,,,840,,20260923,2e24b84e0a1e906a88bd91d21f25a0228935e2c3a86929fb2e135da495bc0196,r2-2e24b84e0a1e-seed20260923
D8_running_mean,running_mean,trial_3,65.0,0.4106043956043956,,,,840,,20260923,2e24b84e0a1e906a88bd91d21f25a0228935e2c3a86929fb2e135da495bc0196,r2-2e24b84e0a1e-seed20260923
D8_change_vs_tolerance,running_change,trial_3,65.0,9.128891941390105e-05,,,,840,,20260923,2e24b84e0a1e906a88bd91d21f25a0228935e2c3a86929fb2e135da495bc0196,r2-2e24b84e0a1e-seed20260923
D8_running_mean,running_mean,trial_3,66.0,0.41069624819624817,,,,840,,20260923,2e24b84e0a1e906a88bd91d21f25a0228935e2c3a86929fb2e135da495bc0196,r2-2e24b84e0a1e-seed20260923
D8_change_vs_tolerance,running_change,trial_3,66.0,9.185259185257033e-05,,,,840,,20260923,2e24b84e0a1e906a88bd91d21f25a0228935e2c3a86929fb2e135da495bc0196,r2-2e24b84e0a1e-seed20260923
D8_running_mean,running_mean,trial_3,67.0,0.41064321250888414,,,,840,,20260923,2e24b84e0a1e906a88bd91d21f25a0228935e2c3a86929fb2e135da495bc0196,r2-2e24b84e0a1e-seed20260923
D8_change_vs_tolerance,running_change,trial_3,67.0,5.3035687364033635e-05,,,,840,,20260923,2e24b84e0a1e906a88bd91d21f25a0228935e2c3a86929fb2e135da495bc0196,r2-2e24b84e0a1e-seed20260923
D8_running_mean,running_mean,trial_3,68.0,0.4107142857142857,,,,840,,20260923,2e24b84e0a1e906a88bd91d21f25a0228935e2c3a86929fb2e135da495bc0196,r2-2e24b84e0a1e-seed20260923
D8_change_vs_tolerance,running_change,trial_3,68.0,7.10732054015617e-05,,,,840,,20260923,2e24b84e0a1e906a88bd91d21f25a0228935e2c3a86929fb2e135da495bc0196,r2-2e24b84e0a1e-seed20260923
D8_running_mean,running_mean,trial_3,69.0,0.41033471359558316,,,,840,,20260923,2e24b84e0a1e906a88bd91d21f25a0228935e2c3a86929fb2e135da495bc0196,r2-2e24b84e0a1e-seed20260923
D8_change_vs_tolerance,running_change,trial_3,69.0,0.0003795721187025425,,,,840,,20260923,2e24b84e0a1e906a88bd91d21f25a0228935e2c3a86929fb2e135da495bc0196,r2-2e24b84e0a1e-seed20260923
D8_running_mean,running_mean,trial_3,70.0,0.4101700680272109,,,,840,,20260923,2e24b84e0a1e906a88bd91d21f25a0228935e2c3a86929fb2e135da495bc0196,r2-2e24b84e0a1e-seed20260923
D8_change_vs_tolerance,running_change,trial_3,70.0,0.00016464556837225697,,,,840,,20260923,2e24b84e0a1e906a88bd91d21f25a0228935e2c3a86929fb2e135da495bc0196,r2-2e24b84e0a1e-seed20260923
D8_running_mean,running_mean,trial_3,71.0,0.41027833668678737,,,,840,,20260923,2e24b84e0a1e906a88bd91d21f25a0228935e2c3a86929fb2e135da495bc0196,r2-2e24b84e0a1e-seed20260923
D8_change_vs_tolerance,running_change,trial_3,71.0,0.00010826865957647147,,,,840,,20260923,2e24b84e0a1e906a88bd91d21f25a0228935e2c3a86929fb2e135da495bc0196,r2-2e24b84e0a1e-seed20260923
D8_running_mean,running_mean,trial_3,72.0,0.410515873015873,,,,840,,20260923,2e24b84e0a1e906a88bd91d21f25a0228935e2c3a86929fb2e135da495bc0196,r2-2e24b84e0a1e-seed20260923
D8_change_vs_tolerance,running_change,trial_3,72.0,0.00023753632908563027,,,,840,,20260923,2e24b84e0a1e906a88bd91d21f25a0228935e2c3a86929fb2e135da495bc0196,r2-2e24b84e0a1e-seed20260923
D8_running_mean,running_mean,trial_3,73.0,0.41043705153294197,,,,840,,20260923,2e24b84e0a1e906a88bd91d21f25a0228935e2c3a86929fb2e135da495bc0196,r2-2e24b84e0a1e-seed20260923
D8_change_vs_tolerance,running_change,trial_3,73.0,7.882148293103519e-05,,,,840,,20260923,2e24b84e0a1e906a88bd91d21f25a0228935e2c3a86929fb2e135da495bc0196,r2-2e24b84e0a1e-seed20260923
D8_running_mean,running_mean,trial_3,74.0,0.41047297297297297,,,,840,,20260923,2e24b84e0a1e906a88bd91d21f25a0228935e2c3a86929fb2e135da495bc0196,r2-2e24b84e0a1e-seed20260923
D8_change_vs_tolerance,running_change,trial_3,74.0,3.592144003100595e-05,,,,840,,20260923,2e24b84e0a1e906a88bd91d21f25a0228935e2c3a86929fb2e135da495bc0196,r2-2e24b84e0a1e-seed20260923
D8_running_mean,running_mean,trial_3,75.0,0.41093650793650793,,,,840,,20260923,2e24b84e0a1e906a88bd91d21f25a0228935e2c3a86929fb2e135da495bc0196,r2-2e24b84e0a1e-seed20260923
D8_change_vs_tolerance,running_change,trial_3,75.0,0.0004635349635349617,,,,840,,20260923,2e24b84e0a1e906a88bd91d21f25a0228935e2c3a86929fb2e135da495bc0196,r2-2e24b84e0a1e-seed20260923
D8_running_mean,running_mean,trial_3,76.0,0.4110588972431078,,,,840,,20260923,2e24b84e0a1e906a88bd91d21f25a0228935e2c3a86929fb2e135da495bc0196,r2-2e24b84e0a1e-seed20260923
D8_change_vs_tolerance,running_change,trial_3,76.0,0.00012238930659985714,,,,840,,20260923,2e24b84e0a1e906a88bd91d21f25a0228935e2c3a86929fb2e135da495bc0196,r2-2e24b84e0a1e-seed20260923
D8_running_mean,running_mean,trial_3,77.0,0.4109925788497217,,,,840,,20260923,2e24b84e0a1e906a88bd91d21f25a0228935e2c3a86929fb2e135da495bc0196,r2-2e24b84e0a1e-seed20260923
D8_change_vs_tolerance,running_change,trial_3,77.0,6.631839338611112e-05,,,,840,,20260923,2e24b84e0a1e906a88bd91d21f25a0228935e2c3a86929fb2e135da495bc0196,r2-2e24b84e0a1e-seed20260923
D8_running_mean,running_mean,trial_3,78.0,0.4109126984126984,,,,840,,20260923,2e24b84e0a1e906a88bd91d21f25a0228935e2c3a86929fb2e135da495bc0196,r2-2e24b84e0a1e-seed20260923
D8_change_vs_tolerance,running_change,trial_3,78.0,7.988043702328307e-05,,,,840,,20260923,2e24b84e0a1e906a88bd91d21f25a0228935e2c3a86929fb2e135da495bc0196,r2-2e24b84e0a1e-seed20260923
D8_running_mean,running_mean,trial_3,79.0,0.41053345388788426,,,,840,,20260923,2e24b84e0a1e906a88bd91d21f25a0228935e2c3a86929fb2e135da495bc0196,r2-2e24b84e0a1e-seed20260923
D8_change_vs_tolerance,running_change,trial_3,79.0,0.0003792445248141374,,,,840,,20260923,2e24b84e0a1e906a88bd91d21f25a0228935e2c3a86929fb2e135da495bc0196,r2-2e24b84e0a1e-seed20260923
D8_running_mean,running_mean,trial_3,80.0,0.41072916666666665,,,,840,,20260923,2e24b84e0a1e906a88bd91d21f25a0228935e2c3a86929fb2e135da495bc0196,r2-2e24b84e0a1e-seed20260923
D8_change_vs_tolerance,running_change,trial_3,80.0,0.00019571277878238647,,,,840,,20260923,2e24b84e0a1e906a88bd91d21f25a0228935e2c3a86929fb2e135da495bc0196,r2-2e24b84e0a1e-seed20260923
D8_running_mean,running_mean,trial_3,81.0,0.4110523221634333,,,,840,,20260923,2e24b84e0a1e906a88bd91d21f25a0228935e2c3a86929fb2e135da495bc0196,r2-2e24b84e0a1e-seed20260923
D8_change_vs_tolerance,running_change,trial_3,81.0,0.00032315549676664723,,,,840,,20260923,2e24b84e0a1e906a88bd91d21f25a0228935e2c3a86929fb2e135da495bc0196,r2-2e24b84e0a1e-seed20260923
D8_running_mean,running_mean,trial_3,82.0,0.41103368176538907,,,,840,,20260923,2e24b84e0a1e906a88bd91d21f25a0228935e2c3a86929fb2e135da495bc0196,r2-2e24b84e0a1e-seed20260923
D8_change_vs_tolerance,running_change,trial_3,82.0,1.8640398044222906e-05,,,,840,,20260923,2e24b84e0a1e906a88bd91d21f25a0228935e2c3a86929fb2e135da495bc0196,r2-2e24b84e0a1e-seed20260923
D8_running_mean,running_mean,trial_3,83.0,0.41124497991967873,,,,840,,20260923,2e24b84e0a1e906a88bd91d21f25a0228935e2c3a86929fb2e135da495bc0196,r2-2e24b84e0a1e-seed20260923
D8_change_vs_tolerance,running_change,trial_3,83.0,0.00021129815428966303,,,,840,,20260923,2e24b84e0a1e906a88bd91d21f25a0228935e2c3a86929fb2e135da495bc0196,r2-2e24b84e0a1e-seed20260923
D8_running_mean,running_mean,trial_3,84.0,0.4114937641723356,,,,840,,20260923,2e24b84e0a1e906a88bd91d21f25a0228935e2c3a86929fb2e135da495bc0196,r2-2e24b84e0a1e-seed20260923
D8_change_vs_tolerance,running_change,trial_3,84.0,0.0002487842526568418,,,,840,,20260923,2e24b84e0a1e906a88bd91d21f25a0228935e2c3a86929fb2e135da495bc0196,r2-2e24b84e0a1e-seed20260923
D8_running_mean,running_mean,trial_3,85.0,0.4114985994397759,,,,840,,20260923,2e24b84e0a1e906a88bd91d21f25a0228935e2c3a86929fb2e135da495bc0196,r2-2e24b84e0a1e-seed20260923
D8_change_vs_tolerance,running_change,trial_3,85.0,4.835267440328472e-06,,,,840,,20260923,2e24b84e0a1e906a88bd91d21f25a0228935e2c3a86929fb2e135da495bc0196,r2-2e24b84e0a1e-seed20260923
D8_running_mean,running_mean,trial_3,86.0,0.41164174972314505,,,,840,,20260923,2e24b84e0a1e906a88bd91d21f25a0228935e2c3a86929fb2e135da495bc0196,r2-2e24b84e0a1e-seed20260923
D8_change_vs_tolerance,running_change,trial_3,86.0,0.00014315028336914226,,,,840,,20260923,2e24b84e0a1e906a88bd91d21f25a0228935e2c3a86929fb2e135da495bc0196,r2-2e24b84e0a1e-seed20260923
D8_running_mean,running_mean,trial_3,87.0,0.41146688560481665,,,,840,,20260923,2e24b84e0a1e906a88bd91d21f25a0228935e2c3a86929fb2e135da495bc0196,r2-2e24b84e0a1e-seed20260923
D8_change_vs_tolerance,running_change,trial_3,87.0,0.00017486411832839943,,,,840,,20260923,2e24b84e0a1e906a88bd91d21f25a0228935e2c3a86929fb2e135da495bc0196,r2-2e24b84e0a1e-seed20260923
D8_running_mean,running_mean,trial_3,88.0,0.411620670995671,,,,840,,20260923,2e24b84e0a1e906a88bd91d21f25a0228935e2c3a86929fb2e135da495bc0196,r2-2e24b84e0a1e-seed20260923
D8_change_vs_tolerance,running_change,trial_3,88.0,0.00015378539085436627,,,,840,,20260923,2e24b84e0a1e906a88bd91d21f25a0228935e2c3a86929fb2e135da495bc0196,r2-2e24b84e0a1e-seed20260923
D8_running_mean,running_mean,trial_3,89.0,0.4116506153023007,,,,840,,20260923,2e24b84e0a1e906a88bd91d21f25a0228935e2c3a86929fb2e135da495bc0196,r2-2e24b84e0a1e-seed20260923
D8_change_vs_tolerance,running_change,trial_3,89.0,2.994430662967007e-05,,,,840,,20260923,2e24b84e0a1e906a88bd91d21f25a0228935e2c3a86929fb2e135da495bc0196,r2-2e24b84e0a1e-seed20260923
D8_running_mean,running_mean,trial_3,90.0,0.4117195767195767,,,,840,,20260923,2e24b84e0a1e906a88bd91d21f25a0228935e2c3a86929fb2e135da495bc0196,r2-2e24b84e0a1e-seed20260923
D8_change_vs_tolerance,running_change,trial_3,90.0,6.896141727602556e-05,,,,840,,20260923,2e24b84e0a1e906a88bd91d21f25a0228935e2c3a86929fb2e135da495bc0196,r2-2e24b84e0a1e-seed20260923
D8_running_mean,running_mean,trial_3,91.0,0.4118131868131868,,,,840,,20260923,2e24b84e0a1e906a88bd91d21f25a0228935e2c3a86929fb2e135da495bc0196,r2-2e24b84e0a1e-seed20260923
D8_change_vs_tolerance,running_change,trial_3,91.0,9.361009361008588e-05,,,,840,,20260923,2e24b84e0a1e906a88bd91d21f25a0228935e2c3a86929fb2e135da495bc0196,r2-2e24b84e0a1e-seed20260923
D8_running_mean,running_mean,trial_3,92.0,0.41172360248447204,,,,840,,20260923,2e24b84e0a1e906a88bd91d21f25a0228935e2c3a86929fb2e135da495bc0196,r2-2e24b84e0a1e-seed20260923
D8_change_vs_tolerance,running_change,trial_3,92.0,8.958432871475352e-05,,,,840,,20260923,2e24b84e0a1e906a88bd91d21f25a0228935e2c3a86929fb2e135da495bc0196,r2-2e24b84e0a1e-seed20260923
D8_running_mean,running_mean,trial_3,93.0,0.4115463389656938,,,,840,,20260923,2e24b84e0a1e906a88bd91d21f25a0228935e2c3a86929fb2e135da495bc0196,r2-2e24b84e0a1e-seed20260923
D8_change_vs_tolerance,running_change,trial_3,93.0,0.00017726351877822566,,,,840,,20260923,2e24b84e0a1e906a88bd91d21f25a0228935e2c3a86929fb2e135da495bc0196,r2-2e24b84e0a1e-seed20260923
D8_running_mean,running_mean,trial_3,94.0,0.41142350557244173,,,,840,,20260923,2e24b84e0a1e906a88bd91d21f25a0228935e2c3a86929fb2e135da495bc0196,r2-2e24b84e0a1e-seed20260923
D8_change_vs_tolerance,running_change,trial_3,94.0,0.00012283339325208642,,,,840,,20260923,2e24b84e0a1e906a88bd91d21f25a0228935e2c3a86929fb2e135da495bc0196,r2-2e24b84e0a1e-seed20260923
D8_running_mean,running_mean,trial_3,95.0,0.41174185463659146,,,,840,,20260923,2e24b84e0a1e906a88bd91d21f25a0228935e2c3a86929fb2e135da495bc0196,r2-2e24b84e0a1e-seed20260923
D8_change_vs_tolerance,running_change,trial_3,95.0,0.0003183490641497366,,,,840,,20260923,2e24b84e0a1e906a88bd91d21f25a0228935e2c3a86929fb2e135da495bc0196,r2-2e24b84e0a1e-seed20260923
D8_running_mean,running_mean,trial_3,96.0,0.41180555555555554,,,,840,,20260923,2e24b84e0a1e906a88bd91d21f25a0228935e2c3a86929fb2e135da495bc0196,r2-2e24b84e0a1e-seed20260923
D8_change_vs_tolerance,running_change,trial_3,96.0,6.370091896407137e-05,,,,840,,20260923,2e24b84e0a1e906a88bd91d21f25a0228935e2c3a86929fb2e135da495bc0196,r2-2e24b84e0a1e-seed20260923
D8_running_mean,running_mean,trial_3,97.0,0.4113892979872361,,,,840,,20260923,2e24b84e0a1e906a88bd91d21f25a0228935e2c3a86929fb2e135da495bc0196,r2-2e24b84e0a1e-seed20260923
D8_change_vs_tolerance,running_change,trial_3,97.0,0.0004162575683194225,,,,840,,20260923,2e24b84e0a1e906a88bd91d21f25a0228935e2c3a86929fb2e135da495bc0196,r2-2e24b84e0a1e-seed20260923
D8_running_mean,running_mean,trial_3,98.0,0.4113945578231292,,,,840,,20260923,2e24b84e0a1e906a88bd91d21f25a0228935e2c3a86929fb2e135da495bc0196,r2-2e24b84e0a1e-seed20260923
D8_change_vs_tolerance,running_change,trial_3,98.0,5.259835893112186e-06,,,,840,,20260923,2e24b84e0a1e906a88bd91d21f25a0228935e2c3a86929fb2e135da495bc0196,r2-2e24b84e0a1e-seed20260923
D8_running_mean,running_mean,trial_3,99.0,0.4116883116883117,,,,840,,20260923,2e24b84e0a1e906a88bd91d21f25a0228935e2c3a86929fb2e135da495bc0196,r2-2e24b84e0a1e-seed20260923
D8_change_vs_tolerance,running_change,trial_3,99.0,0.0002937538651824889,,,,840,,20260923,2e24b84e0a1e906a88bd91d21f25a0228935e2c3a86929fb2e135da495bc0196,r2-2e24b84e0a1e-seed20260923
D8_running_mean,running_mean,trial_3,100.0,0.41160714285714284,,,,840,,20260923,2e24b84e0a1e906a88bd91d21f25a0228935e2c3a86929fb2e135da495bc0196,r2-2e24b84e0a1e-seed20260923
D8_change_vs_tolerance,running_change,trial_3,100.0,8.11688311688763e-05,,,,840,,20260923,2e24b84e0a1e906a88bd91d21f25a0228935e2c3a86929fb2e135da495bc0196,r2-2e24b84e0a1e-seed20260923
D8_running_mean,running_mean,trial_3,101.0,0.4114686468646865,,,,840,,20260923,2e24b84e0a1e906a88bd91d21f25a0228935e2c3a86929fb2e135da495bc0196,r2-2e24b84e0a1e-seed20260923
D8_change_vs_tolerance,running_change,trial_3,101.0,0.00013849599245635558,,,,840,,20260923,2e24b84e0a1e906a88bd91d21f25a0228935e2c3a86929fb2e135da495bc0196,r2-2e24b84e0a1e-seed20260923
D8_running_mean,running_mean,trial_3,107.0,0.41243880729862037,,,,840,,20260923,2e24b84e0a1e906a88bd91d21f25a0228935e2c3a86929fb2e135da495bc0196,r2-2e24b84e0a1e-seed20260923
D8_change_vs_tolerance,running_change,trial_3,107.0,6.234728065090955e-05,,,,840,,20260923,2e24b84e0a1e906a88bd91d21f25a0228935e2c3a86929fb2e135da495bc0196,r2-2e24b84e0a1e-seed20260923
D8_running_mean,running_mean,trial_3,114.0,0.412625313283208,,,,840,,20260923,2e24b84e0a1e906a88bd91d21f25a0228935e2c3a86929fb2e135da495bc0196,r2-2e24b84e0a1e-seed20260923
D8_change_vs_tolerance,running_change,trial_3,114.0,3.576418923412206e-05,,,,840,,20260923,2e24b84e0a1e906a88bd91d21f25a0228935e2c3a86929fb2e135da495bc0196,r2-2e24b84e0a1e-seed20260923
D8_running_mean,running_mean,trial_3,121.0,0.41289846517119244,,,,840,,20260923,2e24b84e0a1e906a88bd91d21f25a0228935e2c3a86929fb2e135da495bc0196,r2-2e24b84e0a1e-seed20260923
D8_change_vs_tolerance,running_change,trial_3,121.0,4.7963400236106235e-05,,,,840,,20260923,2e24b84e0a1e906a88bd91d21f25a0228935e2c3a86929fb2e135da495bc0196,r2-2e24b84e0a1e-seed20260923
D8_running_mean,running_mean,trial_3,124.0,0.4131048387096774,,,,840,,20260923,2e24b84e0a1e906a88bd91d21f25a0228935e2c3a86929fb2e135da495bc0196,r2-2e24b84e0a1e-seed20260923
D8_change_vs_tolerance,running_change,trial_3,124.0,7.805377594261032e-08,,,,840,,20260923,2e24b84e0a1e906a88bd91d21f25a0228935e2c3a86929fb2e135da495bc0196,r2-2e24b84e0a1e-seed20260923
D8_running_mean,running_mean,trial_3,129.0,0.41281838316722036,,,,840,,20260923,2e24b84e0a1e906a88bd91d21f25a0228935e2c3a86929fb2e135da495bc0196,r2-2e24b84e0a1e-seed20260923
D8_change_vs_tolerance,running_change,trial_3,129.0,0.0001044694767441956,,,,840,,20260923,2e24b84e0a1e906a88bd91d21f25a0228935e2c3a86929fb2e135da495bc0196,r2-2e24b84e0a1e-seed20260923
D8_running_mean,running_mean,trial_3,137.0,0.41300834202294057,,,,840,,20260923,2e24b84e0a1e906a88bd91d21f25a0228935e2c3a86929fb2e135da495bc0196,r2-2e24b84e0a1e-seed20260923
D8_change_vs_tolerance,running_change,trial_3,137.0,0.00014817058210142564,,,,840,,20260923,2e24b84e0a1e906a88bd91d21f25a0228935e2c3a86929fb2e135da495bc0196,r2-2e24b84e0a1e-seed20260923
D8_running_mean,running_mean,trial_3,146.0,0.4126386170906719,,,,840,,20260923,2e24b84e0a1e906a88bd91d21f25a0228935e2c3a86929fb2e135da495bc0196,r2-2e24b84e0a1e-seed20260923
D8_change_vs_tolerance,running_change,trial_3,146.0,2.7779652248260955e-05,,,,840,,20260923,2e24b84e0a1e906a88bd91d21f25a0228935e2c3a86929fb2e135da495bc0196,r2-2e24b84e0a1e-seed20260923
D8_running_mean,running_mean,trial_3,155.0,0.4123348694316436,,,,840,,20260923,2e24b84e0a1e906a88bd91d21f25a0228935e2c3a86929fb2e135da495bc0196,r2-2e24b84e0a1e-seed20260923
D8_change_vs_tolerance,running_change,trial_3,155.0,0.00010543220220637917,,,,840,,20260923,2e24b84e0a1e906a88bd91d21f25a0228935e2c3a86929fb2e135da495bc0196,r2-2e24b84e0a1e-seed20260923
D8_running_mean,running_mean,trial_3,165.0,0.4121645021645022,,,,840,,20260923,2e24b84e0a1e906a88bd91d21f25a0228935e2c3a86929fb2e135da495bc0196,r2-2e24b84e0a1e-seed20260923
D8_change_vs_tolerance,running_change,trial_3,165.0,4.513778904019494e-05,,,,840,,20260923,2e24b84e0a1e906a88bd91d21f25a0228935e2c3a86929fb2e135da495bc0196,r2-2e24b84e0a1e-seed20260923
D8_running_mean,running_mean,trial_3,175.0,0.41204761904761905,,,,840,,20260923,2e24b84e0a1e906a88bd91d21f25a0228935e2c3a86929fb2e135da495bc0196,r2-2e24b84e0a1e-seed20260923
D8_change_vs_tolerance,running_change,trial_3,175.0,8.292282430211184e-05,,,,840,,20260923,2e24b84e0a1e906a88bd91d21f25a0228935e2c3a86929fb2e135da495bc0196,r2-2e24b84e0a1e-seed20260923
D8_running_mean,running_mean,trial_3,187.0,0.4118411000763942,,,,840,,20260923,2e24b84e0a1e906a88bd91d21f25a0228935e2c3a86929fb2e135da495bc0196,r2-2e24b84e0a1e-seed20260923
D8_change_vs_tolerance,running_change,trial_3,187.0,5.726141874151658e-05,,,,840,,20260923,2e24b84e0a1e906a88bd91d21f25a0228935e2c3a86929fb2e135da495bc0196,r2-2e24b84e0a1e-seed20260923
D8_running_mean,running_mean,trial_3,198.0,0.41209114959114956,,,,840,,20260923,2e24b84e0a1e906a88bd91d21f25a0228935e2c3a86929fb2e135da495bc0196,r2-2e24b84e0a1e-seed20260923
D8_change_vs_tolerance,running_change,trial_3,198.0,9.461303877578153e-07,,,,840,,20260923,2e24b84e0a1e906a88bd91d21f25a0228935e2c3a86929fb2e135da495bc0196,r2-2e24b84e0a1e-seed20260923
D8_running_mean,running_mean,trial_3,211.0,0.4126269465132024,,,,840,,20260923,2e24b84e0a1e906a88bd91d21f25a0228935e2c3a86929fb2e135da495bc0196,r2-2e24b84e0a1e-seed20260923
D8_change_vs_tolerance,running_change,trial_3,211.0,0.00016096011864458193,,,,840,,20260923,2e24b84e0a1e906a88bd91d21f25a0228935e2c3a86929fb2e135da495bc0196,r2-2e24b84e0a1e-seed20260923
D8_running_mean,running_mean,trial_3,224.0,0.41248937074829933,,,,840,,20260923,2e24b84e0a1e906a88bd91d21f25a0228935e2c3a86929fb2e135da495bc0196,r2-2e24b84e0a1e-seed20260923
D8_change_vs_tolerance,running_change,trial_3,224.0,4.0086101705250066e-05,,,,840,,20260923,2e24b84e0a1e906a88bd91d21f25a0228935e2c3a86929fb2e135da495bc0196,r2-2e24b84e0a1e-seed20260923
D8_running_mean,running_mean,trial_3,238.0,0.41264005602240894,,,,840,,20260923,2e24b84e0a1e906a88bd91d21f25a0228935e2c3a86929fb2e135da495bc0196,r2-2e24b84e0a1e-seed20260923
D8_change_vs_tolerance,running_change,trial_3,238.0,3.708234348587247e-05,,,,840,,20260923,2e24b84e0a1e906a88bd91d21f25a0228935e2c3a86929fb2e135da495bc0196,r2-2e24b84e0a1e-seed20260923
D8_running_mean,running_mean,trial_3,254.0,0.41255155605549304,,,,840,,20260923,2e24b84e0a1e906a88bd91d21f25a0228935e2c3a86929fb2e135da495bc0196,r2-2e24b84e0a1e-seed20260923
D8_change_vs_tolerance,running_change,trial_3,254.0,5.431633298802474e-05,,,,840,,20260923,2e24b84e0a1e906a88bd91d21f25a0228935e2c3a86929fb2e135da495bc0196,r2-2e24b84e0a1e-seed20260923
D8_running_mean,running_mean,trial_3,270.0,0.4125837742504409,,,,840,,20260923,2e24b84e0a1e906a88bd91d21f25a0228935e2c3a86929fb2e135da495bc0196,r2-2e24b84e0a1e-seed20260923
D8_change_vs_tolerance,running_change,trial_3,270.0,1.9603600768414164e-05,,,,840,,20260923,2e24b84e0a1e906a88bd91d21f25a0228935e2c3a86929fb2e135da495bc0196,r2-2e24b84e0a1e-seed20260923
D8_running_mean,running_mean,trial_3,287.0,0.4125062220009955,,,,840,,20260923,2e24b84e0a1e906a88bd91d21f25a0228935e2c3a86929fb2e135da495bc0196,r2-2e24b84e0a1e-seed20260923
D8_change_vs_tolerance,running_change,trial_3,287.0,5.200954678308278e-05,,,,840,,20260923,2e24b84e0a1e906a88bd91d21f25a0228935e2c3a86929fb2e135da495bc0196,r2-2e24b84e0a1e-seed20260923
D8_running_mean,running_mean,trial_3,305.0,0.4126190476190476,,,,840,,20260923,2e24b84e0a1e906a88bd91d21f25a0228935e2c3a86929fb2e135da495bc0196,r2-2e24b84e0a1e-seed20260923
D8_change_vs_tolerance,running_change,trial_3,305.0,4.151002506264101e-05,,,,840,,20260923,2e24b84e0a1e906a88bd91d21f25a0228935e2c3a86929fb2e135da495bc0196,r2-2e24b84e0a1e-seed20260923
D8_running_mean,running_mean,trial_3,324.0,0.4128159905937684,,,,840,,20260923,2e24b84e0a1e906a88bd91d21f25a0228935e2c3a86929fb2e135da495bc0196,r2-2e24b84e0a1e-seed20260923
D8_change_vs_tolerance,running_change,trial_3,324.0,9.669234815434802e-05,,,,840,,20260923,2e24b84e0a1e906a88bd91d21f25a0228935e2c3a86929fb2e135da495bc0196,r2-2e24b84e0a1e-seed20260923
D8_running_mean,running_mean,trial_3,345.0,0.41283988957902,,,,840,,20260923,2e24b84e0a1e906a88bd91d21f25a0228935e2c3a86929fb2e135da495bc0196,r2-2e24b84e0a1e-seed20260923
D8_change_vs_tolerance,running_change,trial_3,345.0,7.422921983191166e-07,,,,840,,20260923,2e24b84e0a1e906a88bd91d21f25a0228935e2c3a86929fb2e135da495bc0196,r2-2e24b84e0a1e-seed20260923
D8_running_mean,running_mean,trial_3,366.0,0.4128024980483997,,,,840,,20260923,2e24b84e0a1e906a88bd91d21f25a0228935e2c3a86929fb2e135da495bc0196,r2-2e24b84e0a1e-seed20260923
D8_change_vs_tolerance,running_change,trial_3,366.0,1.2244286890616962e-05,,,,840,,20260923,2e24b84e0a1e906a88bd91d21f25a0228935e2c3a86929fb2e135da495bc0196,r2-2e24b84e0a1e-seed20260923
D8_running_mean,running_mean,trial_3,390.0,0.4123992673992674,,,,840,,20260923,2e24b84e0a1e906a88bd91d21f25a0228935e2c3a86929fb2e135da495bc0196,r2-2e24b84e0a1e-seed20260923
D8_change_vs_tolerance,running_change,trial_3,390.0,6.247822443194995e-05,,,,840,,20260923,2e24b84e0a1e906a88bd91d21f25a0228935e2c3a86929fb2e135da495bc0196,r2-2e24b84e0a1e-seed20260923
D8_running_mean,running_mean,trial_3,414.0,0.412425235794801,,,,840,,20260923,2e24b84e0a1e906a88bd91d21f25a0228935e2c3a86929fb2e135da495bc0196,r2-2e24b84e0a1e-seed20260923
D8_change_vs_tolerance,running_change,trial_3,414.0,1.3152317342224329e-05,,,,840,,20260923,2e24b84e0a1e906a88bd91d21f25a0228935e2c3a86929fb2e135da495bc0196,r2-2e24b84e0a1e-seed20260923
D8_running_mean,running_mean,trial_3,441.0,0.41221250404923876,,,,840,,20260923,2e24b84e0a1e906a88bd91d21f25a0228935e2c3a86929fb2e135da495bc0196,r2-2e24b84e0a1e-seed20260923
D8_change_vs_tolerance,running_change,trial_3,441.0,6.994139646887554e-07,,,,840,,20260923,2e24b84e0a1e906a88bd91d21f25a0228935e2c3a86929fb2e135da495bc0196,r2-2e24b84e0a1e-seed20260923
D8_running_mean,running_mean,trial_3,468.0,0.4119708994708995,,,,840,,20260923,2e24b84e0a1e906a88bd91d21f25a0228935e2c3a86929fb2e135da495bc0196,r2-2e24b84e0a1e-seed20260923
D8_change_vs_tolerance,running_change,trial_3,468.0,1.5153575110782302e-05,,,,840,,20260923,2e24b84e0a1e906a88bd91d21f25a0228935e2c3a86929fb2e135da495bc0196,r2-2e24b84e0a1e-seed20260923
D8_running_mean,running_mean,trial_3,498.0,0.41182348441384586,,,,840,,20260923,2e24b84e0a1e906a88bd91d21f25a0228935e2c3a86929fb2e135da495bc0196,r2-2e24b84e0a1e-seed20260923
D8_change_vs_tolerance,running_change,trial_3,498.0,5.765132004498241e-05,,,,840,,20260923,2e24b84e0a1e906a88bd91d21f25a0228935e2c3a86929fb2e135da495bc0196,r2-2e24b84e0a1e-seed20260923
D8_running_mean,running_mean,trial_3,530.0,0.4117969451931716,,,,840,,20260923,2e24b84e0a1e906a88bd91d21f25a0228935e2c3a86929fb2e135da495bc0196,r2-2e24b84e0a1e-seed20260923
D8_change_vs_tolerance,running_change,trial_3,530.0,4.2554311734332995e-05,,,,840,,20260923,2e24b84e0a1e906a88bd91d21f25a0228935e2c3a86929fb2e135da495bc0196,r2-2e24b84e0a1e-seed20260923
D8_running_mean,running_mean,trial_3,563.0,0.4116954241732217,,,,840,,20260923,2e24b84e0a1e906a88bd91d21f25a0228935e2c3a86929fb2e135da495bc0196,r2-2e24b84e0a1e-seed20260923
D8_change_vs_tolerance,running_change,trial_3,563.0,2.504693337040953e-05,,,,840,,20260923,2e24b84e0a1e906a88bd91d21f25a0228935e2c3a86929fb2e135da495bc0196,r2-2e24b84e0a1e-seed20260923
D8_running_mean,running_mean,trial_3,599.0,0.41166825661817313,,,,840,,20260923,2e24b84e0a1e906a88bd91d21f25a0228935e2c3a86929fb2e135da495bc0196,r2-2e24b84e0a1e-seed20260923
D8_change_vs_tolerance,running_change,trial_3,599.0,1.2340070952243654e-05,,,,840,,20260923,2e24b84e0a1e906a88bd91d21f25a0228935e2c3a86929fb2e135da495bc0196,r2-2e24b84e0a1e-seed20260923
D8_running_mean,running_mean,trial_3,637.0,0.4121907004560066,,,,840,,20260923,2e24b84e0a1e906a88bd91d21f25a0228935e2c3a86929fb2e135da495bc0196,r2-2e24b84e0a1e-seed20260923
D8_change_vs_tolerance,running_change,trial_3,637.0,3.8858587183610016e-05,,,,840,,20260923,2e24b84e0a1e906a88bd91d21f25a0228935e2c3a86929fb2e135da495bc0196,r2-2e24b84e0a1e-seed20260923
D8_running_mean,running_mean,trial_3,677.0,0.4122863473306605,,,,840,,20260923,2e24b84e0a1e906a88bd91d21f25a0228935e2c3a86929fb2e135da495bc0196,r2-2e24b84e0a1e-seed20260923
D8_change_vs_tolerance,running_change,trial_3,677.0,6.479762331368377e-06,,,,840,,20260923,2e24b84e0a1e906a88bd91d21f25a0228935e2c3a86929fb2e135da495bc0196,r2-2e24b84e0a1e-seed20260923
D8_running_mean,running_mean,trial_3,720.0,0.4124950396825397,,,,840,,20260923,2e24b84e0a1e906a88bd91d21f25a0228935e2c3a86929fb2e135da495bc0196,r2-2e24b84e0a1e-seed20260923
D8_change_vs_tolerance,running_change,trial_3,720.0,1.0769201050864208e-05,,,,840,,20260923,2e24b84e0a1e906a88bd91d21f25a0228935e2c3a86929fb2e135da495bc0196,r2-2e24b84e0a1e-seed20260923
D8_running_mean,running_mean,trial_3,765.0,0.41241051976346094,,,,840,,20260923,2e24b84e0a1e906a88bd91d21f25a0228935e2c3a86929fb2e135da495bc0196,r2-2e24b84e0a1e-seed20260923
D8_change_vs_tolerance,running_change,trial_3,765.0,5.6991964906938364e-05,,,,840,,20260923,2e24b84e0a1e906a88bd91d21f25a0228935e2c3a86929fb2e135da495bc0196,r2-2e24b84e0a1e-seed20260923
D8_running_mean,running_mean,trial_3,814.0,0.412502925002925,,,,840,,20260923,2e24b84e0a1e906a88bd91d21f25a0228935e2c3a86929fb2e135da495bc0196,r2-2e24b84e0a1e-seed20260923
D8_change_vs_tolerance,running_change,trial_3,814.0,1.5378751541117452e-05,,,,840,,20260923,2e24b84e0a1e906a88bd91d21f25a0228935e2c3a86929fb2e135da495bc0196,r2-2e24b84e0a1e-seed20260923
D8_running_mean,running_mean,trial_3,865.0,0.41253371868978805,,,,840,,20260923,2e24b84e0a1e906a88bd91d21f25a0228935e2c3a86929fb2e135da495bc0196,r2-2e24b84e0a1e-seed20260923
D8_change_vs_tolerance,running_change,trial_3,865.0,2.828527846593376e-05,,,,840,,20260923,2e24b84e0a1e906a88bd91d21f25a0228935e2c3a86929fb2e135da495bc0196,r2-2e24b84e0a1e-seed20260923
D8_running_mean,running_mean,trial_3,920.0,0.41236801242236026,,,,840,,20260923,2e24b84e0a1e906a88bd91d21f25a0228935e2c3a86929fb2e135da495bc0196,r2-2e24b84e0a1e-seed20260923
D8_change_vs_tolerance,running_change,trial_3,920.0,1.8926977518540777e-05,,,,840,,20260923,2e24b84e0a1e906a88bd91d21f25a0228935e2c3a86929fb2e135da495bc0196,r2-2e24b84e0a1e-seed20260923
D8_running_mean,running_mean,trial_3,978.0,0.41236853637160387,,,,840,,20260923,2e24b84e0a1e906a88bd91d21f25a0228935e2c3a86929fb2e135da495bc0196,r2-2e24b84e0a1e-seed20260923
D8_change_vs_tolerance,running_change,trial_3,978.0,3.180812798986299e-06,,,,840,,20260923,2e24b84e0a1e906a88bd91d21f25a0228935e2c3a86929fb2e135da495bc0196,r2-2e24b84e0a1e-seed20260923
D8_running_mean,running_mean,trial_3,1040.0,0.4122470238095238,,,,840,,20260923,2e24b84e0a1e906a88bd91d21f25a0228935e2c3a86929fb2e135da495bc0196,r2-2e24b84e0a1e-seed20260923
D8_change_vs_tolerance,running_change,trial_3,1040.0,8.836908199305604e-06,,,,840,,20260923,2e24b84e0a1e906a88bd91d21f25a0228935e2c3a86929fb2e135da495bc0196,r2-2e24b84e0a1e-seed20260923
D8_running_mean,running_mean,trial_3,1106.0,0.41237836906914666,,,,840,,20260923,2e24b84e0a1e906a88bd91d21f25a0228935e2c3a86929fb2e135da495bc0196,r2-2e24b84e0a1e-seed20260923
D8_change_vs_tolerance,running_change,trial_3,1106.0,2.197568413925266e-05,,,,840,,20260923,2e24b84e0a1e906a88bd91d21f25a0228935e2c3a86929fb2e135da495bc0196,r2-2e24b84e0a1e-seed20260923
D8_running_mean,running_mean,trial_3,1176.0,0.41234714123744737,,,,840,,20260923,2e24b84e0a1e906a88bd91d21f25a0228935e2c3a86929fb2e135da495bc0196,r2-2e24b84e0a1e-seed20260923
D8_change_vs_tolerance,running_change,trial_3,1176.0,8.4818628565686e-06,,,,840,,20260923,2e24b84e0a1e906a88bd91d21f25a0228935e2c3a86929fb2e135da495bc0196,r2-2e24b84e0a1e-seed20260923
D8_running_mean,running_mean,trial_3,1251.0,0.4122958775836474,,,,840,,20260923,2e24b84e0a1e906a88bd91d21f25a0228935e2c3a86929fb2e135da495bc0196,r2-2e24b84e0a1e-seed20260923
D8_change_vs_tolerance,running_change,trial_3,1251.0,1.9360511590682528e-05,,,,840,,20260923,2e24b84e0a1e906a88bd91d21f25a0228935e2c3a86929fb2e135da495bc0196,r2-2e24b84e0a1e-seed20260923
D8_running_mean,running_mean,trial_3,1330.0,0.4123030791263874,,,,840,,20260923,2e24b84e0a1e906a88bd91d21f25a0228935e2c3a86929fb2e135da495bc0196,r2-2e24b84e0a1e-seed20260923
D8_change_vs_tolerance,running_change,trial_3,1330.0,3.882785540643141e-06,,,,840,,20260923,2e24b84e0a1e906a88bd91d21f25a0228935e2c3a86929fb2e135da495bc0196,r2-2e24b84e0a1e-seed20260923
D8_running_mean,running_mean,trial_3,1414.0,0.4123998114097124,,,,840,,20260923,2e24b84e0a1e906a88bd91d21f25a0228935e2c3a86929fb2e135da495bc0196,r2-2e24b84e0a1e-seed20260923
D8_change_vs_tolerance,running_change,trial_3,1414.0,6.247970869288633e-06,,,,840,,20260923,2e24b84e0a1e906a88bd91d21f25a0228935e2c3a86929fb2e135da495bc0196,r2-2e24b84e0a1e-seed20260923
D8_running_mean,running_mean,trial_3,1503.0,0.4123958432341666,,,,840,,20260923,2e24b84e0a1e906a88bd91d21f25a0228935e2c3a86929fb2e135da495bc0196,r2-2e24b84e0a1e-seed20260923
D8_change_vs_tolerance,running_change,trial_3,1503.0,6.667703630613975e-06,,,,840,,20260923,2e24b84e0a1e906a88bd91d21f25a0228935e2c3a86929fb2e135da495bc0196,r2-2e24b84e0a1e-seed20260923
D8_running_mean,running_mean,trial_3,1599.0,0.4124192203460496,,,,840,,20260923,2e24b84e0a1e906a88bd91d21f25a0228935e2c3a86929fb2e135da495bc0196,r2-2e24b84e0a1e-seed20260923
D8_change_vs_tolerance,running_change,trial_3,1599.0,4.23039893115984e-07,,,,840,,20260923,2e24b84e0a1e906a88bd91d21f25a0228935e2c3a86929fb2e135da495bc0196,r2-2e24b84e0a1e-seed20260923
D8_running_mean,running_mean,trial_3,1700.0,0.4123851540616246,,,,840,,20260923,2e24b84e0a1e906a88bd91d21f25a0228935e2c3a86929fb2e135da495bc0196,r2-2e24b84e0a1e-seed20260923
D8_change_vs_tolerance,running_change,trial_3,1700.0,5.1875959330427435e-06,,,,840,,20260923,2e24b84e0a1e906a88bd91d21f25a0228935e2c3a86929fb2e135da495bc0196,r2-2e24b84e0a1e-seed20260923
D8_running_mean,running_mean,trial_3,1807.0,0.4123152027828287,,,,840,,20260923,2e24b84e0a1e906a88bd91d21f25a0228935e2c3a86929fb2e135da495bc0196,r2-2e24b84e0a1e-seed20260923
D8_change_vs_tolerance,running_change,trial_3,1807.0,8.137405960007005e-06,,,,840,,20260923,2e24b84e0a1e906a88bd91d21f25a0228935e2c3a86929fb2e135da495bc0196,r2-2e24b84e0a1e-seed20260923
D8_running_mean,running_mean,trial_3,1922.0,0.4123470095634508,,,,840,,20260923,2e24b84e0a1e906a88bd91d21f25a0228935e2c3a86929fb2e135da495bc0196,r2-2e24b84e0a1e-seed20260923
D8_change_vs_tolerance,running_change,trial_3,1922.0,3.894994959896536e-07,,,,840,,20260923,2e24b84e0a1e906a88bd91d21f25a0228935e2c3a86929fb2e135da495bc0196,r2-2e24b84e0a1e-seed20260923
D8_running_mean,running_mean,trial_3,2043.0,0.41237151248164466,,,,840,,20260923,2e24b84e0a1e906a88bd91d21f25a0228935e2c3a86929fb2e135da495bc0196,r2-2e24b84e0a1e-seed20260923
D8_change_vs_tolerance,running_change,trial_3,2043.0,7.93335753662694e-06,,,,840,,20260923,2e24b84e0a1e906a88bd91d21f25a0228935e2c3a86929fb2e135da495bc0196,r2-2e24b84e0a1e-seed20260923
D8_running_mean,running_mean,trial_3,2173.0,0.41230469178007145,,,,840,,20260923,2e24b84e0a1e906a88bd91d21f25a0228935e2c3a86929fb2e135da495bc0196,r2-2e24b84e0a1e-seed20260923
D8_change_vs_tolerance,running_change,trial_3,2173.0,2.376535284176473e-06,,,,840,,20260923,2e24b84e0a1e906a88bd91d21f25a0228935e2c3a86929fb2e135da495bc0196,r2-2e24b84e0a1e-seed20260923
D8_running_mean,running_mean,trial_3,2310.0,0.412255205112348,,,,840,,20260923,2e24b84e0a1e906a88bd91d21f25a0228935e2c3a86929fb2e135da495bc0196,r2-2e24b84e0a1e-seed20260923
D8_change_vs_tolerance,running_change,trial_3,2310.0,1.910550694816937e-06,,,,840,,20260923,2e24b84e0a1e906a88bd91d21f25a0228935e2c3a86929fb2e135da495bc0196,r2-2e24b84e0a1e-seed20260923
D8_running_mean,running_mean,trial_3,2456.0,0.41227508918877,,,,840,,20260923,2e24b84e0a1e906a88bd91d21f25a0228935e2c3a86929fb2e135da495bc0196,r2-2e24b84e0a1e-seed20260923
D8_change_vs_tolerance,running_change,trial_3,2456.0,3.340728743639332e-07,,,,840,,20260923,2e24b84e0a1e906a88bd91d21f25a0228935e2c3a86929fb2e135da495bc0196,r2-2e24b84e0a1e-seed20260923
D8_running_mean,running_mean,trial_3,2612.0,0.41244120542550866,,,,840,,20260923,2e24b84e0a1e906a88bd91d21f25a0228935e2c3a86929fb2e135da495bc0196,r2-2e24b84e0a1e-seed20260923
D8_change_vs_tolerance,running_change,trial_3,2612.0,8.913473875438171e-06,,,,840,,20260923,2e24b84e0a1e906a88bd91d21f25a0228935e2c3a86929fb2e135da495bc0196,r2-2e24b84e0a1e-seed20260923
D8_running_mean,running_mean,trial_3,2777.0,0.4124101891386731,,,,840,,20260923,2e24b84e0a1e906a88bd91d21f25a0228935e2c3a86929fb2e135da495bc0196,r2-2e24b84e0a1e-seed20260923
D8_change_vs_tolerance,running_change,trial_3,2777.0,4.470529228639553e-06,,,,840,,20260923,2e24b84e0a1e906a88bd91d21f25a0228935e2c3a86929fb2e135da495bc0196,r2-2e24b84e0a1e-seed20260923
D8_running_mean,running_mean,trial_3,2953.0,0.4123546675697031,,,,840,,20260923,2e24b84e0a1e906a88bd91d21f25a0228935e2c3a86929fb2e135da495bc0196,r2-2e24b84e0a1e-seed20260923
D8_change_vs_tolerance,running_change,trial_3,2953.0,4.686927039532218e-06,,,,840,,20260923,2e24b84e0a1e906a88bd91d21f25a0228935e2c3a86929fb2e135da495bc0196,r2-2e24b84e0a1e-seed20260923
D8_running_mean,running_mean,trial_3,3140.0,0.41235403397027603,,,,840,,20260923,2e24b84e0a1e906a88bd91d21f25a0228935e2c3a86929fb2e135da495bc0196,r2-2e24b84e0a1e-seed20260923
D8_change_vs_tolerance,running_change,trial_3,3140.0,2.1323940991857526e-06,,,,840,,20260923,2e24b84e0a1e906a88bd91d21f25a0228935e2c3a86929fb2e135da495bc0196,r2-2e24b84e0a1e-seed20260923
D8_running_mean,running_mean,trial_3,3339.0,0.4123479370783953,,,,840,,20260923,2e24b84e0a1e906a88bd91d21f25a0228935e2c3a86929fb2e135da495bc0196,r2-2e24b84e0a1e-seed20260923
D8_change_vs_tolerance,running_change,trial_3,3339.0,3.4336688828906503e-06,,,,840,,20260923,2e24b84e0a1e906a88bd91d21f25a0228935e2c3a86929fb2e135da495bc0196,r2-2e24b84e0a1e-seed20260923
D8_running_mean,running_mean,trial_3,3550.0,0.41234574111334676,,,,840,,20260923,2e24b84e0a1e906a88bd91d21f25a0228935e2c3a86929fb2e135da495bc0196,r2-2e24b84e0a1e-seed20260923
D8_change_vs_tolerance,running_change,trial_3,3550.0,4.4849731430374185e-06,,,,840,,20260923,2e24b84e0a1e906a88bd91d21f25a0228935e2c3a86929fb2e135da495bc0196,r2-2e24b84e0a1e-seed20260923
D8_running_mean,running_mean,trial_3,3775.0,0.412361715547146,,,,840,,20260923,2e24b84e0a1e906a88bd91d21f25a0228935e2c3a86929fb2e135da495bc0196,r2-2e24b84e0a1e-seed20260923
D8_change_vs_tolerance,running_change,trial_3,3775.0,9.657606852786493e-06,,,,840,,20260923,2e24b84e0a1e906a88bd91d21f25a0228935e2c3a86929fb2e135da495bc0196,r2-2e24b84e0a1e-seed20260923
D8_running_mean,running_mean,trial_3,4014.0,0.41239441715899117,,,,840,,20260923,2e24b84e0a1e906a88bd91d21f25a0228935e2c3a86929fb2e135da495bc0196,r2-2e24b84e0a1e-seed20260923
D8_change_vs_tolerance,running_change,trial_3,4014.0,1.3612573381838189e-06,,,,840,,20260923,2e24b84e0a1e906a88bd91d21f25a0228935e2c3a86929fb2e135da495bc0196,r2-2e24b84e0a1e-seed20260923
D8_running_mean,running_mean,trial_3,4268.0,0.41248019592091756,,,,840,,20260923,2e24b84e0a1e906a88bd91d21f25a0228935e2c3a86929fb2e135da495bc0196,r2-2e24b84e0a1e-seed20260923
D8_change_vs_tolerance,running_change,trial_3,4268.0,2.3668252964736958e-06,,,,840,,20260923,2e24b84e0a1e906a88bd91d21f25a0228935e2c3a86929fb2e135da495bc0196,r2-2e24b84e0a1e-seed20260923
D8_running_mean,running_mean,trial_3,4538.0,0.4125548280131797,,,,840,,20260923,2e24b84e0a1e906a88bd91d21f25a0228935e2c3a86929fb2e135da495bc0196,r2-2e24b84e0a1e-seed20260923
D8_change_vs_tolerance,running_change,trial_3,4538.0,1.4552451092497698e-06,,,,840,,20260923,2e24b84e0a1e906a88bd91d21f25a0228935e2c3a86929fb2e135da495bc0196,r2-2e24b84e0a1e-seed20260923
D8_running_mean,running_mean,trial_3,4825.0,0.4124428818159388,,,,840,,20260923,2e24b84e0a1e906a88bd91d21f25a0228935e2c3a86929fb2e135da495bc0196,r2-2e24b84e0a1e-seed20260923
D8_change_vs_tolerance,running_change,trial_3,4825.0,1.352314011882072e-07,,,,840,,20260923,2e24b84e0a1e906a88bd91d21f25a0228935e2c3a86929fb2e135da495bc0196,r2-2e24b84e0a1e-seed20260923
D8_running_mean,running_mean,trial_3,5130.0,0.4124162257495591,,,,840,,20260923,2e24b84e0a1e906a88bd91d21f25a0228935e2c3a86929fb2e135da495bc0196,r2-2e24b84e0a1e-seed20260923
D8_change_vs_tolerance,running_change,trial_3,5130.0,5.206071365781995e-06,,,,840,,20260923,2e24b84e0a1e906a88bd91d21f25a0228935e2c3a86929fb2e135da495bc0196,r2-2e24b84e0a1e-seed20260923
D8_running_mean,running_mean,trial_3,5455.0,0.4123562917375933,,,,840,,20260923,2e24b84e0a1e906a88bd91d21f25a0228935e2c3a86929fb2e135da495bc0196,r2-2e24b84e0a1e-seed20260923
D8_change_vs_tolerance,running_change,trial_3,5455.0,1.0085902309442396e-06,,,,840,,20260923,2e24b84e0a1e906a88bd91d21f25a0228935e2c3a86929fb2e135da495bc0196,r2-2e24b84e0a1e-seed20260923
D8_running_mean,running_mean,trial_3,5800.0,0.4124230295566502,,,,840,,20260923,2e24b84e0a1e906a88bd91d21f25a0228935e2c3a86929fb2e135da495bc0196,r2-2e24b84e0a1e-seed20260923
D8_change_vs_tolerance,running_change,trial_3,5800.0,1.347657472228203e-06,,,,840,,20260923,2e24b84e0a1e906a88bd91d21f25a0228935e2c3a86929fb2e135da495bc0196,r2-2e24b84e0a1e-seed20260923
D8_running_mean,running_mean,trial_3,6167.0,0.412369022523879,,,,840,,20260923,2e24b84e0a1e906a88bd91d21f25a0228935e2c3a86929fb2e135da495bc0196,r2-2e24b84e0a1e-seed20260923
D8_change_vs_tolerance,running_change,trial_3,6167.0,8.475779080252543e-07,,,,840,,20260923,2e24b84e0a1e906a88bd91d21f25a0228935e2c3a86929fb2e135da495bc0196,r2-2e24b84e0a1e-seed20260923
D8_running_mean,running_mean,trial_3,6558.0,0.41226836724320715,,,,840,,20260923,2e24b84e0a1e906a88bd91d21f25a0228935e2c3a86929fb2e135da495bc0196,r2-2e24b84e0a1e-seed20260923
D8_change_vs_tolerance,running_change,trial_3,6558.0,1.2610505600862965e-07,,,,840,,20260923,2e24b84e0a1e906a88bd91d21f25a0228935e2c3a86929fb2e135da495bc0196,r2-2e24b84e0a1e-seed20260923
D8_running_mean,running_mean,trial_3,6973.0,0.41229026244084327,,,,840,,20260923,2e24b84e0a1e906a88bd91d21f25a0228935e2c3a86929fb2e135da495bc0196,r2-2e24b84e0a1e-seed20260923
D8_change_vs_tolerance,running_change,trial_3,6973.0,1.993719700166263e-06,,,,840,,20260923,2e24b84e0a1e906a88bd91d21f25a0228935e2c3a86929fb2e135da495bc0196,r2-2e24b84e0a1e-seed20260923
D8_running_mean,running_mean,trial_3,7414.0,0.4123505080478374,,,,840,,20260923,2e24b84e0a1e906a88bd91d21f25a0228935e2c3a86929fb2e135da495bc0196,r2-2e24b84e0a1e-seed20260923
D8_change_vs_tolerance,running_change,trial_3,7414.0,1.8266537485933654e-06,,,,840,,20260923,2e24b84e0a1e906a88bd91d21f25a0228935e2c3a86929fb2e135da495bc0196,r2-2e24b84e0a1e-seed20260923
D8_running_mean,running_mean,trial_3,7884.0,0.41240819260225653,,,,840,,20260923,2e24b84e0a1e906a88bd91d21f25a0228935e2c3a86929fb2e135da495bc0196,r2-2e24b84e0a1e-seed20260923
D8_change_vs_tolerance,running_change,trial_3,7884.0,3.6882987782260734e-06,,,,840,,20260923,2e24b84e0a1e906a88bd91d21f25a0228935e2c3a86929fb2e135da495bc0196,r2-2e24b84e0a1e-seed20260923
D8_running_mean,running_mean,trial_3,8383.0,0.41237197730100034,,,,840,,20260923,2e24b84e0a1e906a88bd91d21f25a0228935e2c3a86929fb2e135da495bc0196,r2-2e24b84e0a1e-seed20260923
D8_change_vs_tolerance,running_change,trial_3,8383.0,1.9021004381003515e-06,,,,840,,20260923,2e24b84e0a1e906a88bd91d21f25a0228935e2c3a86929fb2e135da495bc0196,r2-2e24b84e0a1e-seed20260923
D8_running_mean,running_mean,trial_3,8913.0,0.4123777200771479,,,,840,,20260923,2e24b84e0a1e906a88bd91d21f25a0228935e2c3a86929fb2e135da495bc0196,r2-2e24b84e0a1e-seed20260923
D8_change_vs_tolerance,running_change,trial_3,8913.0,1.2553011542459913e-06,,,,840,,20260923,2e24b84e0a1e906a88bd91d21f25a0228935e2c3a86929fb2e135da495bc0196,r2-2e24b84e0a1e-seed20260923
D8_running_mean,running_mean,trial_3,9477.0,0.41232444967012866,,,,840,,20260923,2e24b84e0a1e906a88bd91d21f25a0228935e2c3a86929fb2e135da495bc0196,r2-2e24b84e0a1e-seed20260923
D8_change_vs_tolerance,running_change,trial_3,9477.0,4.4289548917220145e-08,,,,840,,20260923,2e24b84e0a1e906a88bd91d21f25a0228935e2c3a86929fb2e135da495bc0196,r2-2e24b84e0a1e-seed20260923
D8_running_mean,running_mean,trial_3,10077.0,0.41230371378480934,,,,840,,20260923,2e24b84e0a1e906a88bd91d21f25a0228935e2c3a86929fb2e135da495bc0196,r2-2e24b84e0a1e-seed20260923
D8_change_vs_tolerance,running_change,trial_3,10077.0,1.8118394935484616e-06,,,,840,,20260923,2e24b84e0a1e906a88bd91d21f25a0228935e2c3a86929fb2e135da495bc0196,r2-2e24b84e0a1e-seed20260923
D8_running_mean,running_mean,trial_3,10715.0,0.41224362820256427,,,,840,,20260923,2e24b84e0a1e906a88bd91d21f25a0228935e2c3a86929fb2e135da495bc0196,r2-2e24b84e0a1e-seed20260923
D8_change_vs_tolerance,running_change,trial_3,10715.0,2.8573375634444176e-06,,,,840,,20260923,2e24b84e0a1e906a88bd91d21f25a0228935e2c3a86929fb2e135da495bc0196,r2-2e24b84e0a1e-seed20260923
D8_running_mean,running_mean,trial_3,11393.0,0.41223621020426077,,,,840,,20260923,2e24b84e0a1e906a88bd91d21f25a0228935e2c3a86929fb2e135da495bc0196,r2-2e24b84e0a1e-seed20260923
D8_change_vs_tolerance,running_change,trial_3,11393.0,1.178606600649168e-06,,,,840,,20260923,2e24b84e0a1e906a88bd91d21f25a0228935e2c3a86929fb2e135da495bc0196,r2-2e24b84e0a1e-seed20260923
D8_running_mean,running_mean,trial_3,12114.0,0.4122677814728335,,,,840,,20260923,2e24b84e0a1e906a88bd91d21f25a0228935e2c3a86929fb2e135da495bc0196,r2-2e24b84e0a1e-seed20260923
D8_change_vs_tolerance,running_change,trial_3,12114.0,5.597158073689101e-07,,,,840,,20260923,2e24b84e0a1e906a88bd91d21f25a0228935e2c3a86929fb2e135da495bc0196,r2-2e24b84e0a1e-seed20260923
D8_running_mean,running_mean,trial_3,12881.0,0.4122964425270147,,,,840,,20260923,2e24b84e0a1e906a88bd91d21f25a0228935e2c3a86929fb2e135da495bc0196,r2-2e24b84e0a1e-seed20260923
D8_change_vs_tolerance,running_change,trial_3,12881.0,3.040998619585622e-08,,,,840,,20260923,2e24b84e0a1e906a88bd91d21f25a0228935e2c3a86929fb2e135da495bc0196,r2-2e24b84e0a1e-seed20260923
D8_running_mean,running_mean,trial_3,13696.0,0.4122827832943925,,,,840,,20260923,2e24b84e0a1e906a88bd91d21f25a0228935e2c3a86929fb2e135da495bc0196,r2-2e24b84e0a1e-seed20260923
D8_change_vs_tolerance,running_change,trial_3,13696.0,2.331805170618928e-07,,,,840,,20260923,2e24b84e0a1e906a88bd91d21f25a0228935e2c3a86929fb2e135da495bc0196,r2-2e24b84e0a1e-seed20260923
D8_running_mean,running_mean,trial_3,14563.0,0.4123217514706219,,,,840,,20260923,2e24b84e0a1e906a88bd91d21f25a0228935e2c3a86929fb2e135da495bc0196,r2-2e24b84e0a1e-seed20260923
D8_change_vs_tolerance,running_change,trial_3,14563.0,4.3739668442732693e-07,,,,840,,20260923,2e24b84e0a1e906a88bd91d21f25a0228935e2c3a86929fb2e135da495bc0196,r2-2e24b84e0a1e-seed20260923
D8_running_mean,running_mean,trial_3,15485.0,0.41225879114965325,,,,840,,20260923,2e24b84e0a1e906a88bd91d21f25a0228935e2c3a86929fb2e135da495bc0196,r2-2e24b84e0a1e-seed20260923
D8_change_vs_tolerance,running_change,trial_3,15485.0,5.610541577438788e-07,,,,840,,20260923,2e24b84e0a1e906a88bd91d21f25a0228935e2c3a86929fb2e135da495bc0196,r2-2e24b84e0a1e-seed20260923
D8_running_mean,running_mean,trial_3,16465.0,0.4122685928303906,,,,840,,20260923,2e24b84e0a1e906a88bd91d21f25a0228935e2c3a86929fb2e135da495bc0196,r2-2e24b84e0a1e-seed20260923
D8_change_vs_tolerance,running_change,trial_3,16465.0,1.2071346156550256e-06,,,,840,,20260923,2e24b84e0a1e906a88bd91d21f25a0228935e2c3a86929fb2e135da495bc0196,r2-2e24b84e0a1e-seed20260923
D8_running_mean,running_mean,trial_3,17507.0,0.41226665796266526,,,,840,,20260923,2e24b84e0a1e906a88bd91d21f25a0228935e2c3a86929fb2e135da495bc0196,r2-2e24b84e0a1e-seed20260923
D8_change_vs_tolerance,running_change,trial_3,17507.0,1.5668047748107483e-07,,,,840,,20260923,2e24b84e0a1e906a88bd91d21f25a0228935e2c3a86929fb2e135da495bc0196,r2-2e24b84e0a1e-seed20260923
D8_running_mean,running_mean,trial_3,18615.0,0.4122347569164652,,,,840,,20260923,2e24b84e0a1e906a88bd91d21f25a0228935e2c3a86929fb2e135da495bc0196,r2-2e24b84e0a1e-seed20260923
D8_change_vs_tolerance,running_change,trial_3,18615.0,4.014640676008874e-07,,,,840,,20260923,2e24b84e0a1e906a88bd91d21f25a0228935e2c3a86929fb2e135da495bc0196,r2-2e24b84e0a1e-seed20260923
D8_running_mean,running_mean,trial_3,19794.0,0.4122559986912821,,,,840,,20260923,2e24b84e0a1e906a88bd91d21f25a0228935e2c3a86929fb2e135da495bc0196,r2-2e24b84e0a1e-seed20260923
D8_change_vs_tolerance,running_change,trial_3,19794.0,1.774550534294761e-08,,,,840,,20260923,2e24b84e0a1e906a88bd91d21f25a0228935e2c3a86929fb2e135da495bc0196,r2-2e24b84e0a1e-seed20260923
D8_running_mean,running_mean,trial_3,21046.0,0.4122720412882439,,,,840,,20260923,2e24b84e0a1e906a88bd91d21f25a0228935e2c3a86929fb2e135da495bc0196,r2-2e24b84e0a1e-seed20260923
D8_change_vs_tolerance,running_change,trial_3,21046.0,6.613654028320148e-07,,,,840,,20260923,2e24b84e0a1e906a88bd91d21f25a0228935e2c3a86929fb2e135da495bc0196,r2-2e24b84e0a1e-seed20260923
D8_running_mean,running_mean,trial_3,22379.0,0.4122483557076256,,,,840,,20260923,2e24b84e0a1e906a88bd91d21f25a0228935e2c3a86929fb2e135da495bc0196,r2-2e24b84e0a1e-seed20260923
D8_change_vs_tolerance,running_change,trial_3,22379.0,1.0261257226695797e-06,,,,840,,20260923,2e24b84e0a1e906a88bd91d21f25a0228935e2c3a86929fb2e135da495bc0196,r2-2e24b84e0a1e-seed20260923
D8_running_mean,running_mean,trial_3,23795.0,0.41225117321566157,,,,840,,20260923,2e24b84e0a1e906a88bd91d21f25a0228935e2c3a86929fb2e135da495bc0196,r2-2e24b84e0a1e-seed20260923
D8_change_vs_tolerance,running_change,trial_3,23795.0,8.150807076501287e-07,,,,840,,20260923,2e24b84e0a1e906a88bd91d21f25a0228935e2c3a86929fb2e135da495bc0196,r2-2e24b84e0a1e-seed20260923
D8_running_mean,running_mean,trial_3,25301.0,0.4122850875459468,,,,840,,20260923,2e24b84e0a1e906a88bd91d21f25a0228935e2c3a86929fb2e135da495bc0196,r2-2e24b84e0a1e-seed20260923
D8_change_vs_tolerance,running_change,trial_3,25301.0,5.326309777675675e-07,,,,840,,20260923,2e24b84e0a1e906a88bd91d21f25a0228935e2c3a86929fb2e135da495bc0196,r2-2e24b84e0a1e-seed20260923
D8_running_mean,running_mean,trial_3,26902.0,0.41225931157534756,,,,840,,20260923,2e24b84e0a1e906a88bd91d21f25a0228935e2c3a86929fb2e135da495bc0196,r2-2e24b84e0a1e-seed20260923
D8_change_vs_tolerance,running_change,trial_3,26902.0,1.0168774583485529e-07,,,,840,,20260923,2e24b84e0a1e906a88bd91d21f25a0228935e2c3a86929fb2e135da495bc0196,r2-2e24b84e0a1e-seed20260923
D8_running_mean,running_mean,trial_3,28605.0,0.4122729958964883,,,,840,,20260923,2e24b84e0a1e906a88bd91d21f25a0228935e2c3a86929fb2e135da495bc0196,r2-2e24b84e0a1e-seed20260923
D8_change_vs_tolerance,running_change,trial_3,28605.0,8.452579289830453e-07,,,,840,,20260923,2e24b84e0a1e906a88bd91d21f25a0228935e2c3a86929fb2e135da495bc0196,r2-2e24b84e0a1e-seed20260923
D8_running_mean,running_mean,trial_3,30416.0,0.4123128334711054,,,,840,,20260923,2e24b84e0a1e906a88bd91d21f25a0228935e2c3a86929fb2e135da495bc0196,r2-2e24b84e0a1e-seed20260923
D8_change_vs_tolerance,running_change,trial_3,30416.0,6.396741941139261e-07,,,,840,,20260923,2e24b84e0a1e906a88bd91d21f25a0228935e2c3a86929fb2e135da495bc0196,r2-2e24b84e0a1e-seed20260923
D8_running_mean,running_mean,trial_3,32341.0,0.412279341717207,,,,840,,20260923,2e24b84e0a1e906a88bd91d21f25a0228935e2c3a86929fb2e135da495bc0196,r2-2e24b84e0a1e-seed20260923
D8_change_vs_tolerance,running_change,trial_3,32341.0,2.3245012226169592e-07,,,,840,,20260923,2e24b84e0a1e906a88bd91d21f25a0228935e2c3a86929fb2e135da495bc0196,r2-2e24b84e0a1e-seed20260923
D8_running_mean,running_mean,trial_3,34388.0,0.41227933886128604,,,,840,,20260923,2e24b84e0a1e906a88bd91d21f25a0228935e2c3a86929fb2e135da495bc0196,r2-2e24b84e0a1e-seed20260923
D8_change_vs_tolerance,running_change,trial_3,34388.0,1.27586814946401e-07,,,,840,,20260923,2e24b84e0a1e906a88bd91d21f25a0228935e2c3a86929fb2e135da495bc0196,r2-2e24b84e0a1e-seed20260923
D8_running_mean,running_mean,trial_3,36565.0,0.412274097660396,,,,840,,20260923,2e24b84e0a1e906a88bd91d21f25a0228935e2c3a86929fb2e135da495bc0196,r2-2e24b84e0a1e-seed20260923
D8_change_vs_tolerance,running_change,trial_3,36565.0,1.852511045674632e-07,,,,840,,20260923,2e24b84e0a1e906a88bd91d21f25a0228935e2c3a86929fb2e135da495bc0196,r2-2e24b84e0a1e-seed20260923
D8_running_mean,running_mean,trial_3,38879.0,0.41224844113421494,,,,840,,20260923,2e24b84e0a1e906a88bd91d21f25a0228935e2c3a86929fb2e135da495bc0196,r2-2e24b84e0a1e-seed20260923
D8_change_vs_tolerance,running_change,trial_3,38879.0,3.946075982641517e-08,,,,840,,20260923,2e24b84e0a1e906a88bd91d21f25a0228935e2c3a86929fb2e135da495bc0196,r2-2e24b84e0a1e-seed20260923
D8_running_mean,running_mean,trial_3,41340.0,0.4122447416315341,,,,840,,20260923,2e24b84e0a1e906a88bd91d21f25a0228935e2c3a86929fb2e135da495bc0196,r2-2e24b84e0a1e-seed20260923
D8_change_vs_tolerance,running_change,trial_3,41340.0,1.0696739238813535e-07,,,,840,,20260923,2e24b84e0a1e906a88bd91d21f25a0228935e2c3a86929fb2e135da495bc0196,r2-2e24b84e0a1e-seed20260923
D8_running_mean,running_mean,trial_3,43956.0,0.4122672456005789,,,,840,,20260923,2e24b84e0a1e906a88bd91d21f25a0228935e2c3a86929fb2e135da495bc0196,r2-2e24b84e0a1e-seed20260923
D8_change_vs_tolerance,running_change,trial_3,43956.0,3.4384499558726134e-07,,,,840,,20260923,2e24b84e0a1e906a88bd91d21f25a0228935e2c3a86929fb2e135da495bc0196,r2-2e24b84e0a1e-seed20260923
D8_running_mean,running_mean,trial_3,46738.0,0.4122388430745656,,,,840,,20260923,2e24b84e0a1e906a88bd91d21f25a0228935e2c3a86929fb2e135da495bc0196,r2-2e24b84e0a1e-seed20260923
D8_change_vs_tolerance,running_change,trial_3,46738.0,2.9851366400990287e-07,,,,840,,20260923,2e24b84e0a1e906a88bd91d21f25a0228935e2c3a86929fb2e135da495bc0196,r2-2e24b84e0a1e-seed20260923
D8_running_mean,running_mean,trial_3,49697.0,0.41224721814194015,,,,840,,20260923,2e24b84e0a1e906a88bd91d21f25a0228935e2c3a86929fb2e135da495bc0196,r2-2e24b84e0a1e-seed20260923
D8_change_vs_tolerance,running_change,trial_3,49697.0,4.101932032929412e-08,,,,840,,20260923,2e24b84e0a1e906a88bd91d21f25a0228935e2c3a86929fb2e135da495bc0196,r2-2e24b84e0a1e-seed20260923
D8_running_mean,running_mean,trial_3,52842.0,0.4122458280840817,,,,840,,20260923,2e24b84e0a1e906a88bd91d21f25a0228935e2c3a86929fb2e135da495bc0196,r2-2e24b84e0a1e-seed20260923
D8_change_vs_tolerance,running_change,trial_3,52842.0,7.404278407063813e-08,,,,840,,20260923,2e24b84e0a1e906a88bd91d21f25a0228935e2c3a86929fb2e135da495bc0196,r2-2e24b84e0a1e-seed20260923
D8_running_mean,running_mean,trial_3,56187.0,0.4122457999520309,,,,840,,20260923,2e24b84e0a1e906a88bd91d21f25a0228935e2c3a86929fb2e135da495bc0196,r2-2e24b84e0a1e-seed20260923
D8_change_vs_tolerance,running_change,trial_3,56187.0,3.630645240004782e-08,,,,840,,20260923,2e24b84e0a1e906a88bd91d21f25a0228935e2c3a86929fb2e135da495bc0196,r2-2e24b84e0a1e-seed20260923
D8_running_mean,running_mean,trial_3,59743.0,0.412242019985605,,,,840,,20260923,2e24b84e0a1e906a88bd91d21f25a0228935e2c3a86929fb2e135da495bc0196,r2-2e24b84e0a1e-seed20260923
D8_change_vs_tolerance,running_change,trial_3,59743.0,2.846226230812654e-07,,,,840,,20260923,2e24b84e0a1e906a88bd91d21f25a0228935e2c3a86929fb2e135da495bc0196,r2-2e24b84e0a1e-seed20260923
D8_running_mean,running_mean,trial_3,63525.0,0.41226448155019585,,,,840,,20260923,2e24b84e0a1e906a88bd91d21f25a0228935e2c3a86929fb2e135da495bc0196,r2-2e24b84e0a1e-seed20260923
D8_change_vs_tolerance,running_change,trial_3,63525.0,8.804013140739642e-08,,,,840,,20260923,2e24b84e0a1e906a88bd91d21f25a0228935e2c3a86929fb2e135da495bc0196,r2-2e24b84e0a1e-seed20260923
D8_running_mean,running_mean,trial_3,67545.0,0.41228161825097204,,,,840,,20260923,2e24b84e0a1e906a88bd91d21f25a0228935e2c3a86929fb2e135da495bc0196,r2-2e24b84e0a1e-seed20260923
D8_change_vs_tolerance,running_change,trial_3,67545.0,1.8829772813200307e-07,,,,840,,20260923,2e24b84e0a1e906a88bd91d21f25a0228935e2c3a86929fb2e135da495bc0196,r2-2e24b84e0a1e-seed20260923
D8_running_mean,running_mean,trial_3,69084.0,0.4122838897298251,,,,840,,20260923,2e24b84e0a1e906a88bd91d21f25a0228935e2c3a86929fb2e135da495bc0196,r2-2e24b84e0a1e-seed20260923
D8_change_vs_tolerance,running_change,trial_3,69084.0,3.391629776472449e-07,,,,840,,20260923,2e24b84e0a1e906a88bd91d21f25a0228935e2c3a86929fb2e135da495bc0196,r2-2e24b84e0a1e-seed20260923
D8_running_mean,running_mean,trial_3,71821.0,0.41229115572378683,,,,840,,20260923,2e24b84e0a1e906a88bd91d21f25a0228935e2c3a86929fb2e135da495bc0196,r2-2e24b84e0a1e-seed20260923
D8_change_vs_tolerance,running_change,trial_3,71821.0,1.711383420532897e-07,,,,840,,20260923,2e24b84e0a1e906a88bd91d21f25a0228935e2c3a86929fb2e135da495bc0196,r2-2e24b84e0a1e-seed20260923
D8_running_mean,running_mean,trial_3,76366.0,0.41228681924017546,,,,840,,20260923,2e24b84e0a1e906a88bd91d21f25a0228935e2c3a86929fb2e135da495bc0196,r2-2e24b84e0a1e-seed20260923
D8_change_vs_tolerance,running_change,trial_3,76366.0,2.7560419163519256e-07,,,,840,,20260923,2e24b84e0a1e906a88bd91d21f25a0228935e2c3a86929fb2e135da495bc0196,r2-2e24b84e0a1e-seed20260923
D8_running_mean,running_mean,trial_3,81200.0,0.41228508386113066,,,,840,,20260923,2e24b84e0a1e906a88bd91d21f25a0228935e2c3a86929fb2e135da495bc0196,r2-2e24b84e0a1e-seed20260923
D8_change_vs_tolerance,running_change,trial_3,81200.0,2.1523443516358043e-07,,,,840,,20260923,2e24b84e0a1e906a88bd91d21f25a0228935e2c3a86929fb2e135da495bc0196,r2-2e24b84e0a1e-seed20260923
D8_running_mean,running_mean,trial_3,86339.0,0.41228431503944307,,,,840,,20260923,2e24b84e0a1e906a88bd91d21f25a0228935e2c3a86929fb2e135da495bc0196,r2-2e24b84e0a1e-seed20260923
D8_change_vs_tolerance,running_change,trial_3,86339.0,2.318097763742699e-08,,,,840,,20260923,2e24b84e0a1e906a88bd91d21f25a0228935e2c3a86929fb2e135da495bc0196,r2-2e24b84e0a1e-seed20260923
D8_running_mean,running_mean,trial_3,91804.0,0.41227337848127793,,,,840,,20260923,2e24b84e0a1e906a88bd91d21f25a0228935e2c3a86929fb2e135da495bc0196,r2-2e24b84e0a1e-seed20260923
D8_change_vs_tolerance,running_change,trial_3,91804.0,8.182165855963319e-08,,,,840,,20260923,2e24b84e0a1e906a88bd91d21f25a0228935e2c3a86929fb2e135da495bc0196,r2-2e24b84e0a1e-seed20260923
D8_running_mean,running_mean,trial_3,97615.0,0.4122964732684038,,,,840,,20260923,2e24b84e0a1e906a88bd91d21f25a0228935e2c3a86929fb2e135da495bc0196,r2-2e24b84e0a1e-seed20260923
D8_change_vs_tolerance,running_change,trial_3,97615.0,1.301404176645704e-07,,,,840,,20260923,2e24b84e0a1e906a88bd91d21f25a0228935e2c3a86929fb2e135da495bc0196,r2-2e24b84e0a1e-seed20260923
D8_running_mean,running_mean,trial_3,103793.0,0.41228535000754707,,,,840,,20260923,2e24b84e0a1e906a88bd91d21f25a0228935e2c3a86929fb2e135da495bc0196,r2-2e24b84e0a1e-seed20260923
D8_change_vs_tolerance,running_change,trial_3,103793.0,2.3719951341982792e-07,,,,840,,20260923,2e24b84e0a1e906a88bd91d21f25a0228935e2c3a86929fb2e135da495bc0196,r2-2e24b84e0a1e-seed20260923
D8_running_mean,running_mean,trial_3,110363.0,0.4122757130905242,,,,840,,20260923,2e24b84e0a1e906a88bd91d21f25a0228935e2c3a86929fb2e135da495bc0196,r2-2e24b84e0a1e-seed20260923
D8_change_vs_tolerance,running_change,trial_3,110363.0,6.808329255925116e-08,,,,840,,20260923,2e24b84e0a1e906a88bd91d21f25a0228935e2c3a86929fb2e135da495bc0196,r2-2e24b84e0a1e-seed20260923
D8_running_mean,running_mean,trial_3,117348.0,0.41226933686860573,,,,840,,20260923,2e24b84e0a1e906a88bd91d21f25a0228935e2c3a86929fb2e135da495bc0196,r2-2e24b84e0a1e-seed20260923
D8_change_vs_tolerance,running_change,trial_3,117348.0,4.7617800147392586e-08,,,,840,,20260923,2e24b84e0a1e906a88bd91d21f25a0228935e2c3a86929fb2e135da495bc0196,r2-2e24b84e0a1e-seed20260923
D8_running_mean,running_mean,trial_3,124776.0,0.4122588249571804,,,,840,,20260923,2e24b84e0a1e906a88bd91d21f25a0228935e2c3a86929fb2e135da495bc0196,r2-2e24b84e0a1e-seed20260923
D8_change_vs_tolerance,running_change,trial_3,124776.0,6.96244951692293e-08,,,,840,,20260923,2e24b84e0a1e906a88bd91d21f25a0228935e2c3a86929fb2e135da495bc0196,r2-2e24b84e0a1e-seed20260923
D8_running_mean,running_mean,trial_3,132674.0,0.4122438763255728,,,,840,,20260923,2e24b84e0a1e906a88bd91d21f25a0228935e2c3a86929fb2e135da495bc0196,r2-2e24b84e0a1e-seed20260923
D8_change_vs_tolerance,running_change,trial_3,132674.0,2.4363013939598943e-08,,,,840,,20260923,2e24b84e0a1e906a88bd91d21f25a0228935e2c3a86929fb2e135da495bc0196,r2-2e24b84e0a1e-seed20260923
D8_running_mean,running_mean,trial_3,141071.0,0.4122264168903804,,,,840,,20260923,2e24b84e0a1e906a88bd91d21f25a0228935e2c3a86929fb2e135da495bc0196,r2-2e24b84e0a1e-seed20260923
D8_change_vs_tolerance,running_change,trial_3,141071.0,1.9637490161761306e-07,,,,840,,20260923,2e24b84e0a1e906a88bd91d21f25a0228935e2c3a86929fb2e135da495bc0196,r2-2e24b84e0a1e-seed20260923
D8_running_mean,running_mean,trial_3,150000.0,0.4122201349206349,,,,840,,20260923,2e24b84e0a1e906a88bd91d21f25a0228935e2c3a86929fb2e135da495bc0196,r2-2e24b84e0a1e-seed20260923
D8_change_vs_tolerance,running_change,trial_3,150000.0,1.0039061637545643e-08,,,,840,,20260923,2e24b84e0a1e906a88bd91d21f25a0228935e2c3a86929fb2e135da495bc0196,r2-2e24b84e0a1e-seed20260923
D8_running_mean,running_mean,trial_4,1.0,0.5333333333333333,,,,840,,20260923,2e24b84e0a1e906a88bd91d21f25a0228935e2c3a86929fb2e135da495bc0196,r2-2e24b84e0a1e-seed20260923
D8_change_vs_tolerance,running_change,trial_4,1.0,0.5333333333333333,,,,840,,20260923,2e24b84e0a1e906a88bd91d21f25a0228935e2c3a86929fb2e135da495bc0196,r2-2e24b84e0a1e-seed20260923
D8_running_mean,running_mean,trial_4,2.0,0.5410714285714285,,,,840,,20260923,2e24b84e0a1e906a88bd91d21f25a0228935e2c3a86929fb2e135da495bc0196,r2-2e24b84e0a1e-seed20260923
D8_change_vs_tolerance,running_change,trial_4,2.0,0.007738095238095211,,,,840,,20260923,2e24b84e0a1e906a88bd91d21f25a0228935e2c3a86929fb2e135da495bc0196,r2-2e24b84e0a1e-seed20260923
D8_running_mean,running_mean,trial_4,3.0,0.5404761904761904,,,,840,,20260923,2e24b84e0a1e906a88bd91d21f25a0228935e2c3a86929fb2e135da495bc0196,r2-2e24b84e0a1e-seed20260923
D8_change_vs_tolerance,running_change,trial_4,3.0,0.0005952380952380931,,,,840,,20260923,2e24b84e0a1e906a88bd91d21f25a0228935e2c3a86929fb2e135da495bc0196,r2-2e24b84e0a1e-seed20260923
D8_running_mean,running_mean,trial_4,4.0,0.5410714285714285,,,,840,,20260923,2e24b84e0a1e906a88bd91d21f25a0228935e2c3a86929fb2e135da495bc0196,r2-2e24b84e0a1e-seed20260923
D8_change_vs_tolerance,running_change,trial_4,4.0,0.0005952380952380931,,,,840,,20260923,2e24b84e0a1e906a88bd91d21f25a0228935e2c3a86929fb2e135da495bc0196,r2-2e24b84e0a1e-seed20260923
D8_running_mean,running_mean,trial_4,5.0,0.5411904761904762,,,,840,,20260923,2e24b84e0a1e906a88bd91d21f25a0228935e2c3a86929fb2e135da495bc0196,r2-2e24b84e0a1e-seed20260923
D8_change_vs_tolerance,running_change,trial_4,5.0,0.00011904761904768524,,,,840,,20260923,2e24b84e0a1e906a88bd91d21f25a0228935e2c3a86929fb2e135da495bc0196,r2-2e24b84e0a1e-seed20260923
D8_running_mean,running_mean,trial_4,6.0,0.5382936507936508,,,,840,,20260923,2e24b84e0a1e906a88bd91d21f25a0228935e2c3a86929fb2e135da495bc0196,r2-2e24b84e0a1e-seed20260923
D8_change_vs_tolerance,running_change,trial_4,6.0,0.002896825396825453,,,,840,,20260923,2e24b84e0a1e906a88bd91d21f25a0228935e2c3a86929fb2e135da495bc0196,r2-2e24b84e0a1e-seed20260923
D8_running_mean,running_mean,trial_4,7.0,0.5379251700680272,,,,840,,20260923,2e24b84e0a1e906a88bd91d21f25a0228935e2c3a86929fb2e135da495bc0196,r2-2e24b84e0a1e-seed20260923
D8_change_vs_tolerance,running_change,trial_4,7.0,0.0003684807256235656,,,,840,,20260923,2e24b84e0a1e906a88bd91d21f25a0228935e2c3a86929fb2e135da495bc0196,r2-2e24b84e0a1e-seed20260923
D8_running_mean,running_mean,trial_4,8.0,0.540625,,,,840,,20260923,2e24b84e0a1e906a88bd91d21f25a0228935e2c3a86929fb2e135da495bc0196,r2-2e24b84e0a1e-seed20260923
D8_change_vs_tolerance,running_change,trial_4,8.0,0.002699829931972819,,,,840,,20260923,2e24b84e0a1e906a88bd91d21f25a0228935e2c3a86929fb2e135da495bc0196,r2-2e24b84e0a1e-seed20260923
D8_running_mean,running_mean,trial_4,9.0,0.5423280423280423,,,,840,,20260923,2e24b84e0a1e906a88bd91d21f25a0228935e2c3a86929fb2e135da495bc0196,r2-2e24b84e0a1e-seed20260923
D8_change_vs_tolerance,running_change,trial_4,9.0,0.0017030423280423035,,,,840,,20260923,2e24b84e0a1e906a88bd91d21f25a0228935e2c3a86929fb2e135da495bc0196,r2-2e24b84e0a1e-seed20260923
D8_running_mean,running_mean,trial_4,10.0,0.5419047619047619,,,,840,,20260923,2e24b84e0a1e906a88bd91d21f25a0228935e2c3a86929fb2e135da495bc0196,r2-2e24b84e0a1e-seed20260923
D8_change_vs_tolerance,running_change,trial_4,10.0,0.0004232804232804366,,,,840,,20260923,2e24b84e0a1e906a88bd91d21f25a0228935e2c3a86929fb2e135da495bc0196,r2-2e24b84e0a1e-seed20260923
D8_running_mean,running_mean,trial_4,11.0,0.5437229437229437,,,,840,,20260923,2e24b84e0a1e906a88bd91d21f25a0228935e2c3a86929fb2e135da495bc0196,r2-2e24b84e0a1e-seed20260923
D8_change_vs_tolerance,running_change,trial_4,11.0,0.0018181818181818299,,,,840,,20260923,2e24b84e0a1e906a88bd91d21f25a0228935e2c3a86929fb2e135da495bc0196,r2-2e24b84e0a1e-seed20260923
D8_running_mean,running_mean,trial_4,12.0,0.5453373015873015,,,,840,,20260923,2e24b84e0a1e906a88bd91d21f25a0228935e2c3a86929fb2e135da495bc0196,r2-2e24b84e0a1e-seed20260923
D8_change_vs_tolerance,running_change,trial_4,12.0,0.0016143578643578183,,,,840,,20260923,2e24b84e0a1e906a88bd91d21f25a0228935e2c3a86929fb2e135da495bc0196,r2-2e24b84e0a1e-seed20260923
D8_running_mean,running_mean,trial_4,13.0,0.5488095238095239,,,,840,,20260923,2e24b84e0a1e906a88bd91d21f25a0228935e2c3a86929fb2e135da495bc0196,r2-2e24b84e0a1e-seed20260923
D8_change_vs_tolerance,running_change,trial_4,13.0,0.003472222222222321,,,,840,,20260923,2e24b84e0a1e906a88bd91d21f25a0228935e2c3a86929fb2e135da495bc0196,r2-2e24b84e0a1e-seed20260923
D8_running_mean,running_mean,trial_4,14.0,0.5472789115646258,,,,840,,20260923,2e24b84e0a1e906a88bd91d21f25a0228935e2c3a86929fb2e135da495bc0196,r2-2e24b84e0a1e-seed20260923
D8_change_vs_tolerance,running_change,trial_4,14.0,0.001530612244898033,,,,840,,20260923,2e24b84e0a1e906a88bd91d21f25a0228935e2c3a86929fb2e135da495bc0196,r2-2e24b84e0a1e-seed20260923
D8_running_mean,running_mean,trial_4,15.0,0.545,,,,840,,20260923,2e24b84e0a1e906a88bd91d21f25a0228935e2c3a86929fb2e135da495bc0196,r2-2e24b84e0a1e-seed20260923
D8_change_vs_tolerance,running_change,trial_4,15.0,0.002278911564625785,,,,840,,20260923,2e24b84e0a1e906a88bd91d21f25a0228935e2c3a86929fb2e135da495bc0196,r2-2e24b84e0a1e-seed20260923
D8_running_mean,running_mean,trial_4,16.0,0.5433035714285714,,,,840,,20260923,2e24b84e0a1e906a88bd91d21f25a0228935e2c3a86929fb2e135da495bc0196,r2-2e24b84e0a1e-seed20260923
D8_change_vs_tolerance,running_change,trial_4,16.0,0.0016964285714285987,,,,840,,20260923,2e24b84e0a1e906a88bd91d21f25a0228935e2c3a86929fb2e135da495bc0196,r2-2e24b84e0a1e-seed20260923
D8_running_mean,running_mean,trial_4,17.0,0.5441176470588235,,,,840,,20260923,2e24b84e0a1e906a88bd91d21f25a0228935e2c3a86929fb2e135da495bc0196,r2-2e24b84e0a1e-seed20260923
D8_change_vs_tolerance,running_change,trial_4,17.0,0.0008140756302520424,,,,840,,20260923,2e24b84e0a1e906a88bd91d21f25a0228935e2c3a86929fb2e135da495bc0196,r2-2e24b84e0a1e-seed20260923
D8_running_mean,running_mean,trial_4,18.0,0.5451058201058201,,,,840,,20260923,2e24b84e0a1e906a88bd91d21f25a0228935e2c3a86929fb2e135da495bc0196,r2-2e24b84e0a1e-seed20260923
D8_change_vs_tolerance,running_change,trial_4,18.0,0.00098817304699661,,,,840,,20260923,2e24b84e0a1e906a88bd91d21f25a0228935e2c3a86929fb2e135da495bc0196,r2-2e24b84e0a1e-seed20260923
D8_running_mean,running_mean,trial_4,19.0,0.543984962406015,,,,840,,20260923,2e24b84e0a1e906a88bd91d21f25a0228935e2c3a86929fb2e135da495bc0196,r2-2e24b84e0a1e-seed20260923
D8_change_vs_tolerance,running_change,trial_4,19.0,0.0011208576998050779,,,,840,,20260923,2e24b84e0a1e906a88bd91d21f25a0228935e2c3a86929fb2e135da495bc0196,r2-2e24b84e0a1e-seed20260923
D8_running_mean,running_mean,trial_4,20.0,0.5425595238095238,,,,840,,20260923,2e24b84e0a1e906a88bd91d21f25a0228935e2c3a86929fb2e135da495bc0196,r2-2e24b84e0a1e-seed20260923
D8_change_vs_tolerance,running_change,trial_4,20.0,0.0014254385964912464,,,,840,,20260923,2e24b84e0a1e906a88bd91d21f25a0228935e2c3a86929fb2e135da495bc0196,r2-2e24b84e0a1e-seed20260923
D8_running_mean,running_mean,trial_4,21.0,0.5434807256235827,,,,840,,20260923,2e24b84e0a1e906a88bd91d21f25a0228935e2c3a86929fb2e135da495bc0196,r2-2e24b84e0a1e-seed20260923
D8_change_vs_tolerance,running_change,trial_4,21.0,0.0009212018140589695,,,,840,,20260923,2e24b84e0a1e906a88bd91d21f25a0228935e2c3a86929fb2e135da495bc0196,r2-2e24b84e0a1e-seed20260923
D8_running_mean,running_mean,trial_4,22.0,0.5446428571428571,,,,840,,20260923,2e24b84e0a1e906a88bd91d21f25a0228935e2c3a86929fb2e135da495bc0196,r2-2e24b84e0a1e-seed20260923
D8_change_vs_tolerance,running_change,trial_4,22.0,0.0011621315192743564,,,,840,,20260923,2e24b84e0a1e906a88bd91d21f25a0228935e2c3a86929fb2e135da495bc0196,r2-2e24b84e0a1e-seed20260923
D8_running_mean,running_mean,trial_4,23.0,0.5449792960662526,,,,840,,20260923,2e24b84e0a1e906a88bd91d21f25a0228935e2c3a86929fb2e135da495bc0196,r2-2e24b84e0a1e-seed20260923
D8_change_vs_tolerance,running_change,trial_4,23.0,0.00033643892339552117,,,,840,,20260923,2e24b84e0a1e906a88bd91d21f25a0228935e2c3a86929fb2e135da495bc0196,r2-2e24b84e0a1e-seed20260923
D8_running_mean,running_mean,trial_4,24.0,0.5435515873015873,,,,840,,20260923,2e24b84e0a1e906a88bd91d21f25a0228935e2c3a86929fb2e135da495bc0196,r2-2e24b84e0a1e-seed20260923
D8_change_vs_tolerance,running_change,trial_4,24.0,0.0014277087646653586,,,,840,,20260923,2e24b84e0a1e906a88bd91d21f25a0228935e2c3a86929fb2e135da495bc0196,r2-2e24b84e0a1e-seed20260923
D8_running_mean,running_mean,trial_4,25.0,0.5445714285714286,,,,840,,20260923,2e24b84e0a1e906a88bd91d21f25a0228935e2c3a86929fb2e135da495bc0196,r2-2e24b84e0a1e-seed20260923
D8_change_vs_tolerance,running_change,trial_4,25.0,0.0010198412698413373,,,,840,,20260923,2e24b84e0a1e906a88bd91d21f25a0228935e2c3a86929fb2e135da495bc0196,r2-2e24b84e0a1e-seed20260923
D8_running_mean,running_mean,trial_4,26.0,0.5443223443223443,,,,840,,20260923,2e24b84e0a1e906a88bd91d21f25a0228935e2c3a86929fb2e135da495bc0196,r2-2e24b84e0a1e-seed20260923
D8_change_vs_tolerance,running_change,trial_4,26.0,0.00024908424908431925,,,,840,,20260923,2e24b84e0a1e906a88bd91d21f25a0228935e2c3a86929fb2e135da495bc0196,r2-2e24b84e0a1e-seed20260923
D8_running_mean,running_mean,trial_4,27.0,0.5438271604938272,,,,840,,20260923,2e24b84e0a1e906a88bd91d21f25a0228935e2c3a86929fb2e135da495bc0196,r2-2e24b84e0a1e-seed20260923
D8_change_vs_tolerance,running_change,trial_4,27.0,0.0004951838285170984,,,,840,,20260923,2e24b84e0a1e906a88bd91d21f25a0228935e2c3a86929fb2e135da495bc0196,r2-2e24b84e0a1e-seed20260923
D8_running_mean,running_mean,trial_4,28.0,0.545280612244898,,,,840,,20260923,2e24b84e0a1e906a88bd91d21f25a0228935e2c3a86929fb2e135da495bc0196,r2-2e24b84e0a1e-seed20260923
D8_change_vs_tolerance,running_change,trial_4,28.0,0.0014534517510708111,,,,840,,20260923,2e24b84e0a1e906a88bd91d21f25a0228935e2c3a86929fb2e135da495bc0196,r2-2e24b84e0a1e-seed20260923
D8_running_mean,running_mean,trial_4,29.0,0.5448275862068965,,,,840,,20260923,2e24b84e0a1e906a88bd91d21f25a0228935e2c3a86929fb2e135da495bc0196,r2-2e24b84e0a1e-seed20260923
D8_change_vs_tolerance,running_change,trial_4,29.0,0.00045302603800145835,,,,840,,20260923,2e24b84e0a1e906a88bd91d21f25a0228935e2c3a86929fb2e135da495bc0196,r2-2e24b84e0a1e-seed20260923
D8_running_mean,running_mean,trial_4,30.0,0.544484126984127,,,,840,,20260923,2e24b84e0a1e906a88bd91d21f25a0228935e2c3a86929fb2e135da495bc0196,r2-2e24b84e0a1e-seed20260923
D8_change_vs_tolerance,running_change,trial_4,30.0,0.00034345922276957097,,,,840,,20260923,2e24b84e0a1e906a88bd91d21f25a0228935e2c3a86929fb2e135da495bc0196,r2-2e24b84e0a1e-seed20260923
D8_running_mean,running_mean,trial_4,31.0,0.5442012288786482,,,,840,,20260923,2e24b84e0a1e906a88bd91d21f25a0228935e2c3a86929fb2e135da495bc0196,r2-2e24b84e0a1e-seed20260923
D8_change_vs_tolerance,running_change,trial_4,31.0,0.00028289810547876826,,,,840,,20260923,2e24b84e0a1e906a88bd91d21f25a0228935e2c3a86929fb2e135da495bc0196,r2-2e24b84e0a1e-seed20260923
D8_running_mean,running_mean,trial_4,32.0,0.5438988095238095,,,,840,,20260923,2e24b84e0a1e906a88bd91d21f25a0228935e2c3a86929fb2e135da495bc0196,r2-2e24b84e0a1e-seed20260923
D8_change_vs_tolerance,running_change,trial_4,32.0,0.0003024193548386567,,,,840,,20260923,2e24b84e0a1e906a88bd91d21f25a0228935e2c3a86929fb2e135da495bc0196,r2-2e24b84e0a1e-seed20260923
D8_running_mean,running_mean,trial_4,33.0,0.543037518037518,,,,840,,20260923,2e24b84e0a1e906a88bd91d21f25a0228935e2c3a86929fb2e135da495bc0196,r2-2e24b84e0a1e-seed20260923
D8_change_vs_tolerance,running_change,trial_4,33.0,0.0008612914862915488,,,,840,,20260923,2e24b84e0a1e906a88bd91d21f25a0228935e2c3a86929fb2e135da495bc0196,r2-2e24b84e0a1e-seed20260923
D8_running_mean,running_mean,trial_4,34.0,0.5428921568627451,,,,840,,20260923,2e24b84e0a1e906a88bd91d21f25a0228935e2c3a86929fb2e135da495bc0196,r2-2e24b84e0a1e-seed20260923
D8_change_vs_tolerance,running_change,trial_4,34.0,0.00014536117477292887,,,,840,,20260923,2e24b84e0a1e906a88bd91d21f25a0228935e2c3a86929fb2e135da495bc0196,r2-2e24b84e0a1e-seed20260923
D8_running_mean,running_mean,trial_4,35.0,0.5422789115646258,,,,840,,20260923,2e24b84e0a1e906a88bd91d21f25a0228935e2c3a86929fb2e135da495bc0196,r2-2e24b84e0a1e-seed20260923
D8_change_vs_tolerance,running_change,trial_4,35.0,0.000613245298119236,,,,840,,20260923,2e24b84e0a1e906a88bd91d21f25a0228935e2c3a86929fb2e135da495bc0196,r2-2e24b84e0a1e-seed20260923
D8_running_mean,running_mean,trial_4,36.0,0.5427910052910053,,,,840,,20260923,2e24b84e0a1e906a88bd91d21f25a0228935e2c3a86929fb2e135da495bc0196,r2-2e24b84e0a1e-seed20260923
D8_change_vs_tolerance,running_change,trial_4,36.0,0.0005120937263795033,,,,840,,20260923,2e24b84e0a1e906a88bd91d21f25a0228935e2c3a86929fb2e135da495bc0196,r2-2e24b84e0a1e-seed20260923
D8_running_mean,running_mean,trial_4,37.0,0.5426319176319176,,,,840,,20260923,2e24b84e0a1e906a88bd91d21f25a0228935e2c3a86929fb2e135da495bc0196,r2-2e24b84e0a1e-seed20260923
D8_change_vs_tolerance,running_change,trial_4,37.0,0.00015908765908767553,,,,840,,20260923,2e24b84e0a1e906a88bd91d21f25a0228935e2c3a86929fb2e135da495bc0196,r2-2e24b84e0a1e-seed20260923
D8_running_mean,running_mean,trial_4,38.0,0.5434210526315789,,,,840,,20260923,2e24b84e0a1e906a88bd91d21f25a0228935e2c3a86929fb2e135da495bc0196,r2-2e24b84e0a1e-seed20260923
D8_change_vs_tolerance,running_change,trial_4,38.0,0.0007891349996612673,,,,840,,20260923,2e24b84e0a1e906a88bd91d21f25a0228935e2c3a86929fb2e135da495bc0196,r2-2e24b84e0a1e-seed20260923
D8_running_mean,running_mean,trial_4,39.0,0.5434676434676434,,,,840,,20260923,2e24b84e0a1e906a88bd91d21f25a0228935e2c3a86929fb2e135da495bc0196,r2-2e24b84e0a1e-seed20260923
D8_change_vs_tolerance,running_change,trial_4,39.0,4.659083606450842e-05,,,,840,,20260923,2e24b84e0a1e906a88bd91d21f25a0228935e2c3a86929fb2e135da495bc0196,r2-2e24b84e0a1e-seed20260923
D8_running_mean,running_mean,trial_4,40.0,0.543125,,,,840,,20260923,2e24b84e0a1e906a88bd91d21f25a0228935e2c3a86929fb2e135da495bc0196,r2-2e24b84e0a1e-seed20260923
D8_change_vs_tolerance,running_change,trial_4,40.0,0.0003426434676434553,,,,840,,20260923,2e24b84e0a1e906a88bd91d21f25a0228935e2c3a86929fb2e135da495bc0196,r2-2e24b84e0a1e-seed20260923
D8_running_mean,running_mean,trial_4,41.0,0.5420150987224158,,,,840,,20260923,2e24b84e0a1e906a88bd91d21f25a0228935e2c3a86929fb2e135da495bc0196,r2-2e24b84e0a1e-seed20260923
D8_change_vs_tolerance,running_change,trial_4,41.0,0.0011099012775841466,,,,840,,20260923,2e24b84e0a1e906a88bd91d21f25a0228935e2c3a86929fb2e135da495bc0196,r2-2e24b84e0a1e-seed20260923
D8_running_mean,running_mean,trial_4,42.0,0.5421768707482993,,,,840,,20260923,2e24b84e0a1e906a88bd91d21f25a0228935e2c3a86929fb2e135da495bc0196,r2-2e24b84e0a1e-seed20260923
D8_change_vs_tolerance,running_change,trial_4,42.0,0.00016177202588352202,,,,840,,20260923,2e24b84e0a1e906a88bd91d21f25a0228935e2c3a86929fb2e135da495bc0196,r2-2e24b84e0a1e-seed20260923
D8_running_mean,running_mean,trial_4,43.0,0.542220376522702,,,,840,,20260923,2e24b84e0a1e906a88bd91d21f25a0228935e2c3a86929fb2e135da495bc0196,r2-2e24b84e0a1e-seed20260923
D8_change_vs_tolerance,running_change,trial_4,43.0,4.3505774402707864e-05,,,,840,,20260923,2e24b84e0a1e906a88bd91d21f25a0228935e2c3a86929fb2e135da495bc0196,r2-2e24b84e0a1e-seed20260923
D8_running_mean,running_mean,trial_4,44.0,0.5425054112554113,,,,840,,20260923,2e24b84e0a1e906a88bd91d21f25a0228935e2c3a86929fb2e135da495bc0196,r2-2e24b84e0a1e-seed20260923
D8_change_vs_tolerance,running_change,trial_4,44.0,0.00028503473270924395,,,,840,,20260923,2e24b84e0a1e906a88bd91d21f25a0228935e2c3a86929fb2e135da495bc0196,r2-2e24b84e0a1e-seed20260923
D8_running_mean,running_mean,trial_4,45.0,0.5434391534391534,,,,840,,20260923,2e24b84e0a1e906a88bd91d21f25a0228935e2c3a86929fb2e135da495bc0196,r2-2e24b84e0a1e-seed20260923
D8_change_vs_tolerance,running_change,trial_4,45.0,0.0009337421837420923,,,,840,,20260923,2e24b84e0a1e906a88bd91d21f25a0228935e2c3a86929fb2e135da495bc0196,r2-2e24b84e0a1e-seed20260923
D8_running_mean,running_mean,trial_4,46.0,0.5439182194616977,,,,840,,20260923,2e24b84e0a1e906a88bd91d21f25a0228935e2c3a86929fb2e135da495bc0196,r2-2e24b84e0a1e-seed20260923
D8_change_vs_tolerance,running_change,trial_4,46.0,0.00047906602254432773,,,,840,,20260923,2e24b84e0a1e906a88bd91d21f25a0228935e2c3a86929fb2e135da495bc0196,r2-2e24b84e0a1e-seed20260923
D8_running_mean,running_mean,trial_4,47.0,0.5435410334346504,,,,840,,20260923,2e24b84e0a1e906a88bd91d21f25a0228935e2c3a86929fb2e135da495bc0196,r2-2e24b84e0a1e-seed20260923
D8_change_vs_tolerance,running_change,trial_4,47.0,0.00037718602704728266,,,,840,,20260923,2e24b84e0a1e906a88bd91d21f25a0228935e2c3a86929fb2e135da495bc0196,r2-2e24b84e0a1e-seed20260923
D8_running_mean,running_mean,trial_4,48.0,0.543625992063492,,,,840,,20260923,2e24b84e0a1e906a88bd91d21f25a0228935e2c3a86929fb2e135da495bc0196,r2-2e24b84e0a1e-seed20260923
D8_change_vs_tolerance,running_change,trial_4,48.0,8.495862884161376e-05,,,,840,,20260923,2e24b84e0a1e906a88bd91d21f25a0228935e2c3a86929fb2e135da495bc0196,r2-2e24b84e0a1e-seed20260923
D8_running_mean,running_mean,trial_4,49.0,0.5432944606413994,,,,840,,20260923,2e24b84e0a1e906a88bd91d21f25a0228935e2c3a86929fb2e135da495bc0196,r2-2e24b84e0a1e-seed20260923
D8_change_vs_tolerance,running_change,trial_4,49.0,0.00033153142209263464,,,,840,,20260923,2e24b84e0a1e906a88bd91d21f25a0228935e2c3a86929fb2e135da495bc0196,r2-2e24b84e0a1e-seed20260923
D8_running_mean,running_mean,trial_4,50.0,0.5433809523809524,,,,840,,20260923,2e24b84e0a1e906a88bd91d21f25a0228935e2c3a86929fb2e135da495bc0196,r2-2e24b84e0a1e-seed20260923
D8_change_vs_tolerance,running_change,trial_4,50.0,8.649173955299627e-05,,,,840,,20260923,2e24b84e0a1e906a88bd91d21f25a0228935e2c3a86929fb2e135da495bc0196,r2-2e24b84e0a1e-seed20260923
D8_running_mean,running_mean,trial_4,51.0,0.5431839402427637,,,,840,,20260923,2e24b84e0a1e906a88bd91d21f25a0228935e2c3a86929fb2e135da495bc0196,r2-2e24b84e0a1e-seed20260923
D8_change_vs_tolerance,running_change,trial_4,51.0,0.00019701213818867913,,,,840,,20260923,2e24b84e0a1e906a88bd91d21f25a0228935e2c3a86929fb2e135da495bc0196,r2-2e24b84e0a1e-seed20260923
D8_running_mean,running_mean,trial_4,52.0,0.5430860805860805,,,,840,,20260923,2e24b84e0a1e906a88bd91d21f25a0228935e2c3a86929fb2e135da495bc0196,r2-2e24b84e0a1e-seed20260923
D8_change_vs_tolerance,running_change,trial_4,52.0,9.785965668318575e-05,,,,840,,20260923,2e24b84e0a1e906a88bd91d21f25a0228935e2c3a86929fb2e135da495bc0196,r2-2e24b84e0a1e-seed20260923
D8_running_mean,running_mean,trial_4,53.0,0.5432165318957772,,,,840,,20260923,2e24b84e0a1e906a88bd91d21f25a0228935e2c3a86929fb2e135da495bc0196,r2-2e24b84e0a1e-seed20260923
D8_change_vs_tolerance,running_change,trial_4,53.0,0.0001304513096966886,,,,840,,20260923,2e24b84e0a1e906a88bd91d21f25a0228935e2c3a86929fb2e135da495bc0196,r2-2e24b84e0a1e-seed20260923
D8_running_mean,running_mean,trial_4,54.0,0.5429012345679012,,,,840,,20260923,2e24b84e0a1e906a88bd91d21f25a0228935e2c3a86929fb2e135da495bc0196,r2-2e24b84e0a1e-seed20260923
D8_change_vs_tolerance,running_change,trial_4,54.0,0.0003152973278760518,,,,840,,20260923,2e24b84e0a1e906a88bd91d21f25a0228935e2c3a86929fb2e135da495bc0196,r2-2e24b84e0a1e-seed20260923
D8_running_mean,running_mean,trial_4,55.0,0.5425324675324675,,,,840,,20260923,2e24b84e0a1e906a88bd91d21f25a0228935e2c3a86929fb2e135da495bc0196,r2-2e24b84e0a1e-seed20260923
D8_change_vs_tolerance,running_change,trial_4,55.0,0.0003687670354336481,,,,840,,20260923,2e24b84e0a1e906a88bd91d21f25a0228935e2c3a86929fb2e135da495bc0196,r2-2e24b84e0a1e-seed20260923
D8_running_mean,running_mean,trial_4,56.0,0.5424319727891157,,,,840,,20260923,2e24b84e0a1e906a88bd91d21f25a0228935e2c3a86929fb2e135da495bc0196,r2-2e24b84e0a1e-seed20260923
D8_change_vs_tolerance,running_change,trial_4,56.0,0.00010049474335183106,,,,840,,20260923,2e24b84e0a1e906a88bd91d21f25a0228935e2c3a86929fb2e135da495bc0196,r2-2e24b84e0a1e-seed20260923
D8_running_mean,running_mean,trial_4,57.0,0.5426482873851295,,,,840,,20260923,2e24b84e0a1e906a88bd91d21f25a0228935e2c3a86929fb2e135da495bc0196,r2-2e24b84e0a1e-seed20260923
D8_change_vs_tolerance,running_change,trial_4,57.0,0.0002163145960137891,,,,840,,20260923,2e24b84e0a1e906a88bd91d21f25a0228935e2c3a86929fb2e135da495bc0196,r2-2e24b84e0a1e-seed20260923
D8_running_mean,running_mean,trial_4,58.0,0.5423645320197045,,,,840,,20260923,2e24b84e0a1e906a88bd91d21f25a0228935e2c3a86929fb2e135da495bc0196,r2-2e24b84e0a1e-seed20260923
D8_change_vs_tolerance,running_change,trial_4,58.0,0.0002837553654250202,,,,840,,20260923,2e24b84e0a1e906a88bd91d21f25a0228935e2c3a86929fb2e135da495bc0196,r2-2e24b84e0a1e-seed20260923
D8_running_mean,running_mean,trial_4,59.0,0.5430589184826473,,,,840,,20260923,2e24b84e0a1e906a88bd91d21f25a0228935e2c3a86929fb2e135da495bc0196,r2-2e24b84e0a1e-seed20260923
D8_change_vs_tolerance,running_change,trial_4,59.0,0.000694386462942842,,,,840,,20260923,2e24b84e0a1e906a88bd91d21f25a0228935e2c3a86929fb2e135da495bc0196,r2-2e24b84e0a1e-seed20260923
D8_running_mean,running_mean,trial_4,60.0,0.5430952380952381,,,,840,,20260923,2e24b84e0a1e906a88bd91d21f25a0228935e2c3a86929fb2e135da495bc0196,r2-2e24b84e0a1e-seed20260923
D8_change_vs_tolerance,running_change,trial_4,60.0,3.631961259076277e-05,,,,840,,20260923,2e24b84e0a1e906a88bd91d21f25a0228935e2c3a86929fb2e135da495bc0196,r2-2e24b84e0a1e-seed20260923
D8_running_mean,running_mean,trial_4,61.0,0.5429547228727557,,,,840,,20260923,2e24b84e0a1e906a88bd91d21f25a0228935e2c3a86929fb2e135da495bc0196,r2-2e24b84e0a1e-seed20260923
D8_change_vs_tolerance,running_change,trial_4,61.0,0.00014051522248237358,,,,840,,20260923,2e24b84e0a1e906a88bd91d21f25a0228935e2c3a86929fb2e135da495bc0196,r2-2e24b84e0a1e-seed20260923
D8_running_mean,running_mean,trial_4,62.0,0.5432411674347158,,,,840,,20260923,2e24b84e0a1e906a88bd91d21f25a0228935e2c3a86929fb2e135da495bc0196,r2-2e24b84e0a1e-seed20260923
D8_change_vs_tolerance,running_change,trial_4,62.0,0.0002864445619601419,,,,840,,20260923,2e24b84e0a1e906a88bd91d21f25a0228935e2c3a86929fb2e135da495bc0196,r2-2e24b84e0a1e-seed20260923
D8_running_mean,running_mean,trial_4,63.0,0.5430461073318216,,,,840,,20260923,2e24b84e0a1e906a88bd91d21f25a0228935e2c3a86929fb2e135da495bc0196,r2-2e24b84e0a1e-seed20260923
D8_change_vs_tolerance,running_change,trial_4,63.0,0.00019506010289427334,,,,840,,20260923,2e24b84e0a1e906a88bd91d21f25a0228935e2c3a86929fb2e135da495bc0196,r2-2e24b84e0a1e-seed20260923
D8_running_mean,running_mean,trial_4,64.0,0.5430803571428572,,,,840,,20260923,2e24b84e0a1e906a88bd91d21f25a0228935e2c3a86929fb2e135da495bc0196,r2-2e24b84e0a1e-seed20260923
D8_change_vs_tolerance,running_change,trial_4,64.0,3.424981103561375e-05,,,,840,,20260923,2e24b84e0a1e906a88bd91d21f25a0228935e2c3a86929fb2e135da495bc0196,r2-2e24b84e0a1e-seed20260923
D8_running_mean,running_mean,trial_4,65.0,0.543040293040293,,,,840,,20260923,2e24b84e0a1e906a88bd91d21f25a0228935e2c3a86929fb2e135da495bc0196,r2-2e24b84e0a1e-seed20260923
D8_change_vs_tolerance,running_change,trial_4,65.0,4.006410256418569e-05,,,,840,,20260923,2e24b84e0a1e906a88bd91d21f25a0228935e2c3a86929fb2e135da495bc0196,r2-2e24b84e0a1e-seed20260923
D8_running_mean,running_mean,trial_4,66.0,0.5431818181818182,,,,840,,20260923,2e24b84e0a1e906a88bd91d21f25a0228935e2c3a86929fb2e135da495bc0196,r2-2e24b84e0a1e-seed20260923
D8_change_vs_tolerance,running_change,trial_4,66.0,0.00014152514152521167,,,,840,,20260923,2e24b84e0a1e906a88bd91d21f25a0228935e2c3a86929fb2e135da495bc0196,r2-2e24b84e0a1e-seed20260923
D8_running_mean,running_mean,trial_4,67.0,0.5428393745557925,,,,840,,20260923,2e24b84e0a1e906a88bd91d21f25a0228935e2c3a86929fb2e135da495bc0196,r2-2e24b84e0a1e-seed20260923
D8_change_vs_tolerance,running_change,trial_4,67.0,0.00034244362602575684,,,,840,,20260923,2e24b84e0a1e906a88bd91d21f25a0228935e2c3a86929fb2e135da495bc0196,r2-2e24b84e0a1e-seed20260923
D8_running_mean,running_mean,trial_4,68.0,0.5427871148459383,,,,840,,20260923,2e24b84e0a1e906a88bd91d21f25a0228935e2c3a86929fb2e135da495bc0196,r2-2e24b84e0a1e-seed20260923
D8_change_vs_tolerance,running_change,trial_4,68.0,5.2259709854118874e-05,,,,840,,20260923,2e24b84e0a1e906a88bd91d21f25a0228935e2c3a86929fb2e135da495bc0196,r2-2e24b84e0a1e-seed20260923
D8_running_mean,running_mean,trial_4,69.0,0.54283988957902,,,,840,,20260923,2e24b84e0a1e906a88bd91d21f25a0228935e2c3a86929fb2e135da495bc0196,r2-2e24b84e0a1e-seed20260923
D8_change_vs_tolerance,running_change,trial_4,69.0,5.277473308162861e-05,,,,840,,20260923,2e24b84e0a1e906a88bd91d21f25a0228935e2c3a86929fb2e135da495bc0196,r2-2e24b84e0a1e-seed20260923
D8_running_mean,running_mean,trial_4,70.0,0.5431122448979592,,,,840,,20260923,2e24b84e0a1e906a88bd91d21f25a0228935e2c3a86929fb2e135da495bc0196,r2-2e24b84e0a1e-seed20260923
D8_change_vs_tolerance,running_change,trial_4,70.0,0.0002723553189392103,,,,840,,20260923,2e24b84e0a1e906a88bd91d21f25a0228935e2c3a86929fb2e135da495bc0196,r2-2e24b84e0a1e-seed20260923
D8_running_mean,running_mean,trial_4,71.0,0.5432260228034876,,,,840,,20260923,2e24b84e0a1e906a88bd91d21f25a0228935e2c3a86929fb2e135da495bc0196,r2-2e24b84e0a1e-seed20260923
D8_change_vs_tolerance,running_change,trial_4,71.0,0.00011377790552846712,,,,840,,20260923,2e24b84e0a1e906a88bd91d21f25a0228935e2c3a86929fb2e135da495bc0196,r2-2e24b84e0a1e-seed20260923
D8_running_mean,running_mean,trial_4,72.0,0.5435350529100529,,,,840,,20260923,2e24b84e0a1e906a88bd91d21f25a0228935e2c3a86929fb2e135da495bc0196,r2-2e24b84e0a1e-seed20260923
D8_change_vs_tolerance,running_change,trial_4,72.0,0.00030903010656524454,,,,840,,20260923,2e24b84e0a1e906a88bd91d21f25a0228935e2c3a86929fb2e135da495bc0196,r2-2e24b84e0a1e-seed20260923
D8_running_mean,running_mean,trial_4,73.0,0.5439986953685584,,,,840,,20260923,2e24b84e0a1e906a88bd91d21f25a0228935e2c3a86929fb2e135da495bc0196,r2-2e24b84e0a1e-seed20260923
D8_change_vs_tolerance,running_change,trial_4,73.0,0.0004636424585054977,,,,840,,20260923,2e24b84e0a1e906a88bd91d21f25a0228935e2c3a86929fb2e135da495bc0196,r2-2e24b84e0a1e-seed20260923
D8_running_mean,running_mean,trial_4,74.0,0.5437741312741313,,,,840,,20260923,2e24b84e0a1e906a88bd91d21f25a0228935e2c3a86929fb2e135da495bc0196,r2-2e24b84e0a1e-seed20260923
D8_change_vs_tolerance,running_change,trial_4,74.0,0.00022456409442705993,,,,840,,20260923,2e24b84e0a1e906a88bd91d21f25a0228935e2c3a86929fb2e135da495bc0196,r2-2e24b84e0a1e-seed20260923
D8_running_mean,running_mean,trial_4,75.0,0.5437619047619048,,,,840,,20260923,2e24b84e0a1e906a88bd91d21f25a0228935e2c3a86929fb2e135da495bc0196,r2-2e24b84e0a1e-seed20260923
D8_change_vs_tolerance,running_change,trial_4,75.0,1.222651222654303e-05,,,,840,,20260923,2e24b84e0a1e906a88bd91d21f25a0228935e2c3a86929fb2e135da495bc0196,r2-2e24b84e0a1e-seed20260923
D8_running_mean,running_mean,trial_4,76.0,0.543843984962406,,,,840,,20260923,2e24b84e0a1e906a88bd91d21f25a0228935e2c3a86929fb2e135da495bc0196,r2-2e24b84e0a1e-seed20260923
D8_change_vs_tolerance,running_change,trial_4,76.0,8.208020050126663e-05,,,,840,,20260923,2e24b84e0a1e906a88bd91d21f25a0228935e2c3a86929fb2e135da495bc0196,r2-2e24b84e0a1e-seed20260923
D8_running_mean,running_mean,trial_4,77.0,0.5437074829931973,,,,840,,20260923,2e24b84e0a1e906a88bd91d21f25a0228935e2c3a86929fb2e135da495bc0196,r2-2e24b84e0a1e-seed20260923
D8_change_vs_tolerance,running_change,trial_4,77.0,0.00013650196920877988,,,,840,,20260923,2e24b84e0a1e906a88bd91d21f25a0228935e2c3a86929fb2e135da495bc0196,r2-2e24b84e0a1e-seed20260923
D8_running_mean,running_mean,trial_4,78.0,0.5436660561660561,,,,840,,20260923,2e24b84e0a1e906a88bd91d21f25a0228935e2c3a86929fb2e135da495bc0196,r2-2e24b84e0a1e-seed20260923
D8_change_vs_tolerance,running_change,trial_4,78.0,4.142682714114443e-05,,,,840,,20260923,2e24b84e0a1e906a88bd91d21f25a0228935e2c3a86929fb2e135da495bc0196,r2-2e24b84e0a1e-seed20260923
D8_running_mean,running_mean,trial_4,79.0,0.5438667872212176,,,,840,,20260923,2e24b84e0a1e906a88bd91d21f25a0228935e2c3a86929fb2e135da495bc0196,r2-2e24b84e0a1e-seed20260923
D8_change_vs_tolerance,running_change,trial_4,79.0,0.00020073105516149603,,,,840,,20260923,2e24b84e0a1e906a88bd91d21f25a0228935e2c3a86929fb2e135da495bc0196,r2-2e24b84e0a1e-seed20260923
D8_running_mean,running_mean,trial_4,80.0,0.5439136904761904,,,,840,,20260923,2e24b84e0a1e906a88bd91d21f25a0228935e2c3a86929fb2e135da495bc0196,r2-2e24b84e0a1e-seed20260923
D8_change_vs_tolerance,running_change,trial_4,80.0,4.690325497280767e-05,,,,840,,20260923,2e24b84e0a1e906a88bd91d21f25a0228935e2c3a86929fb2e135da495bc0196,r2-2e24b84e0a1e-seed20260923
D8_running_mean,running_mean,trial_4,81.0,0.5437095825984715,,,,840,,20260923,2e24b84e0a1e906a88bd91d21f25a0228935e2c3a86929fb2e135da495bc0196,r2-2e24b84e0a1e-seed20260923
D8_change_vs_tolerance,running_change,trial_4,81.0,0.000204107877718962,,,,840,,20260923,2e24b84e0a1e906a88bd91d21f25a0228935e2c3a86929fb2e135da495bc0196,r2-2e24b84e0a1e-seed20260923
D8_running_mean,running_mean,trial_4,82.0,0.5432926829268293,,,,840,,20260923,2e24b84e0a1e906a88bd91d21f25a0228935e2c3a86929fb2e135da495bc0196,r2-2e24b84e0a1e-seed20260923
D8_change_vs_tolerance,running_change,trial_4,82.0,0.0004168996716421569,,,,840,,20260923,2e24b84e0a1e906a88bd91d21f25a0228935e2c3a86929fb2e135da495bc0196,r2-2e24b84e0a1e-seed20260923
D8_running_mean,running_mean,trial_4,83.0,0.5434452094090648,,,,840,,20260923,2e24b84e0a1e906a88bd91d21f25a0228935e2c3a86929fb2e135da495bc0196,r2-2e24b84e0a1e-seed20260923
D8_change_vs_tolerance,running_change,trial_4,83.0,0.00015252648223551546,,,,840,,20260923,2e24b84e0a1e906a88bd91d21f25a0228935e2c3a86929fb2e135da495bc0196,r2-2e24b84e0a1e-seed20260923
D8_running_mean,running_mean,trial_4,84.0,0.5433956916099774,,,,840,,20260923,2e24b84e0a1e906a88bd91d21f25a0228935e2c3a86929fb2e135da495bc0196,r2-2e24b84e0a1e-seed20260923
D8_change_vs_tolerance,running_change,trial_4,84.0,4.951779908746179e-05,,,,840,,20260923,2e24b84e0a1e906a88bd91d21f25a0228935e2c3a86929fb2e135da495bc0196,r2-2e24b84e0a1e-seed20260923
D8_running_mean,running_mean,trial_4,85.0,0.5433473389355742,,,,840,,20260923,2e24b84e0a1e906a88bd91d21f25a0228935e2c3a86929fb2e135da495bc0196,r2-2e24b84e0a1e-seed20260923
D8_change_vs_tolerance,running_change,trial_4,85.0,4.83526744031737e-05,,,,840,,20260923,2e24b84e0a1e906a88bd91d21f25a0228935e2c3a86929fb2e135da495bc0196,r2-2e24b84e0a1e-seed20260923
D8_running_mean,running_mean,trial_4,86.0,0.5435354374307863,,,,840,,20260923,2e24b84e0a1e906a88bd91d21f25a0228935e2c3a86929fb2e135da495bc0196,r2-2e24b84e0a1e-seed20260923
D8_change_vs_tolerance,running_change,trial_4,86.0,0.00018809849521206345,,,,840,,20260923,2e24b84e0a1e906a88bd91d21f25a0228935e2c3a86929fb2e135da495bc0196,r2-2e24b84e0a1e-seed20260923
D8_running_mean,running_mean,trial_4,87.0,0.543527640941434,,,,840,,20260923,2e24b84e0a1e906a88bd91d21f25a0228935e2c3a86929fb2e135da495bc0196,r2-2e24b84e0a1e-seed20260923
D8_change_vs_tolerance,running_change,trial_4,87.0,7.796489352229763e-06,,,,840,,20260923,2e24b84e0a1e906a88bd91d21f25a0228935e2c3a86929fb2e135da495bc0196,r2-2e24b84e0a1e-seed20260923
D8_running_mean,running_mean,trial_4,88.0,0.5436147186147187,,,,840,,20260923,2e24b84e0a1e906a88bd91d21f25a0228935e2c3a86929fb2e135da495bc0196,r2-2e24b84e0a1e-seed20260923
D8_change_vs_tolerance,running_change,trial_4,88.0,8.707767328464122e-05,,,,840,,20260923,2e24b84e0a1e906a88bd91d21f25a0228935e2c3a86929fb2e135da495bc0196,r2-2e24b84e0a1e-seed20260923
D8_running_mean,running_mean,trial_4,89.0,0.5435794542536115,,,,840,,20260923,2e24b84e0a1e906a88bd91d21f25a0228935e2c3a86929fb2e135da495bc0196,r2-2e24b84e0a1e-seed20260923
D8_change_vs_tolerance,running_change,trial_4,89.0,3.52643611071235e-05,,,,840,,20260923,2e24b84e0a1e906a88bd91d21f25a0228935e2c3a86929fb2e135da495bc0196,r2-2e24b84e0a1e-seed20260923
D8_running_mean,running_mean,trial_4,90.0,0.5437433862433863,,,,840,,20260923,2e24b84e0a1e906a88bd91d21f25a0228935e2c3a86929fb2e135da495bc0196,r2-2e24b84e0a1e-seed20260923
D8_change_vs_tolerance,running_change,trial_4,90.0,0.00016393198977471268,,,,840,,20260923,2e24b84e0a1e906a88bd91d21f25a0228935e2c3a86929fb2e135da495bc0196,r2-2e24b84e0a1e-seed20260923
D8_running_mean,running_mean,trial_4,91.0,0.5436420722135008,,,,840,,20260923,2e24b84e0a1e906a88bd91d21f25a0228935e2c3a86929fb2e135da495bc0196,r2-2e24b84e0a1e-seed20260923
D8_change_vs_tolerance,running_change,trial_4,91.0,0.00010131402988544647,,,,840,,20260923,2e24b84e0a1e906a88bd91d21f25a0228935e2c3a86929fb2e135da495bc0196,r2-2e24b84e0a1e-seed20260923
D8_running_mean,running_mean,trial_4,92.0,0.543258281573499,,,,840,,20260923,2e24b84e0a1e906a88bd91d21f25a0228935e2c3a86929fb2e135da495bc0196,r2-2e24b84e0a1e-seed20260923
D8_change_vs_tolerance,running_change,trial_4,92.0,0.0003837906400018243,,,,840,,20260923,2e24b84e0a1e906a88bd91d21f25a0228935e2c3a86929fb2e135da495bc0196,r2-2e24b84e0a1e-seed20260923
D8_running_mean,running_mean,trial_4,93.0,0.5434715821812596,,,,840,,20260923,2e24b84e0a1e906a88bd91d21f25a0228935e2c3a86929fb2e135da495bc0196,r2-2e24b84e0a1e-seed20260923
D8_change_vs_tolerance,running_change,trial_4,93.0,0.00021330060776059145,,,,840,,20260923,2e24b84e0a1e906a88bd91d21f25a0228935e2c3a86929fb2e135da495bc0196,r2-2e24b84e0a1e-seed20260923
D8_running_mean,running_mean,trial_4,94.0,0.5433130699088146,,,,840,,20260923,2e24b84e0a1e906a88bd91d21f25a0228935e2c3a86929fb2e135da495bc0196,r2-2e24b84e0a1e-seed20260923
D8_change_vs_tolerance,running_change,trial_4,94.0,0.00015851227244501054,,,,840,,20260923,2e24b84e0a1e906a88bd91d21f25a0228935e2c3a86929fb2e135da495bc0196,r2-2e24b84e0a1e-seed20260923
D8_running_mean,running_mean,trial_4,95.0,0.5435338345864662,,,,840,,20260923,2e24b84e0a1e906a88bd91d21f25a0228935e2c3a86929fb2e135da495bc0196,r2-2e24b84e0a1e-seed20260923
D8_change_vs_tolerance,running_change,trial_4,95.0,0.00022076467765164143,,,,840,,20260923,2e24b84e0a1e906a88bd91d21f25a0228935e2c3a86929fb2e135da495bc0196,r2-2e24b84e0a1e-seed20260923
D8_running_mean,running_mean,trial_4,96.0,0.543514384920635,,,,840,,20260923,2e24b84e0a1e906a88bd91d21f25a0228935e2c3a86929fb2e135da495bc0196,r2-2e24b84e0a1e-seed20260923
D8_change_vs_tolerance,running_change,trial_4,96.0,1.9449665831228202e-05,,,,840,,20260923,2e24b84e0a1e906a88bd91d21f25a0228935e2c3a86929fb2e135da495bc0196,r2-2e24b84e0a1e-seed20260923
D8_running_mean,running_mean,trial_4,97.0,0.5437285223367697,,,,840,,20260923,2e24b84e0a1e906a88bd91d21f25a0228935e2c3a86929fb2e135da495bc0196,r2-2e24b84e0a1e-seed20260923
D8_change_vs_tolerance,running_change,trial_4,97.0,0.0002141374161347409,,,,840,,20260923,2e24b84e0a1e906a88bd91d21f25a0228935e2c3a86929fb2e135da495bc0196,r2-2e24b84e0a1e-seed20260923
D8_running_mean,running_mean,trial_4,98.0,0.5438896987366375,,,,840,,20260923,2e24b84e0a1e906a88bd91d21f25a0228935e2c3a86929fb2e135da495bc0196,r2-2e24b84e0a1e-seed20260923
D8_change_vs_tolerance,running_change,trial_4,98.0,0.00016117639986779064,,,,840,,20260923,2e24b84e0a1e906a88bd91d21f25a0228935e2c3a86929fb2e135da495bc0196,r2-2e24b84e0a1e-seed20260923
D8_running_mean,running_mean,trial_4,99.0,0.5439273689273689,,,,840,,20260923,2e24b84e0a1e906a88bd91d21f25a0228935e2c3a86929fb2e135da495bc0196,r2-2e24b84e0a1e-seed20260923
D8_change_vs_tolerance,running_change,trial_4,99.0,3.7670190731420305e-05,,,,840,,20260923,2e24b84e0a1e906a88bd91d21f25a0228935e2c3a86929fb2e135da495bc0196,r2-2e24b84e0a1e-seed20260923
D8_running_mean,running_mean,trial_4,100.0,0.5436666666666666,,,,840,,20260923,2e24b84e0a1e906a88bd91d21f25a0228935e2c3a86929fb2e135da495bc0196,r2-2e24b84e0a1e-seed20260923
D8_change_vs_tolerance,running_change,trial_4,100.0,0.00026070226070229463,,,,840,,20260923,2e24b84e0a1e906a88bd91d21f25a0228935e2c3a86929fb2e135da495bc0196,r2-2e24b84e0a1e-seed20260923
D8_running_mean,running_mean,trial_4,101.0,0.5435879302215936,,,,840,,20260923,2e24b84e0a1e906a88bd91d21f25a0228935e2c3a86929fb2e135da495bc0196,r2-2e24b84e0a1e-seed20260923
D8_change_vs_tolerance,running_change,trial_4,101.0,7.873644507305766e-05,,,,840,,20260923,2e24b84e0a1e906a88bd91d21f25a0228935e2c3a86929fb2e135da495bc0196,r2-2e24b84e0a1e-seed20260923
D8_running_mean,running_mean,trial_4,107.0,0.5436804628393413,,,,840,,20260923,2e24b84e0a1e906a88bd91d21f25a0228935e2c3a86929fb2e135da495bc0196,r2-2e24b84e0a1e-seed20260923
D8_change_vs_tolerance,running_change,trial_4,107.0,3.463737813902412e-06,,,,840,,20260923,2e24b84e0a1e906a88bd91d21f25a0228935e2c3a86929fb2e135da495bc0196,r2-2e24b84e0a1e-seed20260923
D8_running_mean,running_mean,trial_4,114.0,0.5434732664995823,,,,840,,20260923,2e24b84e0a1e906a88bd91d21f25a0228935e2c3a86929fb2e135da495bc0196,r2-2e24b84e0a1e-seed20260923
D8_change_vs_tolerance,running_change,trial_4,114.0,0.00011080429687793103,,,,840,,20260923,2e24b84e0a1e906a88bd91d21f25a0228935e2c3a86929fb2e135da495bc0196,r2-2e24b84e0a1e-seed20260923
D8_running_mean,running_mean,trial_4,121.0,0.5434277843368752,,,,840,,20260923,2e24b84e0a1e906a88bd91d21f25a0228935e2c3a86929fb2e135da495bc0196,r2-2e24b84e0a1e-seed20260923
D8_change_vs_tolerance,running_change,trial_4,121.0,5.4358520267583366e-05,,,,840,,20260923,2e24b84e0a1e906a88bd91d21f25a0228935e2c3a86929fb2e135da495bc0196,r2-2e24b84e0a1e-seed20260923
D8_running_mean,running_mean,trial_4,129.0,0.5431432262827611,,,,840,,20260923,2e24b84e0a1e906a88bd91d21f25a0228935e2c3a86929fb2e135da495bc0196,r2-2e24b84e0a1e-seed20260923
D8_change_vs_tolerance,running_change,trial_4,129.0,5.8038598191201274e-05,,,,840,,20260923,2e24b84e0a1e906a88bd91d21f25a0228935e2c3a86929fb2e135da495bc0196,r2-2e24b84e0a1e-seed20260923
D8_running_mean,running_mean,trial_4,137.0,0.5433698296836983,,,,840,,20260923,2e24b84e0a1e906a88bd91d21f25a0228935e2c3a86929fb2e135da495bc0196,r2-2e24b84e0a1e-seed20260923
D8_change_vs_tolerance,running_change,trial_4,137.0,0.0003113562943425352,,,,840,,20260923,2e24b84e0a1e906a88bd91d21f25a0228935e2c3a86929fb2e135da495bc0196,r2-2e24b84e0a1e-seed20260923
D8_running_mean,running_mean,trial_4,146.0,0.5429631441617743,,,,840,,20260923,2e24b84e0a1e906a88bd91d21f25a0228935e2c3a86929fb2e135da495bc0196,r2-2e24b84e0a1e-seed20260923
D8_change_vs_tolerance,running_change,trial_4,146.0,5.820230784803204e-05,,,,840,,20260923,2e24b84e0a1e906a88bd91d21f25a0228935e2c3a86929fb2e135da495bc0196,r2-2e24b84e0a1e-seed20260923
D8_running_mean,running_mean,trial_4,155.0,0.5428494623655914,,,,840,,20260923,2e24b84e0a1e906a88bd91d21f25a0228935e2c3a86929fb2e135da495bc0196,r2-2e24b84e0a1e-seed20260923
D8_change_vs_tolerance,running_change,trial_4,155.0,0.00019330899515235256,,,,840,,20260923,2e24b84e0a1e906a88bd91d21f25a0228935e2c3a86929fb2e135da495bc0196,r2-2e24b84e0a1e-seed20260923
D8_running_mean,running_mean,trial_4,165.0,0.5432251082251083,,,,840,,20260923,2e24b84e0a1e906a88bd91d21f25a0228935e2c3a86929fb2e135da495bc0196,r2-2e24b84e0a1e-seed20260923
D8_change_vs_tolerance,running_change,trial_4,165.0,5.305669939814628e-05,,,,840,,20260923,2e24b84e0a1e906a88bd91d21f25a0228935e2c3a86929fb2e135da495bc0196,r2-2e24b84e0a1e-seed20260923
D8_running_mean,running_mean,trial_4,175.0,0.5435238095238095,,,,840,,20260923,2e24b84e0a1e906a88bd91d21f25a0228935e2c3a86929fb2e135da495bc0196,r2-2e24b84e0a1e-seed20260923
D8_change_vs_tolerance,running_change,trial_4,175.0,6.458675424192428e-05,,,,840,,20260923,2e24b84e0a1e906a88bd91d21f25a0228935e2c3a86929fb2e135da495bc0196,r2-2e24b84e0a1e-seed20260923
D8_running_mean,running_mean,trial_4,187.0,0.5434173669467787,,,,840,,20260923,2e24b84e0a1e906a88bd91d21f25a0228935e2c3a86929fb2e135da495bc0196,r2-2e24b84e0a1e-seed20260923
D8_change_vs_tolerance,running_change,trial_4,187.0,3.0119574712106356e-06,,,,840,,20260923,2e24b84e0a1e906a88bd91d21f25a0228935e2c3a86929fb2e135da495bc0196,r2-2e24b84e0a1e-seed20260923
D8_running_mean,running_mean,trial_4,198.0,0.5431938431938432,,,,840,,20260923,2e24b84e0a1e906a88bd91d21f25a0228935e2c3a86929fb2e135da495bc0196,r2-2e24b84e0a1e-seed20260923
D8_change_vs_tolerance,running_change,trial_4,198.0,5.2678098363401205e-05,,,,840,,20260923,2e24b84e0a1e906a88bd91d21f25a0228935e2c3a86929fb2e135da495bc0196,r2-2e24b84e0a1e-seed20260923
D8_running_mean,running_mean,trial_4,211.0,0.5430602572782668,,,,840,,20260923,2e24b84e0a1e906a88bd91d21f25a0228935e2c3a86929fb2e135da495bc0196,r2-2e24b84e0a1e-seed20260923
D8_change_vs_tolerance,running_change,trial_4,211.0,3.498081697128619e-05,,,,840,,20260923,2e24b84e0a1e906a88bd91d21f25a0228935e2c3a86929fb2e135da495bc0196,r2-2e24b84e0a1e-seed20260923
D8_running_mean,running_mean,trial_4,224.0,0.5429900085034014,,,,840,,20260923,2e24b84e0a1e906a88bd91d21f25a0228935e2c3a86929fb2e135da495bc0196,r2-2e24b84e0a1e-seed20260923
D8_change_vs_tolerance,running_change,trial_4,224.0,1.127272657941436e-05,,,,840,,20260923,2e24b84e0a1e906a88bd91d21f25a0228935e2c3a86929fb2e135da495bc0196,r2-2e24b84e0a1e-seed20260923
D8_running_mean,running_mean,trial_4,231.0,0.5429086786229643,,,,840,,20260923,2e24b84e0a1e906a88bd91d21f25a0228935e2c3a86929fb2e135da495bc0196,r2-2e24b84e0a1e-seed20260923
D8_change_vs_tolerance,running_change,trial_4,231.0,2.240685470500381e-07,,,,840,,20260923,2e24b84e0a1e906a88bd91d21f25a0228935e2c3a86929fb2e135da495bc0196,r2-2e24b84e0a1e-seed20260923
D8_running_mean,running_mean,trial_4,238.0,0.5429421768707483,,,,840,,20260923,2e24b84e0a1e906a88bd91d21f25a0228935e2c3a86929fb2e135da495bc0196,r2-2e24b84e0a1e-seed20260923
D8_change_vs_tolerance,running_change,trial_4,238.0,1.4710525560457377e-05,,,,840,,20260923,2e24b84e0a1e906a88bd91d21f25a0228935e2c3a86929fb2e135da495bc0196,r2-2e24b84e0a1e-seed20260923
D8_running_mean,running_mean,trial_4,254.0,0.5428571428571428,,,,840,,20260923,2e24b84e0a1e906a88bd91d21f25a0228935e2c3a86929fb2e135da495bc0196,r2-2e24b84e0a1e-seed20260923
D8_change_vs_tolerance,running_change,trial_4,254.0,7.52870318088128e-05,,,,840,,20260923,2e24b84e0a1e906a88bd91d21f25a0228935e2c3a86929fb2e135da495bc0196,r2-2e24b84e0a1e-seed20260923
D8_running_mean,running_mean,trial_4,270.0,0.5431393298059964,,,,840,,20260923,2e24b84e0a1e906a88bd91d21f25a0228935e2c3a86929fb2e135da495bc0196,r2-2e24b84e0a1e-seed20260923
D8_change_vs_tolerance,running_change,trial_4,270.0,9.900146207497684e-06,,,,840,,20260923,2e24b84e0a1e906a88bd91d21f25a0228935e2c3a86929fb2e135da495bc0196,r2-2e24b84e0a1e-seed20260923
D8_running_mean,running_mean,trial_4,287.0,0.5429110668657707,,,,840,,20260923,2e24b84e0a1e906a88bd91d21f25a0228935e2c3a86929fb2e135da495bc0196,r2-2e24b84e0a1e-seed20260923
D8_change_vs_tolerance,running_change,trial_4,287.0,2.478647949033519e-05,,,,840,,20260923,2e24b84e0a1e906a88bd91d21f25a0228935e2c3a86929fb2e135da495bc0196,r2-2e24b84e0a1e-seed20260923
D8_running_mean,running_mean,trial_4,305.0,0.5429195940671351,,,,840,,20260923,2e24b84e0a1e906a88bd91d21f25a0228935e2c3a86929fb2e135da495bc0196,r2-2e24b84e0a1e-seed20260923
D8_change_vs_tolerance,running_change,trial_4,305.0,3.895496939076981e-05,,,,840,,20260923,2e24b84e0a1e906a88bd91d21f25a0228935e2c3a86929fb2e135da495bc0196,r2-2e24b84e0a1e-seed20260923
D8_running_mean,running_mean,trial_4,324.0,0.5426771017048795,,,,840,,20260923,2e24b84e0a1e906a88bd91d21f25a0228935e2c3a86929fb2e135da495bc0196,r2-2e24b84e0a1e-seed20260923
D8_change_vs_tolerance,running_change,trial_4,324.0,3.128281852005088e-06,,,,840,,20260923,2e24b84e0a1e906a88bd91d21f25a0228935e2c3a86929fb2e135da495bc0196,r2-2e24b84e0a1e-seed20260923
D8_running_mean,running_mean,trial_4,345.0,0.5432229123533472,,,,840,,20260923,2e24b84e0a1e906a88bd91d21f25a0228935e2c3a86929fb2e135da495bc0196,r2-2e24b84e0a1e-seed20260923
D8_change_vs_tolerance,running_change,trial_4,345.0,3.567014942140734e-05,,,,840,,20260923,2e24b84e0a1e906a88bd91d21f25a0228935e2c3a86929fb2e135da495bc0196,r2-2e24b84e0a1e-seed20260923
D8_running_mean,running_mean,trial_4,366.0,0.543279989591465,,,,840,,20260923,2e24b84e0a1e906a88bd91d21f25a0228935e2c3a86929fb2e135da495bc0196,r2-2e24b84e0a1e-seed20260923
D8_change_vs_tolerance,running_change,trial_4,366.0,5.008216326429782e-05,,,,840,,20260923,2e24b84e0a1e906a88bd91d21f25a0228935e2c3a86929fb2e135da495bc0196,r2-2e24b84e0a1e-seed20260923
D8_running_mean,running_mean,trial_4,390.0,0.5432661782661783,,,,840,,20260923,2e24b84e0a1e906a88bd91d21f25a0228935e2c3a86929fb2e135da495bc0196,r2-2e24b84e0a1e-seed20260923
D8_change_vs_tolerance,running_change,trial_4,390.0,1.6353255427814517e-05,,,,840,,20260923,2e24b84e0a1e906a88bd91d21f25a0228935e2c3a86929fb2e135da495bc0196,r2-2e24b84e0a1e-seed20260923
D8_running_mean,running_mean,trial_4,414.0,0.5433431101909363,,,,840,,20260923,2e24b84e0a1e906a88bd91d21f25a0228935e2c3a86929fb2e135da495bc0196,r2-2e24b84e0a1e-seed20260923
D8_change_vs_tolerance,running_change,trial_4,414.0,2.1883395133204253e-05,,,,840,,20260923,2e24b84e0a1e906a88bd91d21f25a0228935e2c3a86929fb2e135da495bc0196,r2-2e24b84e0a1e-seed20260923
D8_running_mean,running_mean,trial_4,441.0,0.5433457509988122,,,,840,,20260923,2e24b84e0a1e906a88bd91d21f25a0228935e2c3a86929fb2e135da495bc0196,r2-2e24b84e0a1e-seed20260923
D8_change_vs_tolerance,running_change,trial_4,441.0,1.4638611577355576e-05,,,,840,,20260923,2e24b84e0a1e906a88bd91d21f25a0228935e2c3a86929fb2e135da495bc0196,r2-2e24b84e0a1e-seed20260923
D8_running_mean,running_mean,trial_4,468.0,0.5434701872201873,,,,840,,20260923,2e24b84e0a1e906a88bd91d21f25a0228935e2c3a86929fb2e135da495bc0196,r2-2e24b84e0a1e-seed20260923
D8_change_vs_tolerance,running_change,trial_4,468.0,1.3127288287506644e-06,,,,840,,20260923,2e24b84e0a1e906a88bd91d21f25a0228935e2c3a86929fb2e135da495bc0196,r2-2e24b84e0a1e-seed20260923
D8_running_mean,running_mean,trial_4,498.0,0.543550392044368,,,,840,,20260923,2e24b84e0a1e906a88bd91d21f25a0228935e2c3a86929fb2e135da495bc0196,r2-2e24b84e0a1e-seed20260923
D8_change_vs_tolerance,running_change,trial_4,498.0,2.0163051362320772e-05,,,,840,,20260923,2e24b84e0a1e906a88bd91d21f25a0228935e2c3a86929fb2e135da495bc0196,r2-2e24b84e0a1e-seed20260923
D8_running_mean,running_mean,trial_4,530.0,0.5435849056603773,,,,840,,20260923,2e24b84e0a1e906a88bd91d21f25a0228935e2c3a86929fb2e135da495bc0196,r2-2e24b84e0a1e-seed20260923
D8_change_vs_tolerance,running_change,trial_4,530.0,1.8878115143672325e-05,,,,840,,20260923,2e24b84e0a1e906a88bd91d21f25a0228935e2c3a86929fb2e135da495bc0196,r2-2e24b84e0a1e-seed20260923
D8_running_mean,running_mean,trial_4,563.0,0.5438509684513237,,,,840,,20260923,2e24b84e0a1e906a88bd91d21f25a0228935e2c3a86929fb2e135da495bc0196,r2-2e24b84e0a1e-seed20260923
D8_change_vs_tolerance,running_change,trial_4,563.0,2.1532762457421306e-05,,,,840,,20260923,2e24b84e0a1e906a88bd91d21f25a0228935e2c3a86929fb2e135da495bc0196,r2-2e24b84e0a1e-seed20260923
D8_running_mean,running_mean,trial_4,599.0,0.5439979330630416,,,,840,,20260923,2e24b84e0a1e906a88bd91d21f25a0228935e2c3a86929fb2e135da495bc0196,r2-2e24b84e0a1e-seed20260923
D8_change_vs_tolerance,running_change,trial_4,599.0,1.9076759295577617e-06,,,,840,,20260923,2e24b84e0a1e906a88bd91d21f25a0228935e2c3a86929fb2e135da495bc0196,r2-2e24b84e0a1e-seed20260923
D8_running_mean,running_mean,trial_4,637.0,0.543918666367646,,,,840,,20260923,2e24b84e0a1e906a88bd91d21f25a0228935e2c3a86929fb2e135da495bc0196,r2-2e24b84e0a1e-seed20260923
D8_change_vs_tolerance,running_change,trial_4,637.0,1.477178749031971e-05,,,,840,,20260923,2e24b84e0a1e906a88bd91d21f25a0228935e2c3a86929fb2e135da495bc0196,r2-2e24b84e0a1e-seed20260923
D8_running_mean,running_mean,trial_4,677.0,0.5437099950763171,,,,840,,20260923,2e24b84e0a1e906a88bd91d21f25a0228935e2c3a86929fb2e135da495bc0196,r2-2e24b84e0a1e-seed20260923
D8_change_vs_tolerance,running_change,trial_4,677.0,4.0004923682834814e-05,,,,840,,20260923,2e24b84e0a1e906a88bd91d21f25a0228935e2c3a86929fb2e135da495bc0196,r2-2e24b84e0a1e-seed20260923
D8_running_mean,running_mean,trial_4,720.0,0.5440112433862434,,,,840,,20260923,2e24b84e0a1e906a88bd91d21f25a0228935e2c3a86929fb2e135da495bc0196,r2-2e24b84e0a1e-seed20260923
D8_change_vs_tolerance,running_change,trial_4,720.0,5.059201857449125e-08,,,,840,,20260923,2e24b84e0a1e906a88bd91d21f25a0228935e2c3a86929fb2e135da495bc0196,r2-2e24b84e0a1e-seed20260923
D8_running_mean,running_mean,trial_4,765.0,0.5439651416122004,,,,840,,20260923,2e24b84e0a1e906a88bd91d21f25a0228935e2c3a86929fb2e135da495bc0196,r2-2e24b84e0a1e-seed20260923
D8_change_vs_tolerance,running_change,trial_4,765.0,2.03647485753633e-05,,,,840,,20260923,2e24b84e0a1e906a88bd91d21f25a0228935e2c3a86929fb2e135da495bc0196,r2-2e24b84e0a1e-seed20260923
D8_running_mean,running_mean,trial_4,814.0,0.543986193986194,,,,840,,20260923,2e24b84e0a1e906a88bd91d21f25a0228935e2c3a86929fb2e135da495bc0196,r2-2e24b84e0a1e-seed20260923
D8_change_vs_tolerance,running_change,trial_4,814.0,5.781647848035476e-06,,,,840,,20260923,2e24b84e0a1e906a88bd91d21f25a0228935e2c3a86929fb2e135da495bc0196,r2-2e24b84e0a1e-seed20260923
D8_running_mean,running_mean,trial_4,865.0,0.544054500412882,,,,840,,20260923,2e24b84e0a1e906a88bd91d21f25a0228935e2c3a86929fb2e135da495bc0196,r2-2e24b84e0a1e-seed20260923
D8_change_vs_tolerance,running_change,trial_4,865.0,3.032101568944956e-05,,,,840,,20260923,2e24b84e0a1e906a88bd91d21f25a0228935e2c3a86929fb2e135da495bc0196,r2-2e24b84e0a1e-seed20260923
D8_running_mean,running_mean,trial_4,920.0,0.5439816252587991,,,,840,,20260923,2e24b84e0a1e906a88bd91d21f25a0228935e2c3a86929fb2e135da495bc0196,r2-2e24b84e0a1e-seed20260923
D8_change_vs_tolerance,running_change,trial_4,920.0,7.844233875564655e-06,,,,840,,20260923,2e24b84e0a1e906a88bd91d21f25a0228935e2c3a86929fb2e135da495bc0196,r2-2e24b84e0a1e-seed20260923
D8_running_mean,running_mean,trial_4,978.0,0.5442606388158535,,,,840,,20260923,2e24b84e0a1e906a88bd91d21f25a0228935e2c3a86929fb2e135da495bc0196,r2-2e24b84e0a1e-seed20260923
D8_change_vs_tolerance,running_change,trial_4,978.0,1.436536293475399e-06,,,,840,,20260923,2e24b84e0a1e906a88bd91d21f25a0228935e2c3a86929fb2e135da495bc0196,r2-2e24b84e0a1e-seed20260923
D8_running_mean,running_mean,trial_4,1040.0,0.5443292124542125,,,,840,,20260923,2e24b84e0a1e906a88bd91d21f25a0228935e2c3a86929fb2e135da495bc0196,r2-2e24b84e0a1e-seed20260923
D8_change_vs_tolerance,running_change,trial_4,1040.0,1.347846090393734e-05,,,,840,,20260923,2e24b84e0a1e906a88bd91d21f25a0228935e2c3a86929fb2e135da495bc0196,r2-2e24b84e0a1e-seed20260923
D8_running_mean,running_mean,trial_4,1106.0,0.5443403943856023,,,,840,,20260923,2e24b84e0a1e906a88bd91d21f25a0228935e2c3a86929fb2e135da495bc0196,r2-2e24b84e0a1e-seed20260923
D8_change_vs_tolerance,running_change,trial_4,1106.0,6.199169054199594e-06,,,,840,,20260923,2e24b84e0a1e906a88bd91d21f25a0228935e2c3a86929fb2e135da495bc0196,r2-2e24b84e0a1e-seed20260923
D8_running_mean,running_mean,trial_4,1176.0,0.5444899983803045,,,,840,,20260923,2e24b84e0a1e906a88bd91d21f25a0228935e2c3a86929fb2e135da495bc0196,r2-2e24b84e0a1e-seed20260923
D8_change_vs_tolerance,running_change,trial_4,1176.0,3.764930490701701e-07,,,,840,,20260923,2e24b84e0a1e906a88bd91d21f25a0228935e2c3a86929fb2e135da495bc0196,r2-2e24b84e0a1e-seed20260923
D8_running_mean,running_mean,trial_4,1251.0,0.5446319135168056,,,,840,,20260923,2e24b84e0a1e906a88bd91d21f25a0228935e2c3a86929fb2e135da495bc0196,r2-2e24b84e0a1e-seed20260923
D8_change_vs_tolerance,running_change,trial_4,1251.0,1.4753149860990966e-05,,,,840,,20260923,2e24b84e0a1e906a88bd91d21f25a0228935e2c3a86929fb2e135da495bc0196,r2-2e24b84e0a1e-seed20260923
D8_running_mean,running_mean,trial_4,1330.0,0.5445068027210884,,,,840,,20260923,2e24b84e0a1e906a88bd91d21f25a0228935e2c3a86929fb2e135da495bc0196,r2-2e24b84e0a1e-seed20260923
D8_change_vs_tolerance,running_change,trial_4,1330.0,1.4677804906826353e-05,,,,840,,20260923,2e24b84e0a1e906a88bd91d21f25a0228935e2c3a86929fb2e135da495bc0196,r2-2e24b84e0a1e-seed20260923
D8_running_mean,running_mean,trial_4,1414.0,0.5444020677577962,,,,840,,20260923,2e24b84e0a1e906a88bd91d21f25a0228935e2c3a86929fb2e135da495bc0196,r2-2e24b84e0a1e-seed20260923
D8_change_vs_tolerance,running_change,trial_4,1414.0,1.4573633367431782e-05,,,,840,,20260923,2e24b84e0a1e906a88bd91d21f25a0228935e2c3a86929fb2e135da495bc0196,r2-2e24b84e0a1e-seed20260923
D8_running_mean,running_mean,trial_4,1503.0,0.5444919684440642,,,,840,,20260923,2e24b84e0a1e906a88bd91d21f25a0228935e2c3a86929fb2e135da495bc0196,r2-2e24b84e0a1e-seed20260923
D8_change_vs_tolerance,running_change,trial_4,1503.0,5.051402489630874e-06,,,,840,,20260923,2e24b84e0a1e906a88bd91d21f25a0228935e2c3a86929fb2e135da495bc0196,r2-2e24b84e0a1e-seed20260923
D8_running_mean,running_mean,trial_4,1599.0,0.5442955418565175,,,,840,,20260923,2e24b84e0a1e906a88bd91d21f25a0228935e2c3a86929fb2e135da495bc0196,r2-2e24b84e0a1e-seed20260923
D8_change_vs_tolerance,running_change,trial_4,1599.0,5.898331549847313e-07,,,,840,,20260923,2e24b84e0a1e906a88bd91d21f25a0228935e2c3a86929fb2e135da495bc0196,r2-2e24b84e0a1e-seed20260923
D8_running_mean,running_mean,trial_4,1700.0,0.5443564425770309,,,,840,,20260923,2e24b84e0a1e906a88bd91d21f25a0228935e2c3a86929fb2e135da495bc0196,r2-2e24b84e0a1e-seed20260923
D8_change_vs_tolerance,running_change,trial_4,1700.0,1.2196167461508978e-06,,,,840,,20260923,2e24b84e0a1e906a88bd91d21f25a0228935e2c3a86929fb2e135da495bc0196,r2-2e24b84e0a1e-seed20260923
D8_running_mean,running_mean,trial_4,1807.0,0.5443368382217303,,,,840,,20260923,2e24b84e0a1e906a88bd91d21f25a0228935e2c3a86929fb2e135da495bc0196,r2-2e24b84e0a1e-seed20260923
D8_change_vs_tolerance,running_change,trial_4,1807.0,4.4541052930391345e-06,,,,840,,20260923,2e24b84e0a1e906a88bd91d21f25a0228935e2c3a86929fb2e135da495bc0196,r2-2e24b84e0a1e-seed20260923
D8_running_mean,running_mean,trial_4,1922.0,0.5443851890391953,,,,840,,20260923,2e24b84e0a1e906a88bd91d21f25a0228935e2c3a86929fb2e135da495bc0196,r2-2e24b84e0a1e-seed20260923
D8_change_vs_tolerance,running_change,trial_4,1922.0,1.4429215186129163e-05,,,,840,,20260923,2e24b84e0a1e906a88bd91d21f25a0228935e2c3a86929fb2e135da495bc0196,r2-2e24b84e0a1e-seed20260923
D8_running_mean,running_mean,trial_4,2043.0,0.544319161830175,,,,840,,20260923,2e24b84e0a1e906a88bd91d21f25a0228935e2c3a86929fb2e135da495bc0196,r2-2e24b84e0a1e-seed20260923
D8_change_vs_tolerance,running_change,trial_4,2043.0,7.4459587138253625e-06,,,,840,,20260923,2e24b84e0a1e906a88bd91d21f25a0228935e2c3a86929fb2e135da495bc0196,r2-2e24b84e0a1e-seed20260923
D8_running_mean,running_mean,trial_4,2173.0,0.544245940437841,,,,840,,20260923,2e24b84e0a1e906a88bd91d21f25a0228935e2c3a86929fb2e135da495bc0196,r2-2e24b84e0a1e-seed20260923
D8_change_vs_tolerance,running_change,trial_4,2173.0,1.0505234350532966e-05,,,,840,,20260923,2e24b84e0a1e906a88bd91d21f25a0228935e2c3a86929fb2e135da495bc0196,r2-2e24b84e0a1e-seed20260923
D8_running_mean,running_mean,trial_4,2310.0,0.544256338899196,,,,840,,20260923,2e24b84e0a1e906a88bd91d21f25a0228935e2c3a86929fb2e135da495bc0196,r2-2e24b84e0a1e-seed20260923
D8_change_vs_tolerance,running_change,trial_4,2310.0,6.27736428648884e-06,,,,840,,20260923,2e24b84e0a1e906a88bd91d21f25a0228935e2c3a86929fb2e135da495bc0196,r2-2e24b84e0a1e-seed20260923
D8_running_mean,running_mean,trial_4,2456.0,0.5441571661237785,,,,840,,20260923,2e24b84e0a1e906a88bd91d21f25a0228935e2c3a86929fb2e135da495bc0196,r2-2e24b84e0a1e-seed20260923
D8_change_vs_tolerance,running_change,trial_4,2456.0,3.439055156650994e-06,,,,840,,20260923,2e24b84e0a1e906a88bd91d21f25a0228935e2c3a86929fb2e135da495bc0196,r2-2e24b84e0a1e-seed20260923
D8_running_mean,running_mean,trial_4,2612.0,0.5442322066652082,,,,840,,20260923,2e24b84e0a1e906a88bd91d21f25a0228935e2c3a86929fb2e135da495bc0196,r2-2e24b84e0a1e-seed20260923
D8_change_vs_tolerance,running_change,trial_4,2612.0,2.8063748603868177e-06,,,,840,,20260923,2e24b84e0a1e906a88bd91d21f25a0228935e2c3a86929fb2e135da495bc0196,r2-2e24b84e0a1e-seed20260923
D8_running_mean,running_mean,trial_4,2777.0,0.5442032340483907,,,,840,,20260923,2e24b84e0a1e906a88bd91d21f25a0228935e2c3a86929fb2e135da495bc0196,r2-2e24b84e0a1e-seed20260923
D8_change_vs_tolerance,running_change,trial_4,2777.0,3.803555732484476e-06,,,,840,,20260923,2e24b84e0a1e906a88bd91d21f25a0228935e2c3a86929fb2e135da495bc0196,r2-2e24b84e0a1e-seed20260923
D8_running_mean,running_mean,trial_4,2953.0,0.5441262315966007,,,,840,,20260923,2e24b84e0a1e906a88bd91d21f25a0228935e2c3a86929fb2e135da495bc0196,r2-2e24b84e0a1e-seed20260923
D8_change_vs_tolerance,running_change,trial_4,2953.0,8.495464955626808e-06,,,,840,,20260923,2e24b84e0a1e906a88bd91d21f25a0228935e2c3a86929fb2e135da495bc0196,r2-2e24b84e0a1e-seed20260923
D8_running_mean,running_mean,trial_4,3140.0,0.5442216408856536,,,,840,,20260923,2e24b84e0a1e906a88bd91d21f25a0228935e2c3a86929fb2e135da495bc0196,r2-2e24b84e0a1e-seed20260923
D8_change_vs_tolerance,running_change,trial_4,3140.0,2.599334659181274e-06,,,,840,,20260923,2e24b84e0a1e906a88bd91d21f25a0228935e2c3a86929fb2e135da495bc0196,r2-2e24b84e0a1e-seed20260923
D8_running_mean,running_mean,trial_4,3339.0,0.5442658195353614,,,,840,,20260923,2e24b84e0a1e906a88bd91d21f25a0228935e2c3a86929fb2e135da495bc0196,r2-2e24b84e0a1e-seed20260923
D8_change_vs_tolerance,running_change,trial_4,3339.0,4.570997599984139e-06,,,,840,,20260923,2e24b84e0a1e906a88bd91d21f25a0228935e2c3a86929fb2e135da495bc0196,r2-2e24b84e0a1e-seed20260923
D8_running_mean,running_mean,trial_4,3550.0,0.544290409121395,,,,840,,20260923,2e24b84e0a1e906a88bd91d21f25a0228935e2c3a86929fb2e135da495bc0196,r2-2e24b84e0a1e-seed20260923
D8_change_vs_tolerance,running_change,trial_4,3550.0,4.764569383031159e-06,,,,840,,20260923,2e24b84e0a1e906a88bd91d21f25a0228935e2c3a86929fb2e135da495bc0196,r2-2e24b84e0a1e-seed20260923
D8_running_mean,running_mean,trial_4,3775.0,0.5442649006622516,,,,840,,20260923,2e24b84e0a1e906a88bd91d21f25a0228935e2c3a86929fb2e135da495bc0196,r2-2e24b84e0a1e-seed20260923
D8_change_vs_tolerance,running_change,trial_4,3775.0,1.2041926727990315e-06,,,,840,,20260923,2e24b84e0a1e906a88bd91d21f25a0228935e2c3a86929fb2e135da495bc0196,r2-2e24b84e0a1e-seed20260923
D8_running_mean,running_mean,trial_4,4014.0,0.5442119249294137,,,,840,,20260923,2e24b84e0a1e906a88bd91d21f25a0228935e2c3a86929fb2e135da495bc0196,r2-2e24b84e0a1e-seed20260923
D8_change_vs_tolerance,running_change,trial_4,4014.0,1.4423311912592496e-06,,,,840,,20260923,2e24b84e0a1e906a88bd91d21f25a0228935e2c3a86929fb2e135da495bc0196,r2-2e24b84e0a1e-seed20260923
D8_running_mean,running_mean,trial_4,4268.0,0.5441661645914223,,,,840,,20260923,2e24b84e0a1e906a88bd91d21f25a0228935e2c3a86929fb2e135da495bc0196,r2-2e24b84e0a1e-seed20260923
D8_change_vs_tolerance,running_change,trial_4,4268.0,4.491718910593079e-06,,,,840,,20260923,2e24b84e0a1e906a88bd91d21f25a0228935e2c3a86929fb2e135da495bc0196,r2-2e24b84e0a1e-seed20260923
D8_running_mean,running_mean,trial_4,4538.0,0.5441633087787782,,,,840,,20260923,2e24b84e0a1e906a88bd91d21f25a0228935e2c3a86929fb2e135da495bc0196,r2-2e24b84e0a1e-seed20260923
D8_change_vs_tolerance,running_change,trial_4,4538.0,5.010962607521208e-06,,,,840,,20260923,2e24b84e0a1e906a88bd91d21f25a0228935e2c3a86929fb2e135da495bc0196,r2-2e24b84e0a1e-seed20260923
D8_running_mean,running_mean,trial_4,4825.0,0.5442642487046632,,,,840,,20260923,2e24b84e0a1e906a88bd91d21f25a0228935e2c3a86929fb2e135da495bc0196,r2-2e24b84e0a1e-seed20260923
D8_change_vs_tolerance,running_change,trial_4,4825.0,2.176131023379213e-06,,,,840,,20260923,2e24b84e0a1e906a88bd91d21f25a0228935e2c3a86929fb2e135da495bc0196,r2-2e24b84e0a1e-seed20260923
D8_running_mean,running_mean,trial_4,5130.0,0.544228627123364,,,,840,,20260923,2e24b84e0a1e906a88bd91d21f25a0228935e2c3a86929fb2e135da495bc0196,r2-2e24b84e0a1e-seed20260923
D8_change_vs_tolerance,running_change,trial_4,5130.0,1.1958255075050772e-06,,,,840,,20260923,2e24b84e0a1e906a88bd91d21f25a0228935e2c3a86929fb2e135da495bc0196,r2-2e24b84e0a1e-seed20260923
D8_running_mean,running_mean,trial_4,5455.0,0.5443201955392606,,,,840,,20260923,2e24b84e0a1e906a88bd91d21f25a0228935e2c3a86929fb2e135da495bc0196,r2-2e24b84e0a1e-seed20260923
D8_change_vs_tolerance,running_change,trial_4,5455.0,2.351056399563234e-06,,,,840,,20260923,2e24b84e0a1e906a88bd91d21f25a0228935e2c3a86929fb2e135da495bc0196,r2-2e24b84e0a1e-seed20260923
D8_running_mean,running_mean,trial_4,5800.0,0.5442608784893268,,,,840,,20260923,2e24b84e0a1e906a88bd91d21f25a0228935e2c3a86929fb2e135da495bc0196,r2-2e24b84e0a1e-seed20260923
D8_change_vs_tolerance,running_change,trial_4,5800.0,1.194964252659858e-06,,,,840,,20260923,2e24b84e0a1e906a88bd91d21f25a0228935e2c3a86929fb2e135da495bc0196,r2-2e24b84e0a1e-seed20260923
D8_running_mean,running_mean,trial_4,6167.0,0.5442371840904353,,,,840,,20260923,2e24b84e0a1e906a88bd91d21f25a0228935e2c3a86929fb2e135da495bc0196,r2-2e24b84e0a1e-seed20260923
D8_change_vs_tolerance,running_change,trial_4,6167.0,3.506022781540885e-06,,,,840,,20260923,2e24b84e0a1e906a88bd91d21f25a0228935e2c3a86929fb2e135da495bc0196,r2-2e24b84e0a1e-seed20260923
D8_running_mean,running_mean,trial_4,6558.0,0.5442396781829536,,,,840,,20260923,2e24b84e0a1e906a88bd91d21f25a0228935e2c3a86929fb2e135da495bc0196,r2-2e24b84e0a1e-seed20260923
D8_change_vs_tolerance,running_change,trial_4,6558.0,2.3309640599933346e-06,,,,840,,20260923,2e24b84e0a1e906a88bd91d21f25a0228935e2c3a86929fb2e135da495bc0196,r2-2e24b84e0a1e-seed20260923
D8_running_mean,running_mean,trial_4,6973.0,0.5443557804593226,,,,840,,20260923,2e24b84e0a1e906a88bd91d21f25a0228935e2c3a86929fb2e135da495bc0196,r2-2e24b84e0a1e-seed20260923
D8_change_vs_tolerance,running_change,trial_4,6973.0,2.4347142969505242e-06,,,,840,,20260923,2e24b84e0a1e906a88bd91d21f25a0228935e2c3a86929fb2e135da495bc0196,r2-2e24b84e0a1e-seed20260923
D8_running_mean,running_mean,trial_4,7414.0,0.5443348812414094,,,,840,,20260923,2e24b84e0a1e906a88bd91d21f25a0228935e2c3a86929fb2e135da495bc0196,r2-2e24b84e0a1e-seed20260923
D8_change_vs_tolerance,running_change,trial_4,7414.0,2.5307374684757633e-06,,,,840,,20260923,2e24b84e0a1e906a88bd91d21f25a0228935e2c3a86929fb2e135da495bc0196,r2-2e24b84e0a1e-seed20260923
D8_running_mean,running_mean,trial_4,7884.0,0.5443106593220749,,,,840,,20260923,2e24b84e0a1e906a88bd91d21f25a0228935e2c3a86929fb2e135da495bc0196,r2-2e24b84e0a1e-seed20260923
D8_change_vs_tolerance,running_change,trial_4,7884.0,1.3257954383227855e-06,,,,840,,20260923,2e24b84e0a1e906a88bd91d21f25a0228935e2c3a86929fb2e135da495bc0196,r2-2e24b84e0a1e-seed20260923
D8_running_mean,running_mean,trial_4,8383.0,0.5443026703703072,,,,840,,20260923,2e24b84e0a1e906a88bd91d21f25a0228935e2c3a86929fb2e135da495bc0196,r2-2e24b84e0a1e-seed20260923
D8_change_vs_tolerance,running_change,trial_4,8383.0,5.376823477565296e-07,,,,840,,20260923,2e24b84e0a1e906a88bd91d21f25a0228935e2c3a86929fb2e135da495bc0196,r2-2e24b84e0a1e-seed20260923
D8_running_mean,running_mean,trial_4,8913.0,0.5443401291852992,,,,840,,20260923,2e24b84e0a1e906a88bd91d21f25a0228935e2c3a86929fb2e135da495bc0196,r2-2e24b84e0a1e-seed20260923
D8_change_vs_tolerance,running_change,trial_4,8913.0,5.671470937329559e-07,,,,840,,20260923,2e24b84e0a1e906a88bd91d21f25a0228935e2c3a86929fb2e135da495bc0196,r2-2e24b84e0a1e-seed20260923
D8_running_mean,running_mean,trial_4,9477.0,0.5443566378751564,,,,840,,20260923,2e24b84e0a1e906a88bd91d21f25a0228935e2c3a86929fb2e135da495bc0196,r2-2e24b84e0a1e-seed20260923
D8_change_vs_tolerance,running_change,trial_4,9477.0,3.4246386629854797e-06,,,,840,,20260923,2e24b84e0a1e906a88bd91d21f25a0228935e2c3a86929fb2e135da495bc0196,r2-2e24b84e0a1e-seed20260923
D8_running_mean,running_mean,trial_4,10077.0,0.5443362300760336,,,,840,,20260923,2e24b84e0a1e906a88bd91d21f25a0228935e2c3a86929fb2e135da495bc0196,r2-2e24b84e0a1e-seed20260923
D8_change_vs_tolerance,running_change,trial_4,10077.0,6.802546759221428e-07,,,,840,,20260923,2e24b84e0a1e906a88bd91d21f25a0228935e2c3a86929fb2e135da495bc0196,r2-2e24b84e0a1e-seed20260923
D8_running_mean,running_mean,trial_4,10715.0,0.544337821922983,,,,840,,20260923,2e24b84e0a1e906a88bd91d21f25a0228935e2c3a86929fb2e135da495bc0196,r2-2e24b84e0a1e-seed20260923
D8_change_vs_tolerance,running_change,trial_4,10715.0,1.693797436197464e-06,,,,840,,20260923,2e24b84e0a1e906a88bd91d21f25a0228935e2c3a86929fb2e135da495bc0196,r2-2e24b84e0a1e-seed20260923
D8_running_mean,running_mean,trial_4,11393.0,0.544337479571834,,,,840,,20260923,2e24b84e0a1e906a88bd91d21f25a0228935e2c3a86929fb2e135da495bc0196,r2-2e24b84e0a1e-seed20260923
D8_change_vs_tolerance,running_change,trial_4,11393.0,2.3780803947159868e-06,,,,840,,20260923,2e24b84e0a1e906a88bd91d21f25a0228935e2c3a86929fb2e135da495bc0196,r2-2e24b84e0a1e-seed20260923
D8_running_mean,running_mean,trial_4,12114.0,0.5443460734136811,,,,840,,20260923,2e24b84e0a1e906a88bd91d21f25a0228935e2c3a86929fb2e135da495bc0196,r2-2e24b84e0a1e-seed20260923
D8_change_vs_tolerance,running_change,trial_4,12114.0,1.2040096303289616e-06,,,,840,,20260923,2e24b84e0a1e906a88bd91d21f25a0228935e2c3a86929fb2e135da495bc0196,r2-2e24b84e0a1e-seed20260923
D8_running_mean,running_mean,trial_4,12881.0,0.5443582463650781,,,,840,,20260923,2e24b84e0a1e906a88bd91d21f25a0228935e2c3a86929fb2e135da495bc0196,r2-2e24b84e0a1e-seed20260923
D8_change_vs_tolerance,running_change,trial_4,12881.0,1.3181128869499403e-06,,,,840,,20260923,2e24b84e0a1e906a88bd91d21f25a0228935e2c3a86929fb2e135da495bc0196,r2-2e24b84e0a1e-seed20260923
D8_running_mean,running_mean,trial_4,13696.0,0.5443814843402314,,,,840,,20260923,2e24b84e0a1e906a88bd91d21f25a0228935e2c3a86929fb2e135da495bc0196,r2-2e24b84e0a1e-seed20260923
D8_change_vs_tolerance,running_change,trial_4,13696.0,1.676006784356865e-06,,,,840,,20260923,2e24b84e0a1e906a88bd91d21f25a0228935e2c3a86929fb2e135da495bc0196,r2-2e24b84e0a1e-seed20260923
D8_running_mean,running_mean,trial_4,14563.0,0.5443853143811943,,,,840,,20260923,2e24b84e0a1e906a88bd91d21f25a0228935e2c3a86929fb2e135da495bc0196,r2-2e24b84e0a1e-seed20260923
D8_change_vs_tolerance,running_change,trial_4,14563.0,1.5301024780534078e-06,,,,840,,20260923,2e24b84e0a1e906a88bd91d21f25a0228935e2c3a86929fb2e135da495bc0196,r2-2e24b84e0a1e-seed20260923
D8_running_mean,running_mean,trial_4,15485.0,0.5444009563786768,,,,840,,20260923,2e24b84e0a1e906a88bd91d21f25a0228935e2c3a86929fb2e135da495bc0196,r2-2e24b84e0a1e-seed20260923
D8_change_vs_tolerance,running_change,trial_4,15485.0,2.8471760726844764e-07,,,,840,,20260923,2e24b84e0a1e906a88bd91d21f25a0228935e2c3a86929fb2e135da495bc0196,r2-2e24b84e0a1e-seed20260923
D8_running_mean,running_mean,trial_4,16465.0,0.5443946032710077,,,,840,,20260923,2e24b84e0a1e906a88bd91d21f25a0228935e2c3a86929fb2e135da495bc0196,r2-2e24b84e0a1e-seed20260923
D8_change_vs_tolerance,running_change,trial_4,16465.0,9.189265216535958e-07,,,,840,,20260923,2e24b84e0a1e906a88bd91d21f25a0228935e2c3a86929fb2e135da495bc0196,r2-2e24b84e0a1e-seed20260923
D8_running_mean,running_mean,trial_4,17507.0,0.5444299831087973,,,,840,,20260923,2e24b84e0a1e906a88bd91d21f25a0228935e2c3a86929fb2e135da495bc0196,r2-2e24b84e0a1e-seed20260923
D8_change_vs_tolerance,running_change,trial_4,17507.0,2.258535720667254e-07,,,,840,,20260923,2e24b84e0a1e906a88bd91d21f25a0228935e2c3a86929fb2e135da495bc0196,r2-2e24b84e0a1e-seed20260923
D8_running_mean,running_mean,trial_4,18615.0,0.5444711765984933,,,,840,,20260923,2e24b84e0a1e906a88bd91d21f25a0228935e2c3a86929fb2e135da495bc0196,r2-2e24b84e0a1e-seed20260923
D8_change_vs_tolerance,running_change,trial_4,18615.0,1.0515713066983068e-07,,,,840,,20260923,2e24b84e0a1e906a88bd91d21f25a0228935e2c3a86929fb2e135da495bc0196,r2-2e24b84e0a1e-seed20260923
D8_running_mean,running_mean,trial_4,19794.0,0.5445243748706919,,,,840,,20260923,2e24b84e0a1e906a88bd91d21f25a0228935e2c3a86929fb2e135da495bc0196,r2-2e24b84e0a1e-seed20260923
D8_change_vs_tolerance,running_change,trial_4,19794.0,1.4675988679879737e-06,,,,840,,20260923,2e24b84e0a1e906a88bd91d21f25a0228935e2c3a86929fb2e135da495bc0196,r2-2e24b84e0a1e-seed20260923
D8_running_mean,running_mean,trial_4,21046.0,0.5445655887556962,,,,840,,20260923,2e24b84e0a1e906a88bd91d21f25a0228935e2c3a86929fb2e135da495bc0196,r2-2e24b84e0a1e-seed20260923
D8_change_vs_tolerance,running_change,trial_4,21046.0,3.147962668315074e-07,,,,840,,20260923,2e24b84e0a1e906a88bd91d21f25a0228935e2c3a86929fb2e135da495bc0196,r2-2e24b84e0a1e-seed20260923
D8_running_mean,running_mean,trial_4,22379.0,0.5446165516566339,,,,840,,20260923,2e24b84e0a1e906a88bd91d21f25a0228935e2c3a86929fb2e135da495bc0196,r2-2e24b84e0a1e-seed20260923
D8_change_vs_tolerance,running_change,trial_4,22379.0,2.9376729537844426e-07,,,,840,,20260923,2e24b84e0a1e906a88bd91d21f25a0228935e2c3a86929fb2e135da495bc0196,r2-2e24b84e0a1e-seed20260923
D8_running_mean,running_mean,trial_4,23795.0,0.5446343769699517,,,,840,,20260923,2e24b84e0a1e906a88bd91d21f25a0228935e2c3a86929fb2e135da495bc0196,r2-2e24b84e0a1e-seed20260923
D8_change_vs_tolerance,running_change,trial_4,23795.0,6.257641654849877e-07,,,,840,,20260923,2e24b84e0a1e906a88bd91d21f25a0228935e2c3a86929fb2e135da495bc0196,r2-2e24b84e0a1e-seed20260923
D8_running_mean,running_mean,trial_4,25301.0,0.5446321056385875,,,,840,,20260923,2e24b84e0a1e906a88bd91d21f25a0228935e2c3a86929fb2e135da495bc0196,r2-2e24b84e0a1e-seed20260923
D8_change_vs_tolerance,running_change,trial_4,25301.0,1.2003120301029568e-06,,,,840,,20260923,2e24b84e0a1e906a88bd91d21f25a0228935e2c3a86929fb2e135da495bc0196,r2-2e24b84e0a1e-seed20260923
D8_running_mean,running_mean,trial_4,26902.0,0.5446378123771998,,,,840,,20260923,2e24b84e0a1e906a88bd91d21f25a0228935e2c3a86929fb2e135da495bc0196,r2-2e24b84e0a1e-seed20260923
D8_change_vs_tolerance,running_change,trial_4,26902.0,1.3499337784272925e-06,,,,840,,20260923,2e24b84e0a1e906a88bd91d21f25a0228935e2c3a86929fb2e135da495bc0196,r2-2e24b84e0a1e-seed20260923
D8_running_mean,running_mean,trial_4,28605.0,0.5446486628211851,,,,840,,20260923,2e24b84e0a1e906a88bd91d21f25a0228935e2c3a86929fb2e135da495bc0196,r2-2e24b84e0a1e-seed20260923
D8_change_vs_tolerance,running_change,trial_4,28605.0,8.113718372726453e-07,,,,840,,20260923,2e24b84e0a1e906a88bd91d21f25a0228935e2c3a86929fb2e135da495bc0196,r2-2e24b84e0a1e-seed20260923
D8_running_mean,running_mean,trial_4,30416.0,0.5446595306981288,,,,840,,20260923,2e24b84e0a1e906a88bd91d21f25a0228935e2c3a86929fb2e135da495bc0196,r2-2e24b84e0a1e-seed20260923
D8_change_vs_tolerance,running_change,trial_4,30416.0,3.3324744941332085e-07,,,,840,,20260923,2e24b84e0a1e906a88bd91d21f25a0228935e2c3a86929fb2e135da495bc0196,r2-2e24b84e0a1e-seed20260923
D8_running_mean,running_mean,trial_4,32341.0,0.5446565689137038,,,,840,,20260923,2e24b84e0a1e906a88bd91d21f25a0228935e2c3a86929fb2e135da495bc0196,r2-2e24b84e0a1e-seed20260923
D8_change_vs_tolerance,running_change,trial_4,32341.0,3.4928299441627786e-07,,,,840,,20260923,2e24b84e0a1e906a88bd91d21f25a0228935e2c3a86929fb2e135da495bc0196,r2-2e24b84e0a1e-seed20260923
D8_running_mean,running_mean,trial_4,34388.0,0.5446472537485391,,,,840,,20260923,2e24b84e0a1e906a88bd91d21f25a0228935e2c3a86929fb2e135da495bc0196,r2-2e24b84e0a1e-seed20260923
D8_change_vs_tolerance,running_change,trial_4,34388.0,4.3287722062412826e-07,,,,840,,20260923,2e24b84e0a1e906a88bd91d21f25a0228935e2c3a86929fb2e135da495bc0196,r2-2e24b84e0a1e-seed20260923
D8_running_mean,running_mean,trial_4,36565.0,0.5447214354085679,,,,840,,20260923,2e24b84e0a1e906a88bd91d21f25a0228935e2c3a86929fb2e135da495bc0196,r2-2e24b84e0a1e-seed20260923
D8_change_vs_tolerance,running_change,trial_4,36565.0,1.8428409465087725e-08,,,,840,,20260923,2e24b84e0a1e906a88bd91d21f25a0228935e2c3a86929fb2e135da495bc0196,r2-2e24b84e0a1e-seed20260923
D8_running_mean,running_mean,trial_4,38879.0,0.5447087973799052,,,,840,,20260923,2e24b84e0a1e906a88bd91d21f25a0228935e2c3a86929fb2e135da495bc0196,r2-2e24b84e0a1e-seed20260923
D8_change_vs_tolerance,running_change,trial_4,38879.0,2.3135222149139878e-07,,,,840,,20260923,2e24b84e0a1e906a88bd91d21f25a0228935e2c3a86929fb2e135da495bc0196,r2-2e24b84e0a1e-seed20260923
D8_running_mean,running_mean,trial_4,41340.0,0.544717384292856,,,,840,,20260923,2e24b84e0a1e906a88bd91d21f25a0228935e2c3a86929fb2e135da495bc0196,r2-2e24b84e0a1e-seed20260923
D8_change_vs_tolerance,running_change,trial_4,41340.0,1.6201776698032688e-08,,,,840,,20260923,2e24b84e0a1e906a88bd91d21f25a0228935e2c3a86929fb2e135da495bc0196,r2-2e24b84e0a1e-seed20260923
D8_running_mean,running_mean,trial_4,43956.0,0.5447286030619364,,,,840,,20260923,2e24b84e0a1e906a88bd91d21f25a0228935e2c3a86929fb2e135da495bc0196,r2-2e24b84e0a1e-seed20260923
D8_change_vs_tolerance,running_change,trial_4,43956.0,9.674468404163861e-08,,,,840,,20260923,2e24b84e0a1e906a88bd91d21f25a0228935e2c3a86929fb2e135da495bc0196,r2-2e24b84e0a1e-seed20260923
D8_running_mean,running_mean,trial_4,46738.0,0.5447383489319387,,,,840,,20260923,2e24b84e0a1e906a88bd91d21f25a0228935e2c3a86929fb2e135da495bc0196,r2-2e24b84e0a1e-seed20260923
D8_change_vs_tolerance,running_change,trial_4,46738.0,3.616454835597693e-08,,,,840,,20260923,2e24b84e0a1e906a88bd91d21f25a0228935e2c3a86929fb2e135da495bc0196,r2-2e24b84e0a1e-seed20260923
D8_running_mean,running_mean,trial_4,49697.0,0.5447542344704145,,,,840,,20260923,2e24b84e0a1e906a88bd91d21f25a0228935e2c3a86929fb2e135da495bc0196,r2-2e24b84e0a1e-seed20260923
D8_change_vs_tolerance,running_change,trial_4,49697.0,2.73243296433634e-07,,,,840,,20260923,2e24b84e0a1e906a88bd91d21f25a0228935e2c3a86929fb2e135da495bc0196,r2-2e24b84e0a1e-seed20260923
D8_running_mean,running_mean,trial_4,52842.0,0.5447326125863086,,,,840,,20260923,2e24b84e0a1e906a88bd91d21f25a0228935e2c3a86929fb2e135da495bc0196,r2-2e24b84e0a1e-seed20260923
D8_change_vs_tolerance,running_change,trial_4,52842.0,2.799189443569716e-07,,,,840,,20260923,2e24b84e0a1e906a88bd91d21f25a0228935e2c3a86929fb2e135da495bc0196,r2-2e24b84e0a1e-seed20260923
D8_running_mean,running_mean,trial_4,56187.0,0.5447351615820301,,,,840,,20260923,2e24b84e0a1e906a88bd91d21f25a0228935e2c3a86929fb2e135da495bc0196,r2-2e24b84e0a1e-seed20260923
D8_change_vs_tolerance,running_change,trial_4,56187.0,3.936232151335872e-07,,,,840,,20260923,2e24b84e0a1e906a88bd91d21f25a0228935e2c3a86929fb2e135da495bc0196,r2-2e24b84e0a1e-seed20260923
D8_running_mean,running_mean,trial_4,58278.0,0.5447341886752985,,,,840,,20260923,2e24b84e0a1e906a88bd91d21f25a0228935e2c3a86929fb2e135da495bc0196,r2-2e24b84e0a1e-seed20260923
D8_change_vs_tolerance,running_change,trial_4,58278.0,1.1078620243409887e-07,,,,840,,20260923,2e24b84e0a1e906a88bd91d21f25a0228935e2c3a86929fb2e135da495bc0196,r2-2e24b84e0a1e-seed20260923
D8_running_mean,running_mean,trial_4,59743.0,0.5447468442208412,,,,840,,20260923,2e24b84e0a1e906a88bd91d21f25a0228935e2c3a86929fb2e135da495bc0196,r2-2e24b84e0a1e-seed20260923
D8_change_vs_tolerance,running_change,trial_4,59743.0,1.4771156553461395e-07,,,,840,,20260923,2e24b84e0a1e906a88bd91d21f25a0228935e2c3a86929fb2e135da495bc0196,r2-2e24b84e0a1e-seed20260923
D8_running_mean,running_mean,trial_4,63525.0,0.5447344877344877,,,,840,,20260923,2e24b84e0a1e906a88bd91d21f25a0228935e2c3a86929fb2e135da495bc0196,r2-2e24b84e0a1e-seed20260923
D8_change_vs_tolerance,running_change,trial_4,63525.0,1.2325618392594606e-07,,,,840,,20260923,2e24b84e0a1e906a88bd91d21f25a0228935e2c3a86929fb2e135da495bc0196,r2-2e24b84e0a1e-seed20260923
D8_running_mean,running_mean,trial_4,67545.0,0.5447405962162791,,,,840,,20260923,2e24b84e0a1e906a88bd91d21f25a0228935e2c3a86929fb2e135da495bc0196,r2-2e24b84e0a1e-seed20260923
D8_change_vs_tolerance,running_change,trial_4,67545.0,9.838561709774041e-08,,,,840,,20260923,2e24b84e0a1e906a88bd91d21f25a0228935e2c3a86929fb2e135da495bc0196,r2-2e24b84e0a1e-seed20260923
D8_running_mean,running_mean,trial_4,71821.0,0.5447603532857149,,,,840,,20260923,2e24b84e0a1e906a88bd91d21f25a0228935e2c3a86929fb2e135da495bc0196,r2-2e24b84e0a1e-seed20260923
D8_change_vs_tolerance,running_change,trial_4,71821.0,1.9225803860045687e-07,,,,840,,20260923,2e24b84e0a1e906a88bd91d21f25a0228935e2c3a86929fb2e135da495bc0196,r2-2e24b84e0a1e-seed20260923
D8_running_mean,running_mean,trial_4,76366.0,0.544771545053084,,,,840,,20260923,2e24b84e0a1e906a88bd91d21f25a0228935e2c3a86929fb2e135da495bc0196,r2-2e24b84e0a1e-seed20260923
D8_change_vs_tolerance,running_change,trial_4,76366.0,3.8362279286552337e-07,,,,840,,20260923,2e24b84e0a1e906a88bd91d21f25a0228935e2c3a86929fb2e135da495bc0196,r2-2e24b84e0a1e-seed20260923
D8_running_mean,running_mean,trial_4,81200.0,0.544758210180624,,,,840,,20260923,2e24b84e0a1e906a88bd91d21f25a0228935e2c3a86929fb2e135da495bc0196,r2-2e24b84e0a1e-seed20260923
D8_change_vs_tolerance,running_change,trial_4,81200.0,2.2866949089817012e-07,,,,840,,20260923,2e24b84e0a1e906a88bd91d21f25a0228935e2c3a86929fb2e135da495bc0196,r2-2e24b84e0a1e-seed20260923
D8_running_mean,running_mean,trial_4,86339.0,0.5447663666863565,,,,840,,20260923,2e24b84e0a1e906a88bd91d21f25a0228935e2c3a86929fb2e135da495bc0196,r2-2e24b84e0a1e-seed20260923
D8_change_vs_tolerance,running_change,trial_4,86339.0,1.324217998588395e-07,,,,840,,20260923,2e24b84e0a1e906a88bd91d21f25a0228935e2c3a86929fb2e135da495bc0196,r2-2e24b84e0a1e-seed20260923
D8_running_mean,running_mean,trial_4,91804.0,0.5447648172815377,,,,840,,20260923,2e24b84e0a1e906a88bd91d21f25a0228935e2c3a86929fb2e135da495bc0196,r2-2e24b84e0a1e-seed20260923
D8_change_vs_tolerance,running_change,trial_4,91804.0,4.098118813189444e-07,,,,840,,20260923,2e24b84e0a1e906a88bd91d21f25a0228935e2c3a86929fb2e135da495bc0196,r2-2e24b84e0a1e-seed20260923
D8_running_mean,running_mean,trial_4,97615.0,0.5447800762470639,,,,840,,20260923,2e24b84e0a1e906a88bd91d21f25a0228935e2c3a86929fb2e135da495bc0196,r2-2e24b84e0a1e-seed20260923
D8_change_vs_tolerance,running_change,trial_4,97615.0,2.120199380506449e-07,,,,840,,20260923,2e24b84e0a1e906a88bd91d21f25a0228935e2c3a86929fb2e135da495bc0196,r2-2e24b84e0a1e-seed20260923
D8_running_mean,running_mean,trial_4,103793.0,0.5447900422681959,,,,840,,20260923,2e24b84e0a1e906a88bd91d21f25a0228935e2c3a86929fb2e135da495bc0196,r2-2e24b84e0a1e-seed20260923
D8_change_vs_tolerance,running_change,trial_4,103793.0,5.303229511088858e-08,,,,840,,20260923,2e24b84e0a1e906a88bd91d21f25a0228935e2c3a86929fb2e135da495bc0196,r2-2e24b84e0a1e-seed20260923
D8_running_mean,running_mean,trial_4,110363.0,0.5447900607648439,,,,840,,20260923,2e24b84e0a1e906a88bd91d21f25a0228935e2c3a86929fb2e135da495bc0196,r2-2e24b84e0a1e-seed20260923
D8_change_vs_tolerance,running_change,trial_4,110363.0,9.302342518502371e-08,,,,840,,20260923,2e24b84e0a1e906a88bd91d21f25a0228935e2c3a86929fb2e135da495bc0196,r2-2e24b84e0a1e-seed20260923
D8_running_mean,running_mean,trial_4,117348.0,0.5447742834905377,,,,840,,20260923,2e24b84e0a1e906a88bd91d21f25a0228935e2c3a86929fb2e135da495bc0196,r2-2e24b84e0a1e-seed20260923
D8_change_vs_tolerance,running_change,trial_4,117348.0,6.48220140897493e-08,,,,840,,20260923,2e24b84e0a1e906a88bd91d21f25a0228935e2c3a86929fb2e135da495bc0196,r2-2e24b84e0a1e-seed20260923
D8_running_mean,running_mean,trial_4,124776.0,0.5447812575373164,,,,840,,20260923,2e24b84e0a1e906a88bd91d21f25a0228935e2c3a86929fb2e135da495bc0196,r2-2e24b84e0a1e-seed20260923
D8_change_vs_tolerance,running_change,trial_4,124776.0,1.6585800799440165e-07,,,,840,,20260923,2e24b84e0a1e906a88bd91d21f25a0228935e2c3a86929fb2e135da495bc0196,r2-2e24b84e0a1e-seed20260923
D8_running_mean,running_mean,trial_4,132674.0,0.5447712061142349,,,,840,,20260923,2e24b84e0a1e906a88bd91d21f25a0228935e2c3a86929fb2e135da495bc0196,r2-2e24b84e0a1e-seed20260923
D8_change_vs_tolerance,running_change,trial_4,132674.0,1.2492107015482645e-08,,,,840,,20260923,2e24b84e0a1e906a88bd91d21f25a0228935e2c3a86929fb2e135da495bc0196,r2-2e24b84e0a1e-seed20260923
D8_running_mean,running_mean,trial_4,141071.0,0.5447722879158113,,,,840,,20260923,2e24b84e0a1e906a88bd91d21f25a0228935e2c3a86929fb2e135da495bc0196,r2-2e24b84e0a1e-seed20260923
D8_change_vs_tolerance,running_change,trial_4,141071.0,7.081319086665872e-08,,,,840,,20260923,2e24b84e0a1e906a88bd91d21f25a0228935e2c3a86929fb2e135da495bc0196,r2-2e24b84e0a1e-seed20260923
D8_running_mean,running_mean,trial_4,150000.0,0.5447702142857143,,,,840,,20260923,2e24b84e0a1e906a88bd91d21f25a0228935e2c3a86929fb2e135da495bc0196,r2-2e24b84e0a1e-seed20260923
D8_change_vs_tolerance,running_change,trial_4,150000.0,1.77723565752963e-07,,,,840,,20260923,2e24b84e0a1e906a88bd91d21f25a0228935e2c3a86929fb2e135da495bc0196,r2-2e24b84e0a1e-seed20260923
D8_running_mean,latent_truth_rate,,1.0,0.48630952380952386,,,,4,,20260923,2e24b84e0a1e906a88bd91d21f25a0228935e2c3a86929fb2e135da495bc0196,r2-2e24b84e0a1e-seed20260923
D8_change_vs_tolerance,tolerance,,1.0,1e-06,,,,4,,20260923,2e24b84e0a1e906a88bd91d21f25a0228935e2c3a86929fb2e135da495bc0196,r2-2e24b84e0a1e-seed20260923
D8_running_mean,latent_truth_rate,,150000.0,0.48630952380952386,,,,4,,20260923,2e24b84e0a1e906a88bd91d21f25a0228935e2c3a86929fb2e135da495bc0196,r2-2e24b84e0a1e-seed20260923
D8_change_vs_tolerance,tolerance,,150000.0,1e-06,,,,4,,20260923,2e24b84e0a1e906a88bd91d21f25a0228935e2c3a86929fb2e135da495bc0196,r2-2e24b84e0a1e-seed20260923
D9_paired_error,accepts_only,ABR,0.0,0.08483093638847741,0.08039607649437058,0.08957273153371151,,200,,20260923,2e24b84e0a1e906a88bd91d21f25a0228935e2c3a86929fb2e135da495bc0196,r2-2e24b84e0a1e-seed20260923
D9_paired_error,accepts_only,AUC,0.0,0.08003738666258259,0.07523112231955617,0.08468369289034218,,200,,20260923,2e24b84e0a1e906a88bd91d21f25a0228935e2c3a86929fb2e135da495bc0196,r2-2e24b84e0a1e-seed20260923
D9_paired_error,accepts_only,Brier,0.0,0.0615624743326042,0.058965342702757446,0.06434166349761589,,200,,20260923,2e24b84e0a1e906a88bd91d21f25a0228935e2c3a86929fb2e135da495bc0196,r2-2e24b84e0a1e-seed20260923
D9_paired_error,bayesian,ABR,1.0,0.02704711059208242,0.02423593817704781,0.029892637315187646,,200,,20260923,2e24b84e0a1e906a88bd91d21f25a0228935e2c3a86929fb2e135da495bc0196,r2-2e24b84e0a1e-seed20260923
D9_paired_error,bayesian,AUC,1.0,0.0446782682070754,0.040366021399932436,0.04955436416500303,,200,,20260923,2e24b84e0a1e906a88bd91d21f25a0228935e2c3a86929fb2e135da495bc0196,r2-2e24b84e0a1e-seed20260923
D9_paired_error,bayesian,Brier,1.0,0.020390207451120017,0.01757107238967255,0.0235036708578405,,200,,20260923,2e24b84e0a1e906a88bd91d21f25a0228935e2c3a86929fb2e135da495bc0196,r2-2e24b84e0a1e-seed20260923
D9_corruption_sweep,accepts_only,ABR,0.0,0.08483093638847741,0.08039607649437058,0.08957273153371151,,200,,20260923,2e24b84e0a1e906a88bd91d21f25a0228935e2c3a86929fb2e135da495bc0196,r2-2e24b84e0a1e-seed20260923
D9_corruption_sweep,bayesian,ABR,0.0,0.02704711059208242,0.02423593817704781,0.029892637315187646,,200,,20260923,2e24b84e0a1e906a88bd91d21f25a0228935e2c3a86929fb2e135da495bc0196,r2-2e24b84e0a1e-seed20260923
D9_corruption_sweep,accepts_only,AUC,0.0,0.08003738666258259,0.07523112231955617,0.08468369289034218,,200,,20260923,2e24b84e0a1e906a88bd91d21f25a0228935e2c3a86929fb2e135da495bc0196,r2-2e24b84e0a1e-seed20260923
D9_corruption_sweep,bayesian,AUC,0.0,0.0446782682070754,0.040366021399932436,0.04955436416500303,,200,,20260923,2e24b84e0a1e906a88bd91d21f25a0228935e2c3a86929fb2e135da495bc0196,r2-2e24b84e0a1e-seed20260923
D9_corruption_sweep,accepts_only,Brier,0.0,0.0615624743326042,0.058965342702757446,0.06434166349761589,,200,,20260923,2e24b84e0a1e906a88bd91d21f25a0228935e2c3a86929fb2e135da495bc0196,r2-2e24b84e0a1e-seed20260923
D9_corruption_sweep,bayesian,Brier,0.0,0.020390207451120017,0.01757107238967255,0.0235036708578405,,200,,20260923,2e24b84e0a1e906a88bd91d21f25a0228935e2c3a86929fb2e135da495bc0196,r2-2e24b84e0a1e-seed20260923
D9_corruption_sweep,accepts_only,ABR,0.05,0.08483093638847741,0.08039607649437058,0.08957273153371151,,200,,20260923,2e24b84e0a1e906a88bd91d21f25a0228935e2c3a86929fb2e135da495bc0196,r2-2e24b84e0a1e-seed20260923
D9_corruption_sweep,bayesian,ABR,0.05,0.026006262967758778,0.0232670820809969,0.02873362050817587,,200,,20260923,2e24b84e0a1e906a88bd91d21f25a0228935e2c3a86929fb2e135da495bc0196,r2-2e24b84e0a1e-seed20260923
D9_corruption_sweep,accepts_only,AUC,0.05,0.08003738666258259,0.07523112231955617,0.08468369289034218,,200,,20260923,2e24b84e0a1e906a88bd91d21f25a0228935e2c3a86929fb2e135da495bc0196,r2-2e24b84e0a1e-seed20260923
D9_corruption_sweep,bayesian,AUC,0.05,0.04013116608900392,0.0363093352532952,0.04444715934731112,,200,,20260923,2e24b84e0a1e906a88bd91d21f25a0228935e2c3a86929fb2e135da495bc0196,r2-2e24b84e0a1e-seed20260923
D9_corruption_sweep,accepts_only,Brier,0.05,0.0615624743326042,0.058965342702757446,0.06434166349761589,,200,,20260923,2e24b84e0a1e906a88bd91d21f25a0228935e2c3a86929fb2e135da495bc0196,r2-2e24b84e0a1e-seed20260923
D9_corruption_sweep,bayesian,Brier,0.05,0.0172204657983572,0.014640924668988784,0.01990371311617432,,200,,20260923,2e24b84e0a1e906a88bd91d21f25a0228935e2c3a86929fb2e135da495bc0196,r2-2e24b84e0a1e-seed20260923
D9_corruption_sweep,accepts_only,ABR,0.2,0.08483093638847741,0.08039607649437058,0.08957273153371151,,200,,20260923,2e24b84e0a1e906a88bd91d21f25a0228935e2c3a86929fb2e135da495bc0196,r2-2e24b84e0a1e-seed20260923
D9_corruption_sweep,bayesian,ABR,0.2,0.023858411110716533,0.02122275787012055,0.02646423779471398,,200,,20260923,2e24b84e0a1e906a88bd91d21f25a0228935e2c3a86929fb2e135da495bc0196,r2-2e24b84e0a1e-seed20260923
D9_corruption_sweep,accepts_only,AUC,0.2,0.08003738666258259,0.07523112231955617,0.08468369289034218,,200,,20260923,2e24b84e0a1e906a88bd91d21f25a0228935e2c3a86929fb2e135da495bc0196,r2-2e24b84e0a1e-seed20260923
D9_corruption_sweep,bayesian,AUC,0.2,0.03433889286010865,0.03129261143830967,0.037642423601368206,,200,,20260923,2e24b84e0a1e906a88bd91d21f25a0228935e2c3a86929fb2e135da495bc0196,r2-2e24b84e0a1e-seed20260923
D9_corruption_sweep,accepts_only,Brier,0.2,0.0615624743326042,0.058965342702757446,0.06434166349761589,,200,,20260923,2e24b84e0a1e906a88bd91d21f25a0228935e2c3a86929fb2e135da495bc0196,r2-2e24b84e0a1e-seed20260923
D9_corruption_sweep,bayesian,Brier,0.2,0.011722210942765852,0.010412654220293114,0.013239899618859087,,200,,20260923,2e24b84e0a1e906a88bd91d21f25a0228935e2c3a86929fb2e135da495bc0196,r2-2e24b84e0a1e-seed20260923
D9_corruption_sweep,accepts_only,ABR,0.4,0.08483093638847741,0.08039607649437058,0.08957273153371151,,200,,20260923,2e24b84e0a1e906a88bd91d21f25a0228935e2c3a86929fb2e135da495bc0196,r2-2e24b84e0a1e-seed20260923
D9_corruption_sweep,bayesian,ABR,0.4,0.025039988839967803,0.022307014383581104,0.02779685221026448,,200,,20260923,2e24b84e0a1e906a88bd91d21f25a0228935e2c3a86929fb2e135da495bc0196,r2-2e24b84e0a1e-seed20260923
D9_corruption_sweep,accepts_only,AUC,0.4,0.08003738666258259,0.07523112231955617,0.08468369289034218,,200,,20260923,2e24b84e0a1e906a88bd91d21f25a0228935e2c3a86929fb2e135da495bc0196,r2-2e24b84e0a1e-seed20260923
D9_corruption_sweep,bayesian,AUC,0.4,0.05016199287366902,0.047137269841305694,0.05318978040594006,,200,,20260923,2e24b84e0a1e906a88bd91d21f25a0228935e2c3a86929fb2e135da495bc0196,r2-2e24b84e0a1e-seed20260923
D9_corruption_sweep,accepts_only,Brier,0.4,0.0615624743326042,0.058965342702757446,0.06434166349761589,,200,,20260923,2e24b84e0a1e906a88bd91d21f25a0228935e2c3a86929fb2e135da495bc0196,r2-2e24b84e0a1e-seed20260923
D9_corruption_sweep,bayesian,Brier,0.4,0.015505208157675102,0.014497173724475083,0.016534059861484762,,200,,20260923,2e24b84e0a1e906a88bd91d21f25a0228935e2c3a86929fb2e135da495bc0196,r2-2e24b84e0a1e-seed20260923
D9_corruption_sweep,accepts_only,ABR,0.6,0.08483093638847741,0.08039607649437058,0.08957273153371151,,200,,20260923,2e24b84e0a1e906a88bd91d21f25a0228935e2c3a86929fb2e135da495bc0196,r2-2e24b84e0a1e-seed20260923
D9_corruption_sweep,bayesian,ABR,0.6,0.030491754780383334,0.027369832032270815,0.03364665818021707,,200,,20260923,2e24b84e0a1e906a88bd91d21f25a0228935e2c3a86929fb2e135da495bc0196,r2-2e24b84e0a1e-seed20260923
D9_corruption_sweep,accepts_only,AUC,0.6,0.08003738666258259,0.07523112231955617,0.08468369289034218,,200,,20260923,2e24b84e0a1e906a88bd91d21f25a0228935e2c3a86929fb2e135da495bc0196,r2-2e24b84e0a1e-seed20260923
D9_corruption_sweep,bayesian,AUC,0.6,0.0805792565246902,0.07729177827837819,0.08378756531666166,,200,,20260923,2e24b84e0a1e906a88bd91d21f25a0228935e2c3a86929fb2e135da495bc0196,r2-2e24b84e0a1e-seed20260923
D9_corruption_sweep,accepts_only,Brier,0.6,0.0615624743326042,0.058965342702757446,0.06434166349761589,,200,,20260923,2e24b84e0a1e906a88bd91d21f25a0228935e2c3a86929fb2e135da495bc0196,r2-2e24b84e0a1e-seed20260923
D9_corruption_sweep,bayesian,Brier,0.6,0.030899639292778978,0.029814127235137593,0.03199735046778691,,200,,20260923,2e24b84e0a1e906a88bd91d21f25a0228935e2c3a86929fb2e135da495bc0196,r2-2e24b84e0a1e-seed20260923
D9_corruption_sweep,accepts_only,ABR,0.8,0.08483093638847741,0.08039607649437058,0.08957273153371151,,200,,20260923,2e24b84e0a1e906a88bd91d21f25a0228935e2c3a86929fb2e135da495bc0196,r2-2e24b84e0a1e-seed20260923
D9_corruption_sweep,bayesian,ABR,0.8,0.038085880465092405,0.034419671662100616,0.04176718951980627,,200,,20260923,2e24b84e0a1e906a88bd91d21f25a0228935e2c3a86929fb2e135da495bc0196,r2-2e24b84e0a1e-seed20260923
D9_corruption_sweep,accepts_only,AUC,0.8,0.08003738666258259,0.07523112231955617,0.08468369289034218,,200,,20260923,2e24b84e0a1e906a88bd91d21f25a0228935e2c3a86929fb2e135da495bc0196,r2-2e24b84e0a1e-seed20260923
D9_corruption_sweep,bayesian,AUC,0.8,0.11138984582555293,0.10624561806668943,0.11758185454984173,,200,,20260923,2e24b84e0a1e906a88bd91d21f25a0228935e2c3a86929fb2e135da495bc0196,r2-2e24b84e0a1e-seed20260923
D9_corruption_sweep,accepts_only,Brier,0.8,0.0615624743326042,0.058965342702757446,0.06434166349761589,,200,,20260923,2e24b84e0a1e906a88bd91d21f25a0228935e2c3a86929fb2e135da495bc0196,r2-2e24b84e0a1e-seed20260923
D9_corruption_sweep,bayesian,Brier,0.8,0.04739433473943136,0.04564604679747241,0.04919036988377456,,200,,20260923,2e24b84e0a1e906a88bd91d21f25a0228935e2c3a86929fb2e135da495bc0196,r2-2e24b84e0a1e-seed20260923
D9_corruption_sweep,accepts_only,ABR,1.0,0.08483093638847741,0.08039607649437058,0.08957273153371151,,200,,20260923,2e24b84e0a1e906a88bd91d21f25a0228935e2c3a86929fb2e135da495bc0196,r2-2e24b84e0a1e-seed20260923
D9_corruption_sweep,bayesian,ABR,1.0,0.047117705145599514,0.04275447810719025,0.05147973705168403,,200,,20260923,2e24b84e0a1e906a88bd91d21f25a0228935e2c3a86929fb2e135da495bc0196,r2-2e24b84e0a1e-seed20260923
D9_corruption_sweep,accepts_only,AUC,1.0,0.08003738666258259,0.07523112231955617,0.08468369289034218,,200,,20260923,2e24b84e0a1e906a88bd91d21f25a0228935e2c3a86929fb2e135da495bc0196,r2-2e24b84e0a1e-seed20260923
D9_corruption_sweep,bayesian,AUC,1.0,0.14321864193095715,0.13486373126054116,0.1530255432236772,,200,,20260923,2e24b84e0a1e906a88bd91d21f25a0228935e2c3a86929fb2e135da495bc0196,r2-2e24b84e0a1e-seed20260923
D9_corruption_sweep,accepts_only,Brier,1.0,0.0615624743326042,0.058965342702757446,0.06434166349761589,,200,,20260923,2e24b84e0a1e906a88bd91d21f25a0228935e2c3a86929fb2e135da495bc0196,r2-2e24b84e0a1e-seed20260923
D9_corruption_sweep,bayesian,Brier,1.0,0.0637968833217287,0.061165080762565306,0.06661173168482656,,200,,20260923,2e24b84e0a1e906a88bd91d21f25a0228935e2c3a86929fb2e135da495bc0196,r2-2e24b84e0a1e-seed20260923
