n,estimator,run_id,estimate,true_selected
126,naive,1,4.583539063,0.1744762756
126,naive,2,3.14130615,0.04167416355
126,naive,3,4.525052905,0.4796190991
126,naive,4,4.677355819,1.118462501
126,naive,5,1.808902829,1.282433226
126,naive,6,3.293137909,0.6670156707
126,naive,7,5.100358419,0.3129307228
126,naive,8,3.693986263,2.681886535
126,naive,9,3.827765299,-0.1304020231
126,naive,10,4.305388139,0.2085828339
126,naive,11,2.919836573,0.01491212785
126,naive,12,4.275706513,0.3521667601
126,naive,13,4.599799415,0.5850158124
126,naive,14,4.025936643,-0.006880929695
126,naive,15,3.499869902,-0.6893780965
126,naive,16,5.870455562,1.619061874
126,naive,17,4.48447366,1.014582919
126,naive,18,3.374872134,0.4708961607
126,naive,19,4.062303677,0.5554032174
126,naive,20,3.039025872,1.069759098
126,naive,21,4.055678393,1.764199421
126,naive,22,1.977532628,0.002217612994
126,naive,23,4.781112037,0.4236985381
126,naive,24,4.246216476,-0.2525669031
126,naive,25,2.442788306,0.4364711972
126,naive,26,2.560760312,0.6914713371
126,naive,27,2.786470534,0.558928528
126,naive,28,3.924696028,0.6716849779
126,naive,29,3.495343837,0.7312599795
126,naive,30,5.106226832,0.4914867058
126,naive,31,5.441001165,1.202035985
126,naive,32,3.717705565,0.6363649695
126,naive,33,4.238555285,-0.6423508927
126,naive,34,3.863930102,0.8890681484
126,naive,35,4.748065004,-0.1618466321
126,naive,36,4.86907221,0.879205702
126,naive,37,1.486173704,0.09500549496
126,naive,38,2.417025494,-0.5003710811
126,naive,39,2.563139749,0.4077092211
126,naive,40,3.982928468,0.03133266856
126,naive,41,4.197384403,0.6071452099
126,naive,42,4.40878758,1.078001
126,naive,43,1.917424883,0.8914862413
126,naive,44,3.505796902,-0.3876835459
126,naive,45,2.995169547,-0.08941818666
126,naive,46,4.693257708,0.8089481089
126,naive,47,3.243286668,0.4525916226
126,naive,48,3.501506996,0.3780215824
126,naive,49,4.950110354,0.9564735968
126,naive,50,3.258807314,0.147995946
126,naive,51,4.409914391,0.502090685
126,naive,52,2.887310998,0.8169965718
126,naive,53,4.137895676,-0.007565246736
126,naive,54,2.456586617,0.5379610762
126,naive,55,2.396576111,0.06166849805
126,naive,56,4.873083294,0.3041175405
126,naive,57,4.167706771,0.8744808222
126,naive,58,2.053559917,0.6148026269
126,naive,59,2.567017017,-1.150341941
126,naive,60,4.287143994,0.3742143158
126,naive,61,4.196414614,2.271963514
126,naive,62,3.634920987,-0.107149641
126,naive,63,3.488614795,-0.2065155624
126,naive,64,4.240982405,0.8041091499
126,naive,65,4.14411542,-0.2240051695
126,naive,66,2.282229602,0.6778126959
126,naive,67,1.979491154,-0.1901109633
126,naive,68,3.712323908,0.3686094144
126,naive,69,3.971218638,0.8789857237
126,naive,70,1.677094187,1.208879841
126,naive,71,2.413684086,-0.2566509912
126,naive,72,4.217567742,-0.02869058558
126,naive,73,3.186989831,0.006195886504
126,naive,74,4.314336168,0.729593558
126,naive,75,4.166555676,1.214855062
126,naive,76,3.864414626,0.3155122631
126,naive,77,3.454201139,0.3702098662
126,naive,78,3.589494426,0.2067103012
126,naive,79,4.333743914,0.8624639818
126,naive,80,4.496766675,-0.03482006541
126,naive,81,3.999927779,0.1289959775
126,naive,82,2.225563602,0.1208911259
126,naive,83,1.536000802,0.04408109384
126,naive,84,5.170574975,0.9104977088
126,naive,85,4.031055972,0.1687625856
126,naive,86,4.61697847,0.9112887193
126,naive,87,4.632382391,-0.1941797942
126,naive,88,1.802945516,0.6062863144
126,naive,89,3.321604152,-0.6172189797
126,naive,90,4.072589883,0.4849649801
126,naive,91,4.549972365,-0.3411751561
126,naive,92,3.470407634,-0.2436503886
126,naive,93,2.989415902,0.6914625889
126,naive,94,6.12734337,2.059352411
126,naive,95,5.515971553,0.5968880721
126,naive,96,3.046590588,0.2305044597
126,naive,97,3.480269316,0.6396678735
126,naive,98,3.988477041,0.2372063498
126,naive,99,2.760163606,0.3075625354
126,naive,100,5.028938481,0.9453952551
126,naive,101,2.349045412,0.9478338319
126,naive,102,4.192389925,0.3346195132
126,naive,103,5.070715365,0.6844045996
126,naive,104,3.024722432,-0.0762323611
126,naive,105,4.912218038,0.8908609045
126,naive,106,3.504740619,0.5292588715
126,naive,107,3.99364515,-0.1471912388
126,naive,108,7.246216597,1.001837864
126,naive,109,4.291725048,0.1338188065
126,naive,110,3.007821459,0.1936744998
126,naive,111,4.033812459,0.004447585179
126,naive,112,3.305507433,-1.092380521
126,naive,113,4.171423346,0.6555688147
126,naive,114,5.043699184,0.0165938471
126,naive,115,3.527501511,-0.3200115713
126,naive,116,4.660161904,0.2864036876
126,naive,117,4.795763086,1.412343698
126,naive,118,3.863744557,0.4465144886
126,naive,119,2.587184129,0.69724659
126,naive,120,3.823796899,0.8480919779
126,naive,121,4.066561487,1.108359198
126,naive,122,1.247350312,0.21455498
126,naive,123,4.074532208,1.385475762
126,naive,124,5.032936227,0.4969135714
126,naive,125,1.898792733,0.5443674003
126,naive,126,1.766299548,0.5616221522
126,naive,127,2.896752519,0.1076807051
126,naive,128,0.2479298666,-0.2461061835
126,naive,129,4.175092991,-0.2780511395
126,naive,130,5.001321949,0.3628886946
126,naive,131,4.212068841,0.3230695758
126,naive,132,3.869194595,0.08236454977
126,naive,133,3.867558728,-0.3523602779
126,naive,134,5.262926563,0.145542355
126,naive,135,5.076948354,1.674585309
126,naive,136,3.528801736,0.9717519416
126,naive,137,5.333288757,0.9216586766
126,naive,138,2.662363219,0.1027988904
126,naive,139,5.398602597,0.714208175
126,naive,140,2.409718443,0.8670918041
126,naive,141,2.282117234,0.8380156277
126,naive,142,3.446775894,-0.2637116323
126,naive,143,4.522685355,1.215980959
126,naive,144,1.780057158,-0.401168992
126,naive,145,2.206122217,-0.2509273441
126,naive,146,4.210686922,-0.1416342307
126,naive,147,3.137277795,-0.03734596347
126,naive,148,3.49800027,0.9948729454
126,naive,149,2.341774201,-0.3231336434
126,naive,150,3.697948558,0.1738021969
126,naive,151,5.683479604,0.005584201761
126,naive,152,2.303991595,0.7608196412
126,naive,153,3.962823837,0.3865404081
126,naive,154,4.197114298,0.3974834355
126,naive,155,2.669360931,0.2862899529
126,naive,156,1.74186585,0.4271680354
126,naive,157,2.910055705,0.4647738514
126,naive,158,3.577067293,0.2971958211
126,naive,159,5.050092658,0.9253794221
126,naive,160,3.701363727,0.4953350249
126,naive,161,5.141176711,0.1998659433
126,naive,162,4.751436947,2.48169099
126,naive,163,4.548311532,0.04210622636
126,naive,164,4.340800662,0.6499762787
126,naive,165,4.527184875,0.3899631818
126,naive,166,5.002068542,3.198213927
126,naive,167,4.152308707,0.7291492458
126,naive,168,4.334265013,0.8812356394
126,naive,169,3.980843952,0.5508975436
126,naive,170,2.776814299,0.04477833734
126,naive,171,4.862015867,0.712686307
126,naive,172,2.592327795,0.7602217181
126,naive,173,2.395536591,-0.3285926005
126,naive,174,3.066038151,-0.7007302644
126,naive,175,4.292017172,0.9822212345
126,naive,176,2.892434304,0.7473906364
126,naive,177,4.776056477,0.1563274337
126,naive,178,4.302271635,1.245538061
126,naive,179,2.765201007,0.5037763483
126,naive,180,3.463293365,0.3933691746
126,naive,181,2.561699012,0.4714285335
126,naive,182,4.619777746,0.5495601967
126,naive,183,4.691028756,0.3754875334
126,naive,184,3.743683769,-0.1597150774
126,naive,185,3.448632743,-0.7252725529
126,naive,186,5.224268288,1.336643985
126,naive,187,3.304553145,-0.1198009292
126,naive,188,2.859536089,-0.09719224164
126,naive,189,3.217621186,0.1816413129
126,naive,190,4.761104512,0.7703492437
126,naive,191,4.034666724,0.1626798709
126,naive,192,4.016416794,1.424988355
126,naive,193,3.106444174,0.4532389029
126,naive,194,3.479276872,-0.1811439384
126,naive,195,4.522382401,-0.1144209442
126,naive,196,4.47734639,0.5361127344
126,naive,197,2.797723775,1.02335664
126,naive,198,3.178241568,-0.06312813525
126,naive,199,1.579217483,0.5142671601
126,naive,200,2.076641387,-0.1146178395
126,naive,201,5.015304154,0.9314466174
126,naive,202,2.710924192,0.3682135519
126,naive,203,4.247497662,0.7224395797
126,naive,204,5.25383136,1.193645809
126,naive,205,2.039202677,1.377790674
126,naive,206,2.919744492,-0.008390769028
126,naive,207,2.96746003,-0.09062969051
126,naive,208,3.347995405,-0.1657003579
126,naive,209,1.475307722,-0.06029265182
126,naive,210,3.119112561,-0.6563373737
126,naive,211,1.93596162,0.1054857866
126,naive,212,3.35966455,-0.4854667635
126,naive,213,2.740423657,0.947730901
126,naive,214,4.7825588,0.511307958
126,naive,215,3.659677862,0.5632485878
126,naive,216,1.589554058,0.01764500253
126,naive,217,3.619405699,-0.8906825355
126,naive,218,3.292046373,0.7289795189
126,naive,219,1.051338983,0.06815244139
126,naive,220,6.22784485,1.916021709
126,naive,221,4.534593835,0.1931749803
126,naive,222,3.379072862,-0.1790392714
126,naive,223,4.937659003,0.3614424017
126,naive,224,3.852912635,-0.04666539798
126,naive,225,3.71668125,-0.1347142627
126,naive,226,4.876691051,0.9584514155
126,naive,227,1.597403543,0.7046856289
126,naive,228,4.116832187,0.972147924
126,naive,229,4.845248841,-0.142995181
126,naive,230,4.683738868,0.6617164309
126,naive,231,4.24585982,-0.05807182289
126,naive,232,4.404825663,0.771214029
126,naive,233,5.291700839,0.8202454678
126,naive,234,4.949439717,1.122811753
126,naive,235,4.438810532,3.237921818
126,naive,236,2.815513894,-0.1798700973
126,naive,237,3.839232937,0.6894287356
126,naive,238,5.387128296,0.5340690795
126,naive,239,4.067275383,0.4072043774
126,naive,240,2.118203942,-0.08774729731
126,naive,241,4.236658115,1.080557225
126,naive,242,5.686287037,0.5174638132
126,naive,243,2.958083232,0.2719142101
126,naive,244,3.597662611,0.1019798105
126,naive,245,2.2549436,0.2236732624
126,naive,246,3.528106376,0.679572404
126,naive,247,3.956481671,1.294838807
126,naive,248,4.4304348,1.21292687
126,naive,249,4.685881118,1.218143376
126,naive,250,2.287931286,-0.1202683851
126,naive,251,3.011192608,-0.3927534807
126,naive,252,4.976403242,0.5054124283
126,naive,253,4.659046895,-0.003571262168
126,naive,254,2.565871436,0.5057317429
126,naive,255,4.681157077,0.3161808738
126,naive,256,2.953044811,0.5340381469
126,naive,257,3.817265352,0.3950159929
126,naive,258,3.015300492,0.9297891542
126,naive,259,3.79327168,-0.3645747973
126,naive,260,1.687615243,-0.4148931275
126,naive,261,4.086167679,-0.7036453227
126,naive,262,3.298077568,0.3537367286
126,naive,263,3.031272403,-0.3845531035
126,naive,264,6.180179749,0.828794021
126,naive,265,4.585713546,0.2275923442
126,naive,266,2.593794542,0.973651498
126,naive,267,5.003612563,1.434834148
126,naive,268,4.891054604,0.1514653418
126,naive,269,-0.2368102468,-0.007185327849
126,naive,270,5.481329478,1.803152044
126,naive,271,3.05221374,0.315048617
126,naive,272,1.852205197,0.7133458804
126,naive,273,2.077225588,0.3646264329
126,naive,274,3.975717639,0.09831855208
126,naive,275,3.70199264,0.3088782414
126,naive,276,4.197865302,1.130398973
126,naive,277,4.950098712,0.6871736008
126,naive,278,4.394104639,1.103884064
126,naive,279,4.817254388,1.311970801
126,naive,280,4.073464308,-0.4271442287
126,naive,281,4.709703625,0.6681689527
126,naive,282,3.210016433,0.2805049067
126,naive,283,3.863193107,0.8965997778
126,naive,284,2.179478956,1.561872159
126,naive,285,3.445403346,0.945839262
126,naive,286,2.447755258,1.121663681
126,naive,287,2.118970741,0.3654697314
126,naive,288,4.976323361,-0.03221757393
126,naive,289,4.04682467,0.6909703053
126,naive,290,1.479170674,0.4432511944
126,naive,291,3.971417844,0.5202127102
126,naive,292,2.702673192,0.01790473599
126,naive,293,4.229159396,0.1895897694
126,naive,294,3.614099152,0.7758880995
126,naive,295,2.490340082,0.4469318888
126,naive,296,2.843592076,-0.005268082133
126,naive,297,5.221333889,0.6716606542
126,naive,298,3.284872128,-0.1301993151
126,naive,299,2.430403531,0.592344545
126,naive,300,5.462818822,0.05998309922
126,naive,301,4.292104341,0.9656444638
126,naive,302,4.0354967,0.3230143095
126,naive,303,3.058871387,0.8712799108
126,naive,304,2.647293025,0.8418362158
126,naive,305,2.651366772,1.323527799
126,naive,306,3.727579545,0.387377735
126,naive,307,4.497245892,0.8463022362
126,naive,308,2.601546576,-0.06057792992
126,naive,309,4.374263079,0.9841419891
126,naive,310,3.488117065,0.3964515213
126,naive,311,4.546222257,0.119065578
126,naive,312,3.375617288,1.38410971
126,naive,313,4.344884057,0.827227133
126,naive,314,4.320484277,0.8532021664
126,naive,315,4.614499236,0.3596634489
126,naive,316,1.462254482,-0.009373530309
126,naive,317,1.962966376,0.3948153043
126,naive,318,2.579890312,0.3557671513
126,naive,319,4.116200413,0.4008487185
126,naive,320,2.604837064,0.1286323331
126,naive,321,4.614042077,1.048371632
126,naive,322,2.098614909,0.001176395561
126,naive,323,2.372369029,0.6407829544
126,naive,324,4.094201496,0.2146422028
126,naive,325,2.582920022,0.03172462242
126,naive,326,3.019426205,1.958467601
126,naive,327,4.298786395,0.7308643879
126,naive,328,1.932946728,0.7699937198
126,naive,329,4.250821976,-0.483842161
126,naive,330,1.711280691,-0.07245976843
126,naive,331,2.743769734,-0.4330733589
126,naive,332,2.935495813,0.1890518738
126,naive,333,3.93666023,1.078581931
126,naive,334,1.635852833,0.5604436496
126,naive,335,1.413883641,0.161525966
126,naive,336,1.607605101,0.1507864516
126,naive,337,2.909859081,0.3225384133
126,naive,338,5.705472968,-0.002260797323
126,naive,339,3.484140142,1.156626397
126,naive,340,3.247057187,0.09006743681
126,naive,341,2.76706247,0.6935051566
126,naive,342,1.789415492,1.161943702
126,naive,343,2.213258728,0.6574488277
126,naive,344,2.891789452,0.4876833099
126,naive,345,3.458387459,-0.6813589182
126,naive,346,3.096360671,-0.009653864207
126,naive,347,5.734912708,0.6637988884
126,naive,348,4.300874101,0.4078294527
126,naive,349,4.976090884,0.8005047491
126,naive,350,3.913202022,0.7707110083
126,naive,351,3.979180294,-0.2793817429
126,naive,352,4.709555999,0.6599290548
126,naive,353,1.634973617,0.6291307691
126,naive,354,3.619663464,0.7353645432
126,naive,355,4.758151018,0.4996685402
126,naive,356,4.457328961,0.4957130719
126,naive,357,3.324078508,0.1725946514
126,naive,358,4.030212552,2.393438962
126,naive,359,2.458104844,0.6009766563
126,naive,360,3.712925046,0.09729521102
126,naive,361,5.000577522,0.7892531684
126,naive,362,3.246845502,-0.4537491695
126,naive,363,2.231752524,1.025145012
126,naive,364,4.034930975,0.5124220754
126,naive,365,5.416159326,0.7960266501
126,naive,366,4.658062848,0.987608211
126,naive,367,5.569305128,1.255950221
126,naive,368,2.453955814,-0.2803840445
126,naive,369,3.878306795,0.3297233293
126,naive,370,5.159530377,0.7097475235
126,naive,371,4.215824169,0.5541011146
126,naive,372,3.859815239,0.8367780367
126,naive,373,3.905509963,0.2717927875
126,naive,374,3.104654288,0.7700789453
126,naive,375,3.969126944,-0.009685988994
126,naive,376,4.11661992,0.8951029809
126,naive,377,3.066035981,0.1590211157
126,naive,378,3.880169448,0.8896307762
126,naive,379,1.188562734,0.475777005
126,naive,380,4.041328422,0.6000783439
126,naive,381,4.555801642,1.321929952
126,naive,382,4.43976321,1.570728968
126,naive,383,5.49240263,1.373623137
126,naive,384,1.722419692,0.6620845754
126,naive,385,3.723140817,0.2331380076
126,naive,386,3.479809467,0.694460042
126,naive,387,3.30944405,0.8495481003
126,naive,388,2.61889492,0.02217760834
126,naive,389,3.442163323,0.2914627629
126,naive,390,3.878933322,0.4106038765
126,naive,391,2.794192852,-0.8670825007
126,naive,392,2.984924015,-0.06550059557
126,naive,393,5.482924464,0.1666276411
126,naive,394,2.577633496,0.4859739928
126,naive,395,3.953410366,-0.4972344149
126,naive,396,4.923167299,0.1719331937
126,naive,397,4.726244164,-0.01063974283
126,naive,398,2.993434245,-0.5827011463
126,naive,399,2.822311363,0.08658274616
126,naive,400,4.152215287,-0.04353293553
126,naive,401,4.001666605,0.9259171316
126,naive,402,1.721013021,0.002477557769
126,naive,403,3.923561514,0.02154416356
126,naive,404,2.407883168,-0.06583902106
126,naive,405,5.220804278,-0.07494447782
126,naive,406,1.927310915,0.5018108025
126,naive,407,3.08907451,0.00113574803
126,naive,408,4.060439146,0.5999794999
126,naive,409,4.773311566,-0.2459059475
126,naive,410,1.961919183,-0.6510613711
126,naive,411,3.449015291,8.048589523e-05
126,naive,412,3.650047938,1.147961851
126,naive,413,3.4580117,-0.3585741171
126,naive,414,5.004853392,0.3057258835
126,naive,415,4.874303725,0.8428393384
126,naive,416,1.640144515,0.419753816
126,naive,417,4.963069625,0.07086442763
126,naive,418,4.316393635,0.560497806
126,naive,419,4.37882398,0.6490802558
126,naive,420,3.279752941,0.1424367507
126,naive,421,3.788864794,0.3799510797
126,naive,422,4.542543521,1.107519963
126,naive,423,1.971284489,0.6561910544
126,naive,424,4.64827223,0.0496956173
126,naive,425,3.992013535,0.4440574087
126,naive,426,5.148248151,2.909074059
126,naive,427,4.429772086,0.3467917017
126,naive,428,5.435710957,1.080181813
126,naive,429,3.274549669,-0.177576288
126,naive,430,4.96555615,2.190079792
126,naive,431,5.323404455,0.3401310902
126,naive,432,1.266558065,0.230960917
126,naive,433,1.451225515,-0.1894765197
126,naive,434,2.107863297,-0.336516838
126,naive,435,3.154273944,0.386358821
126,naive,436,3.060870146,0.02668526536
126,naive,437,2.541490714,0.02924271226
126,naive,438,2.519922951,-0.1928367509
126,naive,439,3.187088919,1.509169262
126,naive,440,3.547827169,0.7325796846
126,naive,441,2.809974956,0.7790025105
126,naive,442,2.03127129,0.709832128
126,naive,443,3.419348081,0.066148125
126,naive,444,2.21765112,1.094188751
126,naive,445,4.297010441,0.5522998344
126,naive,446,4.01825563,-0.03249347815
126,naive,447,4.789635116,0.6165065176
126,naive,448,3.225139739,0.6468584818
126,naive,449,4.176712214,0.9699841497
126,naive,450,3.764736292,-0.004221934686
126,naive,451,3.84558173,-0.08520952317
126,naive,452,5.160587216,1.09067533
126,naive,453,4.951876287,0.7807594693
126,naive,454,4.333996797,0.1013938715
126,naive,455,4.503901344,1.281088493
126,naive,456,3.47416171,0.7317283653
126,naive,457,5.132589725,0.3580090681
126,naive,458,5.369678569,0.3126777152
126,naive,459,4.690976585,0.3269730887
126,naive,460,5.906604729,2.356053145
126,naive,461,4.959667404,0.4579860975
126,naive,462,4.804743722,0.9805731003
126,naive,463,4.360072819,-0.1070774291
126,naive,464,4.614865961,1.288056391
126,naive,465,3.496026038,-0.003368961573
126,naive,466,5.818170117,0.2875727198
126,naive,467,3.135432496,0.01399779366
126,naive,468,3.022171443,0.3385601076
126,naive,469,4.667177752,0.8368125329
126,naive,470,4.511865624,0.03468082231
126,naive,471,2.844328138,0.6804778414
126,naive,472,3.599864278,0.8185714443
126,naive,473,2.654560604,0.6145127012
126,naive,474,2.096536039,0.5239642498
126,naive,475,4.838792529,0.8876034132
126,naive,476,3.829831373,0.9647220488
126,naive,477,4.988281799,0.2467461791
126,naive,478,3.032481529,0.2200888269
126,naive,479,2.999282616,0.5394996686
126,naive,480,2.251368118,0.7613885193
126,naive,481,3.350578499,0.09292712226
126,naive,482,3.812438117,0.2000481195
126,naive,483,2.978006407,0.3985886683
126,naive,484,3.329970953,0.06327233119
126,naive,485,4.328521311,0.9604672457
126,naive,486,5.217988776,0.3117356182
126,naive,487,1.42304017,-0.10879018
126,naive,488,5.089891322,0.9319241239
126,naive,489,4.743097923,0.9758668863
126,naive,490,5.383554755,1.559958286
126,naive,491,3.727076879,-0.6051803448
126,naive,492,3.300793324,-0.1210433754
126,naive,493,3.707261621,0.5966418849
126,naive,494,1.931410056,0.6683175533
126,naive,495,3.399080413,-0.360374628
126,naive,496,2.064306312,-0.3337530113
126,naive,497,4.406542662,-0.007392460039
126,naive,498,2.595085057,0.3798559131
126,naive,499,2.643698576,-0.170346192
126,naive,500,2.674828589,0.5376116325
126,expected_max,1,-0.01989792867,0.1744762756
126,expected_max,2,-0.4375067826,0.04167416355
126,expected_max,3,-0.07838408698,0.4796190991
126,expected_max,4,0.5824983195,1.118462501
126,expected_max,5,-0.4179154441,1.282433226
126,expected_max,6,0.3609183875,0.6670156707
126,expected_max,7,1.00550092,0.3129307228
126,expected_max,8,0.7617667409,2.681886535
126,expected_max,9,0.2489523665,-0.1304020231
126,expected_max,10,0.2105306391,0.2085828339
126,expected_max,11,-0.01238294868,0.01491212785
126,expected_max,12,0.1808490133,0.3521667601
126,expected_max,13,0.5049419152,0.5850158124
126,expected_max,14,-0.06892085639,-0.006880929695
126,expected_max,15,-0.07894303064,-0.6893780965
126,expected_max,16,1.267018571,1.619061874
126,expected_max,17,0.9056607272,1.014582919
126,expected_max,18,-0.2039407982,0.4708961607
126,expected_max,19,-0.03255382193,0.5554032174
126,expected_max,20,0.1068063501,1.069759098
126,expected_max,21,0.4768654608,1.764199421
126,expected_max,22,-0.2492856455,0.002217612994
126,expected_max,23,0.1776750453,0.4236985381
126,expected_max,24,2.019398203,-0.2525669031
126,expected_max,25,0.2159700326,0.4364711972
126,expected_max,26,-0.3714592096,0.6914713371
126,expected_max,27,-0.7923423985,0.558928528
126,expected_max,28,0.9924765061,0.6716849779
126,expected_max,29,0.5631243149,0.7312599795
126,expected_max,30,1.011369333,0.4914867058
126,expected_max,31,0.8375641731,1.202035985
126,expected_max,32,0.7854860428,0.6363649695
126,expected_max,33,0.1436977854,-0.6423508927
126,expected_max,34,0.9317105804,0.8890681484
126,expected_max,35,0.1446280118,-0.1618466321
126,expected_max,36,0.7742147105,0.879205702
126,expected_max,37,-0.7406445695,0.09500549496
126,expected_max,38,0.1902072213,-0.5003710811
126,expected_max,39,-0.3690797732,0.4077092211
126,expected_max,40,-0.1119290311,0.03133266856
126,expected_max,41,0.1025269035,0.6071452099
126,expected_max,42,0.8299746472,1.078001
126,expected_max,43,-0.3093933898,0.8914862413
126,expected_max,44,0.57357738,-0.3876835459
126,expected_max,45,0.06295002503,-0.08941818666
126,expected_max,46,1.114444775,0.8089481089
126,expected_max,47,-0.3355262641,0.4525916226
126,expected_max,48,0.5692874735,0.3780215824
126,expected_max,49,1.371297421,0.9564735968
126,expected_max,50,0.3265877925,0.147995946
126,expected_max,51,-0.1935226008,0.502090685
126,expected_max,52,0.6604927249,0.8169965718
126,expected_max,53,1.205676154,-0.007565246736
126,expected_max,54,0.2297683442,0.5379610762
126,expected_max,55,-0.5356434111,0.06166849805
126,expected_max,56,0.2696463025,0.3041175405
126,expected_max,57,0.07284927117,0.8744808222
126,expected_max,58,-0.173258356,0.6148026269
126,expected_max,59,0.3401987443,-1.150341941
126,expected_max,60,0.1922864947,0.3742143158
126,expected_max,61,0.6176016811,2.271963514
126,expected_max,62,-0.4599365123,-0.107149641
126,expected_max,63,1.261796521,-0.2065155624
126,expected_max,64,0.1461249059,0.8041091499
126,expected_max,65,0.5653024879,-0.2240051695
126,expected_max,66,-0.6499899204,0.6778126959
126,expected_max,67,-0.2473271191,-0.1901109633
126,expected_max,68,0.1335109753,0.3686094144
126,expected_max,69,0.3924057052,0.8789857237
126,expected_max,70,-0.5497240857,1.208879841
126,expected_max,71,0.1868658134,-0.2566509912
126,expected_max,72,-0.3858692495,-0.02869058558
126,expected_max,73,0.2547703089,0.006195886504
126,expected_max,74,0.219478669,0.729593558
126,expected_max,75,0.0716981765,1.214855062
126,expected_max,76,0.2856016933,0.3155122631
126,expected_max,77,-0.6406563603,0.3702098662
126,expected_max,78,0.6572749036,0.2067103012
126,expected_max,79,0.2388864147,0.8624639818
126,expected_max,80,-0.1066703166,-0.03482006541
126,expected_max,81,-0.6035092126,0.1289959775
126,expected_max,82,-0.001254670759,0.1208911259
126,expected_max,83,-0.6908174706,0.04408109384
126,expected_max,84,1.075717476,0.9104977088
126,expected_max,85,1.804237699,0.1687625856
126,expected_max,86,1.038165537,0.9112887193
126,expected_max,87,0.5375248914,-0.1941797942
126,expected_max,88,-0.4238727573,0.6062863144
126,expected_max,89,0.3893846305,-0.6172189797
126,expected_max,90,0.4937769505,0.4849649801
126,expected_max,91,-0.05346462684,-0.3411751561
126,expected_max,92,-0.108405298,-0.2436503886
126,expected_max,93,0.0571963801,0.6914625889
126,expected_max,94,2.032485871,2.059352411
126,expected_max,95,0.9125345609,0.5968880721
126,expected_max,96,0.114371066,0.2305044597
126,expected_max,97,0.5480497943,0.6396678735
126,expected_max,98,0.4096641085,0.2372063498
126,expected_max,99,0.533345333,0.3075625354
126,expected_max,100,0.425501489,0.9453952551
126,expected_max,101,0.1222271389,0.9478338319
126,expected_max,102,-0.4110470671,0.3346195132
126,expected_max,103,2.138495843,0.6844045996
126,expected_max,104,0.7979041589,-0.0762323611
126,expected_max,105,0.3087810465,0.8908609045
126,expected_max,106,0.572521097,0.5292588715
126,expected_max,107,-0.6097918421,-0.1471912388
126,expected_max,108,2.642779605,1.001837864
126,expected_max,109,0.196867549,0.1338188065
126,expected_max,110,0.7810031856,0.1936744998
126,expected_max,111,0.4549995262,0.004447585179
126,expected_max,112,-0.2733054994,-1.092380521
126,expected_max,113,0.0765658461,0.6555688147
126,expected_max,114,0.9488416846,0.0165938471
126,expected_max,115,-0.05131142117,-0.3200115713
126,expected_max,116,0.5653044046,0.2864036876
126,expected_max,117,1.216950153,1.412343698
126,expected_max,118,-0.2311129428,0.4465144886
126,expected_max,119,-0.3450353934,0.69724659
126,expected_max,120,-0.2710606006,0.8480919779
126,expected_max,121,0.4877485541,1.108359198
126,expected_max,122,-0.9794679614,0.21455498
126,expected_max,123,1.142312686,1.385475762
126,expected_max,124,0.4294992354,0.4969135714
126,expected_max,125,-0.3280255397,0.5443674003
126,expected_max,126,-0.4605187248,0.5616221522
126,expected_max,127,-0.6820604135,0.1076807051
126,expected_max,128,-1.978888406,-0.2461061835
126,expected_max,129,0.08023549165,-0.2780511395
126,expected_max,130,0.3978849569,0.3628886946
126,expected_max,131,0.6332559084,0.3230695758
126,expected_max,132,0.9369750729,0.08236454977
126,expected_max,133,-0.2272987711,-0.3523602779
126,expected_max,134,1.168069064,0.145542355
126,expected_max,135,0.4735113622,1.674585309
126,expected_max,136,-0.05001119655,0.9717519416
126,expected_max,137,1.754475825,0.9216586766
126,expected_max,138,-0.2698563026,0.1027988904
126,expected_max,139,1.819789664,0.714208175
126,expected_max,140,0.18290017,0.8670918041
126,expected_max,141,0.055298961,0.8380156277
126,expected_max,142,-0.6480816059,-0.2637116323
126,expected_max,143,1.590465833,1.215980959
126,expected_max,144,-0.4467611147,-0.401168992
126,expected_max,145,-0.02069605592,-0.2509273441
126,expected_max,146,0.6318739897,-0.1416342307
126,expected_max,147,-0.4415351373,-0.03734596347
126,expected_max,148,1.271181997,0.9948729454
126,expected_max,149,0.1149559278,-0.3231336434
126,expected_max,150,-0.3969089412,0.1738021969
126,expected_max,151,1.588622104,0.005584201761
126,expected_max,152,-0.6282279274,0.7608196412
126,expected_max,153,1.736005564,0.3865404081
126,expected_max,154,0.1022567985,0.3974834355
126,expected_max,155,-0.2628585914,0.2862899529
126,expected_max,156,-0.4849524228,0.4271680354
126,expected_max,157,0.6832374324,0.4647738514
126,expected_max,158,-0.001745639828,0.2971958211
126,expected_max,159,0.4466556659,0.9253794221
126,expected_max,160,-0.3934937725,0.4953350249
126,expected_max,161,1.046319211,0.1998659433
126,expected_max,162,0.1479999555,2.48169099
126,expected_max,163,-0.05512545976,0.04210622636
126,expected_max,164,-0.26263633,0.6499762787
126,expected_max,165,-0.07625211629,0.3899631818
126,expected_max,166,0.9072110428,3.198213927
126,expected_max,167,0.05745120807,0.7291492458
126,expected_max,168,-0.2691719791,0.8812356394
126,expected_max,169,-0.1140135477,0.5508975436
126,expected_max,170,0.5499960255,0.04477833734
126,expected_max,171,0.2585788756,0.712686307
126,expected_max,172,0.3655095224,0.7602217181
126,expected_max,173,0.1687183176,-0.3285926005
126,expected_max,174,0.1338186285,-0.7007302644
126,expected_max,175,1.359797649,0.9822212345
126,expected_max,176,0.6656160312,0.7473906364
126,expected_max,177,0.1726194853,0.1563274337
126,expected_max,178,0.2074141352,1.245538061
126,expected_max,179,-0.8136119255,0.5037763483
126,expected_max,180,0.5310738428,0.3933691746
126,expected_max,181,0.3348807389,0.4714285335
126,expected_max,182,0.01634075397,0.5495601967
126,expected_max,183,0.08759176448,0.3754875334
126,expected_max,184,0.1648708364,-0.1597150774
126,expected_max,185,-0.1301801893,-0.7252725529
126,expected_max,186,0.6208312958,1.336643985
126,expected_max,187,0.3723336229,-0.1198009292
126,expected_max,188,-0.719276844,-0.09719224164
126,expected_max,189,-0.3611917465,0.1816413129
126,expected_max,190,0.6662470123,0.7703492437
126,expected_max,191,-0.5687702681,0.1626798709
126,expected_max,192,0.437603861,1.424988355
126,expected_max,193,0.8796259005,0.4532389029
126,expected_max,194,-0.09953606076,-0.1811439384
126,expected_max,195,-0.08105459075,-0.1144209442
126,expected_max,196,0.382488891,0.5361127344
126,expected_max,197,0.5709055015,1.02335664
126,expected_max,198,-0.4005713647,-0.06312813525
126,expected_max,199,-1.353002039,0.5142671601
126,expected_max,200,-0.1501768861,-0.1146178395
126,expected_max,201,2.083084632,0.9314466174
126,expected_max,202,-0.8678887404,0.3682135519
126,expected_max,203,0.1526401626,0.7224395797
126,expected_max,204,0.6503943687,1.193645809
126,expected_max,205,-0.8930168455,1.377790674
126,expected_max,206,-0.0124750296,-0.008390769028
126,expected_max,207,0.03524050829,-0.09062969051
126,expected_max,208,1.121177132,-0.1657003579
126,expected_max,209,-0.7515105512,-0.06029265182
126,expected_max,210,-0.4597003714,-0.6563373737
126,expected_max,211,-0.2908566526,0.1054857866
126,expected_max,212,1.132846277,-0.4854667635
126,expected_max,213,-0.1917958652,0.947730901
126,expected_max,214,0.179121808,0.511307958
126,expected_max,215,0.08086492914,0.5632485878
126,expected_max,216,-0.6372642147,0.01764500253
126,expected_max,217,0.6871861766,-0.8906825355
126,expected_max,218,-0.2867665595,0.7289795189
126,expected_max,219,-1.17547929,0.06815244139
126,expected_max,220,1.624407858,1.916021709
126,expected_max,221,-0.06884315715,0.1931749803
126,expected_max,222,0.4468533397,-0.1790392714
126,expected_max,223,0.8428015032,0.3614424017
126,expected_max,224,1.626094362,-0.04666539798
126,expected_max,225,0.1378683171,-0.1347142627
126,expected_max,226,1.944471529,0.9584514155
126,expected_max,227,-0.6294147303,0.7046856289
126,expected_max,228,1.184612665,0.972147924
126,expected_max,229,0.2418118493,-0.142995181
126,expected_max,230,0.588881369,0.6617164309
126,expected_max,231,0.151002321,-0.05807182289
126,expected_max,232,0.3099681632,0.771214029
126,expected_max,233,0.6882638469,0.8202454678
126,expected_max,234,0.8545822172,1.122811753
126,expected_max,235,0.8599975999,3.237921818
126,expected_max,236,0.5886956205,-0.1798700973
126,expected_max,237,0.9070134148,0.6894287356
126,expected_max,238,0.7836913043,0.5340690795
126,expected_max,239,-0.02758211625,0.4072043774
126,expected_max,240,-0.1086143314,-0.08774729731
126,expected_max,241,2.009839842,1.080557225
126,expected_max,242,1.082850045,0.5174638132
126,expected_max,243,0.02586371029,0.2719142101
126,expected_max,244,0.665443089,0.1019798105
126,expected_max,245,0.02812532733,0.2236732624
126,expected_max,246,-0.05070655628,0.679572404
126,expected_max,247,-0.1383758282,1.294838807
126,expected_max,248,-0.1730021921,1.21292687
126,expected_max,249,0.08244412594,1.218143376
126,expected_max,250,0.06111301267,-0.1202683851
126,expected_max,251,-0.5676203241,-0.3927534807
126,expected_max,252,0.3729662507,0.5054124283
126,expected_max,253,0.05560990286,-0.003571262168
126,expected_max,254,-0.3663480864,0.5057317429
126,expected_max,255,0.5862995781,0.3161808738
126,expected_max,256,0.02082528884,0.5340381469
126,expected_max,257,0.2384524195,0.3950159929
126,expected_max,258,0.7884822191,0.9297891542
126,expected_max,259,0.214458747,-0.3645747973
126,expected_max,260,-0.5392030296,-0.4148931275
126,expected_max,261,1.153948157,-0.7036453227
126,expected_max,262,-0.280735365,0.3537367286
126,expected_max,263,0.09905288075,-0.3845531035
126,expected_max,264,3.247960227,0.828794021
126,expected_max,265,1.653494024,0.2275923442
126,expected_max,266,0.3669762694,0.973651498
126,expected_max,267,0.4001755711,1.434834148
126,expected_max,268,1.312241672,0.1514653418
126,expected_max,269,-2.46362852,-0.007185327849
126,expected_max,270,0.8778924865,1.803152044
126,expected_max,271,0.1199942176,0.315048617
126,expected_max,272,-0.374613076,0.7133458804
126,expected_max,273,-0.149592685,0.3646264329
126,expected_max,274,1.043498117,0.09831855208
126,expected_max,275,-0.392864859,0.3088782414
126,expected_max,276,0.103007803,1.130398973
126,expected_max,277,1.371285779,0.6871736008
126,expected_max,278,-0.2093323524,1.103884064
126,expected_max,279,0.213817396,1.311970801
126,expected_max,280,-0.02139319097,-0.4271442287
126,expected_max,281,0.6148461254,0.6681689527
126,expected_max,282,-0.3687965,0.2805049067
126,expected_max,283,0.9309735849,0.8965997778
126,expected_max,284,-0.04733931689,1.561872159
126,expected_max,285,-0.1334095862,0.945839262
126,expected_max,286,0.2209369854,1.121663681
126,expected_max,287,-0.1078475325,0.3654697314
126,expected_max,288,0.8814658615,-0.03221757393
126,expected_max,289,1.820006397,0.6909703053
126,expected_max,290,-0.7476475987,0.4432511944
126,expected_max,291,-0.1234396554,0.5202127102
126,expected_max,292,-0.8761397408,0.01790473599
126,expected_max,293,0.1343018966,0.1895897694
126,expected_max,294,1.387280879,0.7758880995
126,expected_max,295,0.2635218088,0.4469318888
126,expected_max,296,0.6167738027,-0.005268082133
126,expected_max,297,0.6178968969,0.6716606542
126,expected_max,298,0.3526526062,-0.1301993151
126,expected_max,299,-0.501815991,0.592344545
126,expected_max,300,1.88400589,0.05998309922
126,expected_max,301,0.7132914089,0.9656444638
126,expected_max,302,0.4566837678,0.3230143095
126,expected_max,303,0.126651865,0.8712799108
126,expected_max,304,-0.2849264969,0.8418362158
126,expected_max,305,-0.2808527503,1.323527799
126,expected_max,306,-0.3672779549,0.387377735
126,expected_max,307,0.4023883921,0.8463022362
126,expected_max,308,-0.3306729465,-0.06057792992
126,expected_max,309,-0.2291739124,0.9841419891
126,expected_max,310,-0.6067404345,0.3964515213
126,expected_max,311,0.4513647572,0.119065578
126,expected_max,312,0.4433977657,1.38410971
126,expected_max,313,1.412664535,0.827227133
126,expected_max,314,-0.2829527147,0.8532021664
126,expected_max,315,0.01106224418,0.3596634489
126,expected_max,316,-0.764563791,-0.009373530309
126,expected_max,317,-0.9692531464,0.3948153043
126,expected_max,318,-0.3523292099,0.3557671513
126,expected_max,319,1.183980891,0.4008487185
126,expected_max,320,-0.327382458,0.1286323331
126,expected_max,321,0.5191845779,1.048371632
126,expected_max,322,-0.1282033642,0.001176395561
126,expected_max,323,-0.559850493,0.6407829544
126,expected_max,324,0.5153885631,0.2146422028
126,expected_max,325,-0.9958929106,0.03172462242
126,expected_max,326,0.7926079319,1.958467601
126,expected_max,327,-0.3046505968,0.7308643879
126,expected_max,328,-0.293871545,0.7699937198
126,expected_max,329,-0.3526150155,-0.483842161
126,expected_max,330,-1.220938831,-0.07245976843
126,expected_max,331,-0.1884497881,-0.4330733589
126,expected_max,332,-0.6433171193,0.1890518738
126,expected_max,333,0.3578472977,1.078581931
126,expected_max,334,-0.5909654405,0.5604436496
126,expected_max,335,-0.8129346324,0.161525966
126,expected_max,336,-0.6192131724,0.1507864516
126,expected_max,337,-0.02236044097,0.3225384133
126,expected_max,338,1.102035976,-0.002260797323
126,expected_max,339,-0.09467279078,1.156626397
126,expected_max,340,-0.8478003122,0.09006743681
126,expected_max,341,0.5402441966,0.6935051566
126,expected_max,342,-0.4374027806,1.161943702
126,expected_max,343,-0.0135595447,0.6574488277
126,expected_max,344,0.6649711789,0.4876833099
126,expected_max,345,-0.1204254732,-0.6813589182
126,expected_max,346,0.8695423982,-0.009653864207
126,expected_max,347,1.131475716,0.6637988884
126,expected_max,348,0.7220611683,0.4078294527
126,expected_max,349,0.3726538925,0.8005047491
126,expected_max,350,-0.1816554779,0.7707110083
126,expected_max,351,0.4003673612,-0.2793817429
126,expected_max,352,1.130743067,0.6599290548
126,expected_max,353,-1.297245905,0.6291307691
126,expected_max,354,0.6874439422,0.7353645432
126,expected_max,355,0.6632935184,0.4996685402
126,expected_max,356,-0.1461080306,0.4957130719
126,expected_max,357,0.3918589856,0.1725946514
126,expected_max,358,-0.06464494758,2.393438962
126,expected_max,359,0.2312865705,0.6009766563
126,expected_max,360,0.1341121134,0.09729521102
126,expected_max,361,0.9057200223,0.7892531684
126,expected_max,362,-0.3319674305,-0.4537491695
126,expected_max,363,-0.7004669985,1.025145012
126,expected_max,364,-0.05992652457,0.5124220754
126,expected_max,365,0.8127223341,0.7960266501
126,expected_max,366,0.5632053487,0.987608211
126,expected_max,367,0.9658681362,1.255950221
126,expected_max,368,0.2271375409,-0.2803840445
126,expected_max,369,0.2994938627,0.3297233293
126,expected_max,370,1.064672878,0.7097475235
126,expected_max,371,-0.3876128224,0.5541011146
126,expected_max,372,0.9275957173,0.8367780367
126,expected_max,373,0.9732904408,0.2717927875
126,expected_max,374,0.8778360153,0.7700789453
126,expected_max,375,0.390314011,-0.009685988994
126,expected_max,376,1.889801647,0.8951029809
126,expected_max,377,-0.5127769519,0.1590211157
126,expected_max,378,-0.2146880516,0.8896307762
126,expected_max,379,-1.038255539,0.475777005
126,expected_max,380,-0.5621085698,0.6000783439
126,expected_max,381,0.4609441424,1.321929952
126,expected_max,382,0.8609502779,1.570728968
126,expected_max,383,0.8889656378,1.373623137
126,expected_max,384,-0.504398581,0.6620845754
126,expected_max,385,0.1443278845,0.2331380076
126,expected_max,386,-0.0990034657,0.694460042
126,expected_max,387,0.3772245275,0.8495481003
126,expected_max,388,-0.9599180122,0.02217760834
126,expected_max,389,-0.6526941762,0.2914627629
126,expected_max,390,0.9467138004,0.4106038765
126,expected_max,391,-0.7846200807,-0.8670825007
126,expected_max,392,0.7581057422,-0.06550059557
126,expected_max,393,1.388066964,0.1666276411
126,expected_max,394,0.3508152231,0.4859739928
126,expected_max,395,-0.1414471331,-0.4972344149
126,expected_max,396,0.8283098,0.1719331937
126,expected_max,397,0.1228071725,-0.01063974283
126,expected_max,398,-0.5853786877,-0.5827011463
126,expected_max,399,-0.1099081586,0.08658274616
126,expected_max,400,-0.4512217047,-0.04353293553
126,expected_max,401,0.422853673,0.9259171316
126,expected_max,402,-0.5058052519,0.002477557769
126,expected_max,403,0.344748581,0.02154416356
126,expected_max,404,0.1810648945,-0.06583902106
126,expected_max,405,0.6173672865,-0.07494447782
126,expected_max,406,-0.2995073582,0.5018108025
126,expected_max,407,0.1568549879,0.00113574803
126,expected_max,408,1.128219624,0.5999794999
126,expected_max,409,0.1698745737,-0.2459059475
126,expected_max,410,-0.2648990905,-0.6510613711
126,expected_max,411,0.5167957686,8.048589523e-05
126,expected_max,412,-0.4448095615,1.147961851
126,expected_max,413,-0.6368457997,-0.3585741171
126,expected_max,414,1.426040459,0.3057258835
126,expected_max,415,0.7794462252,0.8428393384
126,expected_max,416,-0.5866737582,0.419753816
126,expected_max,417,0.359632633,0.07086442763
126,expected_max,418,-0.287043357,0.560497806
126,expected_max,419,0.2839664803,0.6490802558
126,expected_max,420,0.3475334193,0.1424367507
126,expected_max,421,0.8566452723,0.3799510797
126,expected_max,422,0.4476860216,1.107519963
126,expected_max,423,-0.2555337842,0.6561910544
126,expected_max,424,0.04483523784,0.0496956173
126,expected_max,425,-0.1028439646,0.4440574087
126,expected_max,426,0.5448111595,2.909074059
126,expected_max,427,0.3349145867,0.3467917017
126,expected_max,428,1.340853458,1.080181813
126,expected_max,429,-0.8203078304,-0.177576288
126,expected_max,430,0.3621191577,2.190079792
126,expected_max,431,1.744591522,0.3401310902
126,expected_max,432,-0.9602602085,0.230960917
126,expected_max,433,-0.7755927579,-0.1894765197
126,expected_max,434,-0.1189549759,-0.336516838
126,expected_max,435,-0.9405835552,0.386358821
126,expected_max,436,0.8340518732,0.02668526536
126,expected_max,437,-1.037322219,0.02924271226
126,expected_max,438,-0.4122965706,-0.1928367509
126,expected_max,439,0.2548693968,1.509169262
126,expected_max,440,1.321008896,0.7325796846
126,expected_max,441,-0.1222445656,0.7790025105
126,expected_max,442,-0.1955469826,0.709832128
126,expected_max,443,-0.6755094186,0.066148125
126,expected_max,444,-0.009167153258,1.094188751
126,expected_max,445,-0.306426551,0.5522998344
126,expected_max,446,1.791437356,-0.03249347815
126,expected_max,447,0.694777617,0.6165065176
126,expected_max,448,-0.8697177607,0.6468584818
126,expected_max,449,0.08185471497,0.9699841497
126,expected_max,450,-0.3301212071,-0.004221934686
126,expected_max,451,1.618763457,-0.08520952317
126,expected_max,452,1.581774284,1.09067533
126,expected_max,453,0.3484392953,0.7807594693
126,expected_max,454,-0.269440195,0.1013938715
126,expected_max,455,1.571681822,1.281088493
126,expected_max,456,0.5419421883,0.7317283653
126,expected_max,457,0.5291527327,0.3580090681
126,expected_max,458,1.274821069,0.3126777152
126,expected_max,459,0.596119086,0.3269730887
126,expected_max,460,1.303167737,2.356053145
126,expected_max,461,0.3562304122,0.4579860975
126,expected_max,462,1.225930789,0.9805731003
126,expected_max,463,-0.2433641725,-0.1070774291
126,expected_max,464,0.5200084619,1.288056391
126,expected_max,465,-0.5988314619,-0.003368961573
126,expected_max,466,1.214733125,0.2875727198
126,expected_max,467,-0.4433804368,0.01399779366
126,expected_max,468,0.08995192094,0.3385601076
126,expected_max,469,1.088364819,0.8368125329
126,expected_max,470,0.4170081247,0.03468082231
126,expected_max,471,0.6175098649,0.6804778414
126,expected_max,472,0.0210513458,0.8185714443
126,expected_max,473,-0.2776589184,0.6145127012
126,expected_max,474,-0.8356834829,0.5239642498
126,expected_max,475,0.7439350292,0.8876034132
126,expected_max,476,0.2510184405,0.9647220488
126,expected_max,477,0.3848448072,0.2467461791
126,expected_max,478,-0.5463314038,0.2200888269
126,expected_max,479,-0.5795303169,0.5394996686
126,expected_max,480,0.02454984528,0.7613885193
126,expected_max,481,-0.2282344336,0.09292712226
126,expected_max,482,1.585619844,0.2000481195
126,expected_max,483,0.04578688535,0.3985886683
126,expected_max,484,0.3977514309,0.06327233119
126,expected_max,485,0.2336638113,0.9604672457
126,expected_max,486,0.6145517841,0.3117356182
126,expected_max,487,-0.8037781033,-0.10879018
126,expected_max,488,0.9950338225,0.9319241239
126,expected_max,489,0.6482404232,0.9758668863
126,expected_max,490,1.288697256,1.559958286
126,expected_max,491,-0.3677806209,-0.6051803448
126,expected_max,492,-0.7940641758,-0.1210433754
126,expected_max,493,0.7750420985,0.5966418849
126,expected_max,494,-0.2954082166,0.6683175533
126,expected_max,495,-0.17973252,-0.360374628
126,expected_max,496,-0.8679132102,-0.3337530113
126,expected_max,497,0.3116851622,-0.007392460039
126,expected_max,498,-0.3371344646,0.3798559131
126,expected_max,499,-0.2885209459,-0.170346192
126,expected_max,500,-0.2573909328,0.5376116325
126,js,1,0.4203570464,0.1744762756
126,js,2,0.9091538683,0.04167416355
126,js,3,0.3701386333,0.4796190991
126,js,4,0.5931619756,1.118462501
126,js,5,0.4089288678,1.282433226
126,js,6,0.6518953143,0.6670156707
126,js,7,0.259080332,0.3129307228
126,js,8,1.556876705,2.681886535
126,js,9,0.7931584389,-0.1304020231
126,js,10,0.1008356889,0.2085828339
126,js,11,0.4258923913,0.01491212785
126,js,12,0.3352703547,0.3521667601
126,js,13,0.8701729833,0.5850158124
126,js,14,0.4137291621,-0.006880929695
126,js,15,0.8681689668,-0.6893780965
126,js,16,1.572421162,1.619061874
126,js,17,1.412609529,1.014582919
126,js,18,0.03201145204,0.4708961607
126,js,19,0.5377225026,0.5554032174
126,js,20,0.4411923069,1.069759098
126,js,21,1.402750984,1.764199421
126,js,22,0.4211702191,0.002217612994
126,js,23,0.4455160586,0.4236985381
126,js,24,2.15255933,-0.2525669031
126,js,25,0.1152647436,0.4364711972
126,js,26,-0.01374539529,0.6914713371
126,js,27,0.315024398,0.558928528
126,js,28,1.799083886,0.6716849779
126,js,29,1.559336362,0.7312599795
126,js,30,0.06643059803,0.4914867058
126,js,31,1.129751387,1.202035985
126,js,32,1.670476375,0.6363649695
126,js,33,0.9804433616,-0.6423508927
126,js,34,2.372981129,0.8890681484
126,js,35,0.135663487,-0.1618466321
126,js,36,1.313778846,0.879205702
126,js,37,0.2521741246,0.09500549496
126,js,38,0.7471800189,-0.5003710811
126,js,39,0.5637074409,0.4077092211
126,js,40,0.03424179732,0.03133266856
126,js,41,0.9902420253,0.6071452099
126,js,42,1.091820035,1.078001
126,js,43,0.4640163985,0.8914862413
126,js,44,1.334129134,-0.3876835459
126,js,45,0.7264607152,-0.08941818666
126,js,46,1.223541778,0.8089481089
126,js,47,0.2499059548,0.4525916226
126,js,48,-0.07191314073,0.3780215824
126,js,49,1.406992174,0.9564735968
126,js,50,0.359696776,0.147995946
126,js,51,0.1902339725,0.502090685
126,js,52,0.8308088668,0.8169965718
126,js,53,0.1251964684,-0.007565246736
126,js,54,0.4448067605,0.5379610762
126,js,55,0.2835697497,0.06166849805
126,js,56,0.5986486403,0.3041175405
126,js,57,0.4204552666,0.8744808222
126,js,58,0.1531563194,0.6148026269
126,js,59,1.11699357,-1.150341941
126,js,60,-0.01843922513,0.3742143158
126,js,61,1.022140296,2.271963514
126,js,62,0.05506473603,-0.107149641
126,js,63,1.510286573,-0.2065155624
126,js,64,0.7816927245,0.8041091499
126,js,65,1.767705166,-0.2240051695
126,js,66,0.0452079349,0.6778126959
126,js,67,0.2426304752,-0.1901109633
126,js,68,0.06156014624,0.3686094144
126,js,69,1.346173644,0.8789857237
126,js,70,0.2215009803,1.208879841
126,js,71,0.3539436797,-0.2566509912
126,js,72,-0.003686305452,-0.02869058558
126,js,73,0.6764200201,0.006195886504
126,js,74,0.6186603877,0.729593558
126,js,75,1.216327288,1.214855062
126,js,76,0.6946469329,0.3155122631
126,js,77,0.2162134526,0.3702098662
126,js,78,1.084531016,0.2067103012
126,js,79,1.532763503,0.8624639818
126,js,80,0.07631469287,-0.03482006541
126,js,81,0.1790720001,0.1289959775
126,js,82,0.3543768743,0.1208911259
126,js,83,0.2701101082,0.04408109384
126,js,84,1.457830193,0.9104977088
126,js,85,2.293660971,0.1687625856
126,js,86,1.80737701,0.9112887193
126,js,87,1.194075689,-0.1941797942
126,js,88,0.4556302412,0.6062863144
126,js,89,1.433680606,-0.6172189797
126,js,90,0.9303605431,0.4849649801
126,js,91,0.7095652029,-0.3411751561
126,js,92,0.1347206186,-0.2436503886
126,js,93,0.6494384837,0.6914625889
126,js,94,1.711660621,2.059352411
126,js,95,0.6924534732,0.5968880721
126,js,96,0.4971044349,0.2305044597
126,js,97,0.1229631555,0.6396678735
126,js,98,0.118194899,0.2372063498
126,js,99,1.514812788,0.3075625354
126,js,100,1.748191218,0.9453952551
126,js,101,0.08339533382,0.9478338319
126,js,102,0.2681767136,0.3346195132
126,js,103,2.454706344,0.6844045996
126,js,104,0.1383252134,-0.0762323611
126,js,105,0.7412006029,0.8908609045
126,js,106,0.1742076239,0.5292588715
126,js,107,0.01521211204,-0.1471912388
126,js,108,1.772901695,1.001837864
126,js,109,0.2735107295,0.1338188065
126,js,110,0.6038557254,0.1936744998
126,js,111,0.564043283,0.004447585179
126,js,112,0.5209397275,-1.092380521
126,js,113,0.7504730044,0.6555688147
126,js,114,-0.0174763721,0.0165938471
126,js,115,0.3913798635,-0.3200115713
126,js,116,0.8053452609,0.2864036876
126,js,117,1.346237261,1.412343698
126,js,118,0.3851425624,0.4465144886
126,js,119,-0.2021597764,0.69724659
126,js,120,0.5335487405,0.8480919779
126,js,121,1.052021605,1.108359198
126,js,122,-0.4391976337,0.21455498
126,js,123,1.243682545,1.385475762
126,js,124,0.7480363615,0.4969135714
126,js,125,0.01845951705,0.5443674003
126,js,126,-0.1187385966,0.5616221522
126,js,127,-0.07483703606,0.1076807051
126,js,128,-1.370722092,-0.2461061835
126,js,129,0.3845459765,-0.2780511395
126,js,130,0.02499970329,0.3628886946
126,js,131,0.7548208007,0.3230695758
126,js,132,1.56547255,0.08236454977
126,js,133,0.1769480453,-0.3523602779
126,js,134,0.558985166,0.145542355
126,js,135,1.562817097,1.674585309
126,js,136,0.9898702172,0.9717519416
126,js,137,1.980401422,0.9216586766
126,js,138,0.0409693236,0.1027988904
126,js,139,1.471251943,0.714208175
126,js,140,0.1581464415,0.8670918041
126,js,141,0.4385526912,0.8380156277
126,js,142,0.1239101212,-0.2637116323
126,js,143,2.159058887,1.215980959
126,js,144,-0.3804631915,-0.401168992
126,js,145,0.5361973377,-0.2509273441
126,js,146,-0.00802690673,-0.1416342307
126,js,147,0.1645034462,-0.03734596347
126,js,148,1.190548787,0.9948729454
126,js,149,1.099547477,-0.3231336434
126,js,150,-0.1191941844,0.1738021969
126,js,151,0.6345240059,0.005584201761
126,js,152,0.03340403619,0.7608196412
126,js,153,0.8026609403,0.3865404081
126,js,154,0.4155148296,0.3974834355
126,js,155,-0.267761036,0.2862899529
126,js,156,0.2492274426,0.4271680354
126,js,157,0.5092498223,0.4647738514
126,js,158,0.8536745282,0.2971958211
126,js,159,1.516838182,0.9253794221
126,js,160,0.006236301381,0.4953350249
126,js,161,-0.06891228219,0.1998659433
126,js,162,1.065230488,2.48169099
126,js,163,0.1438286713,0.04210622636
126,js,164,0.7326421166,0.6499762787
126,js,165,0.4561549812,0.3899631818
126,js,166,1.803753085,3.198213927
126,js,167,0.7316744041,0.7291492458
126,js,168,1.11930983,0.8812356394
126,js,169,1.166822516,0.5508975436
126,js,170,0.2628280552,0.04477833734
126,js,171,1.000057457,0.712686307
126,js,172,1.226328454,0.7602217181
126,js,173,0.5353112421,-0.3285926005
126,js,174,0.2028198855,-0.7007302644
126,js,175,1.407095235,0.9822212345
126,js,176,0.9111372908,0.7473906364
126,js,177,0.4244353956,0.1563274337
126,js,178,1.498712641,1.245538061
126,js,179,-0.04373183237,0.5037763483
126,js,180,-0.0548758568,0.3933691746
126,js,181,1.351730769,0.4714285335
126,js,182,0.5918143569,0.5495601967
126,js,183,0.2388319446,0.3754875334
126,js,184,0.560079322,-0.1597150774
126,js,185,0.3587040255,-0.7252725529
126,js,186,0.9470275107,1.336643985
126,js,187,1.1014466,-0.1198009292
126,js,188,0.005271994549,-0.09719224164
126,js,189,-0.07078716341,0.1816413129
126,js,190,1.196993124,0.7703492437
126,js,191,0.1580318592,0.1626798709
126,js,192,1.486397045,1.424988355
126,js,193,1.63720816,0.4532389029
126,js,194,-0.2078789327,-0.1811439384
126,js,195,0.3086760982,-0.1144209442
126,js,196,0.7340163094,0.5361127344
126,js,197,1.387220769,1.02335664
126,js,198,0.4949976186,-0.06312813525
126,js,199,-0.4298129129,0.5142671601
126,js,200,-0.0601239342,-0.1146178395
126,js,201,2.15935708,0.9314466174
126,js,202,-0.1693760251,0.3682135519
126,js,203,-0.03829640039,0.7224395797
126,js,204,0.9975363946,1.193645809
126,js,205,0.01771204032,1.377790674
126,js,206,0.4232770155,-0.008390769028
126,js,207,-0.003945855191,-0.09062969051
126,js,208,0.2827120898,-0.1657003579
126,js,209,-0.2854048692,-0.06029265182
126,js,210,0.5987533626,-0.6563373737
126,js,211,0.1463994825,0.1054857866
126,js,212,2.367983493,-0.4854667635
126,js,213,0.07501317365,0.947730901
126,js,214,1.390014061,0.511307958
126,js,215,0.6038638047,0.5632485878
126,js,216,-0.141011268,0.01764500253
126,js,217,0.9643182118,-0.8906825355
126,js,218,0.3056888916,0.7289795189
126,js,219,-0.36321984,0.06815244139
126,js,220,1.640095505,1.916021709
126,js,221,0.2144645109,0.1931749803
126,js,222,0.3979372429,-0.1790392714
126,js,223,0.08565213332,0.3614424017
126,js,224,0.9802929366,-0.04666539798
126,js,225,0.4479640006,-0.1347142627
126,js,226,2.347157424,0.9584514155
126,js,227,0.5003500524,0.7046856289
126,js,228,1.777215091,0.972147924
126,js,229,0.1814279443,-0.142995181
126,js,230,0.9868039407,0.6617164309
126,js,231,0.6008039466,-0.05807182289
126,js,232,1.195631738,0.771214029
126,js,233,1.305352584,0.8202454678
126,js,234,1.147111413,1.122811753
126,js,235,1.470364245,3.237921818
126,js,236,1.503032289,-0.1798700973
126,js,237,0.9223315281,0.6894287356
126,js,238,1.544928081,0.5340690795
126,js,239,0.3589330622,0.4072043774
126,js,240,-0.1459142859,-0.08774729731
126,js,241,2.517600545,1.080557225
126,js,242,0.1299019134,0.5174638132
126,js,243,-0.05760525908,0.2719142101
126,js,244,-0.2388484057,0.1019798105
126,js,245,0.8272655948,0.2236732624
126,js,246,0.07817842105,0.679572404
126,js,247,0.997427323,1.294838807
126,js,248,1.045405468,1.21292687
126,js,249,1.59417804,1.218143376
126,js,250,0.4100438562,-0.1202683851
126,js,251,0.03883895197,-0.3927534807
126,js,252,0.6690144153,0.5054124283
126,js,253,-0.0151523286,-0.003571262168
126,js,254,0.1265889399,0.5057317429
126,js,255,0.8016183779,0.3161808738
126,js,256,0.6283248017,0.5340381469
126,js,257,0.1080266203,0.3950159929
126,js,258,1.306949897,0.9297891542
126,js,259,0.5896143241,-0.3645747973
126,js,260,0.3419586276,-0.4148931275
126,js,261,0.463091739,-0.7036453227
126,js,262,-0.04111668876,0.3537367286
126,js,263,-0.1326747472,-0.3845531035
126,js,264,2.931181661,0.828794021
126,js,265,0.5078660713,0.2275923442
126,js,266,1.264247586,0.973651498
126,js,267,1.524199771,1.434834148
126,js,268,0.9156692055,0.1514653418
126,js,269,-1.172229476,-0.007185327849
126,js,270,1.869636713,1.803152044
126,js,271,0.08022290636,0.315048617
126,js,272,0.7804749034,0.7133458804
126,js,273,0.204502972,0.3646264329
126,js,274,1.263918776,0.09831855208
126,js,275,0.001037309363,0.3088782414
126,js,276,1.104686098,1.130398973
126,js,277,1.080305393,0.6871736008
126,js,278,1.219075215,1.103884064
126,js,279,0.9490213213,1.311970801
126,js,280,0.1934868575,-0.4271442287
126,js,281,1.088545954,0.6681689527
126,js,282,0.6882204241,0.2805049067
126,js,283,0.7674254064,0.8965997778
126,js,284,0.2965344414,1.561872159
126,js,285,-0.02152603629,0.945839262
126,js,286,0.4549014714,1.121663681
126,js,287,0.7683060086,0.3654697314
126,js,288,0.4863932637,-0.03221757393
126,js,289,1.77231995,0.6909703053
126,js,290,-0.02967753278,0.4432511944
126,js,291,0.2560442545,0.5202127102
126,js,292,0.3207854089,0.01790473599
126,js,293,0.3403306216,0.1895897694
126,js,294,2.358265681,0.7758880995
126,js,295,0.4914915188,0.4469318888
126,js,296,1.243472863,-0.005268082133
126,js,297,1.588583946,0.6716606542
126,js,298,-0.1121663215,-0.1301993151
126,js,299,0.07558491633,0.592344545
126,js,300,0.08058830875,0.05998309922
126,js,301,0.3145754705,0.9656444638
126,js,302,0.8396445768,0.3230143095
126,js,303,1.564435478,0.8712799108
126,js,304,1.557464607,0.8418362158
126,js,305,-0.2283965245,1.323527799
126,js,306,0.4801505209,0.387377735
126,js,307,-0.08107782634,0.8463022362
126,js,308,0.1074742741,-0.06057792992
126,js,309,0.5804239942,0.9841419891
126,js,310,-0.02259738948,0.3964515213
126,js,311,1.204038334,0.119065578
126,js,312,0.5575805023,1.38410971
126,js,313,1.679579535,0.827227133
126,js,314,0.2814808095,0.8532021664
126,js,315,0.1245600839,0.3596634489
126,js,316,0.06584690959,-0.009373530309
126,js,317,0.04457468254,0.3948153043
126,js,318,0.09308449237,0.3557671513
126,js,319,0.6172322811,0.4008487185
126,js,320,0.3370916842,0.1286323331
126,js,321,0.6755057929,1.048371632
126,js,322,0.339491194,0.001176395561
126,js,323,0.2841845259,0.6407829544
126,js,324,1.078604259,0.2146422028
126,js,325,-0.3172954933,0.03172462242
126,js,326,1.45082031,1.958467601
126,js,327,0.4829848148,0.7308643879
126,js,328,0.7239219275,0.7699937198
126,js,329,0.3721661963,-0.483842161
126,js,330,-0.3330430784,-0.07245976843
126,js,331,-0.2201149558,-0.4330733589
126,js,332,-0.09227540846,0.1890518738
126,js,333,0.8874817233,1.078581931
126,js,334,-0.09471099317,0.5604436496
126,js,335,-0.3147885844,0.161525966
126,js,336,-0.1806016881,0.1507864516
126,js,337,0.2233405102,0.3225384133
126,js,338,0.6879414212,-0.002260797323
126,js,339,0.7221360066,1.156626397
126,js,340,0.1071012163,0.09006743681
126,js,341,1.31735276,0.6935051566
126,js,342,0.6785537894,1.161943702
126,js,343,1.418884036,0.6574488277
126,js,344,0.4981693894,0.4876833099
126,js,345,0.1724988838,-0.6813589182
126,js,346,0.4626668254,-0.009653864207
126,js,347,0.3116837672,0.6637988884
126,js,348,0.3766380402,0.4078294527
126,js,349,1.088955041,0.8005047491
126,js,350,0.7634917958,0.7707110083
126,js,351,0.1295047721,-0.2793817429
126,js,352,0.7287315727,0.6599290548
126,js,353,-0.3349045493,0.6291307691
126,js,354,1.16605602,0.7353645432
126,js,355,1.4547289,0.4996685402
126,js,356,0.3006780326,0.4957130719
126,js,357,0.6164253186,0.1725946514
126,js,358,0.9002635137,2.393438962
126,js,359,1.217047648,0.6009766563
126,js,360,0.1410487914,0.09729521102
126,js,361,1.121388206,0.7892531684
126,js,362,-0.1441537726,-0.4537491695
126,js,363,0.1911117728,1.025145012
126,js,364,0.5488375168,0.5124220754
126,js,365,1.150270356,0.7960266501
126,js,366,1.33550215,0.987608211
126,js,367,1.784531953,1.255950221
126,js,368,0.5481997661,-0.2803840445
126,js,369,0.5021992699,0.3297233293
126,js,370,0.9829735091,0.7097475235
126,js,371,0.1078060114,0.5541011146
126,js,372,1.397909993,0.8367780367
126,js,373,0.5994325305,0.2717927875
126,js,374,-0.2193816616,0.7700789453
126,js,375,0.7737885422,-0.009685988994
126,js,376,2.256565251,0.8951029809
126,js,377,-0.06300787517,0.1590211157
126,js,378,-0.04587366547,0.8896307762
126,js,379,-0.3640682755,0.475777005
126,js,380,0.1790690139,0.6000783439
126,js,381,1.60454254,1.321929952
126,js,382,1.207627055,1.570728968
126,js,383,1.688449817,1.373623137
126,js,384,-0.2656208359,0.6620845754
126,js,385,0.4066481855,0.2331380076
126,js,386,1.075997303,0.694460042
126,js,387,1.236060027,0.8495481003
126,js,388,-0.01272929907,0.02217760834
126,js,389,0.2346334334,0.2914627629
126,js,390,1.15079241,0.4106038765
126,js,391,0.2237251037,-0.8670825007
126,js,392,1.320363076,-0.06550059557
126,js,393,0.3030570135,0.1666276411
126,js,394,1.384170009,0.4859739928
126,js,395,0.472737786,-0.4972344149
126,js,396,0.9352063401,0.1719331937
126,js,397,1.489272727,-0.01063974283
126,js,398,-0.2380550359,-0.5827011463
126,js,399,-0.000701114457,0.08658274616
126,js,400,0.08336934464,-0.04353293553
126,js,401,1.535888006,0.9259171316
126,js,402,-0.2690469245,0.002477557769
126,js,403,0.7443515004,0.02154416356
126,js,404,0.02050754832,-0.06583902106
126,js,405,0.124068715,-0.07494447782
126,js,406,-0.7707338307,0.5018108025
126,js,407,0.1370092867,0.00113574803
126,js,408,2.198926272,0.5999794999
126,js,409,0.711481161,-0.2459059475
126,js,410,0.2887486648,-0.6510613711
126,js,411,0.04192063964,8.048589523e-05
126,js,412,0.9437032488,1.147961851
126,js,413,0.1036867958,-0.3585741171
126,js,414,0.6769611645,0.3057258835
126,js,415,1.815244478,0.8428393384
126,js,416,-0.3026367618,0.419753816
126,js,417,0.9326810542,0.07086442763
126,js,418,0.395134933,0.560497806
126,js,419,0.01857753734,0.6490802558
126,js,420,1.058491891,0.1424367507
126,js,421,0.6309221719,0.3799510797
126,js,422,0.2784811984,1.107519963
126,js,423,0.2687096488,0.6561910544
126,js,424,0.01614089346,0.0496956173
126,js,425,0.5712399403,0.4440574087
126,js,426,1.335256049,2.909074059
126,js,427,0.4286554145,0.3467917017
126,js,428,1.848112042,1.080181813
126,js,429,0.01273087292,-0.177576288
126,js,430,1.523903859,2.190079792
126,js,431,0.6413374569,0.3401310902
126,js,432,-0.4962593046,0.230960917
126,js,433,-0.3451428194,-0.1894765197
126,js,434,0.7593620188,-0.336516838
126,js,435,0.1940402947,0.386358821
126,js,436,0.9914951764,0.02668526536
126,js,437,0.1402808838,0.02924271226
126,js,438,0.1447640423,-0.1928367509
126,js,439,0.5226398604,1.509169262
126,js,440,1.952016803,0.7325796846
126,js,441,1.14286403,0.7790025105
126,js,442,0.3137372867,0.709832128
126,js,443,-0.01702483713,0.066148125
126,js,444,1.223663792,1.094188751
126,js,445,0.1655094417,0.5522998344
126,js,446,2.041166517,-0.03249347815
126,js,447,0.4752851103,0.6165065176
126,js,448,0.2567056936,0.6468584818
126,js,449,1.315743198,0.9699841497
126,js,450,-0.0995779422,-0.004221934686
126,js,451,1.862822501,-0.08520952317
126,js,452,1.875677153,1.09067533
126,js,453,1.13324374,0.7807594693
126,js,454,0.8931354897,0.1013938715
126,js,455,1.439664561,1.281088493
126,js,456,1.387138114,0.7317283653
126,js,457,0.8114219042,0.3580090681
126,js,458,1.052328495,0.3126777152
126,js,459,1.482348049,0.3269730887
126,js,460,1.244015173,2.356053145
126,js,461,0.8581976113,0.4579860975
126,js,462,1.491229184,0.9805731003
126,js,463,0.004296471593,-0.1070774291
126,js,464,0.9891138513,1.288056391
126,js,465,-0.09247787615,-0.003368961573
126,js,466,0.2032837169,0.2875727198
126,js,467,0.3879214605,0.01399779366
126,js,468,0.7301641059,0.3385601076
126,js,469,1.080749341,0.8368125329
126,js,470,0.5887240779,0.03468082231
126,js,471,1.649119652,0.6804778414
126,js,472,0.9227454134,0.8185714443
126,js,473,0.02162114749,0.6145127012
126,js,474,0.05133740133,0.5239642498
126,js,475,0.236073942,0.8876034132
126,js,476,0.2079299976,0.9647220488
126,js,477,0.09159389049,0.2467461791
126,js,478,0.5995712901,0.2200888269
126,js,479,0.0919485285,0.5394996686
126,js,480,0.8251392425,0.7613885193
126,js,481,-0.05566192228,0.09292712226
126,js,482,1.59826641,0.2000481195
126,js,483,0.6022395222,0.3985886683
126,js,484,0.1222179702,0.06327233119
126,js,485,1.364039583,0.9604672457
126,js,486,0.003893314892,0.3117356182
126,js,487,0.0194550823,-0.10879018
126,js,488,2.348808066,0.9319241239
126,js,489,1.670476727,0.9758668863
126,js,490,1.441874742,1.559958286
126,js,491,0.5799418027,-0.6051803448
126,js,492,-0.08182117304,-0.1210433754
126,js,493,1.401867059,0.5966418849
126,js,494,-0.005286692831,0.6683175533
126,js,495,0.5819726559,-0.360374628
126,js,496,-0.3385540111,-0.3337530113
126,js,497,0.4540656909,-0.007392460039
126,js,498,0.7152732028,0.3798559131
126,js,499,0.8939591194,-0.170346192
126,js,500,-0.6178583017,0.5376116325
126,sure,1,-0.02359601127,0.1744762756
126,sure,2,-0.01643870781,0.04167416355
126,sure,3,-0.0388841852,0.4796190991
126,sure,4,0.0047947535,1.118462501
126,sure,5,-0.2777301123,1.282433226
126,sure,6,-0.3953291877,0.6670156707
126,sure,7,0.3238398231,0.3129307228
126,sure,8,0.1169055402,2.681886535
126,sure,9,0.1343046522,-0.1304020231
126,sure,10,-0.07874445987,0.2085828339
126,sure,11,-0.2257126858,0.01491212785
126,sure,12,0.08204294371,0.3521667601
126,sure,13,-0.06240842714,0.5850158124
126,sure,14,-0.1117820719,-0.006880929695
126,sure,15,0.1059850823,-0.6893780965
126,sure,16,0.6139337927,1.619061874
126,sure,17,0.1925416072,1.014582919
126,sure,18,0.02193366712,0.4708961607
126,sure,19,-0.0598402805,0.5554032174
126,sure,20,0.1724382171,1.069759098
126,sure,21,-0.2362536592,1.764199421
126,sure,22,0.2851188743,0.002217612994
126,sure,23,-0.004164227096,0.4236985381
126,sure,24,1.211362217,-0.2525669031
126,sure,25,0.1152647436,0.4364711972
126,sure,26,-0.2631511449,0.6914713371
126,sure,27,-0.188156045,0.558928528
126,sure,28,0.2941917372,0.6716849779
126,sure,29,-0.1157005127,0.7312599795
126,sure,30,0.3297082362,0.4914867058
126,sure,31,0.1844793952,1.202035985
126,sure,32,0.02923846768,0.6363649695
126,sure,33,-0.0820554808,-0.6423508927
126,sure,34,0.1754630053,0.8890681484
126,sure,35,0.01321021196,-0.1618466321
126,sure,36,0.1072452745,0.879205702
126,sure,37,0.2521741246,0.09500549496
126,sure,38,0.0744498107,-0.5003710811
126,sure,39,-0.02588670596,0.4077092211
126,sure,40,0.03424179732,0.03133266856
126,sure,41,0.1536661407,0.6071452099
126,sure,42,0.1168555272,1.078001
126,sure,43,-0.6358736292,0.8914862413
126,sure,44,0.05114067743,-0.3876835459
126,sure,45,-0.4467182025,-0.08941818666
126,sure,46,0.4013256552,0.8089481089
126,sure,47,0.06229666257,0.4525916226
126,sure,48,-0.1869601016,0.3780215824
126,sure,49,0.6581783009,0.9564735968
126,sure,50,0.1922534961,0.147995946
126,sure,51,0.04752285401,0.502090685
126,sure,52,0.8308088668,0.8169965718
126,sure,53,0.4494285784,-0.007565246736
126,sure,54,-0.5782676415,0.5379610762
126,sure,55,0.2835697497,0.06166849805
126,sure,56,0.0003891222882,0.3041175405
126,sure,57,-0.06769747297,0.8744808222
126,sure,58,-0.2589549591,0.6148026269
126,sure,59,0.257762743,-1.150341941
126,sure,60,-0.01843922513,0.3742143158
126,sure,61,-0.09551743892,2.271963514
126,sure,62,0.05506473603,-0.107149641
126,sure,63,0.6257635958,-0.2065155624
126,sure,64,0.01771038709,0.8041091499
126,sure,65,0.2669968889,-0.2240051695
126,sure,66,-0.04072605963,0.6778126959
126,sure,67,0.2426304752,-0.1901109633
126,sure,68,0.06156014624,0.3686094144
126,sure,69,-0.1156406159,0.8789857237
126,sure,70,-0.1770118867,1.208879841
126,sure,71,0.3539436797,-0.2566509912
126,sure,72,-0.003686305452,-0.02869058558
126,sure,73,0.4140720703,0.006195886504
126,sure,74,0.07831868647,0.729593558
126,sure,75,-0.005724604362,1.214855062
126,sure,76,0.0687776883,0.3155122631
126,sure,77,0.01990584623,0.3702098662
126,sure,78,0.4205652213,0.2067103012
126,sure,79,0.05596039879,0.8624639818
126,sure,80,-0.04835773913,-0.03482006541
126,sure,81,0.05792695833,0.1289959775
126,sure,82,0.3543768743,0.1208911259
126,sure,83,0.2701101082,0.04408109384
126,sure,84,0.394056379,0.9104977088
126,sure,85,1.006989044,0.1687625856
126,sure,86,0.3250464169,0.9112887193
126,sure,87,-0.1406043258,-0.1941797942
126,sure,88,-0.3567563303,0.6062863144
126,sure,89,-0.2147795819,-0.6172189797
126,sure,90,0.2874869487,0.4849649801
126,sure,91,0.04867744113,-0.3411751561
126,sure,92,0.1347206186,-0.2436503886
126,sure,93,0.0687943862,0.6914625889
126,sure,94,1.350824774,2.059352411
126,sure,95,0.2594497829,0.5968880721
126,sure,96,-0.07468684914,0.2305044597
126,sure,97,0.1229631555,0.6396678735
126,sure,98,-0.1144576055,0.2372063498
126,sure,99,-0.2746906527,0.3075625354
126,sure,100,0.02397544316,0.9453952551
126,sure,101,-0.03546867558,0.9478338319
126,sure,102,0.06888341758,0.3346195132
126,sure,103,1.382248268,0.6844045996
126,sure,104,0.1383252134,-0.0762323611
126,sure,105,0.004295213297,0.8908609045
126,sure,106,-0.1837264781,0.5292588715
126,sure,107,-0.003457878974,-0.1471912388
126,sure,108,1.989694827,1.001837864
126,sure,109,-0.008344178314,0.1338188065
126,sure,110,0.6038557254,0.1936744998
126,sure,111,-0.04890911529,0.004447585179
126,sure,112,-0.2093890759,-1.092380521
126,sure,113,0.1391242464,0.6555688147
126,sure,114,0.267180588,0.0165938471
126,sure,115,-0.008819393124,-0.3200115713
126,sure,116,-0.08811885111,0.2864036876
126,sure,117,0.5038310331,1.412343698
126,sure,118,0.1307161534,0.4465144886
126,sure,119,-0.4988106731,0.69724659
126,sure,120,-0.1943096469,0.8480919779
126,sure,121,-0.05968720429,1.108359198
126,sure,122,-0.4391976337,0.21455498
126,sure,123,0.3860651107,1.385475762
126,sure,124,0.02614491076,0.4969135714
126,sure,125,0.01845951705,0.5443674003
126,sure,126,-0.1187385966,0.5616221522
126,sure,127,-0.07483703606,0.1076807051
126,sure,128,-1.476286252,-0.2461061835
126,sure,129,0.04709138079,-0.2780511395
126,sure,130,0.008729918846,0.3628886946
126,sure,131,-0.004478076343,0.3230695758
126,sure,132,0.1807274978,0.08236454977
126,sure,133,-0.08664428886,-0.3523602779
126,sure,134,0.4864079671,0.145542355
126,sure,135,0.1071780466,1.674585309
126,sure,136,-0.1848286969,0.9717519416
126,sure,137,1.041356705,0.9216586766
126,sure,138,0.0409693236,0.1027988904
126,sure,139,1.106670544,0.714208175
126,sure,140,0.1581464415,0.8670918041
126,sure,141,0.3023753718,0.8380156277
126,sure,142,0.1239101212,-0.2637116323
126,sure,143,0.834218258,1.215980959
126,sure,144,-0.3804631915,-0.401168992
126,sure,145,-0.1618877216,-0.2509273441
126,sure,146,-0.00802690673,-0.1416342307
126,sure,147,0.1645034462,-0.03734596347
126,sure,148,0.463146011,0.9948729454
126,sure,149,-0.4707574997,-0.3231336434
126,sure,150,-0.1191941844,0.1738021969
126,sure,151,0.9069610078,0.005584201761
126,sure,152,-0.4391004776,0.7608196412
126,sure,153,0.927969578,0.3865404081
126,sure,154,0.04046947476,0.3974834355
126,sure,155,-0.267761036,0.2862899529
126,sure,156,0.2492274426,0.4271680354
126,sure,157,0.08223410699,0.4647738514
126,sure,158,0.09117408022,0.2971958211
126,sure,159,-0.09777612323,0.9253794221
126,sure,160,-0.1154171556,0.4953350249
126,sure,161,0.3646581146,0.1998659433
126,sure,162,-0.05994276051,2.48169099
126,sure,163,-0.08486427106,0.04210622636
126,sure,164,-0.003220734671,0.6499762787
126,sure,165,0.05512339246,0.3899631818
126,sure,166,0.2255499461,3.198213927
126,sure,167,0.06945470392,0.7291492458
126,sure,168,-0.04763451068,0.8812356394
126,sure,169,-0.02702284441,0.5508975436
126,sure,170,0.2628280552,0.04477833734
126,sure,171,0.0357291002,0.712686307
126,sure,172,-0.1988775838,0.7602217181
126,sure,173,-0.1548869332,-0.3285926005
126,sure,174,0.2028198855,-0.7007302644
126,sure,175,0.6035500744,0.9822212345
126,sure,176,0.4950071827,0.7473906364
126,sure,177,-0.0723355291,0.1563274337
126,sure,178,-0.01818308943,1.245538061
126,sure,179,-0.04373183237,0.5037763483
126,sure,180,-0.0548758568,0.3933691746
126,sure,181,-0.2473738827,0.4714285335
126,sure,182,0.02876838681,0.5495601967
126,sure,183,0.001393392189,0.3754875334
126,sure,184,0.08302936265,-0.1597150774
126,sure,185,-0.0304683553,-0.7252725529
126,sure,186,0.05720962526,1.336643985
126,sure,187,0.2106164951,-0.1198009292
126,sure,188,0.005271994549,-0.09719224164
126,sure,189,-0.07078716341,0.1816413129
126,sure,190,-0.01541408436,0.7703492437
126,sure,191,0.02053185963,0.1626798709
126,sure,192,-0.1533574667,1.424988355
126,sure,193,0.3621072032,0.4532389029
126,sure,194,-0.2078789327,-0.1811439384
126,sure,195,0.008800414356,-0.1144209442
126,sure,196,0.06313300447,0.5361127344
126,sure,197,-0.2371304842,1.02335664
126,sure,198,0.02595254074,-0.06312813525
126,sure,199,-0.4609584295,0.5142671601
126,sure,200,-0.707845812,-0.1146178395
126,sure,201,1.326837057,0.9314466174
126,sure,202,-0.1693760251,0.3682135519
126,sure,203,-0.03829640039,0.7224395797
126,sure,204,-0.002690409323,1.193645809
126,sure,205,-0.4495435395,1.377790674
126,sure,206,0.4232770155,-0.008390769028
126,sure,207,-0.003945855191,-0.09062969051
126,sure,208,0.3131411459,-0.1657003579
126,sure,209,-0.2854048692,-0.06029265182
126,sure,210,0.054111358,-0.6563373737
126,sure,211,0.1463994825,0.1054857866
126,sure,212,0.5797336015,-0.4854667635
126,sure,213,0.07501317365,0.947730901
126,sure,214,-0.08505247811,0.511307958
126,sure,215,-0.04013297481,0.5632485878
126,sure,216,-0.141011268,0.01764500253
126,sure,217,0.1405451372,-0.8906825355
126,sure,218,-0.03418420791,0.7289795189
126,sure,219,-0.36321984,0.06815244139
126,sure,220,0.9713230804,1.916021709
126,sure,221,0.05006102073,0.1931749803
126,sure,222,-0.03514842957,-0.1790392714
126,sure,223,0.1611404065,0.3614424017
126,sure,224,0.8180583765,-0.04666539798
126,sure,225,0.002818071744,-0.1347142627
126,sure,226,1.188223954,0.9584514155
126,sure,227,0.5003500524,0.7046856289
126,sure,228,0.4283650902,0.972147924
126,sure,229,-0.02330401584,-0.142995181
126,sure,230,-0.09277972761,0.6617164309
126,sure,231,-0.01585068199,-0.05807182289
126,sure,232,-0.0697566773,0.771214029
126,sure,233,0.03517906896,0.8202454678
126,sure,234,0.1729211205,1.122811753
126,sure,235,0.1468784799,3.237921818
126,sure,236,-0.2193403652,-0.1798700973
126,sure,237,0.1507658397,0.6894287356
126,sure,238,0.1306065264,0.5340690795
126,sure,239,-0.05977238854,0.4072043774
126,sure,240,-0.1459142859,-0.08774729731
126,sure,241,1.201803856,1.080557225
126,sure,242,0.4297652671,0.5174638132
126,sure,243,-0.05760525908,0.2719142101
126,sure,244,-0.09080448613,0.1019798105
126,sure,245,0.4014926955,0.2236732624
126,sure,246,0.07817842105,0.679572404
126,sure,247,-0.009857098803,1.294838807
126,sure,248,-0.06534770956,1.21292687
126,sure,249,0.01743958882,1.218143376
126,sure,250,0.4100438562,-0.1202683851
126,sure,251,-0.083720288,-0.3927534807
126,sure,252,0.0367039264,0.5054124283
126,sure,253,-0.0151523286,-0.003571262168
126,sure,254,-0.3962602874,0.5057317429
126,sure,255,0.006242990484,0.3161808738
126,sure,256,-0.1130120077,0.5340381469
126,sure,257,0.1080266203,0.3950159929
126,sure,258,-0.01955376663,0.9297891542
126,sure,259,0.09884006771,-0.3645747973
126,sure,260,-0.8382993429,-0.4148931275
126,sure,261,0.3977005822,-0.7036453227
126,sure,262,-0.1491566338,0.3537367286
126,sure,263,-0.1326747472,-0.3845531035
126,sure,264,2.491712652,0.828794021
126,sure,265,0.8972464485,0.2275923442
126,sure,266,-0.04145070454,0.973651498
126,sure,267,0.0558574193,1.434834148
126,sure,268,0.5991225517,0.1514653418
126,sure,269,-1.172229476,-0.007185327849
126,sure,270,0.2248077085,1.803152044
126,sure,271,0.08022290636,0.315048617
126,sure,272,0.1499283519,0.7133458804
126,sure,273,-0.5772389777,0.3646264329
126,sure,274,0.4997931914,0.09831855208
126,sure,275,0.001037309363,0.3088782414
126,sure,276,-0.02128233693,1.130398973
126,sure,277,0.6581666592,0.6871736008
126,sure,278,-0.001115464167,1.103884064
126,sure,279,-0.01720419351,1.311970801
126,sure,280,0.03088182599,-0.4271442287
126,sure,281,-0.06681497127,0.6681689527
126,sure,282,0.1190027274,0.2805049067
126,sure,283,0.5532000096,0.8965997778
126,sure,284,0.2965344414,1.561872159
126,sure,285,-0.02152603629,0.945839262
126,sure,286,-0.5870990003,1.121663681
126,sure,287,-0.6044614771,0.3654697314
126,sure,288,0.1998047648,-0.03221757393
126,sure,289,1.011970411,0.6909703053
126,sure,290,-0.02967753278,0.4432511944
126,sure,291,0.06961248927,0.5202127102
126,sure,292,0.04002703741,0.01790473599
126,sure,293,-0.1248175424,0.1895897694
126,sure,294,0.7632376184,0.7758880995
126,sure,295,-0.3768692803,0.4469318888
126,sure,296,0.4842435957,-0.005268082133
126,sure,297,-0.0136031402,0.6716606542
126,sure,298,-0.4035949689,-0.1301993151
126,sure,299,0.07558491633,0.592344545
126,sure,300,1.17088677,0.05998309922
126,sure,301,0.0001722889128,0.9656444638
126,sure,302,-0.2564353522,0.3230143095
126,sure,303,-0.002607911185,0.8712799108
126,sure,304,-0.1240665479,0.8418362158
126,sure,305,-0.3746631667,1.323527799
126,sure,306,0.08784318157,0.387377735
126,sure,307,-0.1767955074,0.8463022362
126,sure,308,0.05230932974,-0.06057792992
126,sure,309,0.04817075803,0.9841419891
126,sure,310,-0.02259738948,0.3964515213
126,sure,311,0.03506384778,0.119065578
126,sure,312,-0.1085480244,1.38410971
126,sure,313,0.6564169597,0.827227133
126,sure,314,-0.03287334701,0.8532021664
126,sure,315,0.03519674909,0.3596634489
126,sure,316,0.06584690959,-0.009373530309
126,sure,317,0.04457468254,0.3948153043
126,sure,318,0.09308449237,0.3557671513
126,sure,319,0.4277333156,0.4008487185
126,sure,320,-0.4260633409,0.1286323331
126,sure,321,0.03590870119,1.048371632
126,sure,322,0.339491194,0.001176395561
126,sure,323,-0.09390517651,0.6407829544
126,sure,324,-0.1430212952,0.2146422028
126,sure,325,-0.3172954933,0.03172462242
126,sure,326,0.1687715034,1.958467601
126,sure,327,0.0123479986,0.7308643879
126,sure,328,0.4587779443,0.7699937198
126,sure,329,-0.033239816,-0.483842161
126,sure,330,-0.3330430784,-0.07245976843
126,sure,331,-0.3272312652,-0.4330733589
126,sure,332,-0.09227540846,0.1890518738
126,sure,333,-0.08338168142,1.078581931
126,sure,334,-0.6012704241,0.5604436496
126,sure,335,-0.3147885844,0.161525966
126,sure,336,-0.1806016881,0.1507864516
126,sure,337,0.1884324252,0.3225384133
126,sure,338,0.4489511985,-0.002260797323
126,sure,339,-0.1894196239,1.156626397
126,sure,340,-0.1532456093,0.09006743681
126,sure,341,0.3883658408,0.6935051566
126,sure,342,-0.1163986651,1.161943702
126,sure,343,-0.1980990014,0.6574488277
126,sure,344,0.4981693894,0.4876833099
126,sure,345,-0.2832755864,-0.6813589182
126,sure,346,0.4626668254,-0.009653864207
126,sure,347,0.4783909379,0.6637988884
126,sure,348,0.008942048266,0.4078294527
126,sure,349,-0.0536234091,0.8005047491
126,sure,350,0.1043150085,0.7707110083
126,sure,351,0.1295047721,-0.2793817429
126,sure,352,0.4176239469,0.6599290548
126,sure,353,-0.4735733906,0.6291307691
126,sure,354,0.2430214686,0.7353645432
126,sure,355,0.09927242877,0.4996685402
126,sure,356,-0.01323067191,0.4957130719
126,sure,357,0.1993624395,0.1725946514
126,sure,358,0.114809837,2.393438962
126,sure,359,0.1533757779,0.6009766563
126,sure,360,0.1410487914,0.09729521102
126,sure,361,0.2240589256,0.7892531684
126,sure,362,-0.1441537726,-0.4537491695
126,sure,363,-0.4713134162,1.025145012
126,sure,364,0.0141651647,0.5124220754
126,sure,365,0.1596375561,0.7960266501
126,sure,366,-0.07455477819,0.987608211
126,sure,367,0.3127833582,1.255950221
126,sure,368,-0.1269280155,-0.2803840445
126,sure,369,0.3883107704,0.3297233293
126,sure,370,0.3830117813,0.7097475235
126,sure,371,-0.001106044917,0.5541011146
126,sure,372,0.1713481422,0.8367780367
126,sure,373,0.2170428657,0.2717927875
126,sure,374,0.06980002963,0.7700789453
126,sure,375,0.03077174824,-0.009685988994
126,sure,376,1.081765661,0.8951029809
126,sure,377,-0.06300787517,0.1590211157
126,sure,378,-0.04587366547,0.8896307762
126,sure,379,-0.3640682755,0.475777005
126,sure,380,-0.01563361339,0.6000783439
126,sure,381,-0.02662938291,1.321929952
126,sure,382,0.2168237802,1.570728968
126,sure,383,0.2358808599,1.373623137
126,sure,384,-0.4930116896,0.6620845754
126,sure,385,-0.1214873591,0.2331380076
126,sure,386,-0.06169444489,0.694460042
126,sure,387,-0.1862766031,0.8495481003
126,sure,388,-0.01272929907,0.02217760834
126,sure,389,0.002219453517,0.2914627629
126,sure,390,0.1904662253,0.4106038765
126,sure,391,-0.2002798786,-0.8670825007
126,sure,392,0.9509590057,-0.06550059557
126,sure,393,0.7064058676,0.1666276411
126,sure,394,-0.4572207627,0.4859739928
126,sure,395,-0.08807957386,-0.4972344149
126,sure,396,0.1466487033,0.1719331937
126,sure,397,-0.04997968606,-0.01063974283
126,sure,398,-0.2380550359,-0.5827011463
126,sure,399,-0.09900137365,0.08658274616
126,sure,400,-0.03329398719,-0.04353293553
126,sure,401,0.1132735619,0.9259171316
126,sure,402,-0.6201945646,0.002477557769
126,sure,403,0.04290836036,0.02154416356
126,sure,404,0.02050754832,-0.06583902106
126,sure,405,0.0108953287,-0.07494447782
126,sure,406,-0.91579708,0.5018108025
126,sure,407,0.1117941495,0.00113574803
126,sure,408,0.3719720491,0.5999794999
126,sure,409,0.01101626749,-0.2459059475
126,sure,410,-0.5216831717,-0.6510613711
126,sure,411,-0.07517384681,8.048589523e-05
126,sure,412,-0.1070702684,1.147961851
126,sure,413,-0.07636979172,-0.3585741171
126,sure,414,0.712921339,0.3057258835
126,sure,415,0.1280894725,0.8428393384
126,sure,416,-0.3026367618,0.419753816
126,sure,417,0.009254682213,0.07086442763
126,sure,418,-0.03105351148,0.560497806
126,sure,419,0.01857753734,0.6490802558
126,sure,420,-0.01747292777,0.1424367507
126,sure,421,0.1003976972,0.3799510797
126,sure,422,-0.05920499907,1.107519963
126,sure,423,0.2687096488,0.6561910544
126,sure,424,0.01614089346,0.0496956173
126,sure,425,0.02061252375,0.4440574087
126,sure,426,0.04019816735,2.909074059
126,sure,427,-0.1491311763,0.3467917017
126,sure,428,0.6591923614,1.080181813
126,sure,429,-0.01865621757,-0.177576288
126,sure,430,0.01717567658,2.190079792
126,sure,431,1.031472402,0.3401310902
126,sure,432,-0.9794323743,0.230960917
126,sure,433,-0.3451428194,-0.1894765197
126,sure,434,0.0648978896,-0.336516838
126,sure,435,-0.03140682778,0.386358821
126,sure,436,0.2345392469,0.02668526536
126,sure,437,0.1402808838,0.02924271226
126,sure,438,-0.4344115694,-0.1928367509
126,sure,439,-0.3478948435,1.509169262
126,sure,440,0.51297291,0.7325796846
126,sure,441,-0.04623719765,0.7790025105
126,sure,442,-0.07078227373,0.709832128
126,sure,443,-0.01702483713,0.066148125
126,sure,444,-0.5231764124,1.094188751
126,sure,445,-0.0319332432,0.5522998344
126,sure,446,0.9834013708,-0.03249347815
126,sure,447,0.0131165203,0.6165065176
126,sure,448,-0.00084713604,0.6468584818
126,sure,449,0.07241537675,0.9699841497
126,sure,450,-0.0995779422,-0.004221934686
126,sure,451,0.8107274714,-0.08520952317
126,sure,452,0.8686551636,1.09067533
126,sure,453,-0.02352578933,0.7807594693
126,sure,454,0.02661806427,0.1013938715
126,sure,455,0.8154342464,1.281088493
126,sure,456,0.04999022692,0.7317283653
126,sure,457,0.003266540301,0.3580090681
126,sure,458,0.5931599725,0.3126777152
126,sure,459,-0.08554201061,0.3269730887
126,sure,460,0.6500829591,2.356053145
126,sure,461,-0.01035739833,0.4579860975
126,sure,462,0.5128116692,0.9805731003
126,sure,463,0.004296471593,-0.1070774291
126,sure,464,-0.01965314694,1.288056391
126,sure,465,-0.09247787615,-0.003368961573
126,sure,466,0.5616483472,0.2875727198
126,sure,467,-0.0412536477,0.01399779366
126,sure,468,-0.0890233172,0.3385601076
126,sure,469,0.3752456994,0.8368125329
126,sure,470,0.01848495249,0.03468082231
126,sure,471,-0.002189466383,0.6804778414
126,sure,472,0.1565624086,0.8185714443
126,sure,473,0.02162114749,0.6145127012
126,sure,474,-0.231330889,0.5239642498
126,sure,475,0.08857619281,0.8876034132
126,sure,476,0.09192545768,0.9647220488
126,sure,477,-0.06751763829,0.2467461791
126,sure,478,-0.2530123526,0.2200888269
126,sure,479,-0.2633981313,0.5394996686
126,sure,480,-0.03642260814,0.7613885193
126,sure,481,-0.1293573266,0.09292712226
126,sure,482,0.7775838578,0.2000481195
126,sure,483,0.03935224064,0.3985886683
126,sure,484,0.1222179702,0.06327233119
126,sure,485,-0.1200919825,0.9604672457
126,sure,486,0.003893314892,0.3117356182
126,sure,487,0.0194550823,-0.10879018
126,sure,488,0.3133727258,0.9319241239
126,sure,489,0.1400943127,0.9758668863
126,sure,490,0.6070361593,1.559958286
126,sure,491,0.02968964186,-0.6051803448
126,sure,492,-0.08182117304,-0.1210433754
126,sure,493,0.3763286604,0.5966418849
126,sure,494,-0.005286692831,0.6683175533
126,sure,495,-0.02654387485,-0.360374628
126,sure,496,-0.3385540111,-0.3337530113
126,sure,497,-0.0340891149,-0.007392460039
126,sure,498,-0.07441552871,0.3798559131
126,sure,499,-0.5590843194,-0.170346192
126,sure,500,-0.6178583017,0.5376116325
126,gmleb,1,0.9662010819,0.1744762756
126,gmleb,2,0.9826320673,0.04167416355
126,gmleb,3,0.9165951014,0.4796190991
126,gmleb,4,1.448443726,1.118462501
126,gmleb,5,0.3321593035,1.282433226
126,gmleb,6,0.5525532882,0.6670156707
126,gmleb,7,1.222369306,0.3129307228
126,gmleb,8,1.519680556,2.681886535
126,gmleb,9,1.186743328,-0.1304020231
126,gmleb,10,0.7977456558,0.2085828339
126,gmleb,11,0.5658657021,0.01491212785
126,gmleb,12,0.943456378,0.3521667601
126,gmleb,13,1.459393087,0.5850158124
126,gmleb,14,0.7544102695,-0.006880929695
126,gmleb,15,0.9062359173,-0.6893780965
126,gmleb,16,1.772755794,1.619061874
126,gmleb,17,1.433581913,1.014582919
126,gmleb,18,0.6119233268,0.4708961607
126,gmleb,19,0.9861089206,0.5554032174
126,gmleb,20,0.7250286719,1.069759098
126,gmleb,21,1.313526949,1.764199421
126,gmleb,22,0.5879672202,0.002217612994
126,gmleb,23,1.028892159,0.4236985381
126,gmleb,24,2.853950045,-0.2525669031
126,gmleb,25,0.4242975295,0.4364711972
126,gmleb,26,0.3059174917,0.6914713371
126,gmleb,27,0.5382002088,0.558928528
126,gmleb,28,1.342441926,0.6716849779
126,gmleb,29,1.51300328,0.7312599795
126,gmleb,30,0.9630738148,0.4914867058
126,gmleb,31,1.610106503,1.202035985
126,gmleb,32,2.017986813,0.6363649695
126,gmleb,33,1.135633912,-0.6423508927
126,gmleb,34,1.856014109,0.8890681484
126,gmleb,35,0.9455780357,-0.1618466321
126,gmleb,36,1.446253495,0.879205702
126,gmleb,37,0.3901286029,0.09500549496
126,gmleb,38,0.7445707878,-0.5003710811
126,gmleb,39,0.6068163142,0.4077092211
126,gmleb,40,0.7160706551,0.03133266856
126,gmleb,41,1.161755871,0.6071452099
126,gmleb,42,1.3403715,1.078001
126,gmleb,43,0.1968050765,0.8914862413
126,gmleb,44,1.523932101,-0.3876835459
126,gmleb,45,1.051598042,-0.08941818666
126,gmleb,46,2.541486678,0.8089481089
126,gmleb,47,0.6872625619,0.4525916226
126,gmleb,48,0.5725518041,0.3780215824
126,gmleb,49,1.631221142,0.9564735968
126,gmleb,50,0.7146195548,0.147995946
126,gmleb,51,0.9012628274,0.502090685
126,gmleb,52,1.046335551,0.8169965718
126,gmleb,53,1.853022283,-0.007565246736
126,gmleb,54,0.7896809387,0.5379610762
126,gmleb,55,0.6005157427,0.06166849805
126,gmleb,56,1.134539653,0.3041175405
126,gmleb,57,0.8499064884,0.8744808222
126,gmleb,58,0.1758809734,0.6148026269
126,gmleb,59,1.212380289,-1.150341941
126,gmleb,60,0.7585462937,0.3742143158
126,gmleb,61,1.23094657,2.271963514
126,gmleb,62,0.6223962208,-0.107149641
126,gmleb,63,1.277801505,-0.2065155624
126,gmleb,64,1.104329782,0.8041091499
126,gmleb,65,1.928723322,-0.2240051695
126,gmleb,66,0.3847547855,0.6778126959
126,gmleb,67,0.3919749346,-0.1901109633
126,gmleb,68,0.7054965566,0.3686094144
126,gmleb,69,1.674639521,0.8789857237
126,gmleb,70,0.2454756969,1.208879841
126,gmleb,71,0.6596808205,-0.2566509912
126,gmleb,72,0.8067844079,-0.02869058558
126,gmleb,73,0.9052966445,0.006195886504
126,gmleb,74,0.9866826791,0.729593558
126,gmleb,75,1.278080979,1.214855062
126,gmleb,76,1.014184851,0.3155122631
126,gmleb,77,0.7088583118,0.3702098662
126,gmleb,78,1.120272492,0.2067103012
126,gmleb,79,1.509593788,0.8624639818
126,gmleb,80,0.8515507548,-0.03482006541
126,gmleb,81,0.7977951666,0.1289959775
126,gmleb,82,0.6247200016,0.1208911259
126,gmleb,83,0.4139061034,0.04408109384
126,gmleb,84,1.901683614,0.9104977088
126,gmleb,85,1.995022682,0.1687625856
126,gmleb,86,2.007755551,0.9112887193
126,gmleb,87,1.103739333,-0.1941797942
126,gmleb,88,0.3655657568,0.6062863144
126,gmleb,89,1.384308671,-0.6172189797
126,gmleb,90,1.262701913,0.4849649801
126,gmleb,91,1.115110337,-0.3411751561
126,gmleb,92,0.6573159827,-0.2436503886
126,gmleb,93,0.8906191833,0.6914625889
126,gmleb,94,4.297272495,2.059352411
126,gmleb,95,1.216785283,0.5968880721
126,gmleb,96,0.6703805618,0.2305044597
126,gmleb,97,0.7223154781,0.6396678735
126,gmleb,98,0.803132334,0.2372063498
126,gmleb,99,1.207060997,0.3075625354
126,gmleb,100,1.751333987,0.9453952551
126,gmleb,101,0.3437795882,0.9478338319
126,gmleb,102,0.8715657311,0.3346195132
126,gmleb,103,3.411205363,0.6844045996
126,gmleb,104,0.5479192778,-0.0762323611
126,gmleb,105,1.232635886,0.8908609045
126,gmleb,106,0.5587244247,0.5292588715
126,gmleb,107,0.7490584891,-0.1471912388
126,gmleb,108,4.450721178,1.001837864
126,gmleb,109,0.8337917176,0.1338188065
126,gmleb,110,0.9218811799,0.1936744998
126,gmleb,111,1.03996912,0.004447585179
126,gmleb,112,0.8880546363,-1.092380521
126,gmleb,113,1.019557262,0.6555688147
126,gmleb,114,1.099112488,0.0165938471
126,gmleb,115,0.8217765963,-0.3200115713
126,gmleb,116,1.325088359,0.2864036876
126,gmleb,117,2.028911737,1.412343698
126,gmleb,118,0.8675281145,0.4465144886
126,gmleb,119,0.107649232,0.69724659
126,gmleb,120,0.7548489272,0.8480919779
126,gmleb,121,1.261553015,1.108359198
126,gmleb,122,-0.1842878592,0.21455498
126,gmleb,123,1.359114286,1.385475762
126,gmleb,124,1.230870432,0.4969135714
126,gmleb,125,0.2135751135,0.5443674003
126,gmleb,126,0.02737669277,0.5616221522
126,gmleb,127,0.4065978655,0.1076807051
126,gmleb,128,-1.173738747,-0.2461061835
126,gmleb,129,0.9496477714,-0.2780511395
126,gmleb,130,0.9258916527,0.3628886946
126,gmleb,131,1.044328872,0.3230695758
126,gmleb,132,1.837982459,0.08236454977
126,gmleb,133,0.7181785574,-0.3523602779
126,gmleb,134,1.120272428,0.145542355
126,gmleb,135,1.648310841,1.674585309
126,gmleb,136,1.034179726,0.9717519416
126,gmleb,137,3.087687694,0.9216586766
126,gmleb,138,0.3811443786,0.1027988904
126,gmleb,139,3.384733239,0.714208175
126,gmleb,140,0.4574175532,0.8670918041
126,gmleb,141,0.6239110118,0.8380156277
126,gmleb,142,0.6440393264,-0.2637116323
126,gmleb,143,2.207128669,1.215980959
126,gmleb,144,-0.1008896993,-0.401168992
126,gmleb,145,0.5171155087,-0.2509273441
126,gmleb,146,0.6824507086,-0.1416342307
126,gmleb,147,0.6287692027,-0.03734596347
126,gmleb,148,1.240320335,0.9948729454
126,gmleb,149,0.7614109961,-0.3231336434
126,gmleb,150,0.5158837517,0.1738021969
126,gmleb,151,2.13074648,0.005584201761
126,gmleb,152,0.1438143958,0.7608196412
126,gmleb,153,3.480264563,0.3865404081
126,gmleb,154,0.9711862902,0.3974834355
126,gmleb,155,0.114273482,0.2862899529
126,gmleb,156,0.378238487,0.4271680354
126,gmleb,157,0.6608753842,0.4647738514
126,gmleb,158,0.9625432439,0.2971958211
126,gmleb,159,1.421861611,0.9253794221
126,gmleb,160,0.6438310127,0.4953350249
126,gmleb,161,0.8767870429,0.1998659433
126,gmleb,162,1.171962948,2.48169099
126,gmleb,163,0.8831025062,0.04210622636
126,gmleb,164,1.094552026,0.6499762787
126,gmleb,165,0.9867644554,0.3899631818
126,gmleb,166,1.828981593,3.198213927
126,gmleb,167,1.044722943,0.7291492458
126,gmleb,168,1.229903341,0.8812356394
126,gmleb,169,1.07629447,0.5508975436
126,gmleb,170,0.5101381231,0.04477833734
126,gmleb,171,1.234591996,0.712686307
126,gmleb,172,0.9480775495,0.7602217181
126,gmleb,173,0.5005467668,-0.3285926005
126,gmleb,174,0.6556586577,-0.7007302644
126,gmleb,175,1.85576735,0.9822212345
126,gmleb,176,0.9777565766,0.7473906364
126,gmleb,177,0.9676453152,0.1563274337
126,gmleb,178,1.262108259,1.245538061
126,gmleb,179,0.451295104,0.5037763483
126,gmleb,180,0.5059192588,0.3933691746
126,gmleb,181,0.7849953884,0.4714285335
126,gmleb,182,1.096683604,0.5495601967
126,gmleb,183,0.9448016897,0.3754875334
126,gmleb,184,0.9529201311,-0.1597150774
126,gmleb,185,0.7268183064,-0.7252725529
126,gmleb,186,1.54775547,1.336643985
126,gmleb,187,1.303733758,-0.1198009292
126,gmleb,188,0.4939120082,-0.09719224164
126,gmleb,189,0.4015220443,0.1816413129
126,gmleb,190,1.296023324,0.7703492437
126,gmleb,191,0.7560258265,0.1626798709
126,gmleb,192,1.16543453,1.424988355
126,gmleb,193,1.265604669,0.4532389029
126,gmleb,194,0.2528680826,-0.1811439384
126,gmleb,195,0.9448518966,-0.1144209442
126,gmleb,196,1.271297049,0.5361127344
126,gmleb,197,0.9031169582,1.02335664
126,gmleb,198,0.6945431568,-0.06312813525
126,gmleb,199,-0.08324025443,0.5142671601
126,gmleb,200,-0.1184451867,-0.1146178395
126,gmleb,201,2.339136186,0.9314466174
126,gmleb,202,0.325415284,0.3682135519
126,gmleb,203,0.7264583487,0.7224395797
126,gmleb,204,1.328220174,1.193645809
126,gmleb,205,0.1818354936,1.377790674
126,gmleb,206,0.7657400056,-0.008390769028
126,gmleb,207,0.4207887601,-0.09062969051
126,gmleb,208,1.116974847,-0.1657003579
126,gmleb,209,-0.02619421233,-0.06029265182
126,gmleb,210,0.7544621523,-0.6563373737
126,gmleb,211,0.3633240989,0.1054857866
126,gmleb,212,2.116732304,-0.4854667635
126,gmleb,213,0.4369363843,0.947730901
126,gmleb,214,1.283090814,0.511307958
126,gmleb,215,0.8226791077,0.5632485878
126,gmleb,216,0.1199223322,0.01764500253
126,gmleb,217,1.015989228,-0.8906825355
126,gmleb,218,0.572401974,0.7289795189
126,gmleb,219,-0.2509581322,0.06815244139
126,gmleb,220,2.178467068,1.916021709
126,gmleb,221,0.904512881,0.1931749803
126,gmleb,222,0.7548427066,-0.1790392714
126,gmleb,223,0.9116676293,0.3614424017
126,gmleb,224,3.299291216,-0.04666539798
126,gmleb,225,0.8091595279,-0.1347142627
126,gmleb,226,2.371134355,0.9584514155
126,gmleb,227,0.6274057437,0.7046856289
126,gmleb,228,1.960420511,0.972147924
126,gmleb,229,0.9195737888,-0.142995181
126,gmleb,230,1.2004885,0.6617164309
126,gmleb,231,0.9347343586,-0.05807182289
126,gmleb,232,1.197951327,0.771214029
126,gmleb,233,1.535318665,0.8202454678
126,gmleb,234,1.329848257,1.122811753
126,gmleb,235,1.295798604,3.237921818
126,gmleb,236,1.551534341,-0.1798700973
126,gmleb,237,0.9098622914,0.6894287356
126,gmleb,238,1.658328327,0.5340690795
126,gmleb,239,0.8284601149,0.4072043774
126,gmleb,240,0.1144376772,-0.08774729731
126,gmleb,241,2.917615976,1.080557225
126,gmleb,242,1.236890881,0.5174638132
126,gmleb,243,0.4156752304,0.2719142101
126,gmleb,244,0.6379012568,0.1019798105
126,gmleb,245,0.8259759422,0.2236732624
126,gmleb,246,0.6373352538,0.679572404
126,gmleb,247,1.390203527,1.294838807
126,gmleb,248,1.233521169,1.21292687
126,gmleb,249,1.652563684,1.218143376
126,gmleb,250,0.6309456097,-0.1202683851
126,gmleb,251,0.4825664808,-0.3927534807
126,gmleb,252,1.184612822,0.5054124283
126,gmleb,253,0.8712818441,-0.003571262168
126,gmleb,254,0.1658047968,0.5057317429
126,gmleb,255,1.225141874,0.3161808738
126,gmleb,256,0.7870912395,0.5340381469
126,gmleb,257,0.6016104686,0.3950159929
126,gmleb,258,1.074676068,0.9297891542
126,gmleb,259,0.9815650145,-0.3645747973
126,gmleb,260,0.505261186,-0.4148931275
126,gmleb,261,1.389555144,-0.7036453227
126,gmleb,262,0.5377334311,0.3537367286
126,gmleb,263,0.2875323327,-0.3845531035
126,gmleb,264,4.729165136,0.828794021
126,gmleb,265,3.797783549,0.2275923442
126,gmleb,266,1.181605492,0.973651498
126,gmleb,267,1.658840348,1.434834148
126,gmleb,268,1.963288766,0.1514653418
126,gmleb,269,-1.102224826,-0.007185327849
126,gmleb,270,1.910819441,1.803152044
126,gmleb,271,0.4241653705,0.315048617
126,gmleb,272,0.7840619986,0.7133458804
126,gmleb,273,0.2272065163,0.3646264329
126,gmleb,274,1.493366053,0.09831855208
126,gmleb,275,0.5214388589,0.3088782414
126,gmleb,276,1.307132375,1.130398973
126,gmleb,277,2.326479072,0.6871736008
126,gmleb,278,1.236425082,1.103884064
126,gmleb,279,1.26036952,1.311970801
126,gmleb,280,0.8063697888,-0.4271442287
126,gmleb,281,1.248993555,0.6681689527
126,gmleb,282,0.843592329,0.2805049067
126,gmleb,283,1.260187256,0.8965997778
126,gmleb,284,0.4601510977,1.561872159
126,gmleb,285,0.6517383562,0.945839262
126,gmleb,286,0.2830653108,1.121663681
126,gmleb,287,0.544753657,0.3654697314
126,gmleb,288,1.229909442,-0.03221757393
126,gmleb,289,3.044171993,0.6909703053
126,gmleb,290,0.09933565689,0.4432511944
126,gmleb,291,0.803701457,0.5202127102
126,gmleb,292,0.6521788852,0.01790473599
126,gmleb,293,0.85817835,0.1895897694
126,gmleb,294,2.257193716,0.7758880995
126,gmleb,295,0.3093279763,0.4469318888
126,gmleb,296,1.030392121,-0.005268082133
126,gmleb,297,1.729492333,0.6716606542
126,gmleb,298,0.4740142309,-0.1301993151
126,gmleb,299,0.4127980469,0.592344545
126,gmleb,300,4.10846742,0.05998309922
126,gmleb,301,1.073981491,0.9656444638
126,gmleb,302,0.9158709058,0.3230143095
126,gmleb,303,1.522928812,0.8712799108
126,gmleb,304,1.33150246,0.8418362158
126,gmleb,305,0.2480471643,1.323527799
126,gmleb,306,0.8505993076,0.387377735
126,gmleb,307,0.7454826102,0.8463022362
126,gmleb,308,0.4853744171,-0.06057792992
126,gmleb,309,1.005471737,0.9841419891
126,gmleb,310,0.5458269724,0.3964515213
126,gmleb,311,1.282851882,0.119065578
126,gmleb,312,0.6799444686,1.38410971
126,gmleb,313,1.935228099,0.827227133
126,gmleb,314,0.8938817537,0.8532021664
126,gmleb,315,0.8920983189,0.3596634489
126,gmleb,316,0.1862665685,-0.009373530309
126,gmleb,317,0.3421380577,0.3948153043
126,gmleb,318,0.498303773,0.3557671513
126,gmleb,319,1.49412118,0.4008487185
126,gmleb,320,0.2832622808,0.1286323331
126,gmleb,321,1.074106244,1.048371632
126,gmleb,322,0.4916564463,0.001176395561
126,gmleb,323,0.4550686585,0.6407829544
126,gmleb,324,0.9098237696,0.2146422028
126,gmleb,325,0.131035078,0.03172462242
126,gmleb,326,0.9409493883,1.958467601
126,gmleb,327,0.9127007141,0.7308643879
126,gmleb,328,0.8208960192,0.7699937198
126,gmleb,329,0.8887233767,-0.483842161
126,gmleb,330,-0.02494595969,-0.07245976843
126,gmleb,331,0.2226866698,-0.4330733589
126,gmleb,332,0.3963385381,0.1890518738
126,gmleb,333,1.21076468,1.078581931
126,gmleb,334,-0.1209070688,0.5604436496
126,gmleb,335,-0.1593217131,0.161525966
126,gmleb,336,0.07026114749,0.1507864516
126,gmleb,337,0.6511527484,0.3225384133
126,gmleb,338,1.313210607,-0.002260797323
126,gmleb,339,0.7508894188,1.156626397
126,gmleb,340,0.5224929842,0.09006743681
126,gmleb,341,1.187758484,0.6935051566
126,gmleb,342,0.6311712469,1.161943702
126,gmleb,343,1.292422111,0.6574488277
126,gmleb,344,0.7902014459,0.4876833099
126,gmleb,345,0.5169640273,-0.6813589182
126,gmleb,346,0.7690890822,-0.009653864207
126,gmleb,347,1.199939062,0.6637988884
126,gmleb,348,1.107155784,0.4078294527
126,gmleb,349,1.354204369,0.8005047491
126,gmleb,350,1.005603988,0.7707110083
126,gmleb,351,0.7107946165,-0.2793817429
126,gmleb,352,1.242330067,0.6599290548
126,gmleb,353,-0.03748141485,0.6291307691
126,gmleb,354,1.087219496,0.7353645432
126,gmleb,355,1.580731634,0.4996685402
126,gmleb,356,0.8869892442,0.4957130719
126,gmleb,357,0.8404618235,0.1725946514
126,gmleb,358,1.067411565,2.393438962
126,gmleb,359,0.9736395985,0.6009766563
126,gmleb,360,0.6524918155,0.09729521102
126,gmleb,361,1.671255788,0.7892531684
126,gmleb,362,0.4617941164,-0.4537491695
126,gmleb,363,0.2019847197,1.025145012
126,gmleb,364,0.9103588324,0.5124220754
126,gmleb,365,1.396252224,0.7960266501
126,gmleb,366,1.47820612,0.987608211
126,gmleb,367,1.904979866,1.255950221
126,gmleb,368,0.6083574106,-0.2803840445
126,gmleb,369,1.011791492,0.3297233293
126,gmleb,370,1.341682273,0.7097475235
126,gmleb,371,0.7992578851,0.5541011146
126,gmleb,372,1.545045382,0.8367780367
126,gmleb,373,1.075382609,0.2717927875
126,gmleb,374,1.096402274,0.7700789453
126,gmleb,375,0.9862777949,-0.009685988994
126,gmleb,376,2.857460991,0.8951029809
126,gmleb,377,0.4836080541,0.1590211157
126,gmleb,378,0.6419655006,0.8896307762
126,gmleb,379,-0.1328505556,0.475777005
126,gmleb,380,0.7747420813,0.6000783439
126,gmleb,381,1.627509377,1.321929952
126,gmleb,382,1.344125282,1.570728968
126,gmleb,383,1.772159153,1.373623137
126,gmleb,384,-0.1060057081,0.6620845754
126,gmleb,385,0.8543608443,0.2331380076
126,gmleb,386,1.067340116,0.694460042
126,gmleb,387,0.942739006,0.8495481003
126,gmleb,388,0.4218959827,0.02217760834
126,gmleb,389,0.6545399085,0.2914627629
126,gmleb,390,1.225233886,0.4106038765
126,gmleb,391,0.433447444,-0.8670825007
126,gmleb,392,1.365774706,-0.06550059557
126,gmleb,393,1.13389713,0.1666276411
126,gmleb,394,1.064481656,0.4859739928
126,gmleb,395,0.7896982522,-0.4972344149
126,gmleb,396,1.423288882,0.1719331937
126,gmleb,397,1.479433547,-0.01063974283
126,gmleb,398,0.3354340369,-0.5827011463
126,gmleb,399,0.4721379241,0.08658274616
126,gmleb,400,0.7833213882,-0.04353293553
126,gmleb,401,1.46287338,0.9259171316
126,gmleb,402,-0.2013048014,0.002477557769
126,gmleb,403,0.8858778721,0.02154416356
126,gmleb,404,0.2933984971,-0.06583902106
126,gmleb,405,0.9754482825,-0.07494447782
126,gmleb,406,-0.4794905695,0.5018108025
126,gmleb,407,0.6660710334,0.00113574803
126,gmleb,408,1.884021817,0.5999794999
126,gmleb,409,1.054323639,-0.2459059475
126,gmleb,410,0.2986797005,-0.6510613711
126,gmleb,411,0.5056531409,8.048589523e-05
126,gmleb,412,0.9833114424,1.147961851
126,gmleb,413,0.618629758,-0.3585741171
126,gmleb,414,2.187907098,0.3057258835
126,gmleb,415,1.756563593,0.8428393384
126,gmleb,416,-0.09617735644,0.419753816
126,gmleb,417,1.398389855,0.07086442763
126,gmleb,418,0.8751820715,0.560497806
126,gmleb,419,0.7239775728,0.6490802558
126,gmleb,420,1.484390729,0.1424367507
126,gmleb,421,0.9242369619,0.3799510797
126,gmleb,422,0.8784068989,1.107519963
126,gmleb,423,0.4622097383,0.6561910544
126,gmleb,424,0.829482333,0.0496956173
126,gmleb,425,0.9817665819,0.4440574087
126,gmleb,426,1.612475149,2.909074059
126,gmleb,427,0.8555434043,0.3467917017
126,gmleb,428,2.147399571,1.080181813
126,gmleb,429,0.6034408437,-0.177576288
126,gmleb,430,1.532254196,2.190079792
126,gmleb,431,3.348928564,0.3401310902
126,gmleb,432,-0.5777128248,0.230960917
126,gmleb,433,-0.1650286577,-0.1894765197
126,gmleb,434,0.624981244,-0.336516838
126,gmleb,435,0.6284588634,0.386358821
126,gmleb,436,0.9846182197,0.02668526536
126,gmleb,437,0.4692475801,0.02924271226
126,gmleb,438,0.1834197927,-0.1928367509
126,gmleb,439,0.6154852521,1.509169262
126,gmleb,440,1.206545178,0.7325796846
126,gmleb,441,1.03822979,0.7790025105
126,gmleb,442,0.3836649082,0.709832128
126,gmleb,443,0.5642793472,0.066148125
126,gmleb,444,1.302895405,1.094188751
126,gmleb,445,0.8212391279,0.5522998344
126,gmleb,446,2.154061372,-0.03249347815
126,gmleb,447,0.9777670517,0.6165065176
126,gmleb,448,0.6520020378,0.6468584818
126,gmleb,449,1.410616378,0.9699841497
126,gmleb,450,0.5086746455,-0.004221934686
126,gmleb,451,2.282685863,-0.08520952317
126,gmleb,452,2.034587958,1.09067533
126,gmleb,453,1.271200726,0.7807594693
126,gmleb,454,1.112502367,0.1013938715
126,gmleb,455,2.546792528,1.281088493
126,gmleb,456,1.201364264,0.7317283653
126,gmleb,457,1.182842404,0.3580090681
126,gmleb,458,1.294827996,0.3126777152
126,gmleb,459,1.667763435,0.3269730887
126,gmleb,460,1.596738738,2.356053145
126,gmleb,461,1.163052149,0.4579860975
126,gmleb,462,1.843177182,0.9805731003
126,gmleb,463,0.7290267291,-0.1070774291
126,gmleb,464,1.3024845,1.288056391
126,gmleb,465,0.4441599103,-0.003368961573
126,gmleb,466,1.180202196,0.2875727198
126,gmleb,467,0.6819411495,0.01399779366
126,gmleb,468,1.309639857,0.3385601076
126,gmleb,469,1.494620258,0.8368125329
126,gmleb,470,1.024327704,0.03468082231
126,gmleb,471,1.75918891,0.6804778414
126,gmleb,472,0.9821246793,0.8185714443
126,gmleb,473,0.4777775587,0.6145127012
126,gmleb,474,0.2727778678,0.5239642498
126,gmleb,475,0.9697274247,0.8876034132
126,gmleb,476,0.796801327,0.9647220488
126,gmleb,477,0.8753521215,0.2467461791
126,gmleb,478,0.6521438753,0.2200888269
126,gmleb,479,0.4643072682,0.5394996686
126,gmleb,480,0.6926715827,0.7613885193
126,gmleb,481,0.4705367692,0.09292712226
126,gmleb,482,3.569876133,0.2000481195
126,gmleb,483,0.7286299916,0.3985886683
126,gmleb,484,0.6117301878,0.06327233119
126,gmleb,485,1.296678698,0.9604672457
126,gmleb,486,0.9207041904,0.3117356182
126,gmleb,487,0.2105516446,-0.10879018
126,gmleb,488,2.259139349,0.9319241239
126,gmleb,489,1.608048111,0.9758668863
126,gmleb,490,1.892040903,1.559958286
126,gmleb,491,0.8613257791,-0.6051803448
126,gmleb,492,0.5298332327,-0.1210433754
126,gmleb,493,1.665439604,0.5966418849
126,gmleb,494,0.1515572406,0.6683175533
126,gmleb,495,0.7375900295,-0.360374628
126,gmleb,496,-0.05942489398,-0.3337530113
126,gmleb,497,0.8726863557,-0.007392460039
126,gmleb,498,0.6927242226,0.3798559131
126,gmleb,499,0.8418583695,-0.170346192
126,gmleb,500,-0.1266465594,0.5376116325
126,polyhedral,1,2.324420319,0.1744762756
126,polyhedral,2,-0.8544687508,0.04167416355
126,polyhedral,3,-1.507894424,0.4796190991
126,polyhedral,4,-3.246889322,1.118462501
126,polyhedral,5,0.8947896852,1.282433226
126,polyhedral,6,2.495442617,0.6670156707
126,polyhedral,7,4.304641097,0.3129307228
126,polyhedral,8,3.038752264,2.681886535
126,polyhedral,9,-9.161472672,-0.1304020231
126,polyhedral,10,3.014345426,0.2085828339
126,polyhedral,11,-7.380993806,0.01491212785
126,polyhedral,12,-4.781933427,0.3521667601
126,polyhedral,13,-3.265864088,0.5850158124
126,polyhedral,14,-4.172670769,-0.006880929695
126,polyhedral,15,-11.73957476,-0.6893780965
126,polyhedral,16,4.945524063,1.619061874
126,polyhedral,17,2.838345701,1.014582919
126,polyhedral,18,0.2830525672,0.4708961607
126,polyhedral,19,-1.550828053,0.5554032174
126,polyhedral,20,0.5006388287,1.069759098
126,polyhedral,21,1.93638816,1.764199421
126,polyhedral,22,-5.566395127,0.002217612994
126,polyhedral,23,1.556520222,0.4236985381
126,polyhedral,24,4.013498572,-0.2525669031
126,polyhedral,25,1.926124719,0.4364711972
126,polyhedral,26,-2.998417934,0.6914713371
126,polyhedral,27,-4.686928586,0.558928528
126,polyhedral,28,2.700650206,0.6716849779
126,polyhedral,29,-8.669673588,0.7312599795
126,polyhedral,30,4.773781088,0.4914867058
126,polyhedral,31,-1.23912536,1.202035985
126,polyhedral,32,-3.713281569,0.6363649695
126,polyhedral,33,1.532264868,-0.6423508927
126,polyhedral,34,-6.526561058,0.8890681484
126,polyhedral,35,2.621419357,-0.1618466321
126,polyhedral,36,-44.62840247,0.879205702
126,polyhedral,37,-5.922175231,0.09500549496
126,polyhedral,38,-5.508064282,-0.5003710811
126,polyhedral,39,-13.05048508,0.4077092211
126,polyhedral,40,-4.549344923,0.03133266856
126,polyhedral,41,2.013539147,0.6071452099
126,polyhedral,42,3.423596644,1.078001
126,polyhedral,43,0.9506239497,0.8914862413
126,polyhedral,44,-1.197162616,-0.3876835459
126,polyhedral,45,-0.0431233279,-0.08941818666
126,polyhedral,46,0.7790592904,0.8089481089
126,polyhedral,47,-4.85534494,0.4525916226
126,polyhedral,48,3.088599998,0.3780215824
126,polyhedral,49,4.577891351,0.9564735968
126,polyhedral,50,1.830531068,0.147995946
126,polyhedral,51,-45.08756029,0.502090685
126,polyhedral,52,0.5661535034,0.8169965718
126,polyhedral,53,4.014502294,-0.007565246736
126,polyhedral,54,2.234866462,0.5379610762
126,polyhedral,55,-0.8100945512,0.06166849805
126,polyhedral,56,0.6090588464,0.3041175405
126,polyhedral,57,0.3510501238,0.8744808222
126,polyhedral,58,-0.9270015346,0.6148026269
126,polyhedral,59,-3.93835649,-1.150341941
126,polyhedral,60,2.329931625,0.3742143158
126,polyhedral,61,1.741902873,2.271963514
126,polyhedral,62,-45.8625537,-0.107149641
126,polyhedral,63,2.921723841,-0.2065155624
126,polyhedral,64,-0.3937801034,0.8041091499
126,polyhedral,65,-5.674969676,-0.2240051695
126,polyhedral,66,-5.533750106,0.6778126959
126,polyhedral,67,-0.8813456328,-0.1901109633
126,polyhedral,68,-0.3341331674,0.3686094144
126,polyhedral,69,-0.4451390219,0.8789857237
126,polyhedral,70,-4.670971912,1.208879841
126,polyhedral,71,-0.7359223603,-0.2566509912
126,polyhedral,72,-2.121206323,-0.02869058558
126,polyhedral,73,1.617044912,0.006195886504
126,polyhedral,74,2.16800149,0.729593558
126,polyhedral,75,0.1767878838,1.214855062
126,polyhedral,76,2.422288963,0.3155122631
126,polyhedral,77,-7.59676385,0.3702098662
126,polyhedral,78,2.815688321,0.2067103012
126,polyhedral,79,1.537466006,0.8624639818
126,polyhedral,80,0.562479466,-0.03482006541
126,polyhedral,81,-5.639512973,0.1289959775
126,polyhedral,82,-0.2982364688,0.1208911259
126,polyhedral,83,-6.27925732,0.04408109384
126,polyhedral,84,2.451519083,0.9104977088
126,polyhedral,85,3.66337089,0.1687625856
126,polyhedral,86,-4.877364708,0.9112887193
126,polyhedral,87,4.085447179,-0.1941797942
126,polyhedral,88,-20.04478278,0.6062863144
126,polyhedral,89,-46.17587053,-0.6172189797
126,polyhedral,90,-0.907340738,0.4849649801
126,polyhedral,91,-9.942668575,-0.3411751561
126,polyhedral,92,-38.49376227,-0.2436503886
126,polyhedral,93,-1.69398439,0.6914625889
126,polyhedral,94,3.718127076,2.059352411
126,polyhedral,95,4.362007697,0.5968880721
126,polyhedral,96,1.570854299,0.2305044597
126,polyhedral,97,3.198629993,0.6396678735
126,polyhedral,98,-17.62806319,0.2372063498
126,polyhedral,99,1.92935978,0.3075625354
126,polyhedral,100,-10.98901391,0.9453952551
126,polyhedral,101,0.8370637154,0.9478338319
126,polyhedral,102,0.04027383804,0.3346195132
126,polyhedral,103,4.075317105,0.6844045996
126,polyhedral,104,2.765219471,-0.0762323611
126,polyhedral,105,-5.311469248,0.8908609045
126,polyhedral,106,2.681652182,0.5292588715
126,polyhedral,107,-6.215477278,-0.1471912388
126,polyhedral,108,7.212006042,1.001837864
126,polyhedral,109,-4.418163263,0.1338188065
126,polyhedral,110,2.464261971,0.1936744998
126,polyhedral,111,2.979846626,0.004447585179
126,polyhedral,112,-46.19196725,-1.092380521
126,polyhedral,113,1.706422532,0.6555688147
126,polyhedral,114,-3.375983828,0.0165938471
126,polyhedral,115,0.7230002699,-0.3200115713
126,polyhedral,116,1.973782101,0.2864036876
126,polyhedral,117,4.197800858,1.412343698
126,polyhedral,118,0.1763034642,0.4465144886
126,polyhedral,119,-8.900376199,0.69724659
126,polyhedral,120,1.27685052,0.8480919779
126,polyhedral,121,2.834456555,1.108359198
126,polyhedral,122,-9.992739202,0.21455498
126,polyhedral,123,3.668215291,1.385475762
126,polyhedral,124,1.684188658,0.4969135714
126,polyhedral,125,-1.186158868,0.5443674003
126,polyhedral,126,1.049756679,0.5616221522
126,polyhedral,127,-11.45833265,0.1076807051
126,polyhedral,128,-2.203630535,-0.2461061835
126,polyhedral,129,-1.896052154,-0.2780511395
126,polyhedral,130,-17.56036473,0.3628886946
126,polyhedral,131,2.569580253,0.3230695758
126,polyhedral,132,2.459351171,0.08236454977
126,polyhedral,133,-5.484110899,-0.3523602779
126,polyhedral,134,4.874665433,0.145542355
126,polyhedral,135,-2.060807996,1.674585309
126,polyhedral,136,-19.88978449,0.9717519416
126,polyhedral,137,3.532937722,0.9216586766
126,polyhedral,138,-0.1439948058,0.1027988904
126,polyhedral,139,5.28585987,0.714208175
126,polyhedral,140,1.245060266,0.8670918041
126,polyhedral,141,-3.942606444,0.8380156277
126,polyhedral,142,-1.665195073,-0.2637116323
126,polyhedral,143,3.968665692,1.215980959
126,polyhedral,144,-0.2287560231,-0.401168992
126,polyhedral,145,-1.629206897,-0.2509273441
126,polyhedral,146,2.995241098,-0.1416342307
126,polyhedral,147,0.735969636,-0.03734596347
126,polyhedral,148,3.317210616,0.9948729454
126,polyhedral,149,1.072914795,-0.3231336434
126,polyhedral,150,-33.10002195,0.1738021969
126,polyhedral,151,5.187015178,0.005584201761
126,polyhedral,152,0.08132708808,0.7608196412
126,polyhedral,153,3.94039369,0.3865404081
126,polyhedral,154,2.346136874,0.3974834355
126,polyhedral,155,1.940895423,0.2862899529
126,polyhedral,156,-1.962973536,0.4271680354
126,polyhedral,157,2.478975659,0.4647738514
126,polyhedral,158,-1.567425053,0.2971958211
126,polyhedral,159,1.175198563,0.9253794221
126,polyhedral,160,0.4571403428,0.4953350249
126,polyhedral,161,4.878204151,0.1998659433
126,polyhedral,162,-2.767316189,2.48169099
126,polyhedral,163,-2.308660136,0.04210622636
126,polyhedral,164,-45.15667402,0.6499762787
126,polyhedral,165,-1.924372132,0.3899631818
126,polyhedral,166,3.574685318,3.198213927
126,polyhedral,167,0.6970612847,0.7291492458
126,polyhedral,168,-13.56688143,0.8812356394
126,polyhedral,169,-5.057515807,0.5508975436
126,polyhedral,170,2.527719762,0.04477833734
126,polyhedral,171,0.6406870038,0.712686307
126,polyhedral,172,1.606242644,0.7602217181
126,polyhedral,173,-47.10193809,-0.3285926005
126,polyhedral,174,-0.5017090219,-0.7007302644
126,polyhedral,175,3.993079859,0.9822212345
126,polyhedral,176,-0.2711749385,0.7473906364
126,polyhedral,177,3.605102485,0.1563274337
126,polyhedral,178,1.75456102,1.245538061
126,polyhedral,179,-14.31073694,0.5037763483
126,polyhedral,180,2.913630272,0.3933691746
126,polyhedral,181,2.080300605,0.4714285335
126,polyhedral,182,-20.63372309,0.5495601967
126,polyhedral,183,3.450350018,0.3754875334
126,polyhedral,184,1.065468349,-0.1597150774
126,polyhedral,185,1.015147789,-0.7252725529
126,polyhedral,186,-33.2845014,1.336643985
126,polyhedral,187,-3.876088516,-0.1198009292
126,polyhedral,188,-0.1941135394,-0.09719224164
126,polyhedral,189,1.793771373,0.1816413129
126,polyhedral,190,2.081096571,0.7703492437
126,polyhedral,191,-13.45036579,0.1626798709
126,polyhedral,192,2.611850475,1.424988355
126,polyhedral,193,2.010914546,0.4532389029
126,polyhedral,194,2.064080742,-0.1811439384
126,polyhedral,195,-26.70429449,-0.1144209442
126,polyhedral,196,0.8608620204,0.5361127344
126,polyhedral,197,2.15432353,1.02335664
126,polyhedral,198,1.301273764,-0.06312813525
126,polyhedral,199,-21.42972922,0.5142671601
126,polyhedral,200,1.678428139,-0.1146178395
126,polyhedral,201,4.490396387,0.9314466174
126,polyhedral,202,-3.372590466,0.3682135519
126,polyhedral,203,2.905878183,0.7224395797
126,polyhedral,204,1.686882917,1.193645809
126,polyhedral,205,0.2254806918,1.377790674
126,polyhedral,206,-1.243469593,-0.008390769028
126,polyhedral,207,1.694031996,-0.09062969051
126,polyhedral,208,3.100067647,-0.1657003579
126,polyhedral,209,-5.531104441,-0.06029265182
126,polyhedral,210,-3.037848896,-0.6563373737
126,polyhedral,211,-2.930162204,0.1054857866
126,polyhedral,212,-5.315957259,-0.4854667635
126,polyhedral,213,0.7814057761,0.947730901
126,polyhedral,214,-19.00316689,0.511307958
126,polyhedral,215,0.3038059904,0.5632485878
126,polyhedral,216,-0.3440559155,0.01764500253
126,polyhedral,217,2.000573322,-0.8906825355
126,polyhedral,218,1.718134443,0.7289795189
126,polyhedral,219,-4.522424978,0.06815244139
126,polyhedral,220,5.248216375,1.916021709
126,polyhedral,221,-24.67697963,0.1931749803
126,polyhedral,222,1.052833596,-0.1790392714
126,polyhedral,223,4.675073524,0.3614424017
126,polyhedral,224,3.831519542,-0.04666539798
126,polyhedral,225,0.6706915174,-0.1347142627
126,polyhedral,226,4.73903978,0.9584514155
126,polyhedral,227,-5.17965406,0.7046856289
126,polyhedral,228,3.467865391,0.972147924
126,polyhedral,229,2.355370763,-0.142995181
126,polyhedral,230,3.081175569,0.6617164309
126,polyhedral,231,-1.515615999,-0.05807182289
126,polyhedral,232,-20.17034193,0.771214029
126,polyhedral,233,4.068200332,0.8202454678
126,polyhedral,234,4.077708361,1.122811753
126,polyhedral,235,3.761754273,3.237921818
126,polyhedral,236,0.6974002061,-0.1798700973
126,polyhedral,237,3.665194406,0.6894287356
126,polyhedral,238,-2.204531673,0.5340690795
126,polyhedral,239,-7.642218141,0.4072043774
126,polyhedral,240,1.478258229,-0.08774729731
126,polyhedral,241,3.452744151,1.080557225
126,polyhedral,242,4.211040562,0.5174638132
126,polyhedral,243,1.812493118,0.2719142101
126,polyhedral,244,3.095635973,0.1019798105
126,polyhedral,245,-3.725061426,0.2236732624
126,polyhedral,246,-3.249173988,0.679572404
126,polyhedral,247,-41.33050946,1.294838807
126,polyhedral,248,-45.06703988,1.21292687
126,polyhedral,249,-32.29550388,1.218143376
126,polyhedral,250,-1.856043825,-0.1202683851
126,polyhedral,251,-46.48628207,-0.3927534807
126,polyhedral,252,-2.054080288,0.5054124283
126,polyhedral,253,2.055020775,-0.003571262168
126,polyhedral,254,0.9236970094,0.5057317429
126,polyhedral,255,0.6249072768,0.3161808738
126,polyhedral,256,0.7223722208,0.5340381469
126,polyhedral,257,2.996361489,0.3950159929
126,polyhedral,258,2.663676937,0.9297891542
126,polyhedral,259,2.86564371,-0.3645747973
126,polyhedral,260,-11.96106259,-0.4148931275
126,polyhedral,261,3.945148813,-0.7036453227
126,polyhedral,262,-1.713158625,0.3537367286
126,polyhedral,263,2.075088237,-0.3845531035
126,polyhedral,264,5.852704372,0.828794021
126,polyhedral,265,4.497662731,0.2275923442
126,polyhedral,266,0.9335584702,0.973651498
126,polyhedral,267,1.208219414,1.434834148
126,polyhedral,268,1.342494372,0.1514653418
126,polyhedral,269,-21.60440154,-0.007185327849
126,polyhedral,270,-12.45038768,1.803152044
126,polyhedral,271,1.922923616,0.315048617
126,polyhedral,272,-3.467400504,0.7133458804
126,polyhedral,273,0.5149080353,0.3646264329
126,polyhedral,274,3.2743222,0.09831855208
126,polyhedral,275,2.079533916,0.3088782414
126,polyhedral,276,-27.11254447,1.130398973
126,polyhedral,277,4.519434251,0.6871736008
126,polyhedral,278,1.528022842,1.103884064
126,polyhedral,279,-0.5232206309,1.311970801
126,polyhedral,280,-37.54235713,-0.4271442287
126,polyhedral,281,-2.727586405,0.6681689527
126,polyhedral,282,-14.98350133,0.2805049067
126,polyhedral,283,2.833531338,0.8965997778
126,polyhedral,284,-0.1698384178,1.561872159
126,polyhedral,285,-1.364506094,0.945839262
126,polyhedral,286,2.173889092,1.121663681
126,polyhedral,287,-13.47188592,0.3654697314
126,polyhedral,288,4.233808285,-0.03221757393
126,polyhedral,289,3.977204798,0.6909703053
126,polyhedral,290,0.2125970803,0.4432511944
126,polyhedral,291,-42.55751642,0.5202127102
126,polyhedral,292,-46.79480149,0.01790473599
126,polyhedral,293,2.966329918,0.1895897694
126,polyhedral,294,-1.957667357,0.7758880995
126,polyhedral,295,1.85822431,0.4469318888
126,polyhedral,296,1.954536484,-0.005268082133
126,polyhedral,297,-9.253364471,0.6716606542
126,polyhedral,298,2.437661715,-0.1301993151
126,polyhedral,299,0.4019703909,0.592344545
126,polyhedral,300,5.434712962,0.05998309922
126,polyhedral,301,2.7948718,0.9656444638
126,polyhedral,302,3.046743114,0.3230143095
126,polyhedral,303,-4.715989604,0.8712799108
126,polyhedral,304,-46.85018166,0.8418362158
126,polyhedral,305,-20.96142336,1.323527799
126,polyhedral,306,-7.498627477,0.387377735
126,polyhedral,307,3.963831359,0.8463022362
126,polyhedral,308,-14.52641625,-0.06057792992
126,polyhedral,309,-26.1058182,0.9841419891
126,polyhedral,310,0.0147463066,0.3964515213
126,polyhedral,311,-44.95125243,0.119065578
126,polyhedral,312,1.468871874,1.38410971
126,polyhedral,313,3.908738577,0.827227133
126,polyhedral,314,-16.42911342,0.8532021664
126,polyhedral,315,-0.3194869347,0.3596634489
126,polyhedral,316,-0.5668766973,-0.009373530309
126,polyhedral,317,-14.13356264,0.3948153043
126,polyhedral,318,-25.30669854,0.3557671513
126,polyhedral,319,4.0651161,0.4008487185
126,polyhedral,320,0.08410349922,0.1286323331
126,polyhedral,321,3.84110129,1.048371632
126,polyhedral,322,0.5502109654,0.001176395561
126,polyhedral,323,-5.389347258,0.6407829544
126,polyhedral,324,3.297573385,0.2146422028
126,polyhedral,325,-23.7375681,0.03172462242
126,polyhedral,326,2.31465234,1.958467601
126,polyhedral,327,1.509669266,0.7308643879
126,polyhedral,328,-20.55274113,0.7699937198
126,polyhedral,329,-24.225349,-0.483842161
126,polyhedral,330,-6.103771832,-0.07245976843
126,polyhedral,331,-1.077515621,-0.4330733589
126,polyhedral,332,-1.144368938,0.1890518738
126,polyhedral,333,-4.486514704,1.078581931
126,polyhedral,334,-0.0222481803,0.5604436496
126,polyhedral,335,-0.140985702,0.161525966
126,polyhedral,336,-1.475727261,0.1507864516
126,polyhedral,337,0.8211536747,0.3225384133
126,polyhedral,338,5.107919207,-0.002260797323
126,polyhedral,339,1.677872681,1.156626397
126,polyhedral,340,-1.222709251,0.09006743681
126,polyhedral,341,1.531619752,0.6935051566
126,polyhedral,342,-47.70805919,1.161943702
126,polyhedral,343,-6.993562653,0.6574488277
126,polyhedral,344,2.488480156,0.4876833099
126,polyhedral,345,2.760187926,-0.6813589182
126,polyhedral,346,2.906668661,-0.009653864207
126,polyhedral,347,5.158410801,0.6637988884
126,polyhedral,348,2.480083176,0.4078294527
126,polyhedral,349,-44.5213838,0.8005047491
126,polyhedral,350,-0.1534440664,0.7707110083
126,polyhedral,351,3.453750927,-0.2793817429
126,polyhedral,352,4.434065257,0.6599290548
126,polyhedral,353,-0.1455132855,0.6291307691
126,polyhedral,354,1.387743907,0.7353645432
126,polyhedral,355,3.552648282,0.4996685402
126,polyhedral,356,-11.0026458,0.4957130719
126,polyhedral,357,2.475561081,0.1725946514
126,polyhedral,358,-1.119680069,2.393438962
126,polyhedral,359,-0.4243718148,0.6009766563
126,polyhedral,360,2.776951487,0.09729521102
126,polyhedral,361,0.2857787376,0.7892531684
126,polyhedral,362,0.952528473,-0.4537491695
126,polyhedral,363,-4.822869194,1.025145012
126,polyhedral,364,-0.7746674468,0.5124220754
126,polyhedral,365,4.622688631,0.7960266501
126,polyhedral,366,2.519820424,0.987608211
126,polyhedral,367,1.740695244,1.255950221
126,polyhedral,368,-1.39253337,-0.2803840445
126,polyhedral,369,0.996930698,0.3297233293
126,polyhedral,370,4.691494938,0.7097475235
126,polyhedral,371,-5.494485683,0.5541011146
126,polyhedral,372,1.778042542,0.8367780367
126,polyhedral,373,3.760133888,0.2717927875
126,polyhedral,374,2.999642361,0.7700789453
126,polyhedral,375,2.782535908,-0.009685988994
126,polyhedral,376,4.043777667,0.8951029809
126,polyhedral,377,0.5332350902,0.1590211157
126,polyhedral,378,-9.259683665,0.8896307762
126,polyhedral,379,-9.270708182,0.475777005
126,polyhedral,380,0.771341913,0.6000783439
126,polyhedral,381,1.638465018,1.321929952
126,polyhedral,382,3.420020235,1.570728968
126,polyhedral,383,3.513136348,1.373623137
126,polyhedral,384,0.5631648035,0.6620845754
126,polyhedral,385,-13.12821882,0.2331380076
126,polyhedral,386,-29.57608333,0.694460042
126,polyhedral,387,2.638664726,0.8495481003
126,polyhedral,388,-3.198947266,0.02217760834
126,polyhedral,389,-3.032887658,0.2914627629
126,polyhedral,390,1.754152058,0.4106038765
126,polyhedral,391,-1.368213345,-0.8670825007
126,polyhedral,392,0.6243101479,-0.06550059557
126,polyhedral,393,5.379191565,0.1666276411
126,polyhedral,394,0.9467994411,0.4859739928
126,polyhedral,395,-2.543078294,-0.4972344149
126,polyhedral,396,2.165355913,0.1719331937
126,polyhedral,397,-4.196406834,-0.01063974283
126,polyhedral,398,-3.803165208,-0.5827011463
126,polyhedral,399,1.007101171,0.08658274616
126,polyhedral,400,-3.080202185,-0.04353293553
126,polyhedral,401,-27.45429328,0.9259171316
126,polyhedral,402,-4.175188292,0.002477557769
126,polyhedral,403,2.769630059,0.02154416356
126,polyhedral,404,1.603401596,-0.06583902106
126,polyhedral,405,3.807917203,-0.07494447782
126,polyhedral,406,1.630025259,0.5018108025
126,polyhedral,407,0.1854389214,0.00113574803
126,polyhedral,408,2.907226029,0.5999794999
126,polyhedral,409,2.191353375,-0.2459059475
126,polyhedral,410,-47.5355555,-0.6510613711
126,polyhedral,411,3.05218815,8.048589523e-05
126,polyhedral,412,-45.84742675,1.147961851
126,polyhedral,413,-3.288421427,-0.3585741171
126,polyhedral,414,4.653740765,0.3057258835
126,polyhedral,415,3.538023426,0.8428393384
126,polyhedral,416,0.9464125509,0.419753816
126,polyhedral,417,-36.68589041,0.07086442763
126,polyhedral,418,-1.200617985,0.560497806
126,polyhedral,419,3.609899582,0.6490802558
126,polyhedral,420,0.7895592613,0.1424367507
126,polyhedral,421,3.478037483,0.3799510797
126,polyhedral,422,3.682679059,1.107519963
126,polyhedral,423,-0.5500716433,0.6561910544
126,polyhedral,424,0.1432611461,0.0496956173
126,polyhedral,425,-1.476935155,0.4440574087
126,polyhedral,426,-44.34922653,2.909074059
126,polyhedral,427,3.397948116,0.3467917017
126,polyhedral,428,3.73616118,1.080181813
126,polyhedral,429,-14.70138184,-0.177576288
126,polyhedral,430,1.50295145,2.190079792
126,polyhedral,431,5.214939615,0.3401310902
126,polyhedral,432,-5.434453392,0.230960917
126,polyhedral,433,-1.300229248,-0.1894765197
126,polyhedral,434,-0.6880215988,-0.336516838
126,polyhedral,435,-22.8918624,0.386358821
126,polyhedral,436,2.449673844,0.02668526536
126,polyhedral,437,-18.78874109,0.02924271226
126,polyhedral,438,-2.393740831,-0.1928367509
126,polyhedral,439,2.363176224,1.509169262
126,polyhedral,440,3.414396839,0.7325796846
126,polyhedral,441,-11.24993975,0.7790025105
126,polyhedral,442,-0.3186861833,0.709832128
126,polyhedral,443,-7.311013198,0.066148125
126,polyhedral,444,-47.27982356,1.094188751
126,polyhedral,445,-45.09451589,0.5522998344
126,polyhedral,446,3.805975615,-0.03249347815
126,polyhedral,447,3.67098479,0.6165065176
126,polyhedral,448,-9.272702976,0.6468584818
126,polyhedral,449,-4.272372491,0.9699841497
126,polyhedral,450,-3.383440717,-0.004221934686
126,polyhedral,451,2.958304879,-0.08520952317
126,polyhedral,452,4.927978286,1.09067533
126,polyhedral,453,-10.08718163,0.7807594693
126,polyhedral,454,-3.275439397,0.1013938715
126,polyhedral,455,4.305613399,1.281088493
126,polyhedral,456,-10.53072625,0.7317283653
126,polyhedral,457,3.854853741,0.3580090681
126,polyhedral,458,5.02592943,0.3126777152
126,polyhedral,459,-4.347774335,0.3269730887
126,polyhedral,460,3.697132576,2.356053145
126,polyhedral,461,-2.016526437,0.4579860975
126,polyhedral,462,3.673398792,0.9805731003
126,polyhedral,463,-5.457198957,-0.1070774291
126,polyhedral,464,2.938990528,1.288056391
126,polyhedral,465,-46.00144865,-0.003368961573
126,polyhedral,466,5.446434745,0.2875727198
126,polyhedral,467,-8.76041577,0.01399779366
126,polyhedral,468,-12.22567331,0.3385601076
126,polyhedral,469,4.265554159,0.8368125329
126,polyhedral,470,3.229326781,0.03468082231
126,polyhedral,471,-0.05134409876,0.6804778414
126,polyhedral,472,-18.16520804,0.8185714443
126,polyhedral,473,-2.241005578,0.6145127012
126,polyhedral,474,-9.886699491,0.5239642498
126,polyhedral,475,4.300128214,0.8876034132
126,polyhedral,476,1.835173485,0.9647220488
126,polyhedral,477,3.670171394,0.2467461791
126,polyhedral,478,-43.01220292,0.2200888269
126,polyhedral,479,-2.420695513,0.5394996686
126,polyhedral,480,-2.341748101,0.7613885193
126,polyhedral,481,-0.08716340993,0.09292712226
126,polyhedral,482,3.80376587,0.2000481195
126,polyhedral,483,-0.6563681096,0.3985886683
126,polyhedral,484,2.268350872,0.06327233119
126,polyhedral,485,1.540940036,0.9604672457
126,polyhedral,486,1.368625326,0.3117356182
126,polyhedral,487,-1.363427299,-0.10879018
126,polyhedral,488,1.368897797,0.9319241239
126,polyhedral,489,2.81065256,0.9758668863
126,polyhedral,490,3.288033958,1.559958286
126,polyhedral,491,-2.964293571,-0.6051803448
126,polyhedral,492,-9.582948072,-0.1210433754
126,polyhedral,493,-10.00006842,0.5966418849
126,polyhedral,494,0.7558018498,0.6683175533
126,polyhedral,495,-5.507833657,-0.360374628
126,polyhedral,496,-30.41520639,-0.3337530113
126,polyhedral,497,3.58057227,-0.007392460039
126,polyhedral,498,-2.362061409,0.3798559131
126,polyhedral,499,-1.336824905,-0.170346192
126,polyhedral,500,2.20257824,0.5376116325
252,naive,1,2.858098151,0.8476005394
252,naive,2,2.831294496,-0.02029627114
252,naive,3,3.451875908,0.7087394405
252,naive,4,3.165090297,0.7998745573
252,naive,5,3.77150728,0.1758023327
252,naive,6,2.962162072,0.0550600356
252,naive,7,3.723435672,0.479763998
252,naive,8,1.874307152,0.1390254607
252,naive,9,1.365348929,-0.399628638
252,naive,10,2.460144908,-0.0700414783
252,naive,11,0.9713145297,0.504384207
252,naive,12,3.258729911,0.2308811234
252,naive,13,3.844955734,0.8147001217
252,naive,14,1.846961221,0.2324958242
252,naive,15,1.963843221,0.7778838533
252,naive,16,2.03770834,0.5460766495
252,naive,17,2.462496373,0.5020930383
252,naive,18,2.071203876,0.3002685883
252,naive,19,2.936298367,0.3696105716
252,naive,20,3.569043752,0.7414698443
252,naive,21,1.787510805,0.1012318665
252,naive,22,1.869614189,0.2066943588
252,naive,23,3.548599616,0.769325642
252,naive,24,2.499684914,-0.04626943432
252,naive,25,2.11341617,-0.07119121071
252,naive,26,3.129357526,0.2014465589
252,naive,27,2.793437032,0.4733453634
252,naive,28,3.420202189,0.7867975097
252,naive,29,3.195998794,0.7990220929
252,naive,30,2.912233166,-0.2595460854
252,naive,31,2.291491727,0.0124497472
252,naive,32,2.999838177,1.176090666
252,naive,33,2.636561187,0.5117302715
252,naive,34,2.447715681,0.6144606733
252,naive,35,1.636835361,0.2381821107
252,naive,36,1.923277976,0.6155130458
252,naive,37,3.084680136,0.0528592767
252,naive,38,1.174473375,0.01504670705
252,naive,39,2.967626818,0.7256874602
252,naive,40,2.042877558,0.03690641379
252,naive,41,2.71080466,0.127379851
252,naive,42,3.335186759,0.531006889
252,naive,43,2.989109424,-0.000777579671
252,naive,44,2.965046047,0.6117635037
252,naive,45,2.6325961,0.4813350426
252,naive,46,1.01474511,-0.01803675316
252,naive,47,2.916828725,-0.2099678632
252,naive,48,3.279433027,0.2623321461
252,naive,49,2.485477381,1.402139114
252,naive,50,4.303923854,2.039022159
252,naive,51,3.350490304,0.6974466341
252,naive,52,2.67143406,0.9963540895
252,naive,53,3.50797016,1.289312997
252,naive,54,3.133878147,0.5009521624
252,naive,55,3.252376346,0.9924560835
252,naive,56,1.920832439,0.4319437522
252,naive,57,2.622155715,0.6808147146
252,naive,58,5.22788475,1.742242149
252,naive,59,3.088627126,0.6301734632
252,naive,60,2.025803623,0.6805633069
252,naive,61,3.108571775,1.158327413
252,naive,62,3.336631365,0.1259791743
252,naive,63,2.528422209,0.8132998723
252,naive,64,3.526857038,0.5332165512
252,naive,65,3.268081439,0.126421667
252,naive,66,3.37163787,0.1157513786
252,naive,67,2.206506557,-0.03033879545
252,naive,68,0.8097781768,-0.09819402877
252,naive,69,3.948350715,0.8217136112
252,naive,70,2.787576427,0.4608859255
252,naive,71,4.490107869,0.9467941424
252,naive,72,2.872438946,1.142251634
252,naive,73,1.630952755,0.9425888556
252,naive,74,0.9405166795,0.456101869
252,naive,75,1.546759645,0.100302175
252,naive,76,2.549750349,0.5144255152
252,naive,77,2.165079482,1.034901177
252,naive,78,2.889247924,0.9623410965
252,naive,79,2.359326427,-0.1532013236
252,naive,80,2.709676907,0.7832405873
252,naive,81,2.397104163,0.04074217392
252,naive,82,2.929352699,-0.2057804177
252,naive,83,3.594633578,0.4290091378
252,naive,84,3.69288252,2.389341143
252,naive,85,3.025150804,0.2054553216
252,naive,86,2.351200617,0.1653291506
252,naive,87,3.807052185,0.8894756327
252,naive,88,3.396043299,0.2863017332
252,naive,89,2.558863413,0.2587697014
252,naive,90,4.208888469,1.352014442
252,naive,91,3.240051765,0.1753885118
252,naive,92,3.430854077,0.6423842206
252,naive,93,3.256469721,-0.1695716643
252,naive,94,2.184617135,0.2448288882
252,naive,95,3.01396466,0.4058352964
252,naive,96,1.931993862,0.8353507539
252,naive,97,1.844848843,-0.02620685704
252,naive,98,2.529596382,0.6941159978
252,naive,99,1.894361554,-0.1521634891
252,naive,100,3.278944252,0.6150727256
252,naive,101,1.836593936,0.9181874466
252,naive,102,2.100260311,0.8933657414
252,naive,103,1.049986737,-0.1862620952
252,naive,104,1.162845546,0.4173988069
252,naive,105,3.494770463,0.9528354045
252,naive,106,5.517646666,1.383593406
252,naive,107,3.023545649,0.7863921553
252,naive,108,2.726312893,-0.2404921743
252,naive,109,3.221245653,1.366866079
252,naive,110,3.154267663,0.4280500611
252,naive,111,1.66774351,0.8330190505
252,naive,112,3.094434645,0.1583575004
252,naive,113,1.138944681,1.125255835
252,naive,114,3.049426406,-0.4992435926
252,naive,115,4.052414495,0.9157750115
252,naive,116,1.039938461,-0.493217974
252,naive,117,2.404733449,-0.1025533948
252,naive,118,1.818570638,0.4304946795
252,naive,119,3.521088054,0.448173259
252,naive,120,3.152385434,0.9334669964
252,naive,121,3.430956884,0.8999118604
252,naive,122,3.475189001,2.102133917
252,naive,123,1.839636489,-0.006801450658
252,naive,124,1.217450651,0.07381158118
252,naive,125,2.64736452,-0.1639660262
252,naive,126,3.06379479,0.2127652797
252,naive,127,1.65762329,0.8678055131
252,naive,128,3.471493405,0.9501615227
252,naive,129,0.8483581423,-0.3410263543
252,naive,130,4.613312208,0.9003480104
252,naive,131,4.236137096,1.33071447
252,naive,132,2.436223051,1.812226975
252,naive,133,1.735240869,0.9366795323
252,naive,134,3.269599751,-0.3486181683
252,naive,135,3.396060367,0.3445034316
252,naive,136,4.467158214,0.7702281048
252,naive,137,3.65855385,0.6848362856
252,naive,138,2.269573028,0.6402634151
252,naive,139,2.903266067,1.132469966
252,naive,140,3.283813096,0.525467735
252,naive,141,2.432499175,1.568837506
252,naive,142,3.580338804,0.5090718768
252,naive,143,2.832035564,-0.3722385952
252,naive,144,3.073666526,1.285651332
252,naive,145,3.090014716,1.189219603
252,naive,146,2.502512215,0.3097962429
252,naive,147,3.850424389,0.2850060403
252,naive,148,3.856075358,1.342321519
252,naive,149,2.757959561,-0.01612404081
252,naive,150,2.495324442,0.4829675341
252,naive,151,3.662981716,0.9717085378
252,naive,152,3.439884835,0.7312372532
252,naive,153,1.23892763,0.3160131183
252,naive,154,3.425886976,0.5804314231
252,naive,155,1.229968452,0.6658756683
252,naive,156,3.934870061,0.6622497897
252,naive,157,2.58439328,0.921418338
252,naive,158,2.182077954,0.1349186209
252,naive,159,2.854046823,0.8795580022
252,naive,160,3.882765703,-0.2824373592
252,naive,161,1.759546332,0.4070555357
252,naive,162,3.631588184,0.7891142157
252,naive,163,3.812113369,0.9864641486
252,naive,164,2.29365444,0.7384493234
252,naive,165,2.912964849,0.19426635
252,naive,166,4.514347736,0.6701569349
252,naive,167,3.571459593,0.7744292781
252,naive,168,1.80553813,0.117455069
252,naive,169,3.98865851,-0.2049346326
252,naive,170,3.586356214,0.9851773692
252,naive,171,1.676373109,0.733661554
252,naive,172,2.829086208,-0.08966874169
252,naive,173,2.531715581,0.8122141065
252,naive,174,3.464559063,0.2698640093
252,naive,175,3.058629852,0.6063886171
252,naive,176,1.723668545,0.4980302316
252,naive,177,2.095840342,-0.06523940225
252,naive,178,1.272448032,0.08264085665
252,naive,179,3.102837676,0.5243919196
252,naive,180,4.372915157,1.24680759
252,naive,181,3.169735831,1.072336082
252,naive,182,3.736854481,0.7376302555
252,naive,183,1.987253262,0.1315342924
252,naive,184,3.686858192,0.4242363212
252,naive,185,3.855246139,0.6373398109
252,naive,186,2.447143492,0.1616247205
252,naive,187,2.149933789,0.2568325256
252,naive,188,3.648648292,0.8308886621
252,naive,189,1.952445148,1.41303505
252,naive,190,3.93662289,0.09339210819
252,naive,191,2.315088802,0.2806782669
252,naive,192,2.719643679,0.5008758837
252,naive,193,3.441091055,0.7269341883
252,naive,194,2.986960301,0.004706088286
252,naive,195,3.149083174,0.4605266085
252,naive,196,1.477841397,0.8061821998
252,naive,197,3.375415623,1.114062205
252,naive,198,3.887395699,0.9858171536
252,naive,199,3.656448476,1.706481694
252,naive,200,1.84529883,1.499554063
252,naive,201,1.839942683,-0.2745994877
252,naive,202,1.702948651,0.09879459707
252,naive,203,2.844149804,0.7044757204
252,naive,204,2.789160791,1.494003873
252,naive,205,2.166276745,-0.05089441564
252,naive,206,2.1195428,-0.1100693996
252,naive,207,3.262189659,0.100441424
252,naive,208,4.356666872,0.6737579924
252,naive,209,2.167714535,-0.1726067019
252,naive,210,2.346771561,0.6734956929
252,naive,211,3.120143613,-0.05073110536
252,naive,212,3.24986227,0.4070903721
252,naive,213,3.622982307,0.2072040399
252,naive,214,2.275683945,1.160110536
252,naive,215,2.258718082,0.331329244
252,naive,216,3.317520571,1.417092362
252,naive,217,2.416836391,0.001028629583
252,naive,218,2.396899877,1.704010367
252,naive,219,3.135071784,0.3784594717
252,naive,220,3.544630223,1.363593911
252,naive,221,3.665793308,0.8640508446
252,naive,222,3.809948475,0.7904774878
252,naive,223,2.718238218,-0.01114190945
252,naive,224,3.175223306,0.7308095825
252,naive,225,2.016205419,0.7796585218
252,naive,226,3.71367508,1.314104005
252,naive,227,2.845646461,-0.05847731532
252,naive,228,1.436499472,0.7245844601
252,naive,229,2.691917614,1.373168604
252,naive,230,2.867181542,0.7539900999
252,naive,231,2.2186314,1.209512913
252,naive,232,2.673967231,0.08215931468
252,naive,233,2.924431458,-0.05965207485
252,naive,234,3.614117731,-0.1147169556
252,naive,235,2.727825793,0.827857107
252,naive,236,2.400670077,-0.0253320725
252,naive,237,1.751786376,-0.01732745255
252,naive,238,3.088269063,0.07087531909
252,naive,239,1.894014058,0.497625908
252,naive,240,1.953844121,0.2742167719
252,naive,241,3.218241868,0.4859937772
252,naive,242,1.273547622,1.074526361
252,naive,243,2.566394537,0.4261678412
252,naive,244,4.274174108,1.202775427
252,naive,245,3.257667985,1.322261393
252,naive,246,2.617967612,-0.4357967006
252,naive,247,0.8255676762,-0.05064917209
252,naive,248,1.13024802,-0.03776297422
252,naive,249,2.402107962,0.9680440919
252,naive,250,1.452365142,0.1731431966
252,naive,251,3.68641485,0.5583230516
252,naive,252,3.062968599,-0.2851008187
252,naive,253,2.580011023,-0.05005352588
252,naive,254,3.5579821,0.7628793466
252,naive,255,3.796322717,1.701060912
252,naive,256,3.578415525,-0.06441626272
252,naive,257,3.953265421,0.5114473523
252,naive,258,2.265504743,0.3834471296
252,naive,259,2.499286386,1.101217961
252,naive,260,2.725449256,0.2979921843
252,naive,261,3.112545452,0.2779128864
252,naive,262,1.899919269,0.4352658797
252,naive,263,2.524063683,1.057359853
252,naive,264,3.817330089,1.12063284
252,naive,265,2.553863801,0.1773678557
252,naive,266,3.931042774,1.288554468
252,naive,267,3.229628169,0.09590107573
252,naive,268,3.130979023,1.472255856
252,naive,269,1.137619537,-0.3035787916
252,naive,270,1.875885054,0.09346814605
252,naive,271,4.172353679,1.111914194
252,naive,272,3.720518727,0.8626954176
252,naive,273,3.193892706,0.2645744
252,naive,274,3.56431559,1.497360165
252,naive,275,3.068141574,0.01955463815
252,naive,276,3.275898946,0.2706737767
252,naive,277,3.534808856,0.1732119149
252,naive,278,3.69018789,0.2884480566
252,naive,279,1.065403685,-0.8351703292
252,naive,280,2.40578644,0.5894699061
252,naive,281,1.906257215,-0.3192908235
252,naive,282,2.445980873,0.8578907311
252,naive,283,3.072456486,0.2249626495
252,naive,284,4.621608764,2.701969516
252,naive,285,1.323051006,1.046409881
252,naive,286,3.374830561,0.6464961864
252,naive,287,2.042547005,0.8843627846
252,naive,288,3.077473312,3.53707036e-05
252,naive,289,2.237741634,0.4061732957
252,naive,290,2.912686618,0.7116257288
252,naive,291,1.948266979,-0.1401694483
252,naive,292,3.971427438,1.083311734
252,naive,293,3.788474963,0.7498579168
252,naive,294,0.8804433568,0.03819359061
252,naive,295,1.9823409,0.1151316977
252,naive,296,1.839302057,0.7029846006
252,naive,297,1.472885893,-0.1607887515
252,naive,298,3.897654679,1.780510601
252,naive,299,4.054603065,0.476907499
252,naive,300,1.399700021,0.1728466184
252,naive,301,3.312979814,-0.04525357322
252,naive,302,1.992528198,0.3953636392
252,naive,303,2.604797773,1.386204069
252,naive,304,1.932801567,0.06277230811
252,naive,305,2.876390908,0.003317350814
252,naive,306,3.85465323,1.306698422
252,naive,307,3.945396939,5.206198773e-05
252,naive,308,3.56357634,0.02350168123
252,naive,309,2.003073313,-0.06678859569
252,naive,310,3.388221365,0.7474264151
252,naive,311,3.220613352,-0.1452774684
252,naive,312,2.096904032,0.2021946202
252,naive,313,3.439429001,-0.01357859916
252,naive,314,3.577361164,0.6892453682
252,naive,315,4.041822574,0.06263167936
252,naive,316,4.320642275,0.7247013884
252,naive,317,2.790335915,-0.1935887744
252,naive,318,2.927552631,0.9186176316
252,naive,319,1.266715694,-0.7315831755
252,naive,320,2.084429665,0.2564342727
252,naive,321,3.489714666,0.01537686767
252,naive,322,2.664459743,0.7869484146
252,naive,323,1.655007074,0.4752908997
252,naive,324,2.746188965,-0.04503234354
252,naive,325,1.295816544,0.6905106527
252,naive,326,2.295195652,0.9112519976
252,naive,327,3.620408887,0.4717085081
252,naive,328,3.855930888,0.7149928039
252,naive,329,3.930968577,1.614981522
252,naive,330,1.99282827,0.4065709601
252,naive,331,1.871442971,-0.04386379862
252,naive,332,1.675282523,0.007281139431
252,naive,333,3.010238348,1.150490356
252,naive,334,3.158122524,1.492403736
252,naive,335,2.893788597,0.4013523007
252,naive,336,2.129894095,-0.05758213997
252,naive,337,3.120459618,0.1363865752
252,naive,338,1.983960246,-0.007905700444
252,naive,339,3.261369574,1.456039837
252,naive,340,2.352993873,-0.05484322193
252,naive,341,2.492884805,0.9379889237
252,naive,342,4.330613326,0.7580327198
252,naive,343,4.131271253,1.282080718
252,naive,344,4.196219084,0.1503015827
252,naive,345,4.533138236,1.667511625
252,naive,346,3.824591829,0.6199361215
252,naive,347,2.828448639,-0.003111112258
252,naive,348,3.458241244,-0.01642671681
252,naive,349,1.326827893,0.6333236232
252,naive,350,4.350395281,0.9474148059
252,naive,351,1.812152101,0.1457592586
252,naive,352,3.196434307,1.152038385
252,naive,353,1.477125078,-0.07539168579
252,naive,354,2.061629711,0.1141316027
252,naive,355,2.723420667,1.161281935
252,naive,356,2.886439558,0.0580077902
252,naive,357,1.290371285,0.09481230295
252,naive,358,2.222275896,0.1481204882
252,naive,359,3.768536382,0.6817010335
252,naive,360,3.881746859,1.031767111
252,naive,361,4.865239283,0.7440332
252,naive,362,2.509815574,1.137600853
252,naive,363,3.825429083,1.251546939
252,naive,364,2.434274414,0.9796854078
252,naive,365,2.011497999,0.1906930293
252,naive,366,2.455901045,0.8659662585
252,naive,367,3.257540378,0.7737149944
252,naive,368,4.129303847,2.59437589
252,naive,369,3.906941655,1.61842813
252,naive,370,2.632970143,0.5611122037
252,naive,371,3.115085386,0.3198649841
252,naive,372,1.655602631,0.3015361512
252,naive,373,2.163426255,-0.1937897777
252,naive,374,3.486385973,0.3678223748
252,naive,375,2.647764614,-0.02101245423
252,naive,376,3.039162912,1.313083623
252,naive,377,2.661629577,0.1458254539
252,naive,378,2.56507264,0.8858818322
252,naive,379,2.907656337,0.5118767919
252,naive,380,3.726126565,1.551529137
252,naive,381,2.47307264,-0.4710715732
252,naive,382,2.860319077,0.2472000812
252,naive,383,2.913240439,0.1342087367
252,naive,384,3.618143713,0.5421204861
252,naive,385,3.549364886,0.2744566278
252,naive,386,3.111244215,0.8156092201
252,naive,387,3.980546559,0.4763183259
252,naive,388,1.912039902,0.7316766048
252,naive,389,3.160896273,-5.032063674e-05
252,naive,390,1.779243002,0.145552029
252,naive,391,4.63724922,2.229332041
252,naive,392,2.935475264,-0.01333320649
252,naive,393,3.407776922,0.7327957335
252,naive,394,3.763477495,0.3718326231
252,naive,395,3.137592437,0.1350092217
252,naive,396,3.739253337,0.9543763226
252,naive,397,0.04273881769,0.08415458428
252,naive,398,4.447523485,1.630433503
252,naive,399,3.846842491,0.94203514
252,naive,400,3.585312262,1.647310426
252,naive,401,2.33124075,1.335727406
252,naive,402,3.77679365,-0.3037552031
252,naive,403,4.2885568,0.6019472008
252,naive,404,2.112054259,0.01181029278
252,naive,405,2.96856273,0.8775357866
252,naive,406,2.608112751,0.4304385459
252,naive,407,3.095909934,0.3454410928
252,naive,408,2.590194754,1.059837307
252,naive,409,3.247483734,0.9593251283
252,naive,410,3.818623752,0.6440111581
252,naive,411,3.686383271,0.7268509366
252,naive,412,3.319082738,-0.006316360216
252,naive,413,2.83834966,0.2607411653
252,naive,414,0.8184821095,1.558683815
252,naive,415,2.916798772,0.4279092258
252,naive,416,1.510768168,-0.1242618278
252,naive,417,3.445896217,0.8607917061
252,naive,418,3.266571048,0.1690039342
252,naive,419,2.762101523,0.9909439771
252,naive,420,3.427278085,-0.1922740006
252,naive,421,1.293448118,0.1131021127
252,naive,422,2.145474166,0.6675865688
252,naive,423,3.082517795,-0.2780522263
252,naive,424,1.741287836,0.2983707074
252,naive,425,1.238657744,0.08119503632
252,naive,426,2.011044073,-0.2289892774
252,naive,427,1.809746038,1.223001357
252,naive,428,2.872937407,0.8657123624
252,naive,429,1.043433044,0.2550323197
252,naive,430,3.424786761,0.1063706398
252,naive,431,1.587055998,0.03058640857
252,naive,432,2.238365849,0.3477298377
252,naive,433,1.078196392,0.007891305725
252,naive,434,2.145092463,0.1443414188
252,naive,435,4.314410393,0.4965817583
252,naive,436,2.464384359,1.288551739
252,naive,437,3.869341748,1.564045209
252,naive,438,2.836899377,0.8396770097
252,naive,439,3.074749625,1.148396429
252,naive,440,2.993908371,0.07030899053
252,naive,441,3.026482804,-0.05229939116
252,naive,442,4.614129308,1.447120795
252,naive,443,1.355333773,0.5994576829
252,naive,444,1.795273366,1.298016037
252,naive,445,3.343180186,0.4830172138
252,naive,446,2.449376459,0.701936035
252,naive,447,3.756257118,0.5379888257
252,naive,448,1.13195214,0.0492575299
252,naive,449,1.249214523,0.623705376
252,naive,450,2.303775817,0.6963229055
252,naive,451,1.903064388,0.6600981281
252,naive,452,3.119214528,-0.3413448597
252,naive,453,2.102039784,0.7445571281
252,naive,454,4.315058232,0.03984329222
252,naive,455,1.367269897,0.2381041312
252,naive,456,1.666067018,0.02556902358
252,naive,457,3.12298586,-0.377060158
252,naive,458,3.102010463,0.7396512758
252,naive,459,1.01775528,0.08597409876
252,naive,460,4.299573048,1.296643529
252,naive,461,2.754441278,0.06314401631
252,naive,462,3.14553986,1.902448136
252,naive,463,2.689484835,0.4727488947
252,naive,464,3.101864591,0.760668447
252,naive,465,2.717201032,0.4007729048
252,naive,466,3.33624938,1.301507367
252,naive,467,2.731420778,1.95550045
252,naive,468,3.740194351,1.648819591
252,naive,469,4.712458542,1.56928269
252,naive,470,2.737344981,0.1064478778
252,naive,471,3.212925208,0.4016227582
252,naive,472,3.153127735,0.4556681712
252,naive,473,2.271236722,0.4222153801
252,naive,474,0.6878454881,1.219747884
252,naive,475,3.413989627,0.7586172607
252,naive,476,2.398101234,0.6716414347
252,naive,477,2.663403421,-0.144612517
252,naive,478,2.579015145,-0.04824563097
252,naive,479,2.291906357,0.7293231039
252,naive,480,2.488791428,0.2351337956
252,naive,481,3.282322391,1.336671881
252,naive,482,1.57431706,-0.01784867073
252,naive,483,3.060458354,-0.05961147087
252,naive,484,2.198328126,0.4799204571
252,naive,485,0.9343895278,-0.05066686262
252,naive,486,3.957867823,0.751032994
252,naive,487,3.903946686,1.175497217
252,naive,488,3.524761317,1.525299266
252,naive,489,2.110297575,0.5001820003
252,naive,490,3.295169601,0.806001214
252,naive,491,3.025729108,0.08899494607
252,naive,492,3.826469675,0.3374280777
252,naive,493,2.228678167,0.1541193934
252,naive,494,3.80051203,0.2959255601
252,naive,495,2.408356626,0.3504123166
252,naive,496,3.774655079,1.252422528
252,naive,497,2.1007117,0.2317914199
252,naive,498,3.771239156,2.74138431
252,naive,499,4.101461571,0.2179183719
252,naive,500,1.575954598,0.4718948447
252,expected_max,1,0.7847058435,0.8476005394
252,expected_max,2,0.3006916023,-0.02029627114
252,expected_max,3,0.196754394,0.7087394405
252,expected_max,4,0.6344874036,0.7998745573
252,expected_max,5,0.5163857659,0.1758023327
252,expected_max,6,0.4315591792,0.0550600356
252,expected_max,7,0.4683141583,0.479763998
252,expected_max,8,-0.1990851557,0.1390254607
252,expected_max,9,-0.2092493726,-0.399628638
252,expected_max,10,0.3867525998,-0.0700414783
252,expected_max,11,-0.6032837716,0.504384207
252,expected_max,12,0.00360839731,0.2308811234
252,expected_max,13,1.314352841,0.8147001217
252,expected_max,14,0.2723629193,0.2324958242
252,expected_max,15,0.38924492,0.7778838533
252,expected_max,16,0.463110039,0.5460766495
252,expected_max,17,0.8878980713,0.5020930383
252,expected_max,18,0.4966055745,0.3002685883
252,expected_max,19,0.04079686143,0.3696105716
252,expected_max,20,1.495651444,0.7414698443
252,expected_max,21,-0.2858815032,0.1012318665
252,expected_max,22,0.295015888,0.2066943588
252,expected_max,23,0.2934781019,0.769325642
252,expected_max,24,0.4262926063,-0.04626943432
252,expected_max,25,-0.4171867229,-0.07119121071
252,expected_max,26,0.5987546329,0.2014465589
252,expected_max,27,-0.1020644738,0.4733453634
252,expected_max,28,0.8895992961,0.7867975097
252,expected_max,29,-0.05912272003,0.7990220929
252,expected_max,30,-0.3428883476,-0.2595460854
252,expected_max,31,-0.239111166,0.0124497472
252,expected_max,32,1.425239876,1.176090666
252,expected_max,33,0.5631688793,0.5117302715
252,expected_max,34,0.3743233735,0.6144606733
252,expected_max,35,0.06223705988,0.2381821107
252,expected_max,36,0.348679675,0.6155130458
252,expected_max,37,0.5540772427,0.0528592767
252,expected_max,38,-0.4001249265,0.01504670705
252,expected_max,39,0.072125312,0.7256874602
252,expected_max,40,-0.4877253348,0.03690641379
252,expected_max,41,0.180201767,0.127379851
252,expected_max,42,0.4396852529,0.531006889
252,expected_max,43,-0.2660120896,-0.000777579671
252,expected_max,44,0.06954454155,0.6117635037
252,expected_max,45,0.1019932069,0.4813350426
252,expected_max,46,-1.058647198,-0.01803675316
252,expected_max,47,0.02132721874,-0.2099678632
252,expected_max,48,0.02431151328,0.2623321461
252,expected_max,49,0.9108790792,1.402139114
252,expected_max,50,1.04880234,2.039022159
252,expected_max,51,0.09536879042,0.6974466341
252,expected_max,52,1.096835759,0.9963540895
252,expected_max,53,0.6124686545,1.289312997
252,expected_max,54,0.6032752536,0.5009521624
252,expected_max,55,0.3568748405,0.9924560835
252,expected_max,56,-0.1525598691,0.4319437522
252,expected_max,57,0.09155282175,0.6808147146
252,expected_max,58,1.972763236,1.742242149
252,expected_max,59,0.5580242324,0.6301734632
252,expected_max,60,0.4512053214,0.6805633069
252,expected_max,61,1.035179467,1.158327413
252,expected_max,62,0.4411298594,0.1259791743
252,expected_max,63,0.9538239077,0.8132998723
252,expected_max,64,0.9962541446,0.5332165512
252,expected_max,65,0.7374785462,0.126421667
252,expected_max,66,0.1165163563,0.1157513786
252,expected_max,67,0.1331142494,-0.03033879545
252,expected_max,68,-0.7648201246,-0.09819402877
252,expected_max,69,0.6932292018,0.8217136112
252,expected_max,70,1.212978126,0.4608859255
252,expected_max,71,1.234986356,0.9467941424
252,expected_max,72,0.3418360533,1.142251634
252,expected_max,73,0.05635445383,0.9425888556
252,expected_max,74,-0.6340816219,0.456101869
252,expected_max,75,-0.5266326628,0.100302175
252,expected_max,76,-0.3457511567,0.5144255152
252,expected_max,77,0.09168717454,1.034901177
252,expected_max,78,-0.006253581984,0.9623410965
252,expected_max,79,-0.1712764665,-0.1532013236
252,expected_max,80,1.135078606,0.7832405873
252,expected_max,81,-0.1334987301,0.04074217392
252,expected_max,82,-0.3257688148,-0.2057804177
252,expected_max,83,0.6991320718,0.4290091378
252,expected_max,84,0.7973810146,2.389341143
252,expected_max,85,-0.2299707097,0.2054553216
252,expected_max,86,-0.1794022759,0.1653291506
252,expected_max,87,0.5519306715,0.8894756327
252,expected_max,88,0.8654404055,0.2863017332
252,expected_max,89,-0.3366380925,0.2587697014
252,expected_max,90,1.678285576,1.352014442
252,expected_max,91,0.7094488721,0.1753885118
252,expected_max,92,0.5353525715,0.6423842206
252,expected_max,93,0.001348207096,-0.1695716643
252,expected_max,94,0.610018834,0.2448288882
252,expected_max,95,0.1184631542,0.4058352964
252,expected_max,96,-0.1413984455,0.8353507539
252,expected_max,97,0.2702505416,-0.02620685704
252,expected_max,98,-0.001006510987,0.6941159978
252,expected_max,99,-0.636241339,-0.1521634891
252,expected_max,100,1.205551944,0.6150727256
252,expected_max,101,-0.2367983718,0.9181874466
252,expected_max,102,0.02686800259,0.8933657414
252,expected_max,103,-0.524611564,-0.1862620952
252,expected_max,104,-0.4117527555,0.4173988069
252,expected_max,105,0.9641675697,0.9528354045
252,expected_max,106,2.262525152,1.383593406
252,expected_max,107,0.1280441431,0.7863921553
252,expected_max,108,0.1957100002,-0.2404921743
252,expected_max,109,0.6906427599,1.366866079
252,expected_max,110,0.2587661571,0.4280500611
252,expected_max,111,0.09314520846,0.8330190505
252,expected_max,112,-0.1606868685,0.1583575004
252,expected_max,113,-0.9344476272,1.125255835
252,expected_max,114,0.1539249004,-0.4992435926
252,expected_max,115,1.156912989,0.9157750115
252,expected_max,116,-0.5346598401,-0.493217974
252,expected_max,117,-0.1258694446,-0.1025533948
252,expected_max,118,0.2439723367,0.4304946795
252,expected_max,119,0.2659665402,0.448173259
252,expected_max,120,1.078993126,0.9334669964
252,expected_max,121,0.1758353703,0.8999118604
252,expected_max,122,0.9445861078,2.102133917
252,expected_max,123,-0.2337558191,-0.006801450658
252,expected_max,124,-0.3571476504,0.07381158118
252,expected_max,125,0.116761627,-0.1639660262
252,expected_max,126,0.1682932842,0.2127652797
252,expected_max,127,0.0830249883,0.8678055131
252,expected_max,128,1.896895104,0.9501615227
252,expected_max,129,-0.7262401591,-0.3410263543
252,expected_max,130,1.358190694,0.9003480104
252,expected_max,131,1.34063559,1.33071447
252,expected_max,132,0.3628307426,1.812226975
252,expected_max,133,0.1606425681,0.9366795323
252,expected_max,134,0.01447823686,-0.3486181683
252,expected_max,135,0.5005588608,0.3445034316
252,expected_max,136,1.571656708,0.7702281048
252,expected_max,137,0.403432336,0.6848362856
252,expected_max,138,0.6949747265,0.6402634151
252,expected_max,139,0.8298737593,1.132469966
252,expected_max,140,0.02869158194,0.525467735
252,expected_max,141,0.3591068675,1.568837506
252,expected_max,142,1.049735911,0.5090718768
252,expected_max,143,-0.06346594176,-0.3722385952
252,expected_max,144,0.1781650201,1.285651332
252,expected_max,145,0.1945132102,1.189219603
252,expected_max,146,0.4291199067,0.3097962429
252,expected_max,147,0.5953028757,0.2850060403
252,expected_max,148,0.6009538446,1.342321519
252,expected_max,149,0.2273566683,-0.01612404081
252,expected_max,150,-0.4001770636,0.4829675341
252,expected_max,151,0.7674802106,0.9717085378
252,expected_max,152,0.5443833295,0.7312372532
252,expected_max,153,-0.3356706711,0.3160131183
252,expected_max,154,0.1707654628,0.5804314231
252,expected_max,155,-0.8434238561,0.6658756683
252,expected_max,156,0.6797485477,0.6622497897
252,expected_max,157,0.5110009722,0.921418338
252,expected_max,158,0.1086856462,0.1349186209
252,expected_max,159,-0.0414546827,0.8795580022
252,expected_max,160,0.6276441898,-0.2824373592
252,expected_max,161,-0.313845976,0.4070555357
252,expected_max,162,0.7360866784,0.7891142157
252,expected_max,163,0.5569918557,0.9864641486
252,expected_max,164,0.2202621316,0.7384493234
252,expected_max,165,0.382361956,0.19426635
252,expected_max,166,1.259226223,0.6701569349
252,expected_max,167,1.498067285,0.7744292781
252,expected_max,168,-0.2678541778,0.117455069
252,expected_max,169,1.093157004,-0.2049346326
252,expected_max,170,0.6908547086,0.9851773692
252,expected_max,171,-0.3970191988,0.733661554
252,expected_max,172,0.2984833152,-0.08966874169
252,expected_max,173,0.001112687926,0.8122141065
252,expected_max,174,0.209437549,0.2698640093
252,expected_max,175,0.1631283463,0.6063886171
252,expected_max,176,0.1490702433,0.4980302316
252,expected_max,177,0.5212420408,-0.06523940225
252,expected_max,178,-0.3021502696,0.08264085665
252,expected_max,179,0.2073361701,0.5243919196
252,expected_max,180,1.117793643,1.24680759
252,expected_max,181,0.2742343249,1.072336082
252,expected_max,182,0.8413529748,0.7376302555
252,expected_max,183,-0.5433496311,0.1315342924
252,expected_max,184,0.7913566859,0.4242363212
252,expected_max,185,1.324643246,0.6373398109
252,expected_max,186,0.373751184,0.1616247205
252,expected_max,187,-0.3806691038,0.2568325256
252,expected_max,188,0.3935267779,0.8308886621
252,expected_max,189,0.3778468463,1.41303505
252,expected_max,190,0.6815013761,0.09339210819
252,expected_max,191,0.2416964939,0.2806782669
252,expected_max,192,0.1890407858,0.5008758837
252,expected_max,193,0.1859695413,0.7269341883
252,expected_max,194,-0.2681612123,0.004706088286
252,expected_max,195,0.2535816686,0.4605266085
252,expected_max,196,-0.096756904,0.8061821998
252,expected_max,197,0.4799141171,1.114062205
252,expected_max,198,0.6322741855,0.9858171536
252,expected_max,199,0.4013269621,1.706481694
252,expected_max,200,-0.228093478,1.499554063
252,expected_max,201,-0.2334496245,-0.2745994877
252,expected_max,202,0.1283503495,0.09879459707
252,expected_max,203,1.269551503,0.7044757204
252,expected_max,204,0.2585578979,1.494003873
252,expected_max,205,-0.3643261481,-0.05089441564
252,expected_max,206,0.0461504916,-0.1100693996
252,expected_max,207,0.3666881527,0.100441424
252,expected_max,208,1.101545358,0.6737579924
252,expected_max,209,0.09432222713,-0.1726067019
252,expected_max,210,-0.1838313323,0.6734956929
252,expected_max,211,0.2246421073,-0.05073110536
252,expected_max,212,-0.00525924316,0.4070903721
252,expected_max,213,0.3678607935,0.2072040399
252,expected_max,214,0.202291637,1.160110536
252,expected_max,215,0.1853257741,0.331329244
252,expected_max,216,0.7869176778,1.417092362
252,expected_max,217,-0.1137665023,0.001028629583
252,expected_max,218,0.8223015753,1.704010367
252,expected_max,219,0.2395702777,0.3784594717
252,expected_max,220,0.2895087095,1.363593911
252,expected_max,221,0.7702918026,0.8640508446
252,expected_max,222,0.9144469691,0.7904774878
252,expected_max,223,-0.1772632882,-0.01114190945
252,expected_max,224,1.101830998,0.7308095825
252,expected_max,225,0.4416071178,0.7796585218
252,expected_max,226,1.183072187,1.314104005
252,expected_max,227,-0.4094750528,-0.05847731532
252,expected_max,228,-0.1380988298,0.7245844601
252,expected_max,229,1.117319313,1.373168604
252,expected_max,230,-0.3879399714,0.7539900999
252,expected_max,231,0.1452390921,1.209512913
252,expected_max,232,-0.2215342751,0.08215931468
252,expected_max,233,0.3938285645,-0.05965207485
252,expected_max,234,0.7186162254,-0.1147169556
252,expected_max,235,0.6544334848,0.827857107
252,expected_max,236,0.8260717758,-0.0253320725
252,expected_max,237,-0.3216059324,-0.01732745255
252,expected_max,238,0.5576661694,0.07087531909
252,expected_max,239,0.3194157562,0.497625908
252,expected_max,240,-0.5767587722,0.2742167719
252,expected_max,241,0.3227403622,0.4859937772
252,expected_max,242,-0.3010506793,1.074526361
252,expected_max,243,0.493002229,0.4261678412
252,expected_max,244,1.378672602,1.202775427
252,expected_max,245,0.3621664789,1.322261393
252,expected_max,246,1.043369311,-0.4357967006
252,expected_max,247,-0.7490306252,-0.05064917209
252,expected_max,248,-0.4443502815,-0.03776297422
252,expected_max,249,0.8275096611,0.9680440919
252,expected_max,250,-0.1222331591,0.1731431966
252,expected_max,251,1.155811956,0.5583230516
252,expected_max,252,-0.1921529148,-0.2851008187
252,expected_max,253,-0.3154904826,-0.05005352588
252,expected_max,254,0.6624805938,0.7628793466
252,expected_max,255,0.9008212114,1.701060912
252,expected_max,256,0.682914019,-0.06441626272
252,expected_max,257,0.6981439073,0.5114473523
252,expected_max,258,-0.2650981504,0.3834471296
252,expected_max,259,-0.03131650695,1.101217961
252,expected_max,260,-0.1700522498,0.2979921843
252,expected_max,261,0.217043946,0.2779128864
252,expected_max,262,0.3253209679,0.4352658797
252,expected_max,263,0.450671375,1.057359853
252,expected_max,264,0.5622085755,1.12063284
252,expected_max,265,0.02326090777,0.1773678557
252,expected_max,266,0.6759212604,1.288554468
252,expected_max,267,-0.02549334507,0.09590107573
252,expected_max,268,0.235477517,1.472255856
252,expected_max,269,-0.4369787639,-0.3035787916
252,expected_max,270,-0.6547178396,0.09346814605
252,expected_max,271,0.917232165,1.111914194
252,expected_max,272,0.4653972132,0.8626954176
252,expected_max,273,0.2983912006,0.2645744
252,expected_max,274,1.033712697,1.497360165
252,expected_max,275,-0.1869799398,0.01955463815
252,expected_max,276,0.3803974404,0.2706737767
252,expected_max,277,0.6393073504,0.1732119149
252,expected_max,278,0.4350663764,0.2884480566
252,expected_max,279,-0.509194616,-0.8351703292
252,expected_max,280,-0.4897150654,0.5894699061
252,expected_max,281,-0.1671350928,-0.3192908235
252,expected_max,282,0.8713825714,0.8578907311
252,expected_max,283,-0.182665028,0.2249626495
252,expected_max,284,1.366487251,2.701969516
252,expected_max,285,-0.251547295,1.046409881
252,expected_max,286,0.1197090478,0.6464961864
252,expected_max,287,-0.0308453032,0.8843627846
252,expected_max,288,-0.1776482016,3.53707036e-05
252,expected_max,289,0.1643493263,0.4061732957
252,expected_max,290,0.3820837247,0.7116257288
252,expected_max,291,-0.1251253288,-0.1401694483
252,expected_max,292,1.075925932,1.083311734
252,expected_max,293,0.8929734571,0.7498579168
252,expected_max,294,-0.6941549446,0.03819359061
252,expected_max,295,0.4077425982,0.1151316977
252,expected_max,296,0.2647037553,0.7029846006
252,expected_max,297,-0.1017124087,-0.1607887515
252,expected_max,298,0.642533165,1.780510601
252,expected_max,299,0.7994815517,0.476907499
252,expected_max,300,-0.1748982806,0.1728466184
252,expected_max,301,0.05785829992,-0.04525357322
252,expected_max,302,-0.08086410982,0.3953636392
252,expected_max,303,0.07419487984,1.386204069
252,expected_max,304,-0.5978013259,0.06277230811
252,expected_max,305,-0.01911059751,0.003317350814
252,expected_max,306,0.9591517237,1.306698422
252,expected_max,307,0.6902754253,5.206198773e-05
252,expected_max,308,1.032973447,0.02350168123
252,expected_max,309,-0.07031899452,-0.06678859569
252,expected_max,310,0.1330998511,0.7474264151
252,expected_max,311,0.3251118465,-0.1452774684
252,expected_max,312,0.0235117242,0.2021946202
252,expected_max,313,0.1843074874,-0.01357859916
252,expected_max,314,0.3222396499,0.6892453682
252,expected_max,315,0.7867010604,0.06263167936
252,expected_max,316,1.790039382,0.7247013884
252,expected_max,317,0.2597330215,-0.1935887744
252,expected_max,318,1.352954329,0.9186176316
252,expected_max,319,-0.3078826073,-0.7315831755
252,expected_max,320,0.0110373567,0.2564342727
252,expected_max,321,0.234593152,0.01537686767
252,expected_max,322,0.1338568501,0.7869484146
252,expected_max,323,-0.4183852341,0.4752908997
252,expected_max,324,0.2155860714,-0.04503234354
252,expected_max,325,-0.2787817573,0.6905106527
252,expected_max,326,0.2218033444,0.9112519976
252,expected_max,327,0.3652873731,0.4717085081
252,expected_max,328,0.6008093745,0.7149928039
252,expected_max,329,0.6758470637,1.614981522
252,expected_max,330,-0.08056403815,0.4065709601
252,expected_max,331,-0.2019493371,-0.04386379862
252,expected_max,332,-0.8553203704,0.007281139431
252,expected_max,333,0.4796354551,1.150490356
252,expected_max,334,0.6275196305,1.492403736
252,expected_max,335,0.8203962895,0.4013523007
252,expected_max,336,0.5552957932,-0.05758213997
252,expected_max,337,-0.1346618956,0.1363865752
252,expected_max,338,-0.08943206179,-0.007905700444
252,expected_max,339,0.3658680684,1.456039837
252,expected_max,340,0.2796015648,-0.05484322193
252,expected_max,341,0.918286504,0.9379889237
252,expected_max,342,1.800010433,0.7580327198
252,expected_max,343,1.60066836,1.282080718
252,expected_max,344,0.9410975708,0.1503015827
252,expected_max,345,1.63763673,1.667511625
252,expected_max,346,0.5694703158,0.6199361215
252,expected_max,347,-0.4266728744,-0.003111112258
252,expected_max,348,0.2031197299,-0.01642671681
252,expected_max,349,-0.2477704084,0.6333236232
252,expected_max,350,1.095273767,0.9474148059
252,expected_max,351,0.2375537997,0.1457592586
252,expected_max,352,0.3009328012,1.152038385
252,expected_max,353,-0.5962672304,-0.07539168579
252,expected_max,354,0.4870314094,0.1141316027
252,expected_max,355,0.1928177741,1.161281935
252,expected_max,356,-0.3686819552,0.0580077902
252,expected_max,357,-0.2842270159,0.09481230295
252,expected_max,358,0.1488835878,0.1481204882
252,expected_max,359,0.5134148687,0.6817010335
252,expected_max,360,0.9862453534,1.031767111
252,expected_max,361,1.610117769,0.7440332
252,expected_max,362,0.4364232658,1.137600853
252,expected_max,363,0.5703075696,1.251546939
252,expected_max,364,0.3608821057,0.9796854078
252,expected_max,365,-0.06189430872,0.1906930293
252,expected_max,366,0.8813027439,0.8659662585
252,expected_max,367,0.3620388718,0.7737149944
252,expected_max,368,0.8741823338,2.59437589
252,expected_max,369,1.011440149,1.61842813
252,expected_max,370,0.1023672503,0.5611122037
252,expected_max,371,0.21958388,0.3198649841
252,expected_max,372,-0.4177896772,0.3015361512
252,expected_max,373,-0.367176638,-0.1937897777
252,expected_max,374,0.2312644593,0.3678223748
252,expected_max,375,0.5743723063,-0.02101245423
252,expected_max,376,0.5085600183,1.313083623
252,expected_max,377,0.5882372692,0.1458254539
252,expected_max,378,0.4916803322,0.8858818322
252,expected_max,379,-0.347465177,0.5118767919
252,expected_max,380,0.4710050511,1.551529137
252,expected_max,381,0.8984743391,-0.4710715732
252,expected_max,382,1.285720775,0.2472000812
252,expected_max,383,-0.3418810749,0.1342087367
252,expected_max,384,2.043545412,0.5421204861
252,expected_max,385,1.475972578,0.2744566278
252,expected_max,386,0.2157427089,0.8156092201
252,expected_max,387,1.085045053,0.4763183259
252,expected_max,388,0.3374416006,0.7316766048
252,expected_max,389,-0.09422524054,-5.032063674e-05
252,expected_max,390,-0.7513598912,0.145552029
252,expected_max,391,1.741747714,2.229332041
252,expected_max,392,0.03997375838,-0.01333320649
252,expected_max,393,0.5122754162,0.7327957335
252,expected_max,394,1.232874602,0.3718326231
252,expected_max,395,0.242090931,0.1350092217
252,expected_max,396,0.8437518314,0.9543763226
252,expected_max,397,-1.531859484,0.08415458428
252,expected_max,398,2.374131177,1.630433503
252,expected_max,399,0.5917209773,0.94203514
252,expected_max,400,1.054709369,1.647310426
252,expected_max,401,0.2578484423,1.335727406
252,expected_max,402,0.5216721359,-0.3037552031
252,expected_max,403,1.033435286,0.6019472008
252,expected_max,404,0.03866195134,0.01181029278
252,expected_max,405,0.8951704219,0.8775357866
252,expected_max,406,0.07750985803,0.4304385459
252,expected_max,407,0.2004084284,0.3454410928
252,expected_max,408,0.5168024464,1.059837307
252,expected_max,409,1.174091426,0.9593251283
252,expected_max,410,0.563502238,0.6440111581
252,expected_max,411,0.4312617572,0.7268509366
252,expected_max,412,0.4235812322,-0.006316360216
252,expected_max,413,0.307746767,0.2607411653
252,expected_max,414,-0.7561161919,1.558683815
252,expected_max,415,0.3861958788,0.4279092258
252,expected_max,416,-0.5626241398,-0.1242618278
252,expected_max,417,0.5503947115,0.8607917061
252,expected_max,418,0.3710695424,0.1690039342
252,expected_max,419,0.688709215,0.9909439771
252,expected_max,420,0.1721565712,-0.1922740006
252,expected_max,421,-0.2811501837,0.1131021127
252,expected_max,422,-0.3851287275,0.6675865688
252,expected_max,423,0.1870162888,-0.2780522263
252,expected_max,424,0.1666895342,0.2983707074
252,expected_max,425,-0.3359405578,0.08119503632
252,expected_max,426,-0.0623482347,-0.2289892774
252,expected_max,427,-0.2636462703,1.223001357
252,expected_max,428,-0.0225640987,0.8657123624
252,expected_max,429,-0.5311652577,0.2550323197
252,expected_max,430,0.1696652472,0.1063706398
252,expected_max,431,-0.4863363095,0.03058640857
252,expected_max,432,0.663767548,0.3477298377
252,expected_max,433,-0.496401909,0.007891305725
252,expected_max,434,0.0717001553,0.1443414188
252,expected_max,435,1.059288879,0.4965817583
252,expected_max,436,-0.06621853423,1.288551739
252,expected_max,437,0.9738402426,1.564045209
252,expected_max,438,-0.05860212879,0.8396770097
252,expected_max,439,1.001357317,1.148396429
252,expected_max,440,0.09840686564,0.07030899053
252,expected_max,441,0.1309812977,-0.05229939116
252,expected_max,442,1.359007794,1.447120795
252,expected_max,443,-0.2192645284,0.5994576829
252,expected_max,444,-0.2781189415,1.298016037
252,expected_max,445,0.08805867189,0.4830172138
252,expected_max,446,-0.4461250464,0.701936035
252,expected_max,447,0.5011356045,0.5379888257
252,expected_max,448,-0.9414401684,0.0492575299
252,expected_max,449,-0.3253837786,0.623705376
252,expected_max,450,-0.5917256891,0.6963229055
252,expected_max,451,-0.1703279195,0.6600981281
252,expected_max,452,0.5886116344,-0.3413448597
252,expected_max,453,0.0286474761,0.7445571281
252,expected_max,454,1.059936718,0.03984329222
252,expected_max,455,-0.2073284047,0.2381041312
252,expected_max,456,-0.8645358748,0.02556902358
252,expected_max,457,0.592382967,-0.377060158
252,expected_max,458,1.527412162,0.7396512758
252,expected_max,459,-1.055637028,0.08597409876
252,expected_max,460,1.044451534,1.296643529
252,expected_max,461,-0.1410602278,0.06314401631
252,expected_max,462,1.570941559,1.902448136
252,expected_max,463,-0.2060166704,0.4727488947
252,expected_max,464,0.206363085,0.760668447
252,expected_max,465,-0.1783004738,0.4007729048
252,expected_max,466,0.8056464867,1.301507367
252,expected_max,467,1.156822476,1.95550045
252,expected_max,468,0.4850728373,1.648819591
252,expected_max,469,1.457337029,1.56928269
252,expected_max,470,0.2067420875,0.1064478778
252,expected_max,471,0.6823223148,0.4016227582
252,expected_max,472,0.2576262295,0.4556681712
252,expected_max,473,0.1978444143,0.4222153801
252,expected_max,474,-0.8867528132,1.219747884
252,expected_max,475,0.8833867339,0.7586172607
252,expected_max,476,0.8235029325,0.6716414347
252,expected_max,477,-0.5917180929,-0.144612517
252,expected_max,478,-0.3164863613,-0.04824563097
252,expected_max,479,0.7173080553,0.7293231039
252,expected_max,480,0.4153991197,0.2351337956
252,expected_max,481,1.208930083,1.336671881
252,expected_max,482,-0.0002812411369,-0.01784867073
252,expected_max,483,-0.1946631596,-0.05961147087
252,expected_max,484,0.1249358184,0.4799204571
252,expected_max,485,-0.6402087735,-0.05066686262
252,expected_max,486,0.7027463098,0.751032994
252,expected_max,487,1.00844518,1.175497217
252,expected_max,488,0.2696398029,1.525299266
252,expected_max,489,0.03690526723,0.5001820003
252,expected_max,490,0.3996680949,0.806001214
252,expected_max,491,-0.2293924057,0.08899494607
252,expected_max,492,0.5713481617,0.3374280777
252,expected_max,493,0.1552858587,0.1541193934
252,expected_max,494,1.269909137,0.2959255601
252,expected_max,495,0.8337583243,0.3504123166
252,expected_max,496,1.701262771,1.252422528
252,expected_max,497,0.02731939155,0.2317914199
252,expected_max,498,1.240636262,2.74138431
252,expected_max,499,1.205960066,0.2179183719
252,expected_max,500,0.001356296441,0.4718948447
252,js,1,1.181184461,0.8476005394
252,js,2,0.3408385034,-0.02029627114
252,js,3,0.8329775896,0.7087394405
252,js,4,1.412207424,0.7998745573
252,js,5,0.09934830954,0.1758023327
252,js,6,0.5810798752,0.0550600356
252,js,7,1.112936007,0.479763998
252,js,8,0.02688535208,0.1390254607
252,js,9,0.03013043608,-0.399628638
252,js,10,0.2268380087,-0.0700414783
252,js,11,0.2508150912,0.504384207
252,js,12,0.5824220697,0.2308811234
252,js,13,1.970272177,0.8147001217
252,js,14,0.7172948188,0.2324958242
252,js,15,1.130658677,0.7778838533
252,js,16,1.027360713,0.5460766495
252,js,17,0.7512714849,0.5020930383
252,js,18,0.4958270527,0.3002685883
252,js,19,0.404578203,0.3696105716
252,js,20,2.202301396,0.7414698443
252,js,21,0.02788045216,0.1012318665
252,js,22,0.9152329163,0.2066943588
252,js,23,1.511457474,0.769325642
252,js,24,0.2778619907,-0.04626943432
252,js,25,0.005519207156,-0.07119121071
252,js,26,0.1916680265,0.2014465589
252,js,27,0.5793146102,0.4733453634
252,js,28,1.290313347,0.7867975097
252,js,29,0.5644762974,0.7990220929
252,js,30,0.2721910772,-0.2595460854
252,js,31,-0.2115912312,0.0124497472
252,js,32,1.824782047,1.176090666
252,js,33,1.165877344,0.5117302715
252,js,34,0.4848069063,0.6144606733
252,js,35,0.8547341929,0.2381821107
252,js,36,0.5754472593,0.6155130458
252,js,37,-0.000120257251,0.0528592767
252,js,38,-0.1338749306,0.01504670705
252,js,39,0.9628778423,0.7256874602
252,js,40,-0.07130482215,0.03690641379
252,js,41,-0.004144077757,0.127379851
252,js,42,0.5038707626,0.531006889
252,js,43,0.2593848339,-0.000777579671
252,js,44,0.7017050354,0.6117635037
252,js,45,0.5896391289,0.4813350426
252,js,46,-0.4273021403,-0.01803675316
252,js,47,-0.06064362962,-0.2099678632
252,js,48,0.2352809966,0.2623321461
252,js,49,1.614698375,1.402139114
252,js,50,1.857557291,2.039022159
252,js,51,1.096995495,0.6974466341
252,js,52,1.825181751,0.9963540895
252,js,53,1.678627805,1.289312997
252,js,54,1.394535341,0.5009521624
252,js,55,1.772411914,0.9924560835
252,js,56,0.1246773879,0.4319437522
252,js,57,0.4975595663,0.6808147146
252,js,58,2.756366913,1.742242149
252,js,59,1.388139441,0.6301734632
252,js,60,0.7471107293,0.6805633069
252,js,61,1.550556422,1.158327413
252,js,62,0.6430250885,0.1259791743
252,js,63,1.556485585,0.8132998723
252,js,64,0.6223661266,0.5332165512
252,js,65,0.151808946,0.126421667
252,js,66,0.2280916406,0.1157513786
252,js,67,-0.01461524803,-0.03033879545
252,js,68,0.05330471399,-0.09819402877
252,js,69,1.571916873,0.8217136112
252,js,70,1.749020709,0.4608859255
252,js,71,2.201480035,0.9467941424
252,js,72,0.5814604809,1.142251634
252,js,73,0.3091869287,0.9425888556
252,js,74,-0.1777354719,0.456101869
252,js,75,0.4160725904,0.100302175
252,js,76,0.3919924112,0.5144255152
252,js,77,0.3763340179,1.034901177
252,js,78,1.137931448,0.9623410965
252,js,79,0.5518519049,-0.1532013236
252,js,80,1.862039427,0.7832405873
252,js,81,0.003718553155,0.04074217392
252,js,82,-0.001670306653,-0.2057804177
252,js,83,0.8635739765,0.4290091378
252,js,84,1.918760739,2.389341143
252,js,85,0.02828367161,0.2054553216
252,js,86,-0.01387545489,0.1653291506
252,js,87,1.127433916,0.8894756327
252,js,88,0.4157972096,0.2863017332
252,js,89,-0.1045127274,0.2587697014
252,js,90,0.8809826243,1.352014442
252,js,91,0.5564923394,0.1753885118
252,js,92,1.131047953,0.6423842206
252,js,93,0.5917019506,-0.1695716643
252,js,94,0.4700180356,0.2448288882
252,js,95,0.6091780547,0.4058352964
252,js,96,0.2326570957,0.8353507539
252,js,97,0.6513531255,-0.02620685704
252,js,98,1.034009188,0.6941159978
252,js,99,-0.289072687,-0.1521634891
252,js,100,1.41626147,0.6150727256
252,js,101,-0.03375866794,0.9181874466
252,js,102,0.6520981559,0.8933657414
252,js,103,-0.03618924281,-0.1862620952
252,js,104,-0.02780466641,0.4173988069
252,js,105,1.856481408,0.9528354045
252,js,106,1.904112271,1.383593406
252,js,107,0.9557772855,0.7863921553
252,js,108,0.1358793763,-0.2404921743
252,js,109,0.9466636616,1.366866079
252,js,110,0.3833856434,0.4280500611
252,js,111,0.08232064516,0.8330190505
252,js,112,0.2221031245,0.1583575004
252,js,113,-0.2330038875,1.125255835
252,js,114,0.6015707443,-0.4992435926
252,js,115,1.90572421,0.9157750115
252,js,116,-0.1989607688,-0.493217974
252,js,117,0.3463658702,-0.1025533948
252,js,118,0.4783043175,0.4304946795
252,js,119,0.517745942,0.448173259
252,js,120,1.955430502,0.9334669964
252,js,121,0.9615987506,0.8999118604
252,js,122,1.783576408,2.102133917
252,js,123,0.07310606419,-0.006801450658
252,js,124,0.2755906239,0.07381158118
252,js,125,0.9285696313,-0.1639660262
252,js,126,0.5033349495,0.2127652797
252,js,127,0.5870586198,0.8678055131
252,js,128,1.999884754,0.9501615227
252,js,129,-0.2658377693,-0.3410263543
252,js,130,2.200175693,0.9003480104
252,js,131,1.962024663,1.33071447
252,js,132,1.255009081,1.812226975
252,js,133,0.3713253485,0.9366795323
252,js,134,0.168033227,-0.3486181683
252,js,135,0.5403213896,0.3445034316
252,js,136,1.86264014,0.7702281048
252,js,137,1.114354053,0.6848362856
252,js,138,0.9451062738,0.6402634151
252,js,139,1.363554051,1.132469966
252,js,140,0.2737207983,0.525467735
252,js,141,1.157569695,1.568837506
252,js,142,1.012338752,0.5090718768
252,js,143,0.2470335878,-0.3722385952
252,js,144,1.173030525,1.285651332
252,js,145,1.312394515,1.189219603
252,js,146,0.6999596838,0.3097962429
252,js,147,0.3386013717,0.2850060403
252,js,148,1.237367025,1.342321519
252,js,149,0.6867646394,-0.01612404081
252,js,150,0.2814345385,0.4829675341
252,js,151,1.397072739,0.9717085378
252,js,152,1.092940113,0.7312372532
252,js,153,-0.3172450021,0.3160131183
252,js,154,0.9327895252,0.5804314231
252,js,155,-0.3247538452,0.6658756683
252,js,156,1.196063068,0.6622497897
252,js,157,0.9718715773,0.921418338
252,js,158,0.1892260887,0.1349186209
252,js,159,1.322019229,0.8795580022
252,js,160,0.3727697804,-0.2824373592
252,js,161,0.1887427763,0.4070555357
252,js,162,1.505350922,0.7891142157
252,js,163,1.944827265,0.9864641486
252,js,164,0.5842825337,0.7384493234
252,js,165,0.7199075055,0.19426635
252,js,166,1.176475395,0.6701569349
252,js,167,2.199453555,0.7744292781
252,js,168,0.1277760657,0.117455069
252,js,169,0.5743290894,-0.2049346326
252,js,170,1.702195923,0.9851773692
252,js,171,-0.05244874765,0.733661554
252,js,172,0.1502736812,-0.08966874169
252,js,173,0.944042231,0.8122141065
252,js,174,0.2481878783,0.2698640093
252,js,175,1.006743966,0.6063886171
252,js,176,0.6425052285,0.4980302316
252,js,177,0.5846159781,-0.06523940225
252,js,178,0.1786489399,0.08264085665
252,js,179,0.6568156063,0.5243919196
252,js,180,1.760622161,1.24680759
252,js,181,0.8596320754,1.072336082
252,js,182,1.099686333,0.7376302555
252,js,183,0.1052373356,0.1315342924
252,js,184,0.05571968857,0.4242363212
252,js,185,1.94823447,0.6373398109
252,js,186,0.4227649869,0.1616247205
252,js,187,0.08790157021,0.2568325256
252,js,188,1.483376721,0.8308886621
252,js,189,1.291880659,1.41303505
252,js,190,0.5872360095,0.09339210819
252,js,191,1.098975854,0.2806782669
252,js,192,0.8296424498,0.5008758837
252,js,193,1.19188509,0.7269341883
252,js,194,0.006462073794,0.004706088286
252,js,195,0.170463561,0.4605266085
252,js,196,0.03675447957,0.8061821998
252,js,197,1.036402091,1.114062205
252,js,198,1.979335149,0.9858171536
252,js,199,1.567728381,1.706481694
252,js,200,0.4973933981,1.499554063
252,js,201,0.1441981284,-0.2745994877
252,js,202,0.6540177659,0.09879459707
252,js,203,1.669805783,0.7044757204
252,js,204,0.7918156234,1.494003873
252,js,205,0.4396731467,-0.05089441564
252,js,206,0.2535123309,-0.1100693996
252,js,207,-0.01365921444,0.100441424
252,js,208,1.286215459,0.6737579924
252,js,209,-0.154066545,-0.1726067019
252,js,210,0.4507884478,0.6734956929
252,js,211,0.2933989493,-0.05073110536
252,js,212,0.3133372448,0.4070903721
252,js,213,0.2727712509,0.2072040399
252,js,214,0.6555099775,1.160110536
252,js,215,0.3200273197,0.331329244
252,js,216,1.215294747,1.417092362
252,js,217,0.1126011256,0.001028629583
252,js,218,1.510321652,1.704010367
252,js,219,0.3646812932,0.3784594717
252,js,220,1.284122741,1.363593911
252,js,221,1.307934077,0.8640508446
252,js,222,1.694522192,0.7904774878
252,js,223,0.1126237414,-0.01114190945
252,js,224,1.449030547,0.7308095825
252,js,225,0.6227016216,0.7796585218
252,js,226,1.606393388,1.314104005
252,js,227,0.2392406834,-0.05847731532
252,js,228,0.1935411522,0.7245844601
252,js,229,1.754889859,1.373168604
252,js,230,0.385235238,0.7539900999
252,js,231,-0.1267747116,1.209512913
252,js,232,0.06607289398,0.08215931468
252,js,233,0.590130965,-0.05965207485
252,js,234,0.3674878583,-0.1147169556
252,js,235,1.179535359,0.827857107
252,js,236,1.178430894,-0.0253320725
252,js,237,0.09182318914,-0.01732745255
252,js,238,0.917252348,0.07087531909
252,js,239,1.035508227,0.497625908
252,js,240,-0.01895557465,0.2742167719
252,js,241,1.045156121,0.4859937772
252,js,242,0.1420277847,1.074526361
252,js,243,0.7209230934,0.4261678412
252,js,244,1.902659199,1.202775427
252,js,245,0.967571626,1.322261393
252,js,246,1.448148865,-0.4357967006
252,js,247,-0.3325091768,-0.05064917209
252,js,248,0.2294086457,-0.03776297422
252,js,249,1.524611052,0.9680440919
252,js,250,0.4244579731,0.1731431966
252,js,251,1.02572447,0.5583230516
252,js,252,0.1794189594,-0.2851008187
252,js,253,-0.02166636105,-0.05005352588
252,js,254,0.5761361391,0.7628793466
252,js,255,1.480353923,1.701060912
252,js,256,0.0513055899,-0.06441626272
252,js,257,0.806252143,0.5114473523
252,js,258,0.04096190309,0.3834471296
252,js,259,0.8928485164,1.101217961
252,js,260,0.3129351524,0.2979921843
252,js,261,0.1380000063,0.2779128864
252,js,262,0.5407116575,0.4352658797
252,js,263,0.9431427452,1.057359853
252,js,264,1.334933323,1.12063284
252,js,265,0.4873703825,0.1773678557
252,js,266,1.543695577,1.288554468
252,js,267,0.08093089323,0.09590107573
252,js,268,0.7085107126,1.472255856
252,js,269,0.01673534403,-0.3035787916
252,js,270,0.05775386037,0.09346814605
252,js,271,0.9281376114,1.111914194
252,js,272,1.545910691,0.8626954176
252,js,273,0.4822346221,0.2645744
252,js,274,0.2320804736,1.497360165
252,js,275,0.0137974657,0.01955463815
252,js,276,0.3612045126,0.2706737767
252,js,277,0.4951393528,0.1732119149
252,js,278,0.7260749609,0.2884480566
252,js,279,-0.1818203431,-0.8351703292
252,js,280,0.1968453905,0.5894699061
252,js,281,-0.39600629,-0.3192908235
252,js,282,1.085449696,0.8578907311
252,js,283,0.07521500554,0.2249626495
252,js,284,2.005037687,2.701969516
252,js,285,-0.241291053,1.046409881
252,js,286,1.091798341,0.6464961864
252,js,287,1.074340016,0.8843627846
252,js,288,0.01417034128,3.53707036e-05
252,js,289,0.926337661,0.4061732957
252,js,290,0.6116391571,0.7116257288
252,js,291,0.5250811804,-0.1401694483
252,js,292,1.966521445,1.083311734
252,js,293,1.469864696,0.7498579168
252,js,294,0.1261999351,0.03819359061
252,js,295,0.9224949905,0.1151316977
252,js,296,0.5892267934,0.7029846006
252,js,297,0.1572320195,-0.1607887515
252,js,298,2.007461408,1.780510601
252,js,299,1.92068183,0.476907499
252,js,300,0.4012629292,0.1728466184
252,js,301,0.08981244078,-0.04525357322
252,js,302,0.3456425679,0.3953636392
252,js,303,0.6373461106,1.386204069
252,js,304,0.1973249698,0.06277230811
252,js,305,0.08307199507,0.003317350814
252,js,306,1.841068196,1.306698422
252,js,307,0.02774671614,5.206198773e-05
252,js,308,0.6073945601,0.02350168123
252,js,309,0.9728282806,-0.06678859569
252,js,310,1.208267292,0.7474264151
252,js,311,0.1121676162,-0.1452774684
252,js,312,0.2365394607,0.2021946202
252,js,313,0.9710071716,-0.01357859916
252,js,314,0.9760240403,0.6892453682
252,js,315,0.6782111567,0.06263167936
252,js,316,1.785469989,0.7247013884
252,js,317,0.2818378279,-0.1935887744
252,js,318,2.157724679,0.9186176316
252,js,319,0.3872374659,-0.7315831755
252,js,320,0.345811936,0.2564342727
252,js,321,-0.006548964495,0.01537686767
252,js,322,0.938332086,0.7869484146
252,js,323,0.3634106998,0.4752908997
252,js,324,-0.04213372891,-0.04503234354
252,js,325,0.5658313866,0.6905106527
252,js,326,0.8037727242,0.9112519976
252,js,327,0.4992939433,0.4717085081
252,js,328,1.092023293,0.7149928039
252,js,329,1.885121488,1.614981522
252,js,330,0.4333433974,0.4065709601
252,js,331,0.03949334158,-0.04386379862
252,js,332,-0.05226706192,0.007281139431
252,js,333,0.8338604101,1.150490356
252,js,334,1.328071701,1.492403736
252,js,335,1.192433072,0.4013523007
252,js,336,0.9505323512,-0.05758213997
252,js,337,0.01462921249,0.1363865752
252,js,338,-0.001598863727,-0.007905700444
252,js,339,1.362509114,1.456039837
252,js,340,-0.05461619785,-0.05484322193
252,js,341,1.845691323,0.9379889237
252,js,342,2.047729743,0.7580327198
252,js,343,1.415543477,1.282080718
252,js,344,0.9543936879,0.1503015827
252,js,345,2.634397793,1.667511625
252,js,346,1.001097574,0.6199361215
252,js,347,0.01032791173,-0.003111112258
252,js,348,-0.000403685328,-0.01642671681
252,js,349,0.1181488827,0.6333236232
252,js,350,2.213959469,0.9474148059
252,js,351,0.3578117341,0.1457592586
252,js,352,0.7844902961,1.152038385
252,js,353,-0.1202311392,-0.07539168579
252,js,354,0.3681507232,0.1141316027
252,js,355,0.9389568779,1.161281935
252,js,356,-0.09651472716,0.0580077902
252,js,357,0.1251753467,0.09481230295
252,js,358,0.2214418267,0.1481204882
252,js,359,1.077548774,0.6817010335
252,js,360,0.5683674331,1.031767111
252,js,361,1.581245036,0.7440332
252,js,362,0.8999768838,1.137600853
252,js,363,1.471503288,1.251546939
252,js,364,0.9842748234,0.9796854078
252,js,365,0.2512727161,0.1906930293
252,js,366,1.577399417,0.8659662585
252,js,367,1.377971628,0.7737149944
252,js,368,1.67254041,2.59437589
252,js,369,1.770050592,1.61842813
252,js,370,0.664796529,0.5611122037
252,js,371,0.4838232958,0.3198649841
252,js,372,0.01131014329,0.3015361512
252,js,373,0.1506842864,-0.1937897777
252,js,374,0.1367687115,0.3678223748
252,js,375,0.800757678,-0.02101245423
252,js,376,0.9058378905,1.313083623
252,js,377,0.3584981783,0.1458254539
252,js,378,0.7945972035,0.8858818322
252,js,379,0.2192041662,0.5118767919
252,js,380,1.745231109,1.551529137
252,js,381,0.96981936,-0.4710715732
252,js,382,2.017204662,0.2472000812
252,js,383,0.02402529236,0.1342087367
252,js,384,2.346246711,0.5421204861
252,js,385,1.102315211,0.2744566278
252,js,386,0.8246612809,0.8156092201
252,js,387,1.05580883,0.4763183259
252,js,388,1.172682758,0.7316766048
252,js,389,0.1731136982,-5.032063674e-05
252,js,390,0.007644705474,0.145552029
252,js,391,2.023038398,2.229332041
252,js,392,0.03381026938,-0.01333320649
252,js,393,1.064061821,0.7327957335
252,js,394,1.323442303,0.3718326231
252,js,395,0.1455976014,0.1350092217
252,js,396,1.702930919,0.9543763226
252,js,397,-0.5444236285,0.08415458428
252,js,398,2.308245871,1.630433503
252,js,399,1.217531306,0.94203514
252,js,400,2.117025794,1.647310426
252,js,401,1.059803833,1.335727406
252,js,402,0.7077666912,-0.3037552031
252,js,403,0.6959242096,0.6019472008
252,js,404,0.06826083556,0.01181029278
252,js,405,1.818613259,0.8775357866
252,js,406,0.4780386094,0.4304385459
252,js,407,0.4158908766,0.3454410928
252,js,408,1.008207098,1.059837307
252,js,409,1.268006447,0.9593251283
252,js,410,1.113111887,0.6440111581
252,js,411,0.8623773383,0.7268509366
252,js,412,0.3086347525,-0.006316360216
252,js,413,0.04145015166,0.2607411653
252,js,414,-0.2878108128,1.558683815
252,js,415,0.791590251,0.4279092258
252,js,416,-0.05990516579,-0.1242618278
252,js,417,1.563100698,0.8607917061
252,js,418,0.1759593017,0.1690039342
252,js,419,1.725131973,0.9909439771
252,js,420,0.4659893411,-0.1922740006
252,js,421,0.093005834,0.1131021127
252,js,422,0.5155488479,0.6675865688
252,js,423,0.1259573814,-0.2780522263
252,js,424,0.2985148746,0.2983707074
252,js,425,-0.03548288737,0.08119503632
252,js,426,-0.2024626369,-0.2289892774
252,js,427,0.223817286,1.223001357
252,js,428,0.8739744626,0.8657123624
252,js,429,-0.05976654934,0.2550323197
252,js,430,-0.01653701131,0.1063706398
252,js,431,0.07516406872,0.03058640857
252,js,432,1.406207197,0.3477298377
252,js,433,-0.3314698021,0.007891305725
252,js,434,0.4578566936,0.1443414188
252,js,435,1.346457885,0.4965817583
252,js,436,0.850478644,1.288551739
252,js,437,1.959071189,1.564045209
252,js,438,0.4024198376,0.8396770097
252,js,439,1.550964677,1.148396429
252,js,440,0.1786953709,0.07030899053
252,js,441,0.2359292769,-0.05229939116
252,js,442,1.885242468,1.447120795
252,js,443,0.1806159575,0.5994576829
252,js,444,0.5632739457,1.298016037
252,js,445,0.1653693225,0.4830172138
252,js,446,-0.04998254343,0.701936035
252,js,447,0.08434697284,0.5379888257
252,js,448,-0.2141112624,0.0492575299
252,js,449,-0.1904990479,0.623705376
252,js,450,0.4030400057,0.6963229055
252,js,451,0.2748377449,0.6600981281
252,js,452,0.2999966867,-0.3413448597
252,js,453,0.8681816976,0.7445571281
252,js,454,0.1931229668,0.03984329222
252,js,455,0.160988494,0.2381041312
252,js,456,-0.1514997663,0.02556902358
252,js,457,1.401913419,-0.377060158
252,js,458,1.998506834,0.7396512758
252,js,459,-0.1153094663,0.08597409876
252,js,460,1.899302923,1.296643529
252,js,461,0.2753507998,0.06314401631
252,js,462,2.064935092,1.902448136
252,js,463,0.3899775471,0.4727488947
252,js,464,1.358395148,0.760668447
252,js,465,-0.01569773745,0.4007729048
252,js,466,1.192390466,1.301507367
252,js,467,1.539558401,1.95550045
252,js,468,1.344915303,1.648819591
252,js,469,1.99721106,1.56928269
252,js,470,0.1033769672,0.1064478778
252,js,471,1.069693794,0.4016227582
252,js,472,0.4694555941,0.4556681712
252,js,473,0.9562224295,0.4222153801
252,js,474,-0.3227024926,1.219747884
252,js,475,1.595288209,0.7586172607
252,js,476,1.521535959,0.6716414347
252,js,477,0.02322744889,-0.144612517
252,js,478,0.03047968297,-0.04824563097
252,js,479,0.4846874414,0.7293231039
252,js,480,1.082067898,0.2351337956
252,js,481,1.121843777,1.336671881
252,js,482,-0.106738183,-0.01784867073
252,js,483,0.02721281851,-0.05961147087
252,js,484,0.1638164883,0.4799204571
252,js,485,0.1521394778,-0.05066686262
252,js,486,1.47775867,0.751032994
252,js,487,1.282032808,1.175497217
252,js,488,0.862040843,1.525299266
252,js,489,0.5998881226,0.5001820003
252,js,490,0.740767349,0.806001214
252,js,491,0.008999116602,0.08899494607
252,js,492,0.5600335063,0.3374280777
252,js,493,0.6207567529,0.1541193934
252,js,494,0.4939796993,0.2959255601
252,js,495,0.4365385582,0.3504123166
252,js,496,2.384039643,1.252422528
252,js,497,0.7211084358,0.2317914199
252,js,498,1.902331699,2.74138431
252,js,499,0.1804947587,0.2179183719
252,js,500,0.388220077,0.4718948447
252,sure,1,0.2747279814,0.8476005394
252,sure,2,0.0498689278,-0.02029627114
252,sure,3,-0.05178352493,0.7087394405
252,sure,4,0.130236038,0.7998745573
252,sure,5,0.0545850907,0.1758023327
252,sure,6,0.1676099263,0.0550600356
252,sure,7,0.03116337712,0.479763998
252,sure,8,0.02688535208,0.1390254607
252,sure,9,0.03013043608,-0.399628638
252,sure,10,0.2268380087,-0.0700414783
252,sure,11,0.2508150912,0.504384207
252,sure,12,0.03894018956,0.2308811234
252,sure,13,0.8101014757,0.8147001217
252,sure,14,0.5876752358,0.2324958242
252,sure,15,-0.01752720779,0.7778838533
252,sure,16,0.2281528648,0.5460766495
252,sure,17,0.4183865072,0.5020930383
252,sure,18,-0.07476215043,0.3002685883
252,sure,19,-0.03904468807,0.3696105716
252,sure,20,0.9609036557,0.7414698443
252,sure,21,0.02788045216,0.1012318665
252,sure,22,0.384359,0.2066943588
252,sure,23,-0.03915695985,0.769325642
252,sure,24,0.2778619907,-0.04626943432
252,sure,25,-0.03020606879,-0.07119121071
252,sure,26,0.09450326735,0.2014465589
252,sure,27,-0.02198430753,0.4733453634
252,sure,28,0.3853479305,0.7867975097
252,sure,29,0.0337023936,0.7990220929
252,sure,30,-0.08509691433,-0.2595460854
252,sure,31,-0.2115912312,0.0124497472
252,sure,32,0.8538721506,1.176090666
252,sure,33,0.1861962507,0.5117302715
252,sure,34,-0.01142062085,0.6144606733
252,sure,35,-0.08887773846,0.2381821107
252,sure,36,-0.22268805,0.6155130458
252,sure,37,0.04982587715,0.0528592767
252,sure,38,-0.1932687433,0.01504670705
252,sure,39,-0.01413924187,0.7256874602
252,sure,40,-0.07130482215,0.03690641379
252,sure,41,-0.004144077757,0.127379851
252,sure,42,-0.042321931,0.531006889
252,sure,43,0.05969026183,-0.000777579671
252,sure,44,-0.05833516592,0.6117635037
252,sure,45,0.0978782133,0.4813350426
252,sure,46,-0.4273021403,-0.01803675316
252,sure,47,-0.06064362962,-0.2099678632
252,sure,48,-0.01553427423,0.2623321461
252,sure,49,0.5563414529,1.402139114
252,sure,50,0.587001665,2.039022159
252,sure,51,-0.01406659129,0.6974466341
252,sure,52,0.525468034,0.9963540895
252,sure,53,0.1304614706,1.289312997
252,sure,54,0.2443719279,0.5009521624
252,sure,55,-0.04306008532,0.9924560835
252,sure,56,0.1246773879,0.4319437522
252,sure,57,-0.157581383,0.6808147146
252,sure,58,1.510962561,1.742242149
252,sure,59,0.05377286682,0.6301734632
252,sure,60,-0.1201624035,0.6805633069
252,sure,61,0.5004316786,1.158327413
252,sure,62,-0.02926725625,0.1259791743
252,sure,63,0.3824561828,0.8132998723
252,sure,64,0.492002779,0.5332165512
252,sure,65,0.2332271807,0.126421667
252,sure,66,-0.04055244373,0.1157513786
252,sure,67,-0.01461524803,-0.03033879545
252,sure,68,-0.1009857774,-0.09819402877
252,sure,69,0.2314285266,0.8217136112
252,sure,70,0.6416104009,0.4608859255
252,sure,71,0.7731856804,0.9467941424
252,sure,72,-0.06847754762,1.142251634
252,sure,73,-0.4310930503,0.9425888556
252,sure,74,-0.1777354719,0.456101869
252,sure,75,0.01330001026,0.100302175
252,sure,76,-0.1380671676,0.5144255152
252,sure,77,-0.3577764093,1.034901177
252,sure,78,-0.08019970793,0.9623410965
252,sure,79,0.1333212192,-0.1532013236
252,sure,80,0.5702060336,0.7832405873
252,sure,81,0.003718553155,0.04074217392
252,sure,82,-0.004423050536,-0.2057804177
252,sure,83,0.2171248879,0.4290091378
252,sure,84,0.3153738307,2.389341143
252,sure,85,0.02828367161,0.2054553216
252,sure,86,-0.01387545489,0.1653291506
252,sure,87,0.09012999631,0.8894756327
252,sure,88,0.3611890399,0.2863017332
252,sure,89,-0.1045127274,0.2587697014
252,sure,90,1.174034211,1.352014442
252,sure,91,0.2051975065,0.1753885118
252,sure,92,0.05334538761,0.6423842206
252,sure,93,0.03770688677,-0.1695716643
252,sure,94,0.09272667829,0.2448288882
252,sure,95,-0.004635331437,0.4058352964
252,sure,96,-0.3358113712,0.8353507539
252,sure,97,0.06146353267,-0.02620685704
252,sure,98,0.2481924077,0.6941159978
252,sure,99,-0.289072687,-0.1521634891
252,sure,100,0.6708041557,0.6150727256
252,sure,101,-0.1832326453,0.9181874466
252,sure,102,0.06541544802,0.8933657414
252,sure,103,-0.4091757134,-0.1862620952
252,sure,104,-0.1042518933,0.4173988069
252,sure,105,0.4599162041,0.9528354045
252,sure,106,1.800724477,1.383593406
252,sure,107,0.07418990089,0.7863921553
252,sure,108,0.1358793763,-0.2404921743
252,sure,109,0.1863913943,1.366866079
252,sure,110,0.0238945226,0.4280500611
252,sure,111,-0.220339126,0.8330190505
252,sure,112,0.03124112172,0.1583575004
252,sure,113,-0.2330038875,1.125255835
252,sure,114,0.06067165107,-0.4992435926
252,sure,115,0.6749058052,0.9157750115
252,sure,116,-0.1989607688,-0.493217974
252,sure,117,-0.02736580984,-0.1025533948
252,sure,118,-0.1912771635,0.4304946795
252,sure,119,-0.003637377178,0.448173259
252,sure,120,0.5442453378,0.9334669964
252,sure,121,0.04268287118,0.8999118604
252,sure,122,0.4403347423,2.102133917
252,sure,123,0.07310606419,-0.006801450658
252,sure,124,-0.05866737337,0.07381158118
252,sure,125,-0.09691626315,-0.1639660262
252,sure,126,-0.02185270055,0.2127652797
252,sure,127,0.5870586198,0.8678055131
252,sure,128,1.325527379,0.9501615227
252,sure,129,-0.4943592961,-0.3410263543
252,sure,130,0.8963900191,0.9003480104
252,sure,131,0.8586284058,1.33071447
252,sure,132,-0.1445072151,1.812226975
252,sure,133,0.1720461487,0.9366795323
252,sure,134,0.02413615275,-0.3486181683
252,sure,135,0.06892883587,0.3445034316
252,sure,136,1.089649525,0.7702281048
252,sure,137,-0.05836833922,0.6848362856
252,sure,138,0.1397543531,0.6402634151
252,sure,139,0.2951259707,1.132469966
252,sure,140,0.04092983015,0.525467735
252,sure,141,0.1075459274,1.568837506
252,sure,142,0.5454845453,0.5090718768
252,sure,143,-0.009434306587,-0.3722385952
252,sure,144,0.1768332398,1.285651332
252,sure,145,-0.1221667643,1.189219603
252,sure,146,0.2199853026,0.3097962429
252,sure,147,0.1335022005,0.2850060403
252,sure,148,0.1391531694,1.342321519
252,sure,149,0.04236707746,-0.01612404081
252,sure,150,-0.05879779427,0.4829675341
252,sure,151,0.2854730267,0.9717085378
252,sure,152,0.06237614561,0.7312372532
252,sure,153,-0.3390779832,0.3160131183
252,sure,154,0.0295995532,0.5804314231
252,sure,155,-0.3882106309,0.6658756683
252,sure,156,0.2179478725,0.6622497897
252,sure,157,0.06895794116,0.921418338
252,sure,158,-0.1670405868,0.1349186209
252,sure,159,0.04410129373,0.8795580022
252,sure,160,0.1658435146,-0.2824373592
252,sure,161,0.1887427763,0.4070555357
252,sure,162,0.2540794945,0.7891142157
252,sure,163,0.0951911805,0.9864641486
252,sure,164,-0.3144856571,0.7384493234
252,sure,165,0.04505267611,0.19426635
252,sure,166,0.7974255473,0.6701569349
252,sure,167,0.9633194963,0.7744292781
252,sure,168,0.1277760657,0.117455069
252,sure,169,0.6111498204,-0.2049346326
252,sure,170,0.2088475246,0.9851773692
252,sure,171,-0.05244874765,0.733661554
252,sure,172,0.01115341663,-0.08966874169
252,sure,173,-0.1655895235,0.8122141065
252,sure,174,-0.005606303337,0.2698640093
252,sure,175,0.04447906848,0.6063886171
252,sure,176,-0.02171315028,0.4980302316
252,sure,177,0.0468874762,-0.06523940225
252,sure,178,-0.1351260269,0.08264085665
252,sure,179,-0.009225974613,0.5243919196
252,sure,180,0.655992968,1.24680759
252,sure,181,0.08940645615,1.072336082
252,sure,182,0.3593457909,0.7376302555
252,sure,183,0.1052373356,0.1315342924
252,sure,184,0.309349502,0.4242363212
252,sure,185,0.8203918805,0.6373398109
252,sure,186,0.00530989687,0.1616247205
252,sure,187,-0.1518445932,0.2568325256
252,sure,188,0.07339312838,0.8308886621
252,sure,189,-0.1935208787,1.41303505
252,sure,190,0.2197007009,0.09339210819
252,sure,191,-0.1241926739,0.2806782669
252,sure,192,-0.0766259449,0.5008758837
252,sure,193,0.0001286233054,0.7269341883
252,sure,194,0.006462073794,0.004706088286
252,sure,195,-0.02306655626,0.4605266085
252,sure,196,0.03675447957,0.8061821998
252,sure,197,-0.002093066774,1.114062205
252,sure,198,0.1704735103,0.9858171536
252,sure,199,-0.03792303136,1.706481694
252,sure,200,0.0007766240204,1.499554063
252,sure,201,0.08841925523,-0.2745994877
252,sure,202,-0.05694540629,0.09879459707
252,sure,203,0.6981837779,0.7044757204
252,sure,204,-0.06536438674,1.494003873
252,sure,205,0.005997717934,-0.05089441564
252,sure,206,-0.02876045838,-0.1100693996
252,sure,207,-0.01365921444,0.100441424
252,sure,208,0.6397446832,0.6737579924
252,sure,209,-0.154066545,-0.1726067019
252,sure,210,-0.1006369222,0.6734956929
252,sure,211,-0.04059265404,-0.05073110536
252,sure,212,0.004048363255,0.4070903721
252,sure,213,0.01832604711,0.2072040399
252,sure,214,-0.1440625007,1.160110536
252,sure,215,0.1238157252,0.331329244
252,sure,216,0.2826663122,1.417092362
252,sure,217,0.03273362588,0.001028629583
252,sure,218,0.2509338503,1.704010367
252,sure,219,-0.02019205719,0.3784594717
252,sure,220,-0.05825969939,1.363593911
252,sure,221,0.2882846187,0.8640508446
252,sure,222,0.4324397852,0.7904774878
252,sure,223,-0.04673981342,-0.01114190945
252,sure,224,0.5670832093,0.7308095825
252,sure,225,-0.1297606072,0.7796585218
252,sure,226,0.6788208209,1.314104005
252,sure,227,0.005941779791,-0.05847731532
252,sure,228,-0.01773876191,0.7245844601
252,sure,229,0.5459515877,1.373168604
252,sure,230,0.02378210408,0.7539900999
252,sure,231,-0.1267747116,1.209512913
252,sure,232,0.06607289398,0.08215931468
252,sure,233,0.1247507623,-0.05965207485
252,sure,234,0.2366090415,-0.1147169556
252,sure,235,0.1196856962,0.827857107
252,sure,236,0.345941961,-0.0253320725
252,sure,237,-0.2591295763,-0.01732745255
252,sure,238,0.05341480388,0.07087531909
252,sure,239,0.3350806842,0.497625908
252,sure,240,-0.01895557465,0.2742167719
252,sure,241,0.1345484472,0.4859937772
252,sure,242,0.1420277847,1.074526361
252,sure,243,-0.04174555963,0.4261678412
252,sure,244,0.8966654178,1.202775427
252,sure,245,0.08343528888,1.322261393
252,sure,246,0.472001586,-0.4357967006
252,sure,247,-0.3325091768,-0.05064917209
252,sure,248,-0.1010572569,-0.03776297422
252,sure,249,0.2561419361,0.9680440919
252,sure,250,0.4244579731,0.1731431966
252,sure,251,0.6515605907,0.5583230516
252,sure,252,-0.03662892708,-0.2851008187
252,sure,253,-0.02166636105,-0.05005352588
252,sure,254,0.1804734099,0.7628793466
252,sure,255,0.4188140275,1.701060912
252,sure,256,0.2009068351,-0.06441626272
252,sure,257,0.2363432321,0.5114473523
252,sure,258,-0.03642815031,0.3834471296
252,sure,259,0.2035219385,1.101217961
252,sure,260,0.02216586638,0.2979921843
252,sure,261,0.01740357203,0.2779128864
252,sure,262,-0.1019903975,0.4352658797
252,sure,263,0.0178299255,1.057359853
252,sure,264,0.1004079003,1.12063284
252,sure,265,0.05049583505,0.1773678557
252,sure,266,0.2141205852,1.288554468
252,sure,267,0.08093089323,0.09590107573
252,sure,268,-0.01422781712,1.472255856
252,sure,269,-0.01234255215,-0.3035787916
252,sure,270,-0.09001592512,0.09346814605
252,sure,271,0.4554314898,1.111914194
252,sure,272,0.01603433993,0.8626954176
252,sure,273,0.04283319723,0.2645744
252,sure,274,0.5294613313,1.497360165
252,sure,275,0.0137974657,0.01955463815
252,sure,276,0.06837719924,0.2706737767
252,sure,277,0.1573001665,0.1732119149
252,sure,278,0.0678798734,0.2884480566
252,sure,279,-0.1818203431,-0.8351703292
252,sure,280,-0.09581692041,0.5894699061
252,sure,281,-0.39600629,-0.3192908235
252,sure,282,0.3000148464,0.8578907311
252,sure,283,-0.03202489644,0.2249626495
252,sure,284,0.9046865754,2.701969516
252,sure,285,-0.241291053,1.046409881
252,sure,286,0.06129579472,0.6464961864
252,sure,287,-0.1337727877,0.8843627846
252,sure,288,-0.002951395555,3.53707036e-05
252,sure,289,-0.131984589,0.4061732957
252,sure,290,0.1240553432,0.7116257288
252,sure,291,0.1303192065,-0.1401694483
252,sure,292,0.5939187485,1.083311734
252,sure,293,0.4109662732,0.7498579168
252,sure,294,0.1261999351,0.03819359061
252,sure,295,-0.1636251267,0.1151316977
252,sure,296,0.5892267934,0.7029846006
252,sure,297,0.06351179977,-0.1607887515
252,sure,298,0.1807324898,1.780510601
252,sure,299,0.3376808765,0.476907499
252,sure,300,-0.5152298723,0.1728466184
252,sure,301,0.03192095429,-0.04525357322
252,sure,302,0.1560280226,0.3953636392
252,sure,303,0.2797140634,1.386204069
252,sure,304,0.06719656125,0.06277230811
252,sure,305,-0.01244765592,0.003317350814
252,sure,306,0.4771445398,1.306698422
252,sure,307,0.2284747501,5.206198773e-05
252,sure,308,0.528722081,0.02350168123
252,sure,309,0.2540396465,-0.06678859569
252,sure,310,0.01743048592,0.7474264151
252,sure,311,-0.0539699592,-0.1452774684
252,sure,312,0.1365645355,0.2021946202
252,sure,313,0.02635329995,-0.01357859916
252,sure,314,-0.01988634985,0.6892453682
252,sure,315,0.3249003852,0.06263167936
252,sure,316,1.285788017,0.7247013884
252,sure,317,0.006189543728,-0.1935887744
252,sure,318,0.7815866045,0.9186176316
252,sure,319,-0.2607567123,-0.7315831755
252,sure,320,-0.1113142124,0.2564342727
252,sure,321,-0.006548964495,0.01537686767
252,sure,322,-0.2542130147,0.7869484146
252,sure,323,0.3634106998,0.4752908997
252,sure,324,-0.04213372891,-0.04503234354
252,sure,325,-0.1654232714,0.6905106527
252,sure,326,0.05317439956,0.9112519976
252,sure,327,-0.01246542939,0.4717085081
252,sure,328,0.1390086994,0.7149928039
252,sure,329,0.2140463885,1.614981522
252,sure,330,0.1484635511,0.4065709601
252,sure,331,0.03949334158,-0.04386379862
252,sure,332,-0.05226706192,0.007281139431
252,sure,333,0.0008789342854,1.150490356
252,sure,334,0.1232682649,1.492403736
252,sure,335,0.2856485009,0.4013523007
252,sure,336,-0.01607193178,-0.05758213997
252,sure,337,0.01462921249,0.1363865752
252,sure,338,-0.001598863727,-0.007905700444
252,sure,339,-0.03289682182,1.456039837
252,sure,340,-0.05461619785,-0.05484322193
252,sure,341,0.3686905231,0.9379889237
252,sure,342,1.295759067,0.7580327198
252,sure,343,1.096416995,1.282080718
252,sure,344,0.4792968956,0.1503015827
252,sure,345,1.155629546,1.667511625
252,sure,346,0.1076696406,0.6199361215
252,sure,347,0.01032791173,-0.003111112258
252,sure,348,-0.02724564981,-0.01642671681
252,sure,349,0.1181488827,0.6333236232
252,sure,350,0.6334730919,0.9474148059
252,sure,351,0.185075347,0.1457592586
252,sure,352,-0.1442891508,1.152038385
252,sure,353,-0.2182904779,-0.07539168579
252,sure,354,0.1464404351,0.1141316027
252,sure,355,-0.001411121268,1.161281935
252,sure,356,-0.09651472716,0.0580077902
252,sure,357,-0.3616029145,0.09481230295
252,sure,358,0.06859219521,0.1481204882
252,sure,359,0.05161419352,0.6817010335
252,sure,360,0.5042381695,1.031767111
252,sure,361,1.148317094,0.7440332
252,sure,362,-0.09832452284,1.137600853
252,sure,363,0.1085068944,1.251546939
252,sure,364,-0.173865683,0.9796854078
252,sure,365,0.2512727161,0.1906930293
252,sure,366,0.309935019,0.8659662585
252,sure,367,0.05786553186,0.7737149944
252,sure,368,0.4123816586,2.59437589
252,sure,369,0.529432965,1.61842813
252,sure,370,-0.07793084351,0.5611122037
252,sure,371,-0.004269008257,0.3198649841
252,sure,372,-0.03678583751,0.3015361512
252,sure,373,-0.09223879429,-0.1937897777
252,sure,374,-0.02713533587,0.3678223748
252,sure,375,0.0396245177,-0.02101245423
252,sure,376,0.00430865276,1.313083623
252,sure,377,0.05348948054,0.1458254539
252,sure,378,0.03814684016,0.8858818322
252,sure,379,0.0006370336574,0.5118767919
252,sure,380,0.03074727012,1.551529137
252,sure,381,0.3271066141,-0.4710715732
252,sure,382,0.7143530505,0.2472000812
252,sure,383,-0.004074627778,0.1342087367
252,sure,384,1.472177687,0.5421204861
252,sure,385,0.9412247892,0.2744566278
252,sure,386,0.01788346053,0.8156092201
252,sure,387,0.6030378688,0.4763183259
252,sure,388,0.1806818023,0.7316766048
252,sure,389,0.01542729048,-5.032063674e-05
252,sure,390,0.007644705474,0.145552029
252,sure,391,1.25974053,2.229332041
252,sure,392,-0.03500576765,-0.01333320649
252,sure,393,0.03026823224,0.7327957335
252,sure,394,0.7286232367,0.3718326231
252,sure,395,0.009478323239,0.1350092217
252,sure,396,0.3617446475,0.9543763226
252,sure,397,-0.5444236285,0.08415458428
252,sure,398,1.839383388,1.630433503
252,sure,399,0.1299203021,0.94203514
252,sure,400,0.5504580031,1.647310426
252,sure,401,0.03722544217,1.335727406
252,sure,402,0.05987146074,-0.3037552031
252,sure,403,0.5716346113,0.6019472008
252,sure,404,0.06826083556,0.01181029278
252,sure,405,0.3604226333,0.8775357866
252,sure,406,0.2098967567,0.4304385459
252,sure,407,0.09857002786,0.3454410928
252,sure,408,-0.01794534222,1.059837307
252,sure,409,0.6393436378,0.9593251283
252,sure,410,0.1017015628,0.6440111581
252,sure,411,0.06389335479,0.7268509366
252,sure,412,-0.0001474934957,-0.006316360216
252,sure,413,0.04145015166,0.2607411653
252,sure,414,-0.4832793543,1.558683815
252,sure,415,0.2422401489,0.4279092258
252,sure,416,-0.05990516579,-0.1242618278
252,sure,417,0.08658726611,0.8607917061
252,sure,418,-0.01343788691,0.1690039342
252,sure,419,0.1539614264,0.9909439771
252,sure,420,0.002564903418,-0.1922740006
252,sure,421,0.093005834,0.1131021127
252,sure,422,-0.1128603603,0.6675865688
252,sure,423,-0.04240137624,-0.2780522263
252,sure,424,0.2985148746,0.2983707074
252,sure,425,-0.03548288737,0.08119503632
252,sure,426,-0.2024626369,-0.2289892774
252,sure,427,-0.5713898797,1.223001357
252,sure,428,0.0807409358,0.8657123624
252,sure,429,-0.05976654934,0.2550323197
252,sure,430,-0.01653701131,0.1063706398
252,sure,431,-0.1300049847,0.03058640857
252,sure,432,0.4706418028,0.3477298377
252,sure,433,-0.3314698021,0.007891305725
252,sure,434,0.1347884366,0.1443414188
252,sure,435,0.5974882041,0.4965817583
252,sure,436,0.2154153664,1.288551739
252,sure,437,0.4918330587,1.564045209
252,sure,438,0.088845776,0.8396770097
252,sure,439,0.4666095279,1.148396429
252,sure,440,-0.04415285702,0.07030899053
252,sure,441,-0.002524811987,-0.05229939116
252,sure,442,0.8972071188,1.447120795
252,sure,443,0.1806159575,0.5994576829
252,sure,444,0.2061517034,1.298016037
252,sure,445,0.05904404759,0.4830172138
252,sure,446,-0.04998254343,0.701936035
252,sure,447,0.03933492927,0.5379888257
252,sure,448,-0.2141112624,0.0492575299
252,sure,449,-0.1904990479,0.623705376
252,sure,450,-0.02258866177,0.6963229055
252,sure,451,0.03293123269,0.6600981281
252,sure,452,0.08436026879,-0.3413448597
252,sure,453,0.3162615828,0.7445571281
252,sure,454,0.5981360428,0.03984329222
252,sure,455,0.160988494,0.2381041312
252,sure,456,-0.1514997663,0.02556902358
252,sure,457,0.08813160144,-0.377060158
252,sure,458,0.9560444371,0.7396512758
252,sure,459,-0.1153094663,0.08597409876
252,sure,460,0.5826508592,1.296643529
252,sure,461,0.09821568989,0.06314401631
252,sure,462,0.999573834,1.902448136
252,sure,463,-0.01287837331,0.4727488947
252,sure,464,-0.01501785978,0.760668447
252,sure,465,-0.01569773745,0.4007729048
252,sure,466,0.3013951211,1.301507367
252,sure,467,0.5854547514,1.95550045
252,sure,468,0.02327216211,1.648819591
252,sure,469,0.9955363536,1.56928269
252,sure,470,-0.0140353266,0.1064478778
252,sure,471,0.1780709492,0.4016227582
252,sure,472,-0.03435698466,0.4556681712
252,sure,473,-0.2686191112,0.4222153801
252,sure,474,-0.9216523002,1.219747884
252,sure,475,0.3791353683,0.7586172607
252,sure,476,0.5704940905,0.6716414347
252,sure,477,0.02322744889,-0.144612517
252,sure,478,0.03047968297,-0.04824563097
252,sure,479,0.4846874414,0.7293231039
252,sure,480,0.2739905247,0.2351337956
252,sure,481,0.6741822941,1.336671881
252,sure,482,-0.106738183,-0.01784867073
252,sure,483,0.02721281851,-0.05961147087
252,sure,484,0.1638164883,0.4799204571
252,sure,485,0.1521394778,-0.05066686262
252,sure,486,0.2409456346,0.751032994
252,sure,487,0.5264379961,1.175497217
252,sure,488,-0.0602086743,1.525299266
252,sure,489,0.4585943353,0.5001820003
252,sure,490,-0.01943734721,0.806001214
252,sure,491,-0.008373892662,0.08899494607
252,sure,492,0.1095474865,0.3374280777
252,sure,493,0.06673010367,0.1541193934
252,sure,494,0.7656577716,0.2959255601
252,sure,495,0.2623905993,0.3504123166
252,sure,496,1.166514982,1.252422528
252,sure,497,0.0206448661,0.2317914199
252,sure,498,0.7363848967,2.74138431
252,sure,499,0.7239528817,0.2179183719
252,sure,500,0.1887323366,0.4718948447
252,gmleb,1,1.183536722,0.8476005394
252,gmleb,2,0.8243814677,-0.02029627114
252,gmleb,3,0.9304415517,0.7087394405
252,gmleb,4,1.372915181,0.7998745573
252,gmleb,5,0.7257037807,0.1758023327
252,gmleb,6,0.8275377668,0.0550600356
252,gmleb,7,1.204494706,0.479763998
252,gmleb,8,0.3248082478,0.1390254607
252,gmleb,9,0.2230732394,-0.399628638
252,gmleb,10,0.6160964657,-0.0700414783
252,gmleb,11,0.3216539902,0.504384207
252,gmleb,12,0.8133371481,0.2308811234
252,gmleb,13,1.520147478,0.8147001217
252,gmleb,14,0.8154567134,0.2324958242
252,gmleb,15,1.068381105,0.7778838533
252,gmleb,16,0.8078144715,0.5460766495
252,gmleb,17,0.8011902394,0.5020930383
252,gmleb,18,0.7268858816,0.3002685883
252,gmleb,19,0.6661890783,0.3696105716
252,gmleb,20,2.001922402,0.7414698443
252,gmleb,21,0.3278683508,0.1012318665
252,gmleb,22,0.7722111055,0.2066943588
252,gmleb,23,1.366166309,0.769325642
252,gmleb,24,0.706392391,-0.04626943432
252,gmleb,25,0.3494326419,-0.07119121071
252,gmleb,26,0.6398485036,0.2014465589
252,gmleb,27,0.6920905221,0.4733453634
252,gmleb,28,1.618273963,0.7867975097
252,gmleb,29,0.8116715776,0.7990220929
252,gmleb,30,0.5993490744,-0.2595460854
252,gmleb,31,0.1436564007,0.0124497472
252,gmleb,32,2.750089339,1.176090666
252,gmleb,33,1.048702876,0.5117302715
252,gmleb,34,0.5676402215,0.6144606733
252,gmleb,35,0.6310417477,0.2381821107
252,gmleb,36,0.4240687234,0.6155130458
252,gmleb,37,0.6035541659,0.0528592767
252,gmleb,38,0.02607381559,0.01504670705
252,gmleb,39,1.003319303,0.7256874602
252,gmleb,40,0.2804703437,0.03690641379
252,gmleb,41,0.4428216723,0.127379851
252,gmleb,42,0.6817176547,0.531006889
252,gmleb,43,0.6826061318,-0.000777579671
252,gmleb,44,0.8765205498,0.6117635037
252,gmleb,45,0.7783274521,0.4813350426
252,gmleb,46,-0.2703768183,-0.01803675316
252,gmleb,47,0.4855627834,-0.2099678632
252,gmleb,48,0.6713646916,0.2623321461
252,gmleb,49,1.760511423,1.402139114
252,gmleb,50,1.794374599,2.039022159
252,gmleb,51,1.184881037,0.6974466341
252,gmleb,52,1.885229784,0.9963540895
252,gmleb,53,1.683930951,1.289312997
252,gmleb,54,1.123047317,0.5009521624
252,gmleb,55,1.477930783,0.9924560835
252,gmleb,56,0.31467375,0.4319437522
252,gmleb,57,0.4954040714,0.6808147146
252,gmleb,58,3.11317934,1.742242149
252,gmleb,59,1.314256759,0.6301734632
252,gmleb,60,0.6576501792,0.6805633069
252,gmleb,61,1.665611985,1.158327413
252,gmleb,62,0.8167015847,0.1259791743
252,gmleb,63,1.02046634,0.8132998723
252,gmleb,64,1.4110935,0.5332165512
252,gmleb,65,0.6130322039,0.126421667
252,gmleb,66,0.6947583545,0.1157513786
252,gmleb,67,0.3053576508,-0.03033879545
252,gmleb,68,0.1597945236,-0.09819402877
252,gmleb,69,1.524583603,0.8217136112
252,gmleb,70,1.995272536,0.4608859255
252,gmleb,71,2.031604467,0.9467941424
252,gmleb,72,0.7509797711,1.142251634
252,gmleb,73,0.3167150819,0.9425888556
252,gmleb,74,-0.1043476819,0.456101869
252,gmleb,75,0.4304772139,0.100302175
252,gmleb,76,0.5637283444,0.5144255152
252,gmleb,77,0.3051698034,1.034901177
252,gmleb,78,1.068123843,0.9623410965
252,gmleb,79,0.7105614186,-0.1532013236
252,gmleb,80,1.702230278,0.7832405873
252,gmleb,81,0.4154215921,0.04074217392
252,gmleb,82,0.5352267777,-0.2057804177
252,gmleb,83,1.094604256,0.4290091378
252,gmleb,84,1.612350698,2.389341143
252,gmleb,85,0.5839264394,0.2054553216
252,gmleb,86,0.3970645751,0.1653291506
252,gmleb,87,1.185772103,0.8894756327
252,gmleb,88,1.961608927,0.2863017332
252,gmleb,89,0.3551935371,0.2587697014
252,gmleb,90,3.573124417,1.352014442
252,gmleb,91,1.514246528,0.1753885118
252,gmleb,92,1.218996613,0.6423842206
252,gmleb,93,0.8332831317,-0.1695716643
252,gmleb,94,0.7863549128,0.2448288882
252,gmleb,95,0.6958834577,0.4058352964
252,gmleb,96,0.2528359752,0.8353507539
252,gmleb,97,0.5962647508,-0.02620685704
252,gmleb,98,0.9755706619,0.6941159978
252,gmleb,99,0.01742640964,-0.1521634891
252,gmleb,100,1.668415467,0.6150727256
252,gmleb,101,0.19355477,0.9181874466
252,gmleb,102,0.6961324786,0.8933657414
252,gmleb,103,-0.03026491802,-0.1862620952
252,gmleb,104,0.1058952165,0.4173988069
252,gmleb,105,1.643529186,0.9528354045
252,gmleb,106,4.78665898,1.383593406
252,gmleb,107,0.8993420715,0.7863921553
252,gmleb,108,0.5510900804,-0.2404921743
252,gmleb,109,1.193729103,1.366866079
252,gmleb,110,0.7451015242,0.4280500611
252,gmleb,111,0.1669824691,0.8330190505
252,gmleb,112,0.6585345523,0.1583575004
252,gmleb,113,-0.0661308476,1.125255835
252,gmleb,114,0.8680601111,-0.4992435926
252,gmleb,115,1.656813237,0.9157750115
252,gmleb,116,-0.05802265332,-0.493217974
252,gmleb,117,0.6082423499,-0.1025533948
252,gmleb,118,0.2954522244,0.4304946795
252,gmleb,119,0.7627749555,0.448173259
252,gmleb,120,2.027314951,0.9334669964
252,gmleb,121,0.9813105326,0.8999118604
252,gmleb,122,1.377092509,2.102133917
252,gmleb,123,0.3429341418,-0.006801450658
252,gmleb,124,0.3005734019,0.07381158118
252,gmleb,125,0.908164965,-0.1639660262
252,gmleb,126,0.709903128,0.2127652797
252,gmleb,127,0.7585969766,0.8678055131
252,gmleb,128,3.345582553,0.9501615227
252,gmleb,129,-0.2305356302,-0.3410263543
252,gmleb,130,2.210660937,0.9003480104
252,gmleb,131,1.742772641,1.33071447
252,gmleb,132,0.7472329138,1.812226975
252,gmleb,133,0.447969751,0.9366795323
252,gmleb,134,0.6902303626,-0.3486181683
252,gmleb,135,0.7557769359,0.3445034316
252,gmleb,136,2.904682666,0.7702281048
252,gmleb,137,1.252591379,0.6848362856
252,gmleb,138,0.6483373777,0.6402634151
252,gmleb,139,1.044225644,1.132469966
252,gmleb,140,0.685360163,0.525467735
252,gmleb,141,0.9117536278,1.568837506
252,gmleb,142,1.980365203,0.5090718768
252,gmleb,143,0.6579738341,-0.3722385952
252,gmleb,144,1.143820488,1.285651332
252,gmleb,145,1.250272694,1.189219603
252,gmleb,146,0.8363086351,0.3097962429
252,gmleb,147,0.8047515293,0.2850060403
252,gmleb,148,1.435761924,1.342321519
252,gmleb,149,0.7676769273,-0.01612404081
252,gmleb,150,0.5093775027,0.4829675341
252,gmleb,151,1.445860613,0.9717085378
252,gmleb,152,1.117094107,0.7312372532
252,gmleb,153,-0.1072766659,0.3160131183
252,gmleb,154,1.070181698,0.5804314231
252,gmleb,155,-0.0756469169,0.6658756683
252,gmleb,156,1.271867629,0.6622497897
252,gmleb,157,0.9103868831,0.921418338
252,gmleb,158,0.3606175799,0.1349186209
252,gmleb,159,1.147500003,0.8795580022
252,gmleb,160,0.9515288811,-0.2824373592
252,gmleb,161,0.3342736127,0.4070555357
252,gmleb,162,1.495453508,0.7891142157
252,gmleb,163,1.680739935,0.9864641486
252,gmleb,164,0.8434854552,0.7384493234
252,gmleb,165,0.78662333,0.19426635
252,gmleb,166,1.661789725,0.6701569349
252,gmleb,167,2.495415296,0.7744292781
252,gmleb,168,0.3034774634,0.117455069
252,gmleb,169,1.886775428,-0.2049346326
252,gmleb,170,1.711305309,0.9851773692
252,gmleb,171,0.1981687793,0.733661554
252,gmleb,172,0.5978694753,-0.08966874169
252,gmleb,173,0.7510093399,0.8122141065
252,gmleb,174,0.7354831963,0.2698640093
252,gmleb,175,1.060098141,0.6063886171
252,gmleb,176,0.6846410812,0.4980302316
252,gmleb,177,0.7329434013,-0.06523940225
252,gmleb,178,0.2007888779,0.08264085665
252,gmleb,179,0.7938834772,0.5243919196
252,gmleb,180,1.910632878,1.24680759
252,gmleb,181,0.8639538066,1.072336082
252,gmleb,182,1.006995686,0.7376302555
252,gmleb,183,0.3308003884,0.1315342924
252,gmleb,184,0.8252799229,0.4242363212
252,gmleb,185,1.780493471,0.6373398109
252,gmleb,186,0.698670447,0.1616247205
252,gmleb,187,0.2957074528,0.2568325256
252,gmleb,188,1.318929451,0.8308886621
252,gmleb,189,1.109543313,1.41303505
252,gmleb,190,1.029900403,0.09339210819
252,gmleb,191,0.6057754946,0.2806782669
252,gmleb,192,0.882324165,0.5008758837
252,gmleb,193,1.132138866,0.7269341883
252,gmleb,194,0.5303099449,0.004706088286
252,gmleb,195,0.6161211967,0.4605266085
252,gmleb,196,0.1644157937,0.8061821998
252,gmleb,197,0.910075843,1.114062205
252,gmleb,198,1.692632444,0.9858171536
252,gmleb,199,1.586284118,1.706481694
252,gmleb,200,0.5180384503,1.499554063
252,gmleb,201,0.4202904884,-0.2745994877
252,gmleb,202,0.6560555284,0.09879459707
252,gmleb,203,1.620106329,0.7044757204
252,gmleb,204,0.7452127575,1.494003873
252,gmleb,205,0.5485879629,-0.05089441564
252,gmleb,206,0.4357904531,-0.1100693996
252,gmleb,207,0.5478400475,0.100441424
252,gmleb,208,1.688830965,0.6737579924
252,gmleb,209,0.2274384912,-0.1726067019
252,gmleb,210,0.5276205356,0.6734956929
252,gmleb,211,0.621161765,-0.05073110536
252,gmleb,212,0.7160273714,0.4070903721
252,gmleb,213,0.8153085229,0.2072040399
252,gmleb,214,0.5154181531,1.160110536
252,gmleb,215,0.503438059,0.331329244
252,gmleb,216,1.351581725,1.417092362
252,gmleb,217,0.542768356,0.001028629583
252,gmleb,218,1.668311509,1.704010367
252,gmleb,219,0.7188026229,0.3784594717
252,gmleb,220,1.254725172,1.363593911
252,gmleb,221,1.507594131,0.8640508446
252,gmleb,222,1.453250967,0.7904774878
252,gmleb,223,0.5416369385,-0.01114190945
252,gmleb,224,1.544369776,0.7308095825
252,gmleb,225,0.6197483794,0.7796585218
252,gmleb,226,1.852812379,1.314104005
252,gmleb,227,0.5916726285,-0.05847731532
252,gmleb,228,0.2613865983,0.7245844601
252,gmleb,229,1.548682553,1.373168604
252,gmleb,230,0.6483366833,0.7539900999
252,gmleb,231,0.3345534363,1.209512913
252,gmleb,232,0.4650684421,0.08215931468
252,gmleb,233,0.7459096685,-0.05965207485
252,gmleb,234,1.03555004,-0.1147169556
252,gmleb,235,1.734328898,0.827857107
252,gmleb,236,1.257479202,-0.0253320725
252,gmleb,237,0.2527529542,-0.01732745255
252,gmleb,238,0.8839953437,0.07087531909
252,gmleb,239,0.9107943486,0.497625908
252,gmleb,240,0.309683261,0.2742167719
252,gmleb,241,0.9671149164,0.4859937772
252,gmleb,242,0.2835297132,1.074526361
252,gmleb,243,0.7409206957,0.4261678412
252,gmleb,244,2.649933763,1.202775427
252,gmleb,245,1.187926054,1.322261393
252,gmleb,246,1.402025524,-0.4357967006
252,gmleb,247,-0.2447575388,-0.05064917209
252,gmleb,248,0.2508034076,-0.03776297422
252,gmleb,249,1.612203892,0.9680440919
252,gmleb,250,0.5342735537,0.1731431966
252,gmleb,251,1.898251579,0.5583230516
252,gmleb,252,0.5881454218,-0.2851008187
252,gmleb,253,0.442921871,-0.05005352588
252,gmleb,254,0.8470457732,0.7628793466
252,gmleb,255,1.395651433,1.701060912
252,gmleb,256,0.6978786108,-0.06441626272
252,gmleb,257,1.101973453,0.5114473523
252,gmleb,258,0.4244751954,0.3834471296
252,gmleb,259,0.9012787981,1.101217961
252,gmleb,260,0.622359724,0.2979921843
252,gmleb,261,0.5868228385,0.2779128864
252,gmleb,262,0.5304983608,0.4352658797
252,gmleb,263,1.105428043,1.057359853
252,gmleb,264,1.207510908,1.12063284
252,gmleb,265,0.7324374762,0.1773678557
252,gmleb,266,1.52145546,1.288554468
252,gmleb,267,0.6343985786,0.09590107573
252,gmleb,268,0.8646901083,1.472255856
252,gmleb,269,0.1839474544,-0.3035787916
252,gmleb,270,0.3113980183,0.09346814605
252,gmleb,271,1.286359505,1.111914194
252,gmleb,272,1.296054192,0.8626954176
252,gmleb,273,0.7381211342,0.2645744
252,gmleb,274,1.570356786,1.497360165
252,gmleb,275,0.5578903252,0.01955463815
252,gmleb,276,0.7564042346,0.2706737767
252,gmleb,277,1.115668147,0.1732119149
252,gmleb,278,1.094392535,0.2884480566
252,gmleb,279,-0.06082345568,-0.8351703292
252,gmleb,280,0.4245881943,0.5894699061
252,gmleb,281,-0.0162938178,-0.3192908235
252,gmleb,282,0.8908904653,0.8578907311
252,gmleb,283,0.5770278179,0.2249626495
252,gmleb,284,2.207258288,2.701969516
252,gmleb,285,-0.05351338516,1.046409881
252,gmleb,286,1.021607745,0.6464961864
252,gmleb,287,0.8786045348,0.8843627846
252,gmleb,288,0.5633422033,3.53707036e-05
252,gmleb,289,0.4688143979,0.4061732957
252,gmleb,290,0.8367885277,0.7116257288
252,gmleb,291,0.6015895463,-0.1401694483
252,gmleb,292,1.668275079,1.083311734
252,gmleb,293,1.27503149,0.7498579168
252,gmleb,294,0.1945414201,0.03819359061
252,gmleb,295,0.6846601079,0.1151316977
252,gmleb,296,0.7526520627,0.7029846006
252,gmleb,297,0.2893859933,-0.1607887515
252,gmleb,298,1.9500012,1.780510601
252,gmleb,299,1.587925188,0.476907499
252,gmleb,300,0.2472538455,0.1728466184
252,gmleb,301,0.6691274546,-0.04525357322
252,gmleb,302,0.5384211003,0.3953636392
252,gmleb,303,0.8234493229,1.386204069
252,gmleb,304,0.4501844635,0.06277230811
252,gmleb,305,0.5345341076,0.003317350814
252,gmleb,306,1.695140983,1.306698422
252,gmleb,307,0.719266474,5.206198773e-05
252,gmleb,308,1.668514615,0.02350168123
252,gmleb,309,1.070329199,-0.06678859569
252,gmleb,310,1.136164456,0.7474264151
252,gmleb,311,0.6134607554,-0.1452774684
252,gmleb,312,0.5130243668,0.2021946202
252,gmleb,313,1.102615661,-0.01357859916
252,gmleb,314,1.114777362,0.6892453682
252,gmleb,315,1.019215872,0.06263167936
252,gmleb,316,3.421225259,0.7247013884
252,gmleb,317,0.619042567,-0.1935887744
252,gmleb,318,2.103382128,0.9186176316
252,gmleb,319,0.3342101701,-0.7315831755
252,gmleb,320,0.4570535146,0.2564342727
252,gmleb,321,0.6082930849,0.01537686767
252,gmleb,322,1.039697285,0.7869484146
252,gmleb,323,0.5020399546,0.4752908997
252,gmleb,324,0.4871305569,-0.04503234354
252,gmleb,325,0.5257695391,0.6905106527
252,gmleb,326,0.7039630439,0.9112519976
252,gmleb,327,0.7978781281,0.4717085081
252,gmleb,328,1.181175675,0.7149928039
252,gmleb,329,1.577093162,1.614981522
252,gmleb,330,0.5755026164,0.4065709601
252,gmleb,331,0.3361772478,-0.04386379862
252,gmleb,332,0.2017728649,0.007281139431
252,gmleb,333,0.7971695194,1.150490356
252,gmleb,334,1.385488674,1.492403736
252,gmleb,335,1.867202128,0.4013523007
252,gmleb,336,0.6562121281,-0.05758213997
252,gmleb,337,0.5588179219,0.1363865752
252,gmleb,338,0.2971433148,-0.007905700444
252,gmleb,339,1.340753168,1.456039837
252,gmleb,340,0.2668045793,-0.05484322193
252,gmleb,341,1.699947696,0.9379889237
252,gmleb,342,3.340498739,0.7580327198
252,gmleb,343,2.851145354,1.282080718
252,gmleb,344,1.200144163,0.1503015827
252,gmleb,345,2.310394798,1.667511625
252,gmleb,346,1.092360986,0.6199361215
252,gmleb,347,0.5142742532,-0.003111112258
252,gmleb,348,0.644572678,-0.01642671681
252,gmleb,349,0.2135061093,0.6333236232
252,gmleb,350,1.826019644,0.9474148059
252,gmleb,351,0.4930743281,0.1457592586
252,gmleb,352,0.742591087,1.152038385
252,gmleb,353,0.1207935282,-0.07539168579
252,gmleb,354,0.4657390608,0.1141316027
252,gmleb,355,0.8548704653,1.161281935
252,gmleb,356,0.4265036151,0.0580077902
252,gmleb,357,0.02337382438,0.09481230295
252,gmleb,358,0.4658153036,0.1481204882
252,gmleb,359,1.128244313,0.6817010335
252,gmleb,360,2.307555199,1.031767111
252,gmleb,361,3.647090252,0.7440332
252,gmleb,362,0.899339732,1.137600853
252,gmleb,363,1.457796534,1.251546939
252,gmleb,364,0.8654629083,0.9796854078
252,gmleb,365,0.5095524092,0.1906930293
252,gmleb,366,1.679515077,0.8659662585
252,gmleb,367,1.167537592,0.7737149944
252,gmleb,368,1.690679211,2.59437589
252,gmleb,369,1.524355368,1.61842813
252,gmleb,370,0.642618219,0.5611122037
252,gmleb,371,0.8290362513,0.3198649841
252,gmleb,372,0.2912256489,0.3015361512
252,gmleb,373,0.4163025568,-0.1937897777
252,gmleb,374,0.6659374345,0.3678223748
252,gmleb,375,1.087213642,-0.02101245423
252,gmleb,376,1.119853819,1.313083623
252,gmleb,377,0.6596372903,0.1458254539
252,gmleb,378,1.26393496,0.8858818322
252,gmleb,379,0.5977196748,0.5118767919
252,gmleb,380,1.627280169,1.551529137
252,gmleb,381,1.491038128,-0.4710715732
252,gmleb,382,1.847486058,0.2472000812
252,gmleb,383,0.5348503606,0.1342087367
252,gmleb,384,3.403472117,0.5421204861
252,gmleb,385,3.252543697,0.2744566278
252,gmleb,386,0.9480392468,0.8156092201
252,gmleb,387,2.610368254,0.4763183259
252,gmleb,388,1.163300007,0.7316766048
252,gmleb,389,0.6231835311,-5.032063674e-05
252,gmleb,390,0.3183077661,0.145552029
252,gmleb,391,3.67722459,2.229332041
252,gmleb,392,0.5404929461,-0.01333320649
252,gmleb,393,1.175675611,0.7327957335
252,gmleb,394,1.487841798,0.3718326231
252,gmleb,395,0.6458215749,0.1350092217
252,gmleb,396,1.618530653,0.9543763226
252,gmleb,397,-0.5058538838,0.08415458428
252,gmleb,398,4.021627439,1.630433503
252,gmleb,399,1.263876038,0.94203514
252,gmleb,400,2.171711766,1.647310426
252,gmleb,401,1.020307575,1.335727406
252,gmleb,402,0.9413874629,-0.3037552031
252,gmleb,403,1.354510088,0.6019472008
252,gmleb,404,0.3612123673,0.01181029278
252,gmleb,405,1.870114237,0.8775357866
252,gmleb,406,0.6971228623,0.4304385459
252,gmleb,407,0.7988271415,0.3454410928
252,gmleb,408,1.432094051,1.059837307
252,gmleb,409,1.314117282,0.9593251283
252,gmleb,410,1.084291391,0.6440111581
252,gmleb,411,1.09983615,0.7268509366
252,gmleb,412,0.686354529,-0.006316360216
252,gmleb,413,0.4401596468,0.2607411653
252,gmleb,414,-0.2206239399,1.558683815
252,gmleb,415,0.9255571177,0.4279092258
252,gmleb,416,0.1122145652,-0.1242618278
252,gmleb,417,1.305436598,0.8607917061
252,gmleb,418,0.7729608139,0.1690039342
252,gmleb,419,1.526616916,0.9909439771
252,gmleb,420,0.7591961327,-0.1922740006
252,gmleb,421,0.2701959798,0.1131021127
252,gmleb,422,0.4311107642,0.6675865688
252,gmleb,423,0.5550498086,-0.2780522263
252,gmleb,424,0.4960052214,0.2983707074
252,gmleb,425,0.08515629567,0.08119503632
252,gmleb,426,0.04286837415,-0.2289892774
252,gmleb,427,0.1390100416,1.223001357
252,gmleb,428,0.9226833787,0.8657123624
252,gmleb,429,0.05052941365,0.2550323197
252,gmleb,430,0.6132653912,0.1063706398
252,gmleb,431,0.1853628086,0.03058640857
252,gmleb,432,1.247748447,0.3477298377
252,gmleb,433,-0.2389524156,0.007891305725
252,gmleb,434,0.5666193962,0.1443414188
252,gmleb,435,1.697134573,0.4965817583
252,gmleb,436,0.8645257875,1.288551739
252,gmleb,437,1.852887176,1.564045209
252,gmleb,438,0.6892836524,0.8396770097
252,gmleb,439,1.349320693,1.148396429
252,gmleb,440,0.5909055724,0.07030899053
252,gmleb,441,0.6061369616,-0.05229939116
252,gmleb,442,1.813013635,1.447120795
252,gmleb,443,0.2851591547,0.5994576829
252,gmleb,444,0.5604059822,1.298016037
252,gmleb,445,0.6905316986,0.4830172138
252,gmleb,446,0.3798501278,0.701936035
252,gmleb,447,0.7048918987,0.5379888257
252,gmleb,448,0.008227351111,0.0492575299
252,gmleb,449,0.0002673976799,0.623705376
252,gmleb,450,0.5498045928,0.6963229055
252,gmleb,451,0.4325930533,0.6600981281
252,gmleb,452,0.9730177505,-0.3413448597
252,gmleb,453,0.8240994599,0.7445571281
252,gmleb,454,0.9819157795,0.03984329222
252,gmleb,455,0.3158813086,0.2381041312
252,gmleb,456,0.0916249064,0.02556902358
252,gmleb,457,1.41714591,-0.377060158
252,gmleb,458,1.894643417,0.7396512758
252,gmleb,459,-0.003856598895,0.08597409876
252,gmleb,460,1.8499214,1.296643529
252,gmleb,461,0.6533185225,0.06314401631
252,gmleb,462,2.490612128,1.902448136
252,gmleb,463,0.6313577743,0.4727488947
252,gmleb,464,1.185746728,0.760668447
252,gmleb,465,0.5041343693,0.4007729048
252,gmleb,466,1.068443312,1.301507367
252,gmleb,467,2.343795325,1.95550045
252,gmleb,468,1.373248813,1.648819591
252,gmleb,469,2.500483836,1.56928269
252,gmleb,470,0.494576865,0.1064478778
252,gmleb,471,0.8893111805,0.4016227582
252,gmleb,472,0.8856985233,0.4556681712
252,gmleb,473,0.9723121939,0.4222153801
252,gmleb,474,-0.4454780754,1.219747884
252,gmleb,475,1.503493419,0.7586172607
252,gmleb,476,1.505949031,0.6716414347
252,gmleb,477,0.4531198615,-0.144612517
252,gmleb,478,0.4390721091,-0.04824563097
252,gmleb,479,0.6866844308,0.7293231039
252,gmleb,480,0.9919113261,0.2351337956
252,gmleb,481,1.93955469,1.336671881
252,gmleb,482,0.0791171753,-0.01784867073
252,gmleb,483,0.5206925011,-0.05961147087
252,gmleb,484,0.4894809233,0.4799204571
252,gmleb,485,0.2215162707,-0.05066686262
252,gmleb,486,1.313244435,0.751032994
252,gmleb,487,1.214852666,1.175497217
252,gmleb,488,0.996675542,1.525299266
252,gmleb,489,0.7956587572,0.5001820003
252,gmleb,490,0.9053986592,0.806001214
252,gmleb,491,0.5695782329,0.08899494607
252,gmleb,492,0.8938455851,0.3374280777
252,gmleb,493,0.6142536516,0.1541193934
252,gmleb,494,2.474449346,0.2959255601
252,gmleb,495,1.353477116,0.3504123166
252,gmleb,496,2.849146719,1.252422528
252,gmleb,497,0.6114069689,0.2317914199
252,gmleb,498,2.759424902,2.74138431
252,gmleb,499,2.9610284,0.2179183719
252,gmleb,500,0.4505203564,0.4718948447
252,polyhedral,1,2.311328506,0.8476005394
252,polyhedral,2,0.8471413355,-0.02029627114
252,polyhedral,3,0.39511422,0.7087394405
252,polyhedral,4,2.413436234,0.7998745573
252,polyhedral,5,3.192694183,0.1758023327
252,polyhedral,6,1.554477101,0.0550600356
252,polyhedral,7,0.4040272552,0.479763998
252,polyhedral,8,-18.70953417,0.1390254607
252,polyhedral,9,-1.398727869,-0.399628638
252,polyhedral,10,-32.53985509,-0.0700414783
252,polyhedral,11,-34.02868547,0.504384207
252,polyhedral,12,-4.722122848,0.2308811234
252,polyhedral,13,3.710134021,0.8147001217
252,polyhedral,14,-9.636519048,0.2324958242
252,polyhedral,15,-22.40279581,0.7778838533
252,polyhedral,16,0.8510976806,0.5460766495
252,polyhedral,17,2.257205457,0.5020930383
252,polyhedral,18,1.852417281,0.3002685883
252,polyhedral,19,-2.390785928,0.3696105716
252,polyhedral,20,1.689908478,0.7414698443
252,polyhedral,21,0.6383957237,0.1012318665
252,polyhedral,22,0.03638366865,0.2066943588
252,polyhedral,23,-8.546826959,0.769325642
252,polyhedral,24,-16.03752493,-0.04626943432
252,polyhedral,25,0.8656769804,-0.07119121071
252,polyhedral,26,2.860943284,0.2014465589
252,polyhedral,27,-23.92259466,0.4733453634
252,polyhedral,28,2.025138423,0.7867975097
252,polyhedral,29,-3.57257025,0.7990220929
252,polyhedral,30,0.006649147156,-0.2595460854
252,polyhedral,31,0.9935216794,0.0124497472
252,polyhedral,32,2.986838186,1.176090666
252,polyhedral,33,1.253670307,0.5117302715
252,polyhedral,34,1.507393135,0.6144606733
252,polyhedral,35,-2.16318113,0.2381821107
252,polyhedral,36,1.702157943,0.6155130458
252,polyhedral,37,2.671269285,0.0528592767
252,polyhedral,38,0.2349441732,0.01504670705
252,polyhedral,39,0.2379717784,0.7256874602
252,polyhedral,40,-3.32432852,0.03690641379
252,polyhedral,41,1.176737333,0.127379851
252,polyhedral,42,0.8641502895,0.531006889
252,polyhedral,43,-11.43161956,-0.000777579671
252,polyhedral,44,0.5195925581,0.6117635037
252,polyhedral,45,-0.9628456169,0.4813350426
252,polyhedral,46,-6.711782782,-0.01803675316
252,polyhedral,47,2.029336938,-0.2099678632
252,polyhedral,48,-31.72056697,0.2623321461
252,polyhedral,49,-2.527942208,1.402139114
252,polyhedral,50,2.537596465,2.039022159
252,polyhedral,51,-2.760146143,0.6974466341
252,polyhedral,52,1.618982242,0.9963540895
252,polyhedral,53,-2.959833372,1.289312997
252,polyhedral,54,2.10611411,0.5009521624
252,polyhedral,55,-6.393819613,0.9924560835
252,polyhedral,56,-0.2281624364,0.4319437522
252,polyhedral,57,0.2818484621,0.6808147146
252,polyhedral,58,4.770774217,1.742242149
252,polyhedral,59,-3.829000404,0.6301734632
252,polyhedral,60,1.896001029,0.6805633069
252,polyhedral,61,2.443786579,1.158327413
252,polyhedral,62,2.88144134,0.1259791743
252,polyhedral,63,2.086066924,0.8132998723
252,polyhedral,64,3.125376482,0.5332165512
252,polyhedral,65,2.984829151,0.126421667
252,polyhedral,66,-1.136797547,0.1157513786
252,polyhedral,67,1.367287516,-0.03033879545
252,polyhedral,68,-7.359041883,-0.09819402877
252,polyhedral,69,2.528401613,0.8217136112
252,polyhedral,70,2.325569373,0.4608859255
252,polyhedral,71,3.481224629,0.9467941424
252,polyhedral,72,0.8639532274,1.142251634
252,polyhedral,73,0.2785109075,0.9425888556
252,polyhedral,74,-2.709888138,0.456101869
252,polyhedral,75,-25.04076248,0.100302175
252,polyhedral,76,-0.7013008664,0.5144255152
252,polyhedral,77,1.796628813,1.034901177
252,polyhedral,78,-18.82795111,0.9623410965
252,polyhedral,79,-0.2497963005,-0.1532013236
252,polyhedral,80,1.39127206,0.7832405873
252,polyhedral,81,-1.451538152,0.04074217392
252,polyhedral,82,-4.170060666,-0.2057804177
252,polyhedral,83,1.04073127,0.4290091378
252,polyhedral,84,1.641447637,2.389341143
252,polyhedral,85,-0.203682672,0.2054553216
252,polyhedral,86,0.2681360439,0.1653291506
252,polyhedral,87,-3.242882013,0.8894756327
252,polyhedral,88,2.768567498,0.2863017332
252,polyhedral,89,-3.151396968,0.2587697014
252,polyhedral,90,4.111503454,1.352014442
252,polyhedral,91,1.531804285,0.1753885118
252,polyhedral,92,1.378252617,0.6423842206
252,polyhedral,93,-1.883072289,-0.1695716643
252,polyhedral,94,1.134613542,0.2448288882
252,polyhedral,95,-3.295140714,0.4058352964
252,polyhedral,96,0.3987033883,0.8353507539
252,polyhedral,97,0.3925032334,-0.02620685704
252,polyhedral,98,-6.000852406,0.6941159978
252,polyhedral,99,-33.10563845,-0.1521634891
252,polyhedral,100,2.996074909,0.6150727256
252,polyhedral,101,0.4433729338,0.9181874466
252,polyhedral,102,-2.488854175,0.8933657414
252,polyhedral,103,-0.8718770466,-0.1862620952
252,polyhedral,104,-9.147021029,0.4173988069
252,polyhedral,105,2.011196645,0.9528354045
252,polyhedral,106,5.092204284,1.383593406
252,polyhedral,107,-5.213985887,0.7863921553
252,polyhedral,108,-0.8153817389,-0.2404921743
252,polyhedral,109,0.8754220851,1.366866079
252,polyhedral,110,0.1904144778,0.4280500611
252,polyhedral,111,1.1656187,0.8330190505
252,polyhedral,112,-13.76746413,0.1583575004
252,polyhedral,113,-7.268614482,1.125255835
252,polyhedral,114,-0.6442511543,-0.4992435926
252,polyhedral,115,3.581576262,0.9157750115
252,polyhedral,116,0.3592255356,-0.493217974
252,polyhedral,117,-26.10448035,-0.1025533948
252,polyhedral,118,1.485325954,0.4304946795
252,polyhedral,119,2.537637778,0.448173259
252,polyhedral,120,-8.287008281,0.9334669964
252,polyhedral,121,-2.696359039,0.8999118604
252,polyhedral,122,3.234796339,2.102133917
252,polyhedral,123,-1.125974366,-0.006801450658
252,polyhedral,124,0.09720873633,0.07381158118
252,polyhedral,125,-14.35552677,-0.1639660262
252,polyhedral,126,-3.449140233,0.2127652797
252,polyhedral,127,-2.576235442,0.8678055131
252,polyhedral,128,3.460872134,0.9501615227
252,polyhedral,129,-1.158001201,-0.3410263543
252,polyhedral,130,-8.023814394,0.9003480104
252,polyhedral,131,3.615380934,1.33071447
252,polyhedral,132,-0.4408783769,1.812226975
252,polyhedral,133,0.7912743637,0.9366795323
252,polyhedral,134,-13.33680203,-0.3486181683
252,polyhedral,135,2.365578058,0.3445034316
252,polyhedral,136,4.274841466,0.7702281048
252,polyhedral,137,-22.64061164,0.6848362856
252,polyhedral,138,2.030623969,0.6402634151
252,polyhedral,139,2.627003653,1.132469966
252,polyhedral,140,-0.7178146649,0.525467735
252,polyhedral,141,-7.263815371,1.568837506
252,polyhedral,142,2.437565573,0.5090718768
252,polyhedral,143,-0.9053115666,-0.3722385952
252,polyhedral,144,-6.196906441,1.285651332
252,polyhedral,145,-4.285351753,1.189219603
252,polyhedral,146,-32.49748779,0.3097962429
252,polyhedral,147,3.269811035,0.2850060403
252,polyhedral,148,2.255588862,1.342321519
252,polyhedral,149,1.011360264,-0.01612404081
252,polyhedral,150,-4.134389799,0.4829675341
252,polyhedral,151,1.600726359,0.9717085378
252,polyhedral,152,1.205038919,0.7312372532
252,polyhedral,153,0.7121450926,0.3160131183
252,polyhedral,154,-21.09913999,0.5804314231
252,polyhedral,155,-0.834035211,0.6658756683
252,polyhedral,156,-1.787845581,0.6622497897
252,polyhedral,157,1.200927707,0.921418338
252,polyhedral,158,1.717732013,0.1349186209
252,polyhedral,159,-12.15264167,0.8795580022
252,polyhedral,160,2.992548686,-0.2824373592
252,polyhedral,161,-1.51965343,0.4070555357
252,polyhedral,162,0.6314893558,0.7891142157
252,polyhedral,163,-0.008800835724,0.9864641486
252,polyhedral,164,0.6529413205,0.7384493234
252,polyhedral,165,2.02938059,0.19426635
252,polyhedral,166,4.192281656,0.6701569349
252,polyhedral,167,3.171166905,0.7744292781
252,polyhedral,168,-33.19446187,0.117455069
252,polyhedral,169,3.908097669,-0.2049346326
252,polyhedral,170,-8.113475886,0.9851773692
252,polyhedral,171,-3.338519743,0.733661554
252,polyhedral,172,1.748743536,-0.08966874169
252,polyhedral,173,-0.1689887201,0.8122141065
252,polyhedral,174,-6.651284769,0.2698640093
252,polyhedral,175,-31.94137015,0.6063886171
252,polyhedral,176,-1.48702165,0.4980302316
252,polyhedral,177,0.567700947,-0.06523940225
252,polyhedral,178,-2.164004624,0.08264085665
252,polyhedral,179,2.013466336,0.5243919196
252,polyhedral,180,3.317123029,1.24680759
252,polyhedral,181,-3.701025916,1.072336082
252,polyhedral,182,3.531898507,0.7376302555
252,polyhedral,183,-7.444583191,0.1315342924
252,polyhedral,184,3.302185645,0.4242363212
252,polyhedral,185,3.59899682,0.6373398109
252,polyhedral,186,1.599820203,0.1616247205
252,polyhedral,187,-27.30325341,0.2568325256
252,polyhedral,188,0.9611840353,0.8308886621
252,polyhedral,189,-6.068077789,1.41303505
252,polyhedral,190,-0.6634814344,0.09339210819
252,polyhedral,191,1.076975098,0.2806782669
252,polyhedral,192,-0.1749941104,0.5008758837
252,polyhedral,193,-8.530684902,0.7269341883
252,polyhedral,194,-4.036407946,0.004706088286
252,polyhedral,195,2.105542672,0.4605266085
252,polyhedral,196,0.4080193445,0.8061821998
252,polyhedral,197,2.188379733,1.114062205
252,polyhedral,198,-15.21641626,0.9858171536
252,polyhedral,199,0.009035527934,1.706481694
252,polyhedral,200,-4.577059149,1.499554063
252,polyhedral,201,-4.843750273,-0.2745994877
252,polyhedral,202,0.5873261613,0.09879459707
252,polyhedral,203,2.637539795,0.7044757204
252,polyhedral,204,-32.21083921,1.494003873
252,polyhedral,205,-2.590585995,-0.05089441564
252,polyhedral,206,0.1871851264,-0.1100693996
252,polyhedral,207,-2.690362334,0.100441424
252,polyhedral,208,3.264521758,0.6737579924
252,polyhedral,209,1.774042574,-0.1726067019
252,polyhedral,210,-2.192972595,0.6734956929
252,polyhedral,211,1.124356179,-0.05073110536
252,polyhedral,212,-0.5560659954,0.4070903721
252,polyhedral,213,2.40027277,0.2072040399
252,polyhedral,214,1.309376938,1.160110536
252,polyhedral,215,1.367657467,0.331329244
252,polyhedral,216,1.996554801,1.417092362
252,polyhedral,217,-1.137660068,0.001028629583
252,polyhedral,218,1.541212054,1.704010367
252,polyhedral,219,0.2402793555,0.3784594717
252,polyhedral,220,-6.827006227,1.363593911
252,polyhedral,221,-3.268576666,0.8640508446
252,polyhedral,222,1.921424736,0.7904774878
252,polyhedral,223,-8.475445157,-0.01114190945
252,polyhedral,224,2.21984439,0.7308095825
252,polyhedral,225,1.848206898,0.7796585218
252,polyhedral,226,3.162598685,1.314104005
252,polyhedral,227,-13.18591399,-0.05847731532
252,polyhedral,228,-0.3123068036,0.7245844601
252,polyhedral,229,2.199807033,1.373168604
252,polyhedral,230,-32.13281846,0.7539900999
252,polyhedral,231,0.07149037653,1.209512913
252,polyhedral,232,-32.32603277,0.08215931468
252,polyhedral,233,2.205439393,-0.05965207485
252,polyhedral,234,2.48314676,-0.1147169556
252,polyhedral,235,-1.875525711,0.827857107
252,polyhedral,236,-1.261842455,-0.0253320725
252,polyhedral,237,0.01990611521,-0.01732745255
252,polyhedral,238,2.007629091,0.07087531909
252,polyhedral,239,-7.031643635,0.497625908
252,polyhedral,240,-6.191467625,0.2742167719
252,polyhedral,241,-3.243264058,0.4859937772
252,polyhedral,242,-3.584323001,1.074526361
252,polyhedral,243,1.241626703,0.4261678412
252,polyhedral,244,0.9627859288,1.202775427
252,polyhedral,245,-0.5898675128,1.322261393
252,polyhedral,246,2.439514303,-0.4357967006
252,polyhedral,247,0.3067856239,-0.05064917209
252,polyhedral,248,0.2727352933,-0.03776297422
252,polyhedral,249,1.545765858,0.9680440919
252,polyhedral,250,-0.1350874873,0.1731431966
252,polyhedral,251,3.602271658,0.5583230516
252,polyhedral,252,-4.671474055,-0.2851008187
252,polyhedral,253,-2.863976083,-0.05005352588
252,polyhedral,254,3.344437335,0.7628793466
252,polyhedral,255,-1.853156748,1.701060912
252,polyhedral,256,2.955207275,-0.06441626272
252,polyhedral,257,-4.283912945,0.5114473523
252,polyhedral,258,-32.73449526,0.3834471296
252,polyhedral,259,-1.141652424,1.101217961
252,polyhedral,260,-1.687398535,0.2979921843
252,polyhedral,261,2.256613315,0.2779128864
252,polyhedral,262,0.4468216657,0.4352658797
252,polyhedral,263,-0.7516755119,1.057359853
252,polyhedral,264,2.657663706,1.12063284
252,polyhedral,265,-3.928325826,0.1773678557
252,polyhedral,266,3.146143063,1.288554468
252,polyhedral,267,1.876215203,0.09590107573
252,polyhedral,268,2.04169423,1.472255856
252,polyhedral,269,-2.302959035,-0.3035787916
252,polyhedral,270,-4.286106852,0.09346814605
252,polyhedral,271,3.515242911,1.111914194
252,polyhedral,272,-3.685793604,0.8626954176
252,polyhedral,273,1.599903955,0.2645744
252,polyhedral,274,3.411924621,1.497360165
252,polyhedral,275,-4.864582736,0.01955463815
252,polyhedral,276,-0.3562986282,0.2706737767
252,polyhedral,277,1.288182306,0.1732119149
252,polyhedral,278,0.3959753345,0.2884480566
252,polyhedral,279,0.4128447507,-0.8351703292
252,polyhedral,280,-1.347450544,0.5894699061
252,polyhedral,281,1.49487214,-0.3192908235
252,polyhedral,282,2.225835696,0.8578907311
252,polyhedral,283,-2.792115799,0.2249626495
252,polyhedral,284,2.989325659,2.701969516
252,polyhedral,285,0.7297121154,1.046409881
252,polyhedral,286,0.6640801959,0.6464961864
252,polyhedral,287,-2.636788583,0.8843627846
252,polyhedral,288,-7.992043781,3.53707036e-05
252,polyhedral,289,1.167694714,0.4061732957
252,polyhedral,290,-14.12169732,0.7116257288
252,polyhedral,291,-20.61327894,-0.1401694483
252,polyhedral,292,3.08713367,1.083311734
252,polyhedral,293,3.271471184,0.7498579168
252,polyhedral,294,-4.355712394,0.03819359061
252,polyhedral,295,1.791483604,0.1151316977
252,polyhedral,296,0.08779362097,0.7029846006
252,polyhedral,297,-0.6241640191,-0.1607887515
252,polyhedral,298,-2.298733236,1.780510601
252,polyhedral,299,1.818454512,0.476907499
252,polyhedral,300,0.1164775543,0.1728466184
252,polyhedral,301,-0.02751905451,-0.04525357322
252,polyhedral,302,-2.231733007,0.3953636392
252,polyhedral,303,-1.044818781,1.386204069
252,polyhedral,304,-3.909172849,0.06277230811
252,polyhedral,305,1.223773022,0.003317350814
252,polyhedral,306,-31.14534677,1.306698422
252,polyhedral,307,3.519936445,5.206198773e-05
252,polyhedral,308,3.275509847,0.02350168123
252,polyhedral,309,-32.99692669,-0.06678859569
252,polyhedral,310,-28.06846313,0.7474264151
252,polyhedral,311,2.300719362,-0.1452774684
252,polyhedral,312,0.05940062556,0.2021946202
252,polyhedral,313,-13.03058736,-0.01357859916
252,polyhedral,314,-31.42263884,0.6892453682
252,polyhedral,315,2.802436958,0.06263167936
252,polyhedral,316,3.921604806,0.7247013884
252,polyhedral,317,1.03422724,-0.1935887744
252,polyhedral,318,1.851960384,0.9186176316
252,polyhedral,319,-2.105648917,-0.7315831755
252,polyhedral,320,0.5935368672,0.2564342727
252,polyhedral,321,1.839809545,0.01537686767
252,polyhedral,322,0.8777884533,0.7869484146
252,polyhedral,323,-6.100359593,0.4752908997
252,polyhedral,324,0.886340075,-0.04503234354
252,polyhedral,325,-15.04939735,0.6905106527
252,polyhedral,326,1.080249139,0.9112519976
252,polyhedral,327,1.390822702,0.4717085081
252,polyhedral,328,2.530044854,0.7149928039
252,polyhedral,329,2.634673991,1.614981522
252,polyhedral,330,-2.583692593,0.4065709601
252,polyhedral,331,-0.131368898,-0.04386379862
252,polyhedral,332,-1.520267183,0.007281139431
252,polyhedral,333,2.183585629,1.150490356
252,polyhedral,334,1.864277866,1.492403736
252,polyhedral,335,-32.1062114,0.4013523007
252,polyhedral,336,1.916771923,-0.05758213997
252,polyhedral,337,-0.7200290499,0.1363865752
252,polyhedral,338,1.42346674,-0.007905700444
252,polyhedral,339,-6.467594668,1.456039837
252,polyhedral,340,2.109314376,-0.05484322193
252,polyhedral,341,-4.50787733,0.9379889237
252,polyhedral,342,4.190288572,0.7580327198
252,polyhedral,343,4.062428499,1.282080718
252,polyhedral,344,3.734253412,0.1503015827
252,polyhedral,345,3.826200206,1.667511625
252,polyhedral,346,2.404625029,0.6199361215
252,polyhedral,347,-3.055055328,-0.003111112258
252,polyhedral,348,-6.909362834,-0.01642671681
252,polyhedral,349,-0.04800830525,0.6333236232
252,polyhedral,350,0.9187787698,0.9474148059
252,polyhedral,351,-1.39779815,0.1457592586
252,polyhedral,352,2.771174119,1.152038385
252,polyhedral,353,-0.825270546,-0.07539168579
252,polyhedral,354,1.604484558,0.1141316027
252,polyhedral,355,1.195965472,1.161281935
252,polyhedral,356,-5.165457556,0.0580077902
252,polyhedral,357,0.3269101492,0.09481230295
252,polyhedral,358,0.5766087867,0.1481204882
252,polyhedral,359,-0.5940697877,0.6817010335
252,polyhedral,360,2.832932732,1.031767111
252,polyhedral,361,4.768366853,0.7440332
252,polyhedral,362,2.067669113,1.137600853
252,polyhedral,363,2.445141368,1.251546939
252,polyhedral,364,-6.325812351,0.9796854078
252,polyhedral,365,-0.4129206936,0.1906930293
252,polyhedral,366,0.929446309,0.8659662585
252,polyhedral,367,-0.9113639674,0.7737149944
252,polyhedral,368,1.511732871,2.59437589
252,polyhedral,369,2.17089067,1.61842813
252,polyhedral,370,-6.574414215,0.5611122037
252,polyhedral,371,1.779447316,0.3198649841
252,polyhedral,372,0.4568125534,0.3015361512
252,polyhedral,373,0.1043439409,-0.1937897777
252,polyhedral,374,-5.542717085,0.3678223748
252,polyhedral,375,1.536706801,-0.02101245423
252,polyhedral,376,-5.667565729,1.313083623
252,polyhedral,377,2.223052146,0.1458254539
252,polyhedral,378,-32.43492736,0.8858818322
252,polyhedral,379,-6.057965165,0.5118767919
252,polyhedral,380,-23.38746485,1.551529137
252,polyhedral,381,2.275999107,-0.4710715732
252,polyhedral,382,2.379225402,0.2472000812
252,polyhedral,383,-3.386850301,0.1342087367
252,polyhedral,384,3.604417053,0.5421204861
252,polyhedral,385,3.523599037,0.2744566278
252,polyhedral,386,0.6991198424,0.8156092201
252,polyhedral,387,-5.417885934,0.4763183259
252,polyhedral,388,-27.69437735,0.7316766048
252,polyhedral,389,-17.25462822,-5.032063674e-05
252,polyhedral,390,-2.582362533,0.145552029
252,polyhedral,391,4.537597241,2.229332041
252,polyhedral,392,0.1606223451,-0.01333320649
252,polyhedral,393,-3.54195002,0.7327957335
252,polyhedral,394,3.511463803,0.3718326231
252,polyhedral,395,1.748373024,0.1350092217
252,polyhedral,396,3.138860267,0.9543763226
252,polyhedral,397,-4.078855644,0.08415458428
252,polyhedral,398,4.414404173,1.630433503
252,polyhedral,399,2.981479576,0.94203514
252,polyhedral,400,2.342204976,1.647310426
252,polyhedral,401,-0.4805372644,1.335727406
252,polyhedral,402,2.636546135,-0.3037552031
252,polyhedral,403,3.482435206,0.6019472008
252,polyhedral,404,1.349641758,0.01181029278
252,polyhedral,405,0.839695925,0.8775357866
252,polyhedral,406,-1.93028131,0.4304385459
252,polyhedral,407,0.8657342506,0.3454410928
252,polyhedral,408,-32.40980525,1.059837307
252,polyhedral,409,3.103771019,0.9593251283
252,polyhedral,410,3.016587041,0.6440111581
252,polyhedral,411,-31.31361673,0.7268509366
252,polyhedral,412,2.968477772,-0.006316360216
252,polyhedral,413,2.599373244,0.2607411653
252,polyhedral,414,-1.584675162,1.558683815
252,polyhedral,415,2.073159799,0.4279092258
252,polyhedral,416,-1.723259894,-0.1242618278
252,polyhedral,417,-0.04487281288,0.8607917061
252,polyhedral,418,1.655376518,0.1690039342
252,polyhedral,419,1.799801992,0.9909439771
252,polyhedral,420,0.8760277828,-0.1922740006
252,polyhedral,421,-33.70655188,0.1131021127
252,polyhedral,422,-32.85452583,0.6675865688
252,polyhedral,423,2.619425338,-0.2780522263
252,polyhedral,424,-33.25871216,0.2983707074
252,polyhedral,425,0.5100624573,0.08119503632
252,polyhedral,426,1.778164788,-0.2289892774
252,polyhedral,427,-3.009967221,1.223001357
252,polyhedral,428,-4.838005202,0.8657123624
252,polyhedral,429,-7.847121621,0.2550323197
252,polyhedral,430,0.2661111086,0.1063706398
252,polyhedral,431,-1.42130976,0.03058640857
252,polyhedral,432,1.090778091,0.3477298377
252,polyhedral,433,0.8151547909,0.007891305725
252,polyhedral,434,-1.232538578,0.1443414188
252,polyhedral,435,2.017508596,0.4965817583
252,polyhedral,436,-12.96235091,1.288551739
252,polyhedral,437,-13.61292524,1.564045209
252,polyhedral,438,0.7659682856,0.8396770097
252,polyhedral,439,0.00732998697,1.148396429
252,polyhedral,440,-6.051107196,0.07030899053
252,polyhedral,441,2.417412201,-0.05229939116
252,polyhedral,442,4.044334936,1.447120795
252,polyhedral,443,-0.3694005885,0.5994576829
252,polyhedral,444,-33.20472663,1.298016037
252,polyhedral,445,2.522112613,0.4830172138
252,polyhedral,446,-14.47069415,0.701936035
252,polyhedral,447,3.348377377,0.5379888257
252,polyhedral,448,-32.92920598,0.0492575299
252,polyhedral,449,-0.7949033545,0.623705376
252,polyhedral,450,-7.051035366,0.6963229055
252,polyhedral,451,-8.582538591,0.6600981281
252,polyhedral,452,0.74569391,-0.3413448597
252,polyhedral,453,-0.8412191455,0.7445571281
252,polyhedral,454,4.128731981,0.03984329222
252,polyhedral,455,0.1260133227,0.2381041312
252,polyhedral,456,-16.89915576,0.02556902358
252,polyhedral,457,1.165520458,-0.377060158
252,polyhedral,458,2.941788315,0.7396512758
252,polyhedral,459,-33.98224472,0.08597409876
252,polyhedral,460,-0.3864845569,1.296643529
252,polyhedral,461,-3.884686432,0.06314401631
252,polyhedral,462,3.090887772,1.902448136
252,polyhedral,463,-10.38729719,0.4727488947
252,polyhedral,464,-2.010461103,0.760668447
252,polyhedral,465,1.572919094,0.4007729048
252,polyhedral,466,2.924151197,1.301507367
252,polyhedral,467,2.715325591,1.95550045
252,polyhedral,468,-5.204484723,1.648819591
252,polyhedral,469,4.062191915,1.56928269
252,polyhedral,470,2.081819561,0.1064478778
252,polyhedral,471,2.571797645,0.4016227582
252,polyhedral,472,1.216846069,0.4556681712
252,polyhedral,473,-2.3041273,0.4222153801
252,polyhedral,474,-0.1627986987,1.219747884
252,polyhedral,475,2.445207485,0.7586172607
252,polyhedral,476,-0.2703796027,0.6716414347
252,polyhedral,477,-7.618871893,-0.144612517
252,polyhedral,478,1.477838956,-0.04824563097
252,polyhedral,479,2.019324681,0.7293231039
252,polyhedral,480,-1.341236898,0.2351337956
252,polyhedral,481,3.052511516,1.336671881
252,polyhedral,482,1.301042953,-0.01784867073
252,polyhedral,483,-3.073301858,-0.05961147087
252,polyhedral,484,1.392833583,0.4799204571
252,polyhedral,485,-3.827730347,-0.05066686262
252,polyhedral,486,1.429879085,0.751032994
252,polyhedral,487,3.62069366,1.175497217
252,polyhedral,488,2.184200409,1.525299266
252,polyhedral,489,0.02729246186,0.5001820003
252,polyhedral,490,-0.2202568462,0.806001214
252,polyhedral,491,0.8519248429,0.08899494607
252,polyhedral,492,3.302075657,0.3374280777
252,polyhedral,493,0.6261175772,0.1541193934
252,polyhedral,494,3.666966509,0.2959255601
252,polyhedral,495,2.390136023,0.3504123166
252,polyhedral,496,-4.693172046,1.252422528
252,polyhedral,497,1.44239288,0.2317914199
252,polyhedral,498,2.708379487,2.74138431
252,polyhedral,499,4.012486494,0.2179183719
252,polyhedral,500,0.7347254326,0.4718948447
504,naive,1,0.91482249,0.03511386778
504,naive,2,2.216565758,0.9736310015
504,naive,3,2.4855909,0.4765607513
504,naive,4,3.105942333,1.74819618
504,naive,5,2.108267866,0.8885948254
504,naive,6,2.674986614,0.5894807246
504,naive,7,3.372404305,2.001027637
504,naive,8,2.413407531,0.2031341604
504,naive,9,2.102877188,0.6847899183
504,naive,10,2.439958375,0.4715265489
504,naive,11,2.742143837,0.7213589827
504,naive,12,1.1378895,0.5594820594
504,naive,13,1.000303448,-0.2014807961
504,naive,14,2.557379573,0.7022416708
504,naive,15,2.012008102,1.132623322
504,naive,16,0.9925531715,0.004150991745
504,naive,17,1.707553949,0.01380438847
504,naive,18,3.038835655,0.5820932368
504,naive,19,1.78117819,0.05067959094
504,naive,20,1.149865911,-0.1159892674
504,naive,21,1.6861343,0.7728540527
504,naive,22,3.291829396,0.7928984611
504,naive,23,2.736349791,0.885064725
504,naive,24,1.33649624,0.001599597274
504,naive,25,3.10674728,2.225840766
504,naive,26,3.09332057,0.9193237721
504,naive,27,2.571874388,1.018666329
504,naive,28,0.5668678492,-0.05235668579
504,naive,29,2.865774904,3.05479165
504,naive,30,2.324422442,-0.2331475591
504,naive,31,2.84496532,0.736337173
504,naive,32,2.418710706,0.7723968382
504,naive,33,1.079708061,0.3332606536
504,naive,34,1.507365601,0.6778650556
504,naive,35,1.937996639,0.7545464858
504,naive,36,1.71730942,0.2381082585
504,naive,37,2.816425502,0.7066001749
504,naive,38,2.293405751,0.8223290929
504,naive,39,2.096988171,1.42908644
504,naive,40,1.340425181,0.2969196255
504,naive,41,2.081204105,0.016339172
504,naive,42,2.033839924,0.2456117484
504,naive,43,3.381295191,0.9953467789
504,naive,44,1.872218934,0.3383837662
504,naive,45,2.058554189,0.2781579332
504,naive,46,1.24897943,-0.6531043453
504,naive,47,0.8754194039,0.2054886934
504,naive,48,1.653854024,0.1943306299
504,naive,49,1.934202496,0.9304152546
504,naive,50,2.418126832,0.4659233356
504,naive,51,2.57033558,0.7523393319
504,naive,52,2.420185655,0.969603117
504,naive,53,1.78556968,0.3822155136
504,naive,54,1.826193293,0.1983993934
504,naive,55,2.06652053,0.2585871033
504,naive,56,2.40391259,0.6135712591
504,naive,57,2.037259399,0.5395153591
504,naive,58,2.879348822,2.142849841
504,naive,59,2.477979772,0.969273409
504,naive,60,1.026066691,-0.04060125267
504,naive,61,3.369928234,0.8284879391
504,naive,62,2.779201068,0.5378073452
504,naive,63,1.590916021,0.3762017589
504,naive,64,2.204037143,0.4703411501
504,naive,65,0.5817196889,-0.2682012389
504,naive,66,1.729856358,0.7797508637
504,naive,67,1.663438251,0.5820005694
504,naive,68,1.649634103,0.5662032612
504,naive,69,2.411384381,0.8756230988
504,naive,70,2.133832733,0.248685394
504,naive,71,2.284925098,1.747210066
504,naive,72,1.467591122,-0.1818651415
504,naive,73,1.709276816,0.101179132
504,naive,74,2.079100106,0.5336837502
504,naive,75,2.247127154,0.2200753827
504,naive,76,2.370945109,1.290963314
504,naive,77,1.711097014,0.8274012641
504,naive,78,1.102805999,0.2591144251
504,naive,79,2.085802395,0.5956203544
504,naive,80,1.546908669,-0.1365200816
504,naive,81,2.503584865,0.9233260002
504,naive,82,1.787978314,0.7617519713
504,naive,83,1.366830506,-0.1884998426
504,naive,84,1.568950074,0.05044355951
504,naive,85,1.45300935,0.464931292
504,naive,86,3.033620171,0.9178232023
504,naive,87,3.243703479,1.505267089
504,naive,88,2.63034749,1.293166952
504,naive,89,1.47295173,0.2177782535
504,naive,90,1.333604351,0.6960323217
504,naive,91,2.60451139,-0.06673010077
504,naive,92,3.02261714,0.2325710686
504,naive,93,2.78818736,0.689679485
504,naive,94,2.115565826,0.3009861024
504,naive,95,2.141443878,0.3407018872
504,naive,96,0.7949049126,0.6544132163
504,naive,97,2.646448201,1.974233072
504,naive,98,1.007544473,-0.06436914911
504,naive,99,2.307281664,1.14739336
504,naive,100,2.481179476,1.963850679
504,naive,101,3.178236844,0.650723106
504,naive,102,2.113169809,0.9257143895
504,naive,103,2.308450703,0.01422444916
504,naive,104,2.410327729,-0.001901354315
504,naive,105,1.505759413,-0.1095647623
504,naive,106,2.676653078,1.797038613
504,naive,107,1.622942831,0.03024829981
504,naive,108,3.029030092,0.5643659625
504,naive,109,2.118506896,0.5054231533
504,naive,110,3.080802127,1.19600579
504,naive,111,1.960900802,0.1814459551
504,naive,112,1.777248407,-0.1211283511
504,naive,113,2.457447435,0.9009096942
504,naive,114,1.510461559,0.5234562694
504,naive,115,2.519978645,0.6467886193
504,naive,116,2.380521824,0.4803840606
504,naive,117,2.294235583,0.5495505646
504,naive,118,2.353246414,0.08398958863
504,naive,119,1.629161415,-0.01113571207
504,naive,120,2.970579303,1.143994357
504,naive,121,2.912037745,2.389154144
504,naive,122,2.432859704,0.9826018751
504,naive,123,3.36723552,0.8530728636
504,naive,124,2.013609436,0.1219585603
504,naive,125,2.88776597,0.272398818
504,naive,126,1.718173798,0.6411216169
504,naive,127,3.545445657,1.215264524
504,naive,128,2.422529592,1.671003637
504,naive,129,3.061462757,1.474678361
504,naive,130,2.269897174,0.399641734
504,naive,131,2.255687626,1.034230352
504,naive,132,3.09416847,2.059695731
504,naive,133,2.265280178,0.5215206893
504,naive,134,2.258803353,0.6887618588
504,naive,135,3.184855237,1.628607451
504,naive,136,2.128507975,0.8726845944
504,naive,137,3.41139918,3.032224862
504,naive,138,2.679375963,0.7530014673
504,naive,139,2.545193782,0.8270284484
504,naive,140,2.497058942,0.2854045387
504,naive,141,2.760066,0.9103537502
504,naive,142,2.267217897,0.8602075425
504,naive,143,2.558714831,-0.1687344576
504,naive,144,1.575102147,0.4465429098
504,naive,145,2.264660824,0.3761818639
504,naive,146,1.726235421,0.7770469209
504,naive,147,3.113103611,1.081753827
504,naive,148,4.220599463,1.857120114
504,naive,149,2.467196468,0.04557610982
504,naive,150,2.290268577,0.9913968807
504,naive,151,1.886757482,0.5469829983
504,naive,152,1.904390143,0.5098020422
504,naive,153,1.387950559,0.8647762726
504,naive,154,2.340903465,1.60252891
504,naive,155,1.049383519,0.7134210615
504,naive,156,2.403636899,0.8632754723
504,naive,157,2.112279777,0.2627779272
504,naive,158,2.22897845,0.1234067608
504,naive,159,2.011896622,-0.2987172085
504,naive,160,1.880676882,-0.1556201192
504,naive,161,0.942884465,-0.05472078499
504,naive,162,1.533102373,-0.05749582561
504,naive,163,3.308551409,2.174352925
504,naive,164,2.848242855,0.4362965403
504,naive,165,2.159523953,0.4656649497
504,naive,166,1.151798182,-0.1463884281
504,naive,167,2.237951453,0.8820822665
504,naive,168,1.073909826,-0.06488527325
504,naive,169,1.92942075,0.3533890301
504,naive,170,2.604129162,0.5476844629
504,naive,171,1.874625042,0.02650276016
504,naive,172,1.042022714,0.4208508723
504,naive,173,0.6894172874,0.3639178261
504,naive,174,2.782551218,0.4000386829
504,naive,175,2.24953762,1.545673532
504,naive,176,2.3712051,0.7030044281
504,naive,177,2.847090246,0.8092071941
504,naive,178,1.508528965,0.5050956053
504,naive,179,3.157684109,2.41156917
504,naive,180,2.132613997,0.03934842886
504,naive,181,1.331558736,1.029971586
504,naive,182,1.445996318,0.7214468628
504,naive,183,1.629432415,-0.2782460134
504,naive,184,2.040557606,0.8478795634
504,naive,185,2.0130077,-0.008705200227
504,naive,186,2.092539454,0.7821855351
504,naive,187,2.130193047,0.4088259065
504,naive,188,2.199216485,0.5115419344
504,naive,189,1.349946082,0.1831393622
504,naive,190,2.189220989,1.174877263
504,naive,191,2.488130255,0.4668266894
504,naive,192,3.420477936,0.9643256901
504,naive,193,2.526276192,0.4733243004
504,naive,194,2.071116203,0.1048111967
504,naive,195,2.640192865,1.049164268
504,naive,196,3.053008064,1.72496405
504,naive,197,1.503505833,0.471001745
504,naive,198,2.418552127,1.326682021
504,naive,199,2.227848945,1.02038553
504,naive,200,1.519907455,-0.01639339054
504,naive,201,2.25449353,-0.06806895226
504,naive,202,2.76613671,1.410981512
504,naive,203,2.132502846,0.2668012766
504,naive,204,0.5544909073,0.5671970117
504,naive,205,3.003537227,1.196888415
504,naive,206,2.896325986,0.8815327376
504,naive,207,2.309729132,0.5146227137
504,naive,208,2.793475508,0.4516699204
504,naive,209,1.767113312,0.07041252955
504,naive,210,3.25635575,0.9627239817
504,naive,211,2.818548198,0.2922550486
504,naive,212,3.071600348,-0.1064199121
504,naive,213,1.874678909,0.06346066574
504,naive,214,2.179261579,0.4644897182
504,naive,215,1.931427328,0.1530216462
504,naive,216,2.486741351,1.500054127
504,naive,217,1.995646251,0.02790626704
504,naive,218,2.810432255,0.8842223042
504,naive,219,2.922935184,2.374001314
504,naive,220,1.430822008,0.3917164593
504,naive,221,1.909100318,-0.000206812589
504,naive,222,1.356884303,0.501750537
504,naive,223,1.594299561,0.3648979457
504,naive,224,2.396346303,0.916426109
504,naive,225,2.083178072,0.849436732
504,naive,226,2.294225114,0.6394920191
504,naive,227,2.167842055,0.246238972
504,naive,228,3.001766078,0.6208180323
504,naive,229,2.356229216,0.7249684631
504,naive,230,2.192353604,0.09010954176
504,naive,231,1.366445585,-0.05085913863
504,naive,232,0.8622532825,-0.5689390428
504,naive,233,1.304740141,0.1102302593
504,naive,234,2.924678102,0.9191771754
504,naive,235,1.833722499,0.04921435874
504,naive,236,0.8875504375,-0.06181201058
504,naive,237,2.676006973,-0.03425417307
504,naive,238,2.315763064,0.6342509902
504,naive,239,1.890583237,0.214777565
504,naive,240,1.844817749,0.102756908
504,naive,241,2.094970678,0.793608006
504,naive,242,2.776727941,1.21371806
504,naive,243,1.129934156,1.261701386
504,naive,244,2.459927999,0.1791535316
504,naive,245,3.840326972,2.293397367
504,naive,246,1.068295498,-0.05855902347
504,naive,247,2.502047887,0.1115962043
504,naive,248,1.492009096,0.3833392536
504,naive,249,2.604590929,0.7095081877
504,naive,250,2.751716861,1.471261942
504,naive,251,2.314127551,-0.06101856121
504,naive,252,2.466894945,-0.01993048138
504,naive,253,2.314498307,0.8880581164
504,naive,254,1.952595738,0.3260079687
504,naive,255,2.876017887,0.7649942078
504,naive,256,0.7115557196,0.02456940228
504,naive,257,2.338716534,0.7310448066
504,naive,258,3.338662225,0.739470424
504,naive,259,1.713483314,0.4421298399
504,naive,260,1.488801969,0.3515994164
504,naive,261,1.220485499,0.2473872901
504,naive,262,2.884634322,0.6753905191
504,naive,263,1.520594484,-0.09481899453
504,naive,264,1.41000786,1.319820741
504,naive,265,2.440178099,2.089180726
504,naive,266,1.567939813,0.7343583267
504,naive,267,3.097204893,0.6552394755
504,naive,268,2.485467667,0.6439614618
504,naive,269,3.151317995,1.231352033
504,naive,270,1.622974006,0.217483571
504,naive,271,1.971626712,0.9822727741
504,naive,272,1.958507403,0.5108224492
504,naive,273,2.938553329,0.6818845736
504,naive,274,1.453693081,0.261157841
504,naive,275,1.710211729,0.8683788113
504,naive,276,0.8876228082,0.03536118565
504,naive,277,2.400294844,1.336250162
504,naive,278,2.256140752,0.711018494
504,naive,279,2.6586663,0.5953746602
504,naive,280,1.199880161,0.6604969133
504,naive,281,1.642896699,-0.1673121417
504,naive,282,2.589344108,0.890467135
504,naive,283,1.766420416,0.1865146943
504,naive,284,1.836294475,-0.1408953
504,naive,285,1.330911004,0.2702375788
504,naive,286,2.822043157,1.281797591
504,naive,287,2.109115197,0.4577034559
504,naive,288,0.4608623236,-0.0362892067
504,naive,289,2.394059534,-0.02085014063
504,naive,290,2.968211496,0.2886791183
504,naive,291,1.772721674,0.6182154649
504,naive,292,1.881991221,0.8192367073
504,naive,293,2.053588499,0.2862309148
504,naive,294,3.419052957,1.401699026
504,naive,295,2.852162947,1.506750877
504,naive,296,2.747085242,0.5860841972
504,naive,297,1.422076282,0.1506982167
504,naive,298,2.150225423,0.5028659158
504,naive,299,1.842092716,0.8046111515
504,naive,300,0.7072634925,0.8923700772
504,naive,301,1.95570193,0.1304905091
504,naive,302,2.700161185,0.4769003152
504,naive,303,2.318510276,0.425846514
504,naive,304,2.628384883,1.032223436
504,naive,305,1.487304591,1.136594433
504,naive,306,3.260999165,0.7627674484
504,naive,307,0.06525419934,0.7984891879
504,naive,308,2.88161445,0.9025755394
504,naive,309,2.660439345,1.526582147
504,naive,310,1.585836038,0.8917252692
504,naive,311,1.179062565,-0.1473180304
504,naive,312,0.7446302595,-0.1196985528
504,naive,313,2.580412991,0.6563344309
504,naive,314,2.46064528,0.666041509
504,naive,315,3.021507468,1.098919588
504,naive,316,2.553987987,0.1988775144
504,naive,317,2.461794139,-0.01793881051
504,naive,318,1.140895928,0.3050867651
504,naive,319,1.748132714,0.08907685623
504,naive,320,0.8959615511,0.4415246706
504,naive,321,1.183276096,0.5311106614
504,naive,322,1.614073996,0.3684264424
504,naive,323,2.437138675,1.904411039
504,naive,324,2.25036617,0.6940994178
504,naive,325,1.762594796,1.350010166
504,naive,326,1.26163933,0.08037661647
504,naive,327,1.342241274,0.1479885885
504,naive,328,2.238074069,0.01562567117
504,naive,329,1.075613382,0.1706720419
504,naive,330,2.432675294,0.1575402453
504,naive,331,2.527780962,0.16443581
504,naive,332,3.308198743,1.333901335
504,naive,333,1.698643984,0.387425073
504,naive,334,1.883182471,0.8726216431
504,naive,335,1.122115177,0.08658027701
504,naive,336,2.202666496,0.3193649667
504,naive,337,2.487442357,0.7876482124
504,naive,338,1.753004083,0.00908809168
504,naive,339,2.542531608,0.2676086931
504,naive,340,2.655915396,0.8712391314
504,naive,341,1.946633527,-0.06429157908
504,naive,342,1.793741397,0.02023154454
504,naive,343,2.418150514,0.7591844774
504,naive,344,2.952793476,1.792619785
504,naive,345,2.792986522,1.654681598
504,naive,346,0.6146996859,-0.01289486571
504,naive,347,1.903699366,1.022517813
504,naive,348,2.838856829,0.7543650592
504,naive,349,2.08331422,-0.1052233853
504,naive,350,3.196808272,1.053431572
504,naive,351,2.417219586,0.03473672883
504,naive,352,1.076181183,0.4185479493
504,naive,353,4.419095382,2.398569873
504,naive,354,3.859419271,1.667146423
504,naive,355,2.529610963,0.3133602937
504,naive,356,2.465968435,0.3680729153
504,naive,357,2.523130674,0.88432716
504,naive,358,2.371552805,-0.07706927411
504,naive,359,1.580625293,0.3500627745
504,naive,360,2.18104637,0.4938838845
504,naive,361,1.287393315,0.4065082352
504,naive,362,1.743762081,-0.01896170805
504,naive,363,1.012112925,0.2911657683
504,naive,364,2.078179687,0.2772710493
504,naive,365,2.239610401,0.6139522532
504,naive,366,3.228657629,1.290065218
504,naive,367,2.693022788,0.7768525386
504,naive,368,1.813382695,0.543461387
504,naive,369,2.751862194,1.520210681
504,naive,370,2.562530252,0.5461320806
504,naive,371,1.4740058,0.8000222779
504,naive,372,3.058582246,2.354705934
504,naive,373,1.808883317,-0.3388340802
504,naive,374,1.657475218,0.1775680679
504,naive,375,2.090916374,0.7760017873
504,naive,376,2.76267188,0.5981848116
504,naive,377,2.091520282,0.4702379188
504,naive,378,2.634073123,0.7381257423
504,naive,379,2.584602973,1.084838097
504,naive,380,2.483299426,-0.02256279088
504,naive,381,4.686621447,3.764516695
504,naive,382,1.856868988,-0.03827168093
504,naive,383,2.598674781,0.2536967263
504,naive,384,2.223267913,1.145244701
504,naive,385,3.292706125,1.03880998
504,naive,386,2.595549903,0.5078804963
504,naive,387,3.048648717,0.8730551666
504,naive,388,2.095458612,0.9128712229
504,naive,389,2.302235038,0.305373095
504,naive,390,1.855849326,0.4914302218
504,naive,391,1.305847915,0.4883581045
504,naive,392,2.558637144,0.6611295229
504,naive,393,2.905126381,1.429228389
504,naive,394,2.719238279,0.6607943901
504,naive,395,2.241583758,0.0201240441
504,naive,396,1.563006766,0.678373283
504,naive,397,2.301461082,1.165764219
504,naive,398,0.8932743195,0.8313977758
504,naive,399,2.881206127,0.655921428
504,naive,400,0.557345943,-0.150564089
504,naive,401,0.9552312857,-0.01903577634
504,naive,402,1.142059254,-0.06478184408
504,naive,403,1.959730131,0.188767394
504,naive,404,1.483744836,0.1092245998
504,naive,405,0.833760942,-0.6292327063
504,naive,406,1.661359614,-0.1423688208
504,naive,407,1.622823067,0.3866024756
504,naive,408,1.360450623,-0.4008625174
504,naive,409,2.929686077,1.247242066
504,naive,410,1.75846485,0.2485378789
504,naive,411,1.677247623,0.2352963004
504,naive,412,0.9257698321,0.9886361602
504,naive,413,1.783262505,-0.1234664493
504,naive,414,2.455077234,0.8496441329
504,naive,415,2.530096541,0.414941873
504,naive,416,2.675067366,0.7015508347
504,naive,417,0.6506096353,0.8259599798
504,naive,418,2.100104604,0.07828890056
504,naive,419,1.887973603,0.3046875439
504,naive,420,1.646833262,0.6569038398
504,naive,421,2.913281225,0.9290155012
504,naive,422,1.383853955,0.4474695999
504,naive,423,1.423931101,0.00394594034
504,naive,424,1.903119869,0.01128224082
504,naive,425,2.357148223,0.5978273457
504,naive,426,2.47948819,0.1313496256
504,naive,427,1.351462053,0.3408884484
504,naive,428,1.797135552,0.25549887
504,naive,429,2.238040043,1.172280618
504,naive,430,2.51202128,0.6837273201
504,naive,431,1.330819872,1.273916837
504,naive,432,2.763549122,1.209098812
504,naive,433,1.924947538,0.308356393
504,naive,434,2.574756396,0.8333174621
504,naive,435,2.219396134,0.1275601707
504,naive,436,2.161133819,0.2109265606
504,naive,437,1.512778785,0.3073055802
504,naive,438,2.555918337,0.6494081143
504,naive,439,1.758554445,0.02128320377
504,naive,440,2.206392444,0.9100098672
504,naive,441,1.756954644,0.4337378061
504,naive,442,1.101670212,-1.147025031
504,naive,443,2.813119179,0.8498458637
504,naive,444,2.201582311,0.4010590414
504,naive,445,2.341459305,0.5659331287
504,naive,446,1.456488568,0.4437517622
504,naive,447,0.138069777,-0.007593599057
504,naive,448,2.715185771,0.8296214639
504,naive,449,1.03910412,-0.01674721084
504,naive,450,3.079627021,0.355283973
504,naive,451,3.218006738,1.765456751
504,naive,452,2.301482211,0.7391478746
504,naive,453,1.995884633,1.190281718
504,naive,454,1.169698205,-0.1656054057
504,naive,455,2.528772905,1.568293299
504,naive,456,1.623325691,-0.02754226651
504,naive,457,2.058901983,0.4983209052
504,naive,458,1.747762263,0.1178991566
504,naive,459,1.507730128,0.2701851162
504,naive,460,1.36130741,-0.01984443694
504,naive,461,1.651735157,0.2998843146
504,naive,462,2.683609598,0.2743416831
504,naive,463,1.722105037,0.6028302213
504,naive,464,3.014158092,1.130940608
504,naive,465,1.971052576,0.2495595978
504,naive,466,1.970619018,-0.02650289265
504,naive,467,1.431802556,0.01908117178
504,naive,468,2.3184622,0.5353702817
504,naive,469,1.751202648,0.06170201168
504,naive,470,2.686558744,0.3413606927
504,naive,471,1.388847731,0.1377130366
504,naive,472,2.043652036,1.764110778
504,naive,473,2.764930154,1.55205089
504,naive,474,2.150153263,0.8157458253
504,naive,475,1.548480502,0.1102702703
504,naive,476,1.674968542,0.3964668015
504,naive,477,2.149254793,0.5530875305
504,naive,478,2.31602235,0.2520643704
504,naive,479,1.608333337,0.2874990449
504,naive,480,3.087867013,1.230636612
504,naive,481,1.52859418,0.56553756
504,naive,482,3.031665844,0.8235865469
504,naive,483,0.9147548141,0.6474126859
504,naive,484,2.707504704,0.5878799073
504,naive,485,1.178462971,1.319552229
504,naive,486,3.414181529,1.587708455
504,naive,487,1.157782666,0.5453873104
504,naive,488,2.242037872,0.4052728583
504,naive,489,1.865710296,0.02640414348
504,naive,490,2.040675786,0.4081159842
504,naive,491,2.310930855,0.7344347618
504,naive,492,3.340133651,1.6105466
504,naive,493,2.88569178,0.6995801836
504,naive,494,1.663814634,0.6303887769
504,naive,495,1.791750644,0.21165268
504,naive,496,3.026610193,1.136176471
504,naive,497,2.185413975,0.5888844539
504,naive,498,1.794775446,0.5313938373
504,naive,499,2.768806637,0.9153890487
504,naive,500,2.984715415,0.6612945544
504,expected_max,1,-0.551287271,0.03511386778
504,expected_max,2,0.4271592916,0.9736310015
504,expected_max,3,0.696184434,0.4765607513
504,expected_max,4,1.316535867,1.74819618
504,expected_max,5,0.6421581054,0.8885948254
504,expected_max,6,0.3732681182,0.5894807246
504,expected_max,7,1.324975555,2.001027637
504,expected_max,8,0.1116890348,0.2031341604
504,expected_max,9,0.05544843789,0.6847899183
504,expected_max,10,0.3925296256,0.4715265489
504,expected_max,11,0.4404253415,0.7213589827
504,expected_max,12,0.02448036397,0.5594820594
504,expected_max,13,-0.1131056889,-0.2014807961
504,expected_max,14,0.5099508229,0.7022416708
504,expected_max,15,0.5458983412,1.132623322
504,expected_max,16,-0.120855965,0.004150991745
504,expected_max,17,-0.3398748009,0.01380438847
504,expected_max,18,0.9914069057,0.5820932368
504,expected_max,19,0.6677690535,0.05067959094
504,expected_max,20,-0.3162438503,-0.1159892674
504,expected_max,21,0.5727251631,0.7728540527
504,expected_max,22,1.50242293,0.7928984611
504,expected_max,23,0.4346312949,0.885064725
504,expected_max,24,0.223087104,0.001599597274
504,expected_max,25,1.317340813,2.225840766
504,expected_max,26,1.045891821,0.9193237721
504,expected_max,27,1.105764627,1.018666329
504,expected_max,28,-0.5465412874,-0.05235668579
504,expected_max,29,0.8183461538,3.05479165
504,expected_max,30,0.2769936926,-0.2331475591
504,expected_max,31,0.5432468245,0.736337173
504,expected_max,32,0.371281956,0.7723968382
504,expected_max,33,-0.03370107558,0.3332606536
504,expected_max,34,0.3939564644,0.6778650556
504,expected_max,35,0.824587502,0.7545464858
504,expected_max,36,0.2511996585,0.2381082585
504,expected_max,37,0.7689967524,0.7066001749
504,expected_max,38,1.179996615,0.8223290929
504,expected_max,39,0.3075817045,1.42908644
504,expected_max,40,-0.1256845802,0.2969196255
504,expected_max,41,-0.220514391,0.016339172
504,expected_max,42,-0.01358882568,0.2456117484
504,expected_max,43,1.079576696,0.9953467789
504,expected_max,44,0.0828124678,0.3383837662
504,expected_max,45,0.2691477226,0.2781579332
504,expected_max,46,0.1355702933,-0.6531043453
504,expected_max,47,-0.2379897326,0.2054886934
504,expected_max,48,-0.1355524419,0.1943306299
504,expected_max,49,0.1447960297,0.9304152546
504,expected_max,50,0.3706980821,0.4659233356
504,expected_max,51,0.5229068304,0.7523393319
504,expected_max,52,0.3727569057,0.969603117
504,expected_max,53,0.3194599191,0.3822155136
504,expected_max,54,0.03678682683,0.1983993934
504,expected_max,55,0.0190917803,0.2585871033
504,expected_max,56,0.1021940939,0.6135712591
504,expected_max,57,-0.01016935074,0.5395153591
504,expected_max,58,0.8319200724,2.142849841
504,expected_max,59,0.6885733054,0.969273409
504,expected_max,60,-0.08734244547,-0.04060125267
504,expected_max,61,1.068209738,0.8284879391
504,expected_max,62,0.7317723185,0.5378073452
504,expected_max,63,0.1248062603,0.3762017589
504,expected_max,64,0.1566083934,0.4703411501
504,expected_max,65,-0.5316894477,-0.2682012389
504,expected_max,66,0.2637465975,0.7797508637
504,expected_max,67,0.550029114,0.5820005694
504,expected_max,68,0.5362249669,0.5662032612
504,expected_max,69,0.3639556314,0.8756230988
504,expected_max,70,0.08640398358,0.248685394
504,expected_max,71,0.8188153371,1.747210066
504,expected_max,72,-0.3218153445,-0.1818651415
504,expected_max,73,0.5958676796,0.101179132
504,expected_max,74,0.03167135661,0.5336837502
504,expected_max,75,0.1996984042,0.2200753827
504,expected_max,76,0.3235163588,1.290963314
504,expected_max,77,0.2449872532,0.8274012641
504,expected_max,78,-0.3633037619,0.2591144251
504,expected_max,79,0.6196926342,0.5956203544
504,expected_max,80,-0.2424977971,-0.1365200816
504,expected_max,81,0.4561561154,0.9233260002
504,expected_max,82,0.674569177,0.7617519713
504,expected_max,83,-0.09927925492,-0.1884998426
504,expected_max,84,-0.2204563922,0.05044355951
504,expected_max,85,-0.01310041103,0.464931292
504,expected_max,86,0.986191421,0.9178232023
504,expected_max,87,0.9419849835,1.505267089
504,expected_max,88,1.164237729,1.293166952
504,expected_max,89,0.006841969458,0.2177782535
504,expected_max,90,0.2201952143,0.6960323217
504,expected_max,91,0.3027928939,-0.06673010077
504,expected_max,92,0.7208986445,0.2325710686
504,expected_max,93,0.4864688639,0.689679485
504,expected_max,94,0.3261593599,0.3009861024
504,expected_max,95,-0.1602746181,0.3407018872
504,expected_max,96,-0.3185042239,0.6544132163
504,expected_max,97,1.533039065,1.974233072
504,expected_max,98,-0.1058646637,-0.06436914911
504,expected_max,99,0.5178751977,1.14739336
504,expected_max,100,1.36777034,1.963850679
504,expected_max,101,0.8765183476,0.650723106
504,expected_max,102,0.9997606725,0.9257143895
504,expected_max,103,0.00673220686,0.01422444916
504,expected_max,104,0.6209212624,-0.001901354315
504,expected_max,105,0.03964965198,-0.1095647623
504,expected_max,106,1.210543317,1.797038613
504,expected_max,107,-0.1664636348,0.03024829981
504,expected_max,108,0.7273115961,0.5643659625
504,expected_max,109,0.3291004299,0.5054231533
504,expected_max,110,0.7790836311,1.19600579
504,expected_max,111,-0.3408176938,0.1814459551
504,expected_max,112,-0.2701803423,-0.1211283511
504,expected_max,113,1.344038298,0.9009096942
504,expected_max,114,0.04435179843,0.5234562694
504,expected_max,115,0.4725498955,0.6467886193
504,expected_max,116,0.07880332796,0.4803840606
504,expected_max,117,0.5048291166,0.5495505646
504,expected_max,118,0.8871366531,0.08398958863
504,expected_max,119,0.1630516539,-0.01113571207
504,expected_max,120,0.668860807,1.143994357
504,expected_max,121,0.8646089956,2.389154144
504,expected_max,122,0.6434532382,0.9826018751
504,expected_max,123,1.065517024,0.8530728636
504,expected_max,124,0.2242029693,0.1219585603
504,expected_max,125,0.5860474738,0.272398818
504,expected_max,126,0.6047646611,0.6411216169
504,expected_max,127,1.498016907,1.215264524
504,expected_max,128,0.6331231253,1.671003637
504,expected_max,129,1.948053621,1.474678361
504,expected_max,130,-0.0318213215,0.399641734
504,expected_max,131,0.4662811594,1.034230352
504,expected_max,132,1.04673972,2.059695731
504,expected_max,133,0.4758737121,0.5215206893
504,expected_max,134,0.2113746034,0.6887618588
504,expected_max,135,2.0714461,1.628607451
504,expected_max,136,0.08107922531,0.8726845944
504,expected_max,137,1.109680684,3.032224862
504,expected_max,138,1.565966826,0.7530014673
504,expected_max,139,0.7557873159,0.8270284484
504,expected_max,140,0.1953404458,0.2854045387
504,expected_max,141,0.7126372506,0.9103537502
504,expected_max,142,0.8011081357,0.8602075425
504,expected_max,143,0.7693083646,-0.1687344576
504,expected_max,144,0.108992386,0.4465429098
504,expected_max,145,0.2172320739,0.3761818639
504,expected_max,146,0.2601256604,0.7770469209
504,expected_max,147,1.64699385,1.081753827
504,expected_max,148,2.431192997,1.857120114
504,expected_max,149,0.1654779725,0.04557610982
504,expected_max,150,0.8241588161,0.9913968807
504,expected_max,151,0.0973510159,0.5469829983
504,expected_max,152,0.7909810068,0.5098020422
504,expected_max,153,0.2745414223,0.8647762726
504,expected_max,154,0.551496999,1.60252891
504,expected_max,155,-0.0640256173,0.7134210615
504,expected_max,156,0.9375271379,0.8632754723
504,expected_max,157,0.6461700157,0.2627779272
504,expected_max,158,0.1815497,0.1234067608
504,expected_max,159,0.2224901561,-0.2987172085
504,expected_max,160,0.09127041571,-0.1556201192
504,expected_max,161,-0.1705246715,-0.05472078499
504,expected_max,162,0.06699261179,-0.05749582561
504,expected_max,163,1.519144942,2.174352925
504,expected_max,164,1.058836389,0.4362965403
504,expected_max,165,0.3701174866,0.4656649497
504,expected_max,166,-0.3143115793,-0.1463884281
504,expected_max,167,0.1905227033,0.8820822665
504,expected_max,168,-0.03949931068,-0.06488527325
504,expected_max,169,0.140014284,0.3533890301
504,expected_max,170,0.3024106665,0.5476844629
504,expected_max,171,0.08521857544,0.02650276016
504,expected_max,172,-0.07138642207,0.4208508723
504,expected_max,173,-0.4239918491,0.3639178261
504,expected_max,174,0.7351224683,0.4000386829
504,expected_max,175,0.4601311534,1.545673532
504,expected_max,176,0.5817986334,0.7030044281
504,expected_max,177,0.5453717498,0.8092071941
504,expected_max,178,-0.280877501,0.5050956053
504,expected_max,179,2.044274973,2.41156917
504,expected_max,180,0.6665042358,0.03934842886
504,expected_max,181,0.2181495999,1.029971586
504,expected_max,182,-0.02011344293,0.7214468628
504,expected_max,183,-0.1599740512,-0.2782460134
504,expected_max,184,0.2511511397,0.8478795634
504,expected_max,185,-0.2887107961,-0.008705200227
504,expected_max,186,0.9791303172,0.7821855351
504,expected_max,187,0.3407865803,0.4088259065
504,expected_max,188,0.4098100188,0.5115419344
504,expected_max,189,-0.116163679,0.1831393622
504,expected_max,190,0.3998145226,1.174877263
504,expected_max,191,1.022020494,0.4668266894
504,expected_max,192,1.373049186,0.9643256901
504,expected_max,193,0.4788474422,0.4733243004
504,expected_max,194,0.2817097365,0.1048111967
504,expected_max,195,0.850786399,1.049164268
504,expected_max,196,1.263601598,1.72496405
504,expected_max,197,0.3900966966,0.471001745
504,expected_max,198,0.3711233775,1.326682021
504,expected_max,199,0.4384424785,1.02038553
504,expected_max,200,0.4064983185,-0.01639339054
504,expected_max,201,-0.04722496543,-0.06806895226
504,expected_max,202,0.4644182144,1.410981512
504,expected_max,203,-0.1692156504,0.2668012766
504,expected_max,204,-0.5589182292,0.5671970117
504,expected_max,205,0.9561084775,1.196888415
504,expected_max,206,1.106919519,0.8815327376
504,expected_max,207,0.262300382,0.5146227137
504,expected_max,208,0.4917570125,0.4516699204
504,expected_max,209,0.3010035507,0.07041252955
504,expected_max,210,0.9546372541,0.9627239817
504,expected_max,211,0.5168297026,0.2922550486
504,expected_max,212,0.7698818521,-0.1064199121
504,expected_max,213,-0.1727498408,0.06346066574
504,expected_max,214,0.7131518177,0.4644897182
504,expected_max,215,0.4653175674,0.1530216462
504,expected_max,216,0.697334885,1.500054127
504,expected_max,217,0.2062397844,0.02790626704
504,expected_max,218,0.5087137587,0.8842223042
504,expected_max,219,1.133528718,2.374001314
504,expected_max,220,0.3174128711,0.3917164593
504,expected_max,221,0.1196938514,-0.000206812589
504,expected_max,222,0.2434751668,0.501750537
504,expected_max,223,-0.1951069051,0.3648979457
504,expected_max,224,0.9302365423,0.916426109
504,expected_max,225,0.0357493224,0.849436732
504,expected_max,226,0.2467963645,0.6394920191
504,expected_max,227,-0.1338764408,0.246238972
504,expected_max,228,0.7000475816,0.6208180323
504,expected_max,229,0.8901194546,0.7249684631
504,expected_max,230,0.1449248547,0.09010954176
504,expected_max,231,-0.09966417603,-0.05085913863
504,expected_max,232,-0.251155854,-0.5689390428
504,expected_max,233,0.1913310041,0.1102302593
504,expected_max,234,1.458568341,0.9191771754
504,expected_max,235,-0.2137062509,0.04921435874
504,expected_max,236,-0.225858699,-0.06181201058
504,expected_max,237,0.374288477,-0.03425417307
504,expected_max,238,1.202353928,0.6342509902
504,expected_max,239,-0.4111352588,0.214777565
504,expected_max,240,-0.202611001,0.102756908
504,expected_max,241,0.6288609165,0.793608006
504,expected_max,242,1.31061818,1.21371806
504,expected_max,243,0.01652501974,1.261701386
504,expected_max,244,0.1582095029,0.1791535316
504,expected_max,245,1.538608476,2.293397367
504,expected_max,246,-0.3978142635,-0.05855902347
504,expected_max,247,0.2003293912,0.1115962043
504,expected_max,248,0.0258993352,0.3833392536
504,expected_max,249,0.5571621798,0.7095081877
504,expected_max,250,0.7042881115,1.471261942
504,expected_max,251,0.2666988016,-0.06101856121
504,expected_max,252,0.165176449,-0.01993048138
504,expected_max,253,0.5250918409,0.8880581164
504,expected_max,254,0.1631892715,0.3260079687
504,expected_max,255,0.5742993915,0.7649942078
504,expected_max,256,-0.401853417,0.02456940228
504,expected_max,257,0.03699803777,0.7310448066
504,expected_max,258,1.03694373,0.739470424
504,expected_max,259,-0.07592315245,0.4421298399
504,expected_max,260,0.3753928325,0.3515994164
504,expected_max,261,-0.2456242623,0.2473872901
504,expected_max,262,0.5829158261,0.6753905191
504,expected_max,263,0.05448472307,-0.09481899453
504,expected_max,264,0.2965987239,1.319820741
504,expected_max,265,0.6507716332,2.089180726
504,expected_max,266,0.4545306768,0.7343583267
504,expected_max,267,0.795486397,0.6552394755
504,expected_max,268,0.4380389173,0.6439614618
504,expected_max,269,1.361911528,1.231352033
504,expected_max,270,-0.424454744,0.217483571
504,expected_max,271,0.1822202459,0.9822727741
504,expected_max,272,0.1691009368,0.5108224492
504,expected_max,273,1.149146863,0.6818845736
504,expected_max,274,0.3402839443,0.261157841
504,expected_max,275,0.2441019677,0.8683788113
504,expected_max,276,-0.5784869528,0.03536118565
504,expected_max,277,0.9341850831,1.336250162
504,expected_max,278,0.466734286,0.711018494
504,expected_max,279,0.3569478043,0.5953746602
504,expected_max,280,0.0864710242,0.6604969133
504,expected_max,281,0.5294875627,-0.1673121417
504,expected_max,282,0.5419153587,0.890467135
504,expected_max,283,0.6530112793,0.1865146943
504,expected_max,284,-0.2111342743,-0.1408953
504,expected_max,285,-0.1351987572,0.2702375788
504,expected_max,286,0.7746144076,1.281797591
504,expected_max,287,0.06168644704,0.4577034559
504,expected_max,288,-0.6525468129,-0.0362892067
504,expected_max,289,1.280650397,-0.02085014063
504,expected_max,290,0.6664930003,0.2886791183
504,expected_max,291,-0.01668479225,0.6182154649
504,expected_max,292,0.09258475517,0.8192367073
504,expected_max,293,0.2641820324,0.2862309148
504,expected_max,294,1.117334462,1.401699026
504,expected_max,295,1.06275648,1.506750877
504,expected_max,296,0.4453667457,0.5860841972
504,expected_max,297,-0.04403347908,0.1506982167
504,expected_max,298,0.1027966735,0.5028659158
504,expected_max,299,0.3759829547,0.8046111515
504,expected_max,300,-0.406145644,0.8923700772
504,expected_max,301,0.1662954641,0.1304905091
504,expected_max,302,0.3984426888,0.4769003152
504,expected_max,303,1.20510114,0.425846514
504,expected_max,304,0.8389784172,1.032223436
504,expected_max,305,0.3738954545,1.136594433
504,expected_max,306,0.9592806695,0.7627674484
504,expected_max,307,-1.048154937,0.7984891879
504,expected_max,308,1.092207984,0.9025755394
504,expected_max,309,1.194329584,1.526582147
504,expected_max,310,0.4724269018,0.8917252692
504,expected_max,311,0.06565342893,-0.1473180304
504,expected_max,312,-0.368778877,-0.1196985528
504,expected_max,313,0.5329842417,0.6563344309
504,expected_max,314,0.1589267845,0.666041509
504,expected_max,315,0.7197889722,1.098919588
504,expected_max,316,0.2522694909,0.1988775144
504,expected_max,317,0.1600756427,-0.01793881051
504,expected_max,318,0.02748679106,0.3050867651
504,expected_max,319,0.6347235773,0.08907685623
504,expected_max,320,-0.2174475854,0.4415246706
504,expected_max,321,-0.2828336647,0.5311106614
504,expected_max,322,0.1479642353,0.3684264424
504,expected_max,323,0.9710289141,1.904411039
504,expected_max,324,-0.0513523263,0.6940994178
504,expected_max,325,-0.0268116698,1.350010166
504,expected_max,326,-0.2044704307,0.08037661647
504,expected_max,327,0.228832138,0.1479885885
504,expected_max,328,-0.06364442671,0.01562567117
504,expected_max,329,-0.03779575454,0.1706720419
504,expected_max,330,0.1309567985,0.1575402453
504,expected_max,331,0.2260624663,0.16443581
504,expected_max,332,1.260769993,1.333901335
504,expected_max,333,0.2325342226,0.387425073
504,expected_max,334,0.4170727104,0.8726216431
504,expected_max,335,0.008706040665,0.08658027701
504,expected_max,336,0.1552377466,0.3193649667
504,expected_max,337,0.4400136071,0.7876482124
504,expected_max,338,-0.03640238332,0.00908809168
504,expected_max,339,0.4951028583,0.2676086931
504,expected_max,340,0.8665089298,0.8712391314
504,expected_max,341,-0.1007952225,-0.06429157908
504,expected_max,342,0.3276316361,0.02023154454
504,expected_max,343,0.9520407532,0.7591844774
504,expected_max,344,1.16338701,1.792619785
504,expected_max,345,1.326876761,1.654681598
504,expected_max,346,-0.4987094507,-0.01289486571
504,expected_max,347,0.1142929001,1.022517813
504,expected_max,348,0.7914280794,0.7543650592
504,expected_max,349,0.03588547013,-0.1052233853
504,expected_max,350,1.407401805,1.053431572
504,expected_max,351,0.6278131199,0.03473672883
504,expected_max,352,-0.3899285777,0.4185479493
504,expected_max,353,2.117376886,2.398569873
504,expected_max,354,2.070012805,1.667146423
504,expected_max,355,0.2278924671,0.3133602937
504,expected_max,356,0.1642499391,0.3680729153
504,expected_max,357,0.7337242079,0.88432716
504,expected_max,358,0.06983430957,-0.07706927411
504,expected_max,359,0.1145155323,0.3500627745
504,expected_max,360,0.7149366093,0.4938838845
504,expected_max,361,0.1739841787,0.4065082352
504,expected_max,362,-0.04564438537,-0.01896170805
504,expected_max,363,-0.1012962116,0.2911657683
504,expected_max,364,0.6120699259,0.2772710493
504,expected_max,365,0.4502039348,0.6139522532
504,expected_max,366,0.926939133,1.290065218
504,expected_max,367,0.9036163213,0.7768525386
504,expected_max,368,0.3472729341,0.543461387
504,expected_max,369,0.7044334441,1.520210681
504,expected_max,370,1.449121115,0.5461320806
504,expected_max,371,0.007896039369,0.8000222779
504,expected_max,372,1.011153496,2.354705934
504,expected_max,373,-0.2385454324,-0.3388340802
504,expected_max,374,0.1913654569,0.1775680679
504,expected_max,375,0.9775072375,0.7760017873
504,expected_max,376,0.4609533844,0.5981848116
504,expected_max,377,0.04409153259,0.4702379188
504,expected_max,378,0.332354627,0.7381257423
504,expected_max,379,0.537174223,1.084838097
504,expected_max,380,0.1815809304,-0.02256279088
504,expected_max,381,2.384902951,3.764516695
504,expected_max,382,0.7434598515,-0.03827168093
504,expected_max,383,0.296956285,0.2536967263
504,expected_max,384,1.109858777,1.145244701
504,expected_max,385,0.9909876296,1.03880998
504,expected_max,386,0.2938314074,0.5078804963
504,expected_max,387,0.7469302212,0.8730551666
504,expected_max,388,0.3060521455,0.9128712229
504,expected_max,389,0.000516542291,0.305373095
504,expected_max,390,0.3897395653,0.4914302218
504,expected_max,391,0.1924387787,0.4883581045
504,expected_max,392,0.5112083945,0.6611295229
504,expected_max,393,0.8576976311,1.429228389
504,expected_max,394,0.4175197829,0.6607943901
504,expected_max,395,0.4521772916,0.0201240441
504,expected_max,396,0.09689700494,0.678373283
504,expected_max,397,0.5120546155,1.165764219
504,expected_max,398,-0.220134817,0.8313977758
504,expected_max,399,1.091799661,0.655921428
504,expected_max,400,-0.5560631935,-0.150564089
504,expected_max,401,-0.1581778508,-0.01903577634
504,expected_max,402,0.02865011757,-0.06478184408
504,expected_max,403,-0.08769861828,0.188767394
504,expected_max,404,0.01763507488,0.1092245998
504,expected_max,405,-0.2796481945,-0.6292327063
504,expected_max,406,-0.3860691356,-0.1423688208
504,expected_max,407,0.1567133056,0.3866024756
504,expected_max,408,0.2470414867,-0.4008625174
504,expected_max,409,0.6279675812,1.247242066
504,expected_max,410,-0.03094161665,0.2485378789
504,expected_max,411,0.2111378619,0.2352963004
504,expected_max,412,-0.1876393044,0.9886361602
504,expected_max,413,-0.2641662443,-0.1234664493
504,expected_max,414,0.6656707681,0.8496441329
504,expected_max,415,0.4826677916,0.414941873
504,expected_max,416,0.3733488701,0.7015508347
504,expected_max,417,-0.4627995012,0.8259599798
504,expected_max,418,-0.2016138914,0.07828890056
504,expected_max,419,-0.1594551472,0.3046875439
504,expected_max,420,0.1807235013,0.6569038398
504,expected_max,421,0.6115627296,0.9290155012
504,expected_max,422,-0.08225580629,0.4474695999
504,expected_max,423,0.310521964,0.00394594034
504,expected_max,424,0.1137134022,0.01128224082
504,expected_max,425,0.567741757,0.5978273457
504,expected_max,426,0.1777696941,0.1313496256
504,expected_max,427,-0.1146477084,0.3408884484
504,expected_max,428,0.3310257906,0.25549887
504,expected_max,429,0.448633577,1.172280618
504,expected_max,430,0.4645925304,0.6837273201
504,expected_max,431,0.2174107358,1.273916837
504,expected_max,432,0.7161203726,1.209098812
504,expected_max,433,0.1355410719,0.308356393
504,expected_max,434,0.5273276459,0.8333174621
504,expected_max,435,0.1719673839,0.1275601707
504,expected_max,436,0.3717273531,0.2109265606
504,expected_max,437,0.3993696481,0.3073055802
504,expected_max,438,0.7665118707,0.6494081143
504,expected_max,439,0.2924446844,0.02128320377
504,expected_max,440,0.4169859776,0.9100098672
504,expected_max,441,0.6435455077,0.4337378061
504,expected_max,442,-0.01173892428,-1.147025031
504,expected_max,443,0.5114006828,0.8498458637
504,expected_max,444,-0.1001361844,0.4010590414
504,expected_max,445,0.5520528391,0.5659331287
504,expected_max,446,0.3430794313,0.4437517622
504,expected_max,447,-0.9753393596,-0.007593599057
504,expected_max,448,0.4134672747,0.8296214639
504,expected_max,449,-0.4270056409,-0.01674721084
504,expected_max,450,1.032198271,0.355283973
504,expected_max,451,1.428600272,1.765456751
504,expected_max,452,0.2540534615,0.7391478746
504,expected_max,453,-0.05154411643,1.190281718
504,expected_max,454,0.05628906842,-0.1656054057
504,expected_max,455,1.062663144,1.568293299
504,expected_max,456,0.1572159302,-0.02754226651
504,expected_max,457,0.2694955166,0.4983209052
504,expected_max,458,-0.04164420322,0.1178991566
504,expected_max,459,0.04162036676,0.2701851162
504,expected_max,460,0.2478982733,-0.01984443694
504,expected_max,461,-0.1376713088,0.2998843146
504,expected_max,462,0.3818911018,0.2743416831
504,expected_max,463,0.2559952763,0.6028302213
504,expected_max,464,1.548048331,1.130940608
504,expected_max,465,0.8576434398,0.2495595978
504,expected_max,466,-0.3310994778,-0.02650289265
504,expected_max,467,0.3183934197,0.01908117178
504,expected_max,468,0.01674370456,0.5353702817
504,expected_max,469,0.285092887,0.06170201168
504,expected_max,470,0.6391299938,0.3413606927
504,expected_max,471,-0.07726202984,0.1377130366
504,expected_max,472,0.5775422752,1.764110778
504,expected_max,473,1.298820393,1.55205089
504,expected_max,474,0.6840435024,0.8157458253
504,expected_max,475,-0.2409259641,0.1102702703
504,expected_max,476,0.5615594055,0.3964668015
504,expected_max,477,0.1018260437,0.5530875305
504,expected_max,478,0.01430385371,0.2520643704
504,expected_max,479,-0.1810731296,0.2874990449
504,expected_max,480,0.7861485169,1.230636612
504,expected_max,481,0.4151850431,0.56553756
504,expected_max,482,0.7299473478,0.8235865469
504,expected_max,483,-0.1986543224,0.6474126859
504,expected_max,484,0.6600759539,0.5878799073
504,expected_max,485,0.06505383405,1.319552229
504,expected_max,486,1.112463033,1.587708455
504,expected_max,487,0.04437352938,0.5453873104
504,expected_max,488,-0.05968062394,0.4052728583
504,expected_max,489,0.07630383005,0.02640414348
504,expected_max,490,-0.2610427096,0.4081159842
504,expected_max,491,0.2635021056,0.7344347618
504,expected_max,492,1.038415156,1.6105466
504,expected_max,493,1.096285314,0.6995801836
504,expected_max,494,0.1977048726,0.6303887769
504,expected_max,495,0.002344178184,0.21165268
504,expected_max,496,0.9791814436,1.136176471
504,expected_max,497,0.1379852251,0.5888844539
504,expected_max,498,0.6813663092,0.5313938373
504,expected_max,499,0.7213778871,0.9153890487
504,expected_max,500,0.6829969188,0.6612945544
504,js,1,-0.04854490718,0.03511386778
504,js,2,1.10832239,0.9736310015
504,js,3,1.066312682,0.4765607513
504,js,4,1.60096182,1.74819618
504,js,5,1.440000779,0.8885948254
504,js,6,1.119967728,0.5894807246
504,js,7,1.795869641,2.001027637
504,js,8,0.1809073511,0.2031341604
504,js,9,0.5843954238,0.6847899183
504,js,10,0.7837524945,0.4715265489
504,js,11,0.6930506298,0.7213589827
504,js,12,0.6394459557,0.5594820594
504,js,13,-0.08335798465,-0.2014807961
504,js,14,0.9677872022,0.7022416708
504,js,15,1.251538076,1.132623322
504,js,16,0.06957961996,0.004150991745
504,js,17,0.2571650973,0.01380438847
504,js,18,1.356601343,0.5820932368
504,js,19,0.4545374753,0.05067959094
504,js,20,-0.07939881589,-0.1159892674
504,js,21,1.338444821,0.7728540527
504,js,22,1.380345808,0.7928984611
504,js,23,1.661849642,0.885064725
504,js,24,0.4404550255,0.001599597274
504,js,25,1.719910081,2.225840766
504,js,26,1.205409253,0.9193237721
504,js,27,1.716771721,1.018666329
504,js,28,-0.06963969648,-0.05235668579
504,js,29,1.712508954,3.05479165
504,js,30,0.2770570834,-0.2331475591
504,js,31,0.7398912396,0.736337173
504,js,32,1.287974137,0.7723968382
504,js,33,-0.1105814815,0.3332606536
504,js,34,1.092011616,0.6778650556
504,js,35,1.187780069,0.7545464858
504,js,36,0.2263552423,0.2381082585
504,js,37,1.533457662,0.7066001749
504,js,38,1.673705001,0.8223290929
504,js,39,1.266192962,1.42908644
504,js,40,0.4459524939,0.2969196255
504,js,41,0.3127119617,0.016339172
504,js,42,0.2441622605,0.2456117484
504,js,43,2.272647677,0.9953467789
504,js,44,0.5485423806,0.3383837662
504,js,45,0.3009070773,0.2781579332
504,js,46,0.8230100094,-0.6531043453
504,js,47,0.2826610502,0.2054886934
504,js,48,0.3924183862,0.1943306299
504,js,49,0.3790468911,0.9304152546
504,js,50,0.6483651428,0.4659233356
504,js,51,1.469771572,0.7523393319
504,js,52,1.564439172,0.969603117
504,js,53,0.5372781401,0.3822155136
504,js,54,0.1584567342,0.1983993934
504,js,55,0.2952107876,0.2585871033
504,js,56,0.7053633457,0.6135712591
504,js,57,0.6474541116,0.5395153591
504,js,58,1.754511874,2.142849841
504,js,59,1.534888312,0.969273409
504,js,60,0.1247066302,-0.04060125267
504,js,61,1.299625677,0.8284879391
504,js,62,1.10892635,0.5378073452
504,js,63,0.1247977189,0.3762017589
504,js,64,0.5309789773,0.4703411501
504,js,65,-0.05727641705,-0.2682012389
504,js,66,0.8021024015,0.7797508637
504,js,67,0.9431086766,0.5820005694
504,js,68,0.5558385532,0.5662032612
504,js,69,0.9610064837,0.8756230988
504,js,70,0.2482850863,0.248685394
504,js,71,1.546868974,1.747210066
504,js,72,0.06444839347,-0.1818651415
504,js,73,0.2363555022,0.101179132
504,js,74,0.4380662195,0.5336837502
504,js,75,0.1062119625,0.2200753827
504,js,76,1.191336386,1.290963314
504,js,77,0.866867028,0.8274012641
504,js,78,-0.3476070476,0.2591144251
504,js,79,0.7317437149,0.5956203544
504,js,80,-0.09879808522,-0.1365200816
504,js,81,1.087534764,0.9233260002
504,js,82,1.047507182,0.7617519713
504,js,83,0.0120916729,-0.1884998426
504,js,84,0.04906487049,0.05044355951
504,js,85,0.2057303773,0.464931292
504,js,86,1.916845133,0.9178232023
504,js,87,0.9370688294,1.505267089
504,js,88,1.714869805,1.293166952
504,js,89,0.4868017948,0.2177782535
504,js,90,0.9650990022,0.6960323217
504,js,91,0.1042307679,-0.06673010077
504,js,92,1.312017342,0.2325710686
504,js,93,1.144730781,0.689679485
504,js,94,0.4228893439,0.3009861024
504,js,95,0.2856169836,0.3407018872
504,js,96,-0.4385299036,0.6544132163
504,js,97,1.949590683,1.974233072
504,js,98,0.266709341,-0.06436914911
504,js,99,0.994466142,1.14739336
504,js,100,1.698246867,1.963850679
504,js,101,0.9439840123,0.650723106
504,js,102,1.263118403,0.9257143895
504,js,103,0.09075324149,0.01422444916
504,js,104,0.8538615818,-0.001901354315
504,js,105,0.5443872029,-0.1095647623
504,js,106,1.58155706,1.797038613
504,js,107,0.1922539455,0.03024829981
504,js,108,0.862227111,0.5643659625
504,js,109,0.9014123433,0.5054231533
504,js,110,1.695308377,1.19600579
504,js,111,0.05721620008,0.1814459551
504,js,112,-0.07973659673,-0.1211283511
504,js,113,2.032087381,0.9009096942
504,js,114,0.243230718,0.5234562694
504,js,115,1.288882239,0.6467886193
504,js,116,0.7116612512,0.4803840606
504,js,117,0.6859033872,0.5495505646
504,js,118,0.3785631217,0.08398958863
504,js,119,0.1039543056,-0.01113571207
504,js,120,0.9636744887,1.143994357
504,js,121,1.407794633,2.389154144
504,js,122,1.457518657,0.9826018751
504,js,123,1.9947601,0.8530728636
504,js,124,-0.03012302939,0.1219585603
504,js,125,1.263908809,0.272398818
504,js,126,1.351223159,0.6411216169
504,js,127,1.722636324,1.215264524
504,js,128,1.276133858,1.671003637
504,js,129,2.434836556,1.474678361
504,js,130,0.3163777852,0.399641734
504,js,131,1.167663263,1.034230352
504,js,132,1.949760897,2.059695731
504,js,133,0.7138746488,0.5215206893
504,js,134,0.9709233814,0.6887618588
504,js,135,2.387552389,1.628607451
504,js,136,0.4677240046,0.8726845944
504,js,137,2.230135015,3.032224862
504,js,138,2.066519231,0.7530014673
504,js,139,1.253088983,0.8270284484
504,js,140,0.9789009271,0.2854045387
504,js,141,1.762680236,0.9103537502
504,js,142,1.380194567,0.8602075425
504,js,143,0.6354336113,-0.1687344576
504,js,144,0.5946707851,0.4465429098
504,js,145,0.1063941051,0.3761818639
504,js,146,1.008162762,0.7770469209
504,js,147,2.1428379,1.081753827
504,js,148,2.722388721,1.857120114
504,js,149,0.04083704494,0.04557610982
504,js,150,1.572839399,0.9913968807
504,js,151,0.06466715536,0.5469829983
504,js,152,0.9861129927,0.5098020422
504,js,153,0.7696169373,0.8647762726
504,js,154,1.549485853,1.60252891
504,js,155,0.2173379141,0.7134210615
504,js,156,1.694128566,0.8632754723
504,js,157,0.5773936424,0.2627779272
504,js,158,0.03979883744,0.1234067608
504,js,159,0.7191765853,-0.2987172085
504,js,160,0.2298383982,-0.1556201192
504,js,161,-0.01883508996,-0.05472078499
504,js,162,0.2076409695,-0.05749582561
504,js,163,1.780801906,2.174352925
504,js,164,0.6932678863,0.4362965403
504,js,165,0.4113581388,0.4656649497
504,js,166,-0.02580993505,-0.1463884281
504,js,167,0.7294901224,0.8820822665
504,js,168,0.421768127,-0.06488527325
504,js,169,0.1712934453,0.3533890301
504,js,170,0.9556285847,0.5476844629
504,js,171,0.222789534,0.02650276016
504,js,172,-0.06594074608,0.4208508723
504,js,173,-0.299063684,0.3639178261
504,js,174,1.330106103,0.4000386829
504,js,175,1.515927769,1.545673532
504,js,176,0.6014352776,0.7030044281
504,js,177,1.012383781,0.8092071941
504,js,178,-0.02686487437,0.5050956053
504,js,179,2.456642455,2.41156917
504,js,180,0.632340059,0.03934842886
504,js,181,0.6709937575,1.029971586
504,js,182,0.6560871547,0.7214468628
504,js,183,0.2167500738,-0.2782460134
504,js,184,0.817723195,0.8478795634
504,js,185,-0.003153545534,-0.008705200227
504,js,186,1.615182967,0.7821855351
504,js,187,0.8894002638,0.4088259065
504,js,188,0.8048783541,0.5115419344
504,js,189,0.5511879547,0.1831393622
504,js,190,1.185229982,1.174877263
504,js,191,1.100377395,0.4668266894
504,js,192,2.247681178,0.9643256901
504,js,193,0.8658560348,0.4733243004
504,js,194,0.5409567569,0.1048111967
504,js,195,1.171492166,1.049164268
504,js,196,2.238610256,1.72496405
504,js,197,0.6750388999,0.471001745
504,js,198,0.7004958755,1.326682021
504,js,199,1.234844465,1.02038553
504,js,200,0.4908572612,-0.01639339054
504,js,201,0.001629407308,-0.06806895226
504,js,202,1.620383247,1.410981512
504,js,203,0.1039978814,0.2668012766
504,js,204,-0.08078295705,0.5671970117
504,js,205,1.642358915,1.196888415
504,js,206,0.936431936,0.8815327376
504,js,207,0.56136775,0.5146227137
504,js,208,0.937680907,0.4516699204
504,js,209,0.4931051107,0.07041252955
504,js,210,1.493465103,0.9627239817
504,js,211,0.4597427818,0.2922550486
504,js,212,0.3348152703,-0.1064199121
504,js,213,0.08738589993,0.06346066574
504,js,214,1.108682319,0.4644897182
504,js,215,0.6393757082,0.1530216462
504,js,216,1.61472093,1.500054127
504,js,217,0.1540581219,0.02790626704
504,js,218,1.171256916,0.8842223042
504,js,219,1.853550634,2.374001314
504,js,220,0.2873683577,0.3917164593
504,js,221,0.119948237,-0.000206812589
504,js,222,0.3690696761,0.501750537
504,js,223,0.434794724,0.3648979457
504,js,224,0.4864174255,0.916426109
504,js,225,0.645030251,0.849436732
504,js,226,0.6481343952,0.6394920191
504,js,227,0.1681145343,0.246238972
504,js,228,0.9315743313,0.6208180323
504,js,229,1.494945751,0.7249684631
504,js,230,0.008615727518,0.09010954176
504,js,231,0.07379716716,-0.05085913863
504,js,232,-0.09526766189,-0.5689390428
504,js,233,0.1119815451,0.1102302593
504,js,234,1.936919723,0.9191771754
504,js,235,-0.01573008888,0.04921435874
504,js,236,0.4637481915,-0.06181201058
504,js,237,0.160048223,-0.03425417307
504,js,238,1.420958205,0.6342509902
504,js,239,0.1056963539,0.214777565
504,js,240,0.3080379315,0.102756908
504,js,241,1.047652961,0.793608006
504,js,242,1.66589353,1.21371806
504,js,243,0.5466735176,1.261701386
504,js,244,0.1957325796,0.1791535316
504,js,245,2.239281859,2.293397367
504,js,246,-0.1229892973,-0.05855902347
504,js,247,0.2711988161,0.1115962043
504,js,248,0.4259145769,0.3833392536
504,js,249,1.329388712,0.7095081877
504,js,250,1.587403573,1.471261942
504,js,251,0.3535604566,-0.06101856121
504,js,252,0.02008851104,-0.01993048138
504,js,253,1.524877544,0.8880581164
504,js,254,0.3213601802,0.3260079687
504,js,255,1.543078299,0.7649942078
504,js,256,-0.4457593592,0.02456940228
504,js,257,0.4408800481,0.7310448066
504,js,258,1.541946477,0.739470424
504,js,259,0.2903822877,0.4421298399
504,js,260,0.4969486016,0.3515994164
504,js,261,-0.08089441045,0.2473872901
504,js,262,0.5234148114,0.6753905191
504,js,263,0.3798348733,-0.09481899453
504,js,264,0.2108700391,1.319820741
504,js,265,1.607486209,2.089180726
504,js,266,0.5946537567,0.7343583267
504,js,267,1.399574417,0.6552394755
504,js,268,0.4781268277,0.6439614618
504,js,269,1.93663238,1.231352033
504,js,270,-0.04058544143,0.217483571
504,js,271,1.204702175,0.9822727741
504,js,272,0.8128547305,0.5108224492
504,js,273,1.378166093,0.6818845736
504,js,274,0.8130797847,0.261157841
504,js,275,0.6597587069,0.8683788113
504,js,276,-0.056940308,0.03536118565
504,js,277,1.617830845,1.336250162
504,js,278,1.343966754,0.711018494
504,js,279,1.00756912,0.5953746602
504,js,280,0.4274751572,0.6604969133
504,js,281,0.510067017,-0.1673121417
504,js,282,1.560374085,0.890467135
504,js,283,0.7632534498,0.1865146943
504,js,284,0.01631296169,-0.1408953
504,js,285,0.0598221615,0.2702375788
504,js,286,1.396333352,1.281797591
504,js,287,0.6100457032,0.4577034559
504,js,288,-0.4575396739,-0.0362892067
504,js,289,2.083612358,-0.02085014063
504,js,290,0.4175311008,0.2886791183
504,js,291,0.1550411168,0.6182154649
504,js,292,0.1583410449,0.8192367073
504,js,293,1.156562876,0.2862309148
504,js,294,2.016529067,1.401699026
504,js,295,1.767436749,1.506750877
504,js,296,1.142582919,0.5860841972
504,js,297,0.02811051008,0.1506982167
504,js,298,0.5623198304,0.5028659158
504,js,299,1.042158172,0.8046111515
504,js,300,0.1840961174,0.8923700772
504,js,301,0.1556964152,0.1304905091
504,js,302,0.3850649532,0.4769003152
504,js,303,1.46066476,0.425846514
504,js,304,1.39018304,1.032223436
504,js,305,0.3849279658,1.136594433
504,js,306,1.740992641,0.7627674484
504,js,307,-0.7228766278,0.7984891879
504,js,308,1.571788096,0.9025755394
504,js,309,1.52861692,1.526582147
504,js,310,1.110557957,0.8917252692
504,js,311,0.4832537137,-0.1473180304
504,js,312,0.04060209995,-0.1196985528
504,js,313,0.6008432024,0.6563344309
504,js,314,1.122149023,0.666041509
504,js,315,1.802043093,1.098919588
504,js,316,1.374026763,0.1988775144
504,js,317,0.295249375,-0.01793881051
504,js,318,0.414279581,0.3050867651
504,js,319,0.2898952129,0.08907685623
504,js,320,0.05723672949,0.4415246706
504,js,321,0.03992434628,0.5311106614
504,js,322,0.07847038846,0.3684264424
504,js,323,1.395829462,1.904411039
504,js,324,0.3125191787,0.6940994178
504,js,325,0.5096663399,1.350010166
504,js,326,0.3468180068,0.08037661647
504,js,327,0.2009247891,0.1479885885
504,js,328,0.1093080179,0.01562567117
504,js,329,0.3377107835,0.1706720419
504,js,330,0.0414155298,0.1575402453
504,js,331,0.03404173415,0.16443581
504,js,332,2.104745055,1.333901335
504,js,333,0.4856058633,0.387425073
504,js,334,1.105147426,0.8726216431
504,js,335,0.5415886885,0.08658027701
504,js,336,0.08861754546,0.3193649667
504,js,337,0.9537006524,0.7876482124
504,js,338,0.1418388017,0.00908809168
504,js,339,0.4339367587,0.2676086931
504,js,340,1.170820099,0.8712391314
504,js,341,0.196307014,-0.06429157908
504,js,342,0.2682937784,0.02023154454
504,js,343,1.329413277,0.7591844774
504,js,344,1.520783827,1.792619785
504,js,345,1.878394696,1.654681598
504,js,346,-0.2754659454,-0.01289486571
504,js,347,0.4595301405,1.022517813
504,js,348,1.649377896,0.7543650592
504,js,349,0.3115684202,-0.1052233853
504,js,350,1.913905996,1.053431572
504,js,351,0.2756560132,0.03473672883
504,js,352,0.2803157402,0.4185479493
504,js,353,2.732425662,2.398569873
504,js,354,2.256413841,1.667146423
504,js,355,0.1614656495,0.3133602937
504,js,356,0.6271404782,0.3680729153
504,js,357,1.65618548,0.88432716
504,js,358,0.1428269811,-0.07706927411
504,js,359,0.432576709,0.3500627745
504,js,360,0.8024072746,0.4938838845
504,js,361,0.2458381312,0.4065082352
504,js,362,-0.2116422282,-0.01896170805
504,js,363,-0.00409555013,0.2911657683
504,js,364,1.023654774,0.2772710493
504,js,365,0.7425317191,0.6139522532
504,js,366,1.892449287,1.290065218
504,js,367,1.34126099,0.7768525386
504,js,368,0.8742679637,0.543461387
504,js,369,1.192444541,1.520210681
504,js,370,2.004184937,0.5461320806
504,js,371,0.7781649103,0.8000222779
504,js,372,1.812121185,2.354705934
504,js,373,-0.002327712528,-0.3388340802
504,js,374,0.167015975,0.1775680679
504,js,375,1.209801114,0.7760017873
504,js,376,1.106736182,0.5981848116
504,js,377,0.5010175788,0.4702379188
504,js,378,1.368910738,0.7381257423
504,js,379,0.8484962608,1.084838097
504,js,380,-0.02240793239,-0.02256279088
504,js,381,2.9544106,3.764516695
504,js,382,0.510739239,-0.03827168093
504,js,383,0.3115844322,0.2536967263
504,js,384,1.857197893,1.145244701
504,js,385,1.410004856,1.03880998
504,js,386,0.8688777437,0.5078804963
504,js,387,1.44012623,0.8730551666
504,js,388,1.269707269,0.9128712229
504,js,389,0.2457396902,0.305373095
504,js,390,0.4587024055,0.4914302218
504,js,391,0.9807902067,0.4883581045
504,js,392,0.9800957864,0.6611295229
504,js,393,1.781748111,1.429228389
504,js,394,0.9927333772,0.6607943901
504,js,395,0.1124135856,0.0201240441
504,js,396,0.450703743,0.678373283
504,js,397,1.174824097,1.165764219
504,js,398,0.09822898092,0.8313977758
504,js,399,1.36655809,0.655921428
504,js,400,-0.1715522343,-0.150564089
504,js,401,-0.1312011744,-0.01903577634
504,js,402,0.03919738311,-0.06478184408
504,js,403,0.1858051911,0.188767394
504,js,404,0.4475683623,0.1092245998
504,js,405,0.3635862533,-0.6292327063
504,js,406,-0.04094461461,-0.1423688208
504,js,407,0.4734862412,0.3866024756
504,js,408,0.3239223266,-0.4008625174
504,js,409,1.963912876,1.247242066
504,js,410,0.1256572028,0.2485378789
504,js,411,-0.01863269967,0.2352963004
504,js,412,-0.1642667773,0.9886361602
504,js,413,0.04559408522,-0.1234664493
504,js,414,1.725204948,0.8496441329
504,js,415,0.7407626622,0.414941873
504,js,416,1.445006048,0.7015508347
504,js,417,-0.001501876646,0.8259599798
504,js,418,0.05952952329,0.07828890056
504,js,419,0.1019175106,0.3046875439
504,js,420,0.416866548,0.6569038398
504,js,421,1.858755056,0.9290155012
504,js,422,-0.06888269492,0.4474695999
504,js,423,0.4805682377,0.00394594034
504,js,424,0.338549413,0.01128224082
504,js,425,1.137367085,0.5978273457
504,js,426,0.05396584652,0.1313496256
504,js,427,0.5329002143,0.3408884484
504,js,428,0.6545546824,0.25549887
504,js,429,1.268486475,1.172280618
504,js,430,0.6651919119,0.6837273201
504,js,431,0.6532764978,1.273916837
504,js,432,1.487468241,1.209098812
504,js,433,-0.1140659947,0.308356393
504,js,434,1.502919221,0.8333174621
504,js,435,0.09112448374,0.1275601707
504,js,436,0.2435778015,0.2109265606
504,js,437,0.5406325132,0.3073055802
504,js,438,1.002909624,0.6494081143
504,js,439,0.2070303138,0.02128320377
504,js,440,1.311530532,0.9100098672
504,js,441,0.6830863775,0.4337378061
504,js,442,0.5596765657,-1.147025031
504,js,443,0.8878672902,0.8498458637
504,js,444,0.4826740337,0.4010590414
504,js,445,0.5678232558,0.5659331287
504,js,446,0.5052697788,0.4437517622
504,js,447,-0.4917581803,-0.007593599057
504,js,448,1.543058806,0.8296214639
504,js,449,-0.08499301981,-0.01674721084
504,js,450,1.51947787,0.355283973
504,js,451,2.065200552,1.765456751
504,js,452,0.6344215361,0.7391478746
504,js,453,0.7228899411,1.190281718
504,js,454,0.5182792282,-0.1656054057
504,js,455,1.686525159,1.568293299
504,js,456,-0.2305493406,-0.02754226651
504,js,457,0.873555401,0.4983209052
504,js,458,0.04990490014,0.1178991566
504,js,459,0.3006025039,0.2701851162
504,js,460,0.636087277,-0.01984443694
504,js,461,0.1267333006,0.2998843146
504,js,462,0.4592556432,0.2743416831
504,js,463,0.7077530771,0.6028302213
504,js,464,2.292299481,1.130940608
504,js,465,1.32524065,0.2495595978
504,js,466,0.1701496389,-0.02650289265
504,js,467,0.455024749,0.01908117178
504,js,468,0.7476783101,0.5353702817
504,js,469,0.2381941177,0.06170201168
504,js,470,0.487181928,0.3413606927
504,js,471,0.08874398274,0.1377130366
504,js,472,1.387960929,1.764110778
504,js,473,1.764162777,1.55205089
504,js,474,1.054518389,0.8157458253
504,js,475,-0.009203695907,0.1102702703
504,js,476,0.8854190513,0.3964668015
504,js,477,0.9134302985,0.5530875305
504,js,478,0.2210736816,0.2520643704
504,js,479,0.1458726988,0.2874990449
504,js,480,1.730191175,1.230636612
504,js,481,0.6263028824,0.56553756
504,js,482,1.770674996,0.8235865469
504,js,483,0.1864714166,0.6474126859
504,js,484,0.8181096041,0.5878799073
504,js,485,0.3769543933,1.319552229
504,js,486,2.310967518,1.587708455
504,js,487,0.3760347257,0.5453873104
504,js,488,0.4273658111,0.4052728583
504,js,489,0.08521106991,0.02640414348
504,js,490,0.05276031279,0.4081159842
504,js,491,1.166630122,0.7344347618
504,js,492,2.222256136,1.6105466
504,js,493,1.335123834,0.6995801836
504,js,494,0.01200684565,0.6303887769
504,js,495,0.09611691281,0.21165268
504,js,496,1.767139734,1.136176471
504,js,497,0.7835545741,0.5888844539
504,js,498,1.198179065,0.5313938373
504,js,499,1.679424477,0.9153890487
504,js,500,1.506534687,0.6612945544
504,sure,1,-0.04854490718,0.03511386778
504,sure,2,0.07059973156,0.9736310015
504,sure,3,0.339624874,0.4765607513
504,sure,4,0.9599763067,1.74819618
504,sure,5,0.2640343178,0.8885948254
504,sure,6,0.04672572917,0.5894807246
504,sure,7,0.9841450065,2.001027637
504,sure,8,0.01572205493,0.2031341604
504,sure,9,0.02113172634,0.6847899183
504,sure,10,0.05169907727,0.4715265489
504,sure,11,0.1138829525,0.7213589827
504,sure,12,-0.3690056292,0.5594820594
504,sure,13,-0.3389870044,-0.2014807961
504,sure,14,0.1691202746,0.7022416708
504,sure,15,0.1677745536,1.132623322
504,sure,16,0.06957961996,0.004150991745
504,sure,17,-0.07153423189,0.01380438847
504,sure,18,0.6505763573,0.5820932368
504,sure,19,0.2637510606,0.05067959094
504,sure,20,-0.07939881589,-0.1159892674
504,sure,21,0.1687071702,0.7728540527
504,sure,22,1.14586337,0.7928984611
504,sure,23,0.1080889059,0.885064725
504,sure,24,-0.01381707072,0.001599597274
504,sure,25,0.9607812535,2.225840766
504,sure,26,0.7050612722,0.9193237721
504,sure,27,0.7276408399,1.018666329
504,sure,28,-0.06963969648,-0.05235668579
504,sure,29,0.4775156055,3.05479165
504,sure,30,-0.06383685574,-0.2331475591
504,sure,31,0.2167044355,0.736337173
504,sure,32,0.03045140768,0.7723968382
504,sure,33,-0.1370527665,0.3332606536
504,sure,34,0.08498920674,0.6778650556
504,sure,35,0.4205695091,0.7545464858
504,sure,36,0.1183548402,0.2381082585
504,sure,37,0.4281662041,0.7066001749
504,sure,38,0.7759786218,0.8223290929
504,sure,39,-0.04897785549,1.42908644
504,sure,40,-0.1537392822,0.2969196255
504,sure,41,0.03691879697,0.016339172
504,sure,42,-0.03729382102,0.2456117484
504,sure,43,0.7530343066,0.9953467789
504,sure,44,0.00758032021,0.3383837662
504,sure,45,0.06608907725,0.2781579332
504,sure,46,0.3487766198,-0.6531043453
504,sure,47,0.2826610502,0.2054886934
504,sure,48,-0.04474397795,0.1943306299
504,sure,49,-0.1456840851,0.9304152546
504,sure,50,0.02986753375,0.4659233356
504,sure,51,0.1820762821,0.7523393319
504,sure,52,0.03192635742,0.969603117
504,sure,53,-0.05866386847,0.3822155136
504,sure,54,0.06920865609,0.1983993934
504,sure,55,0.04504170877,0.2585871033
504,sure,56,-0.04203764503,0.6135712591
504,sure,57,-0.03863274598,0.5395153591
504,sure,58,0.4910895241,2.142849841
504,sure,59,0.3320137454,0.969273409
504,sure,60,0.02000243497,-0.04060125267
504,sure,61,0.7416673491,0.8284879391
504,sure,62,0.3909417702,0.5378073452
504,sure,63,0.1247977189,0.3762017589
504,sure,64,-0.06377971978,0.4703411501
504,sure,65,-0.05727641705,-0.2682012389
504,sure,66,-0.1143771901,0.7797508637
504,sure,67,0.1460111211,0.5820005694
504,sure,68,0.1322069741,0.5662032612
504,sure,69,0.04230708077,0.8756230988
504,sure,70,0.005124544687,0.248685394
504,sure,71,0.4406915495,1.747210066
504,sure,72,0.06444839347,-0.1818651415
504,sure,73,0.1918496867,0.101179132
504,sure,74,0.09511366658,0.5336837502
504,sure,75,0.00958439769,0.2200753827
504,sure,76,-0.005940205524,1.290963314
504,sure,77,-0.1331365344,0.8274012641
504,sure,78,-0.3476070476,0.2591144251
504,sure,79,0.2415688467,0.5956203544
504,sure,80,-0.09879808522,-0.1365200816
504,sure,81,0.115325567,0.9233260002
504,sure,82,0.2705511841,0.7617519713
504,sure,83,-0.1404297181,-0.1884998426
504,sure,84,0.04906487049,0.05044355951
504,sure,85,0.04147549368,0.464931292
504,sure,86,0.6453608727,0.9178232023
504,sure,87,0.6154425945,1.505267089
504,sure,88,0.7861139411,1.293166952
504,sure,89,0.1165879202,0.2177782535
504,sure,90,-0.07874545429,0.6960323217
504,sure,91,0.01423792414,-0.06673010077
504,sure,92,0.3943562555,0.2325710686
504,sure,93,0.1599264749,0.689679485
504,sure,94,-0.03040020013,0.3009861024
504,sure,95,0.01832055753,0.3407018872
504,sure,96,-0.5050463196,0.6544132163
504,sure,97,1.129021072,1.974233072
504,sure,98,-0.06400207648,-0.06436914911
504,sure,99,0.1613156376,1.14739336
504,sure,100,0.9637523467,1.963850679
504,sure,101,0.5499759587,0.650723106
504,sure,102,0.5957426797,0.9257143895
504,sure,103,-0.02363498437,0.01422444916
504,sure,104,0.2643617024,-0.001901354315
504,sure,105,0.03482956853,-0.1095647623
504,sure,106,0.8324195293,1.797038613
504,sure,107,-0.08372244638,0.03024829981
504,sure,108,0.4007692071,0.5643659625
504,sure,109,-0.001498796711,0.5054231533
504,sure,110,0.4525412421,1.19600579
504,sure,111,-0.009614554502,0.1814459551
504,sure,112,-0.07973659673,-0.1211283511
504,sure,113,0.9400203053,0.9009096942
504,sure,114,-0.162819616,0.5234562694
504,sure,115,0.1317193472,0.6467886193
504,sure,116,0.02676874625,0.4803840606
504,sure,117,0.1482695566,0.5495505646
504,sure,118,0.5090128655,0.08398958863
504,sure,119,-0.0847387965,-0.01113571207
504,sure,120,0.3423184181,1.143994357
504,sure,121,0.5237784473,2.389154144
504,sure,122,0.2868936782,0.9826018751
504,sure,123,0.7389746348,0.8530728636
504,sure,124,-0.03012302939,0.1219585603
504,sure,125,0.2595050848,0.272398818
504,sure,126,0.2007466682,0.6411216169
504,sure,127,1.157186359,1.215264524
504,sure,128,0.2765635653,1.671003637
504,sure,129,1.544035628,1.474678361
504,sure,130,0.04606492764,0.399641734
504,sure,131,0.1097215993,1.034230352
504,sure,132,0.705909172,2.059695731
504,sure,133,0.1193141521,0.5215206893
504,sure,134,-0.1179634422,0.6887618588
504,sure,135,1.667428107,1.628607451
504,sure,136,0.04363976772,0.8726845944
504,sure,137,0.7831382946,3.032224862
504,sure,138,1.161948833,0.7530014673
504,sure,139,0.3992277559,0.8270284484
504,sure,140,-0.008037997375,0.2854045387
504,sure,141,0.3718067022,0.9103537502
504,sure,142,0.4229843482,0.8602075425
504,sure,143,0.4127488046,-0.1687344576
504,sure,144,-0.02533022532,0.4465429098
504,sure,145,0.04107111734,0.3761818639
504,sure,146,-0.1179981271,0.7770469209
504,sure,147,1.268870063,1.081753827
504,sure,148,2.074633437,1.857120114
504,sure,149,-0.002742158007,0.04557610982
504,sure,150,0.4460350285,0.9913968807
504,sure,151,0.04620336562,0.5469829983
504,sure,152,0.386963014,0.5098020422
504,sure,153,-0.1294765705,0.8647762726
504,sure,154,0.194937439,1.60252891
504,sure,155,-0.4449118634,0.7134210615
504,sure,156,0.5594033504,0.8632754723
504,sure,157,0.2680462282,0.2627779272
504,sure,158,0.01483805887,0.1234067608
504,sure,159,-0.1340694039,-0.2987172085
504,sure,160,-0.02006249919,-0.1556201192
504,sure,161,-0.01883508996,-0.05472078499
504,sure,162,0.2076409695,-0.05749582561
504,sure,163,1.162585382,2.174352925
504,sure,164,0.7022768291,0.4362965403
504,sure,165,0.03009685574,0.4656649497
504,sure,166,-0.1249840346,-0.1463884281
504,sure,167,-0.05756432506,0.8820822665
504,sure,168,-0.305146522,-0.06488527325
504,sure,169,-0.08211288827,0.3533890301
504,sure,170,0.01876809195,0.5476844629
504,sure,171,-0.07663851556,0.02650276016
504,sure,172,-0.06594074608,0.4208508723
504,sure,173,-0.299063684,0.3639178261
504,sure,174,0.39429192,0.4000386829
504,sure,175,0.1674403889,1.545673532
504,sure,176,0.2252390734,0.7030044281
504,sure,177,0.2188293609,0.8092071941
504,sure,178,-0.09259559924,0.5050956053
504,sure,179,1.64025698,2.41156917
504,sure,180,0.2883804482,0.03934842886
504,sure,181,-0.1858683929,1.029971586
504,sure,182,-0.2049582672,0.7214468628
504,sure,183,-0.09216234008,-0.2782460134
504,sure,184,0.1556876236,0.8478795634
504,sure,185,-0.003153545534,-0.008705200227
504,sure,186,0.5751123243,0.7821855351
504,sure,187,0.1300103917,0.4088259065
504,sure,188,0.05325045874,0.5115419344
504,sure,189,0.02774322509,0.1831393622
504,sure,190,0.05758289398,1.174877263
504,sure,191,0.6438967064,0.4668266894
504,sure,192,1.032218638,0.9643256901
504,sure,193,0.1380168939,0.4733243004
504,sure,194,-0.0748498235,0.1048111967
504,sure,195,0.494226839,1.049164268
504,sure,196,0.9070420379,1.72496405
504,sure,197,0.3552759032,0.471001745
504,sure,198,0.03029282915,1.326682021
504,sure,199,0.0818829185,1.02038553
504,sure,200,0.002480325662,-0.01639339054
504,sure,201,0.001629407308,-0.06806895226
504,sure,202,0.1378758254,1.410981512
504,sure,203,-0.02292667956,0.2668012766
504,sure,204,-0.2135414198,0.5671970117
504,sure,205,0.6152779291,1.196888415
504,sure,206,0.7503599594,0.8815327376
504,sure,207,0.02916826425,0.5146227137
504,sure,208,0.1652146235,0.4516699204
504,sure,209,-0.05762560004,0.07041252955
504,sure,210,0.6280948651,0.9627239817
504,sure,211,0.1902873136,0.2922550486
504,sure,212,0.4433394631,-0.1064199121
504,sure,213,0.000779647367,0.06346066574
504,sure,214,0.3350280302,0.4644897182
504,sure,215,0.08719377984,0.1530216462
504,sure,216,0.3407753249,1.500054127
504,sure,217,0.0682272311,0.02790626704
504,sure,218,0.1821713697,0.8842223042
504,sure,219,0.7769691576,2.374001314
504,sure,220,0.0294851371,0.3917164593
504,sure,221,0.119948237,-0.000206812589
504,sure,222,0.2097365422,0.501750537
504,sure,223,0.05344635879,0.3648979457
504,sure,224,0.5521127547,0.916426109
504,sure,225,-0.07957633993,0.849436732
504,sure,226,0.002352063215,0.6394920191
504,sure,227,-0.002508335668,0.246238972
504,sure,228,0.3735051926,0.6208180323
504,sure,229,0.511995667,0.7249684631
504,sure,230,0.008615727518,0.09010954176
504,sure,231,-0.1186548914,-0.05085913863
504,sure,232,-0.153289059,-0.5689390428
504,sure,233,0.1119815451,0.1102302593
504,sure,234,1.080444554,0.9191771754
504,sure,235,-0.01573008888,0.04921435874
504,sure,236,-0.1889775649,-0.06181201058
504,sure,237,0.04774608799,-0.03425417307
504,sure,238,0.7983359351,0.6342509902
504,sure,239,0.003118256205,0.214777565
504,sure,240,-0.000568017061,0.102756908
504,sure,241,0.250737129,0.793608006
504,sure,242,0.9324943922,1.21371806
504,sure,243,0.01977505382,1.261701386
504,sure,244,-0.01665831382,0.1791535316
504,sure,245,1.212066087,2.293397367
504,sure,246,-0.2063036604,-0.05855902347
504,sure,247,0.04001846309,0.1115962043
504,sure,248,0.07477890775,0.3833392536
504,sure,249,0.2163316314,0.7095081877
504,sure,250,0.3634575632,1.471261942
504,sure,251,-0.07413174669,-0.06101856121
504,sure,252,0.02008851104,-0.01993048138
504,sure,253,0.1685322809,0.8880581164
504,sure,254,-0.001123486905,0.3260079687
504,sure,255,0.2477570025,0.7649942078
504,sure,256,-0.5314215395,0.02456940228
504,sure,257,0.02436087426,0.7310448066
504,sure,258,0.7104013405,0.739470424
504,sure,259,0.04945878021,0.4421298399
504,sure,260,0.4969486016,0.3515994164
504,sure,261,-0.08089441045,0.2473872901
504,sure,262,0.2563734371,0.6753905191
504,sure,263,0.02179708663,-0.09481899453
504,sure,264,0.2108700391,1.319820741
504,sure,265,0.2942120732,2.089180726
504,sure,266,0.05051268396,0.7343583267
504,sure,267,0.468944008,0.6552394755
504,sure,268,0.1056084998,0.6439614618
504,sure,269,1.005351968,1.231352033
504,sure,270,-0.04058544143,0.217483571
504,sure,271,-0.02455792516,0.9822727741
504,sure,272,0.07575186796,0.5108224492
504,sure,273,0.7925873028,0.6818845736
504,sure,274,0.1281708446,0.261157841
504,sure,275,-0.03254904133,0.8683788113
504,sure,276,-0.056940308,0.03536118565
504,sure,277,0.5560612955,1.336250162
504,sure,278,0.172576638,0.711018494
504,sure,279,0.03040541531,0.5953746602
504,sure,280,-0.2723865666,0.6604969133
504,sure,281,0.1254695699,-0.1673121417
504,sure,282,0.2010848104,0.890467135
504,sure,283,0.3145087804,0.1865146943
504,sure,284,0.01631296169,-0.1408953
504,sure,285,-0.0682336407,0.2702375788
504,sure,286,0.4337838593,1.281797591
504,sure,287,-0.04902677768,0.4577034559
504,sure,288,-0.4575396739,-0.0362892067
504,sure,289,0.8766324043,-0.02085014063
504,sure,290,0.3399506113,0.2886791183
504,sure,291,0.02420651187,0.6182154649
504,sure,292,0.07818045464,0.8192367073
504,sure,293,0.1711314915,0.2862309148
504,sure,294,0.7907920726,1.401699026
504,sure,295,0.7061969204,1.506750877
504,sure,296,0.1188243567,0.5860841972
504,sure,297,0.02811051008,0.1506982167
504,sure,298,-0.1091745638,0.5028659158
504,sure,299,-0.002140832892,0.8046111515
504,sure,300,-0.7361075788,0.8923700772
504,sure,301,-0.0384206969,0.1304905091
504,sure,302,0.07190029985,0.4769003152
504,sure,303,0.8010831471,0.425846514
504,sure,304,0.4824188572,1.032223436
504,sure,305,-0.01920902468,1.136594433
504,sure,306,0.6327382806,0.7627674484
504,sure,307,-0.7228766278,0.7984891879
504,sure,308,0.7356484237,0.9025755394
504,sure,309,0.8162057964,1.526582147
504,sure,310,0.06840890899,0.8917252692
504,sure,311,0.0151928131,-0.1473180304
504,sure,312,0.04060209995,-0.1196985528
504,sure,313,0.1921536934,0.6563344309
504,sure,314,-0.03928286233,0.666041509
504,sure,315,0.3932465832,1.098919588
504,sure,316,-0.003217415063,0.1988775144
504,sure,317,0.002691698013,-0.01793881051
504,sure,318,0.2299169572,0.3050867651
504,sure,319,0.2898952129,0.08907685623
504,sure,320,0.008595225558,0.4415246706
504,sure,321,-0.1299184383,0.5311106614
504,sure,322,0.07847038846,0.3684264424
504,sure,323,0.5929051266,1.904411039
504,sure,324,-0.009809205466,0.6940994178
504,sure,325,0.04603187945,1.350010166
504,sure,326,0.07520555732,0.08037661647
504,sure,327,0.1754259358,0.1479885885
504,sure,328,-0.02401905623,0.01562567117
504,sure,329,0.03706982468,0.1706720419
504,sure,330,-0.001251244917,0.1575402453
504,sure,331,-0.02590881306,0.16443581
504,sure,332,0.9199394447,1.333901335
504,sure,333,-0.07899419203,0.387425073
504,sure,334,0.07881363501,0.8726216431
504,sure,335,0.01942300971,0.08658027701
504,sure,336,0.004800970919,0.3193649667
504,sure,337,0.09918305874,0.7876482124
504,sure,338,-0.04029366777,0.00908809168
504,sure,339,0.15427231,0.2676086931
504,sure,340,0.5099493698,0.8712391314
504,sure,341,-0.001884773735,-0.06429157908
504,sure,342,0.2682937784,0.02023154454
504,sure,343,0.5739169657,0.7591844774
504,sure,344,0.8068274498,1.792619785
504,sure,345,0.9487529736,1.654681598
504,sure,346,-0.3693858007,-0.01289486571
504,sure,347,-0.1781882426,1.022517813
504,sure,348,0.4505975311,0.7543650592
504,sure,349,0.03752553917,-0.1052233853
504,sure,350,1.050842245,1.053431572
504,sure,351,0.2712535599,0.03473672883
504,sure,352,-0.1907695094,0.4185479493
504,sure,353,1.790834497,2.398569873
504,sure,354,1.713453245,1.667146423
504,sure,355,-0.02662030722,0.3133602937
504,sure,356,0.01270604737,0.3680729153
504,sure,357,0.3771646478,0.88432716
504,sure,358,-0.003935940429,-0.07706927411
504,sure,359,0.1215421374,0.3500627745
504,sure,360,0.3368128217,0.4938838845
504,sure,361,0.2458381312,0.4065082352
504,sure,362,-0.2116422282,-0.01896170805
504,sure,363,-0.06947997413,0.2911657683
504,sure,364,0.2339461383,0.2772710493
504,sure,365,0.09364437474,0.6139522532
504,sure,366,0.6003967441,1.290065218
504,sure,367,0.5470567613,0.7768525386
504,sure,368,-0.03085085344,0.543461387
504,sure,369,0.3636028958,1.520210681
504,sure,370,1.045103123,0.5461320806
504,sure,371,0.2809613163,0.8000222779
504,sure,372,0.6703229481,2.354705934
504,sure,373,-0.002327712528,-0.3388340802
504,sure,374,0.05396873781,0.1775680679
504,sure,375,0.5734892447,0.7760017873
504,sure,376,0.1344109954,0.5981848116
504,sure,377,-0.01950642417,0.4702379188
504,sure,378,0.005812237962,0.7381257423
504,sure,379,0.1963436747,1.084838097
504,sure,380,-0.02240793239,-0.02256279088
504,sure,381,2.058360562,3.764516695
504,sure,382,0.3394418586,-0.03827168093
504,sure,383,-0.008984372399,0.2536967263
504,sure,384,0.8089664009,1.145244701
504,sure,385,0.6644452406,1.03880998
504,sure,386,-0.03141456837,0.5078804963
504,sure,387,0.4203878322,0.8730551666
504,sure,388,0.09181399108,0.9128712229
504,sure,389,0.02030349219,0.305373095
504,sure,390,0.01161577777,0.4914302218
504,sure,391,-0.02438946245,0.4883581045
504,sure,392,0.1703778461,0.6611295229
504,sure,393,0.5168670828,1.429228389
504,sure,394,0.0909773939,0.6607943901
504,sure,395,0.1124135856,0.0201240441
504,sure,396,0.1560693867,0.678373283
504,sure,397,0.1554950555,1.165764219
504,sure,398,-0.2746285701,0.8313977758
504,sure,399,0.7352401011,0.655921428
504,sure,400,-0.1715522343,-0.150564089
504,sure,401,-0.1312011744,-0.01903577634
504,sure,402,0.005133171655,-0.06478184408
504,sure,403,0.004481330938,0.188767394
504,sure,404,0.1510871501,0.1092245998
504,sure,405,0.3635862533,-0.6292327063
504,sure,406,-0.04094461461,-0.1423688208
504,sure,407,0.01255388982,0.3866024756
504,sure,408,-0.1001613376,-0.4008625174
504,sure,409,0.3014251922,1.247242066
504,sure,410,0.001777039783,0.2485378789
504,sure,411,-0.01863269967,0.2352963004
504,sure,412,-0.3995499296,0.9886361602
504,sure,413,-0.0318227334,-0.1234664493
504,sure,414,0.309111208,0.8496441329
504,sure,415,0.1418372433,0.414941873
504,sure,416,0.04680648114,0.7015508347
504,sure,417,-0.001501876646,0.8259599798
504,sure,418,-0.003490324044,0.07828890056
504,sure,419,0.02642954219,0.3046875439
504,sure,420,0.02851525862,0.6569038398
504,sure,421,0.2850203406,0.9290155012
504,sure,422,-0.06888269492,0.4474695999
504,sure,423,-0.09349602886,0.00394594034
504,sure,424,-0.04801064516,0.01128224082
504,sure,425,0.211182197,0.5978273457
504,sure,426,-0.006175007352,0.1313496256
504,sure,427,-0.06745581036,0.3408884484
504,sure,428,-0.03209728173,0.25549887
504,sure,429,0.09207401696,1.172280618
504,sure,430,0.1237619821,0.6837273201
504,sure,431,0.02099478825,1.273916837
504,sure,432,0.3752898243,1.209098812
504,sure,433,-0.1140659947,0.308356393
504,sure,434,0.1864970975,0.8333174621
504,sure,435,-0.01330616983,0.1275601707
504,sure,436,0.01516779313,0.2109265606
504,sure,437,0.04424323056,0.3073055802
504,sure,438,0.4099523107,0.6494081143
504,sure,439,0.2070303138,0.02128320377
504,sure,440,0.2157432676,0.9100098672
504,sure,441,0.2395275149,0.4337378061
504,sure,442,0.1595231458,-1.147025031
504,sure,443,0.1848582938,0.8498458637
504,sure,444,0.03976233147,0.4010590414
504,sure,445,0.195493279,0.5659331287
504,sure,446,-0.06093856154,0.4437517622
504,sure,447,-0.4917581803,-0.007593599057
504,sure,448,0.08692488568,0.8296214639
504,sure,449,-0.08499301981,-0.01674721084
504,sure,450,0.6913677228,0.355283973
504,sure,451,1.072040712,1.765456751
504,sure,452,0.05356842904,0.7391478746
504,sure,453,0.07950118443,1.190281718
504,sure,454,0.1810719865,-0.1656054057
504,sure,455,0.684539356,1.568293299
504,sure,456,-0.2209078574,-0.02754226651
504,sure,457,0.1129457434,0.4983209052
504,sure,458,-0.1458617987,0.1178991566
504,sure,459,-0.1033446414,0.2701851162
504,sure,460,-0.06123777256,-0.01984443694
504,sure,461,-0.1466678055,0.2998843146
504,sure,462,0.05534871283,0.2743416831
504,sure,463,0.122890657,0.6028302213
504,sure,464,1.169924543,1.130940608
504,sure,465,0.4536254469,0.2495595978
504,sure,466,-0.005507749311,-0.02650289265
504,sure,467,0.04254678386,0.01908117178
504,sure,468,-0.04203854037,0.5353702817
504,sure,469,0.0964955733,0.06170201168
504,sure,470,0.2982994455,0.3413606927
504,sure,471,0.08874398274,0.1377130366
504,sure,472,0.1994184877,1.764110778
504,sure,473,0.9206966053,1.55205089
504,sure,474,0.3059197148,0.8157458253
504,sure,475,-0.03059066811,0.1102702703
504,sure,476,0.1933351784,0.3964668015
504,sure,477,-0.02096179916,0.5530875305
504,sure,478,-0.0292993842,0.2520643704
504,sure,479,-0.122548053,0.2874990449
504,sure,480,0.4596061279,1.230636612
504,sure,481,0.0111670502,0.56553756
504,sure,482,0.4034049588,0.8235865469
504,sure,483,-0.1846700408,0.6474126859
504,sure,484,0.3192454056,0.5878799073
504,sure,485,0.1928254394,1.319552229
504,sure,486,0.7859206437,1.587708455
504,sure,487,-0.3288807025,0.5453873104
504,sure,488,0.02927412713,0.4052728583
504,sure,489,0.08521106991,0.02640414348
504,sure,490,-0.01987077097,0.4081159842
504,sure,491,-0.03545386694,0.7344347618
504,sure,492,0.7118727666,1.6105466
504,sure,493,0.7397257537,0.6995801836
504,sure,494,0.01200684565,0.6303887769
504,sure,495,0.02386078842,0.21165268
504,sure,496,0.6383508952,1.136176471
504,sure,497,0.04263631191,0.5888844539
504,sure,498,0.3759443981,0.5313938373
504,sure,499,0.3805473388,0.9153890487
504,sure,500,0.3564545298,0.6612945544
504,gmleb,1,0.111262558,0.03511386778
504,gmleb,2,0.8475591712,0.9736310015
504,gmleb,3,0.8985006261,0.4765607513
504,gmleb,4,2.150153883,1.74819618
504,gmleb,5,1.244999837,0.8885948254
504,gmleb,6,1.032707143,0.5894807246
504,gmleb,7,2.270816567,2.001027637
504,gmleb,8,0.4971237211,0.2031341604
504,gmleb,9,0.6334786908,0.6847899183
504,gmleb,10,0.9656149708,0.4715265489
504,gmleb,11,0.7769809549,0.7213589827
504,gmleb,12,0.2391897636,0.5594820594
504,gmleb,13,-0.04492501875,-0.2014807961
504,gmleb,14,0.8758339185,0.7022416708
504,gmleb,15,1.012903136,1.132623322
504,gmleb,16,0.1559659822,0.004150991745
504,gmleb,17,0.3520569675,0.01380438847
504,gmleb,18,1.72803311,0.5820932368
504,gmleb,19,0.8522590714,0.05067959094
504,gmleb,20,0.1185873152,-0.1159892674
504,gmleb,21,0.8899289383,0.7728540527
504,gmleb,22,3.031417251,0.7928984611
504,gmleb,23,1.265402708,0.885064725
504,gmleb,24,0.2812061417,0.001599597274
504,gmleb,25,2.292339586,2.225840766
504,gmleb,26,1.869331968,0.9193237721
504,gmleb,27,1.608774706,1.018666329
504,gmleb,28,0.02588024868,-0.05235668579
504,gmleb,29,1.593993948,3.05479165
504,gmleb,30,0.4737369122,-0.2331475591
504,gmleb,31,0.9021281171,0.736337173
504,gmleb,32,1.109018451,0.7723968382
504,gmleb,33,0.02978913013,0.3332606536
504,gmleb,34,0.8673258585,0.6778650556
504,gmleb,35,1.179246882,0.7545464858
504,gmleb,36,0.427204343,0.2381082585
504,gmleb,37,1.235718883,0.7066001749
504,gmleb,38,1.382805629,0.8223290929
504,gmleb,39,1.200526776,1.42908644
504,gmleb,40,0.4593315174,0.2969196255
504,gmleb,41,0.5203493072,0.016339172
504,gmleb,42,0.4073135276,0.2456117484
504,gmleb,43,1.5277149,0.9953467789
504,gmleb,44,0.5193339539,0.3383837662
504,gmleb,45,0.4886427182,0.2781579332
504,gmleb,46,0.8579000312,-0.6531043453
504,gmleb,47,0.324446504,0.2054886934
504,gmleb,48,0.4726442207,0.1943306299
504,gmleb,49,0.5215911649,0.9304152546
504,gmleb,50,0.7729327958,0.4659233356
504,gmleb,51,1.272415196,0.7523393319
504,gmleb,52,1.280783038,0.969603117
504,gmleb,53,0.8747746319,0.3822155136
504,gmleb,54,0.4267938577,0.1983993934
504,gmleb,55,0.5439469578,0.2585871033
504,gmleb,56,0.7670682245,0.6135712591
504,gmleb,57,0.7342312294,0.5395153591
504,gmleb,58,1.612572634,2.142849841
504,gmleb,59,1.32234381,0.969273409
504,gmleb,60,0.2026798076,-0.04060125267
504,gmleb,61,1.785583627,0.8284879391
504,gmleb,62,1.013307154,0.5378073452
504,gmleb,63,0.3619446034,0.3762017589
504,gmleb,64,0.6747992984,0.4703411501
504,gmleb,65,0.01030494506,-0.2682012389
504,gmleb,66,0.8439337508,0.7797508637
504,gmleb,67,0.800700121,0.5820005694
504,gmleb,68,0.9028346233,0.5662032612
504,gmleb,69,0.8782539876,0.8756230988
504,gmleb,70,0.4847488098,0.248685394
504,gmleb,71,1.166864424,1.747210066
504,gmleb,72,0.2767833471,-0.1818651415
504,gmleb,73,0.9064310935,0.101179132
504,gmleb,74,0.5890450265,0.5336837502
504,gmleb,75,0.4663410285,0.2200753827
504,gmleb,76,1.133745613,1.290963314
504,gmleb,77,1.174003073,0.8274012641
504,gmleb,78,-0.08993079552,0.2591144251
504,gmleb,79,0.8135658095,0.5956203544
504,gmleb,80,0.1418979056,-0.1365200816
504,gmleb,81,1.056777196,0.9233260002
504,gmleb,82,1.203768107,0.7617519713
504,gmleb,83,0.1965927085,-0.1884998426
504,gmleb,84,0.264940789,0.05044355951
504,gmleb,85,0.3071418709,0.464931292
504,gmleb,86,1.674667958,0.9178232023
504,gmleb,87,1.126056746,1.505267089
504,gmleb,88,1.77776276,1.293166952
504,gmleb,89,0.4555900652,0.2177782535
504,gmleb,90,0.7566971404,0.6960323217
504,gmleb,91,0.5774175234,-0.06673010077
504,gmleb,92,1.385869394,0.2325710686
504,gmleb,93,1.060429649,0.689679485
504,gmleb,94,0.6536192172,0.3009861024
504,gmleb,95,0.4728851905,0.3407018872
504,gmleb,96,-0.3077916437,0.6544132163
504,gmleb,97,2.135114285,1.974233072
504,gmleb,98,0.2028079911,-0.06436914911
504,gmleb,99,1.168100618,1.14739336
504,gmleb,100,1.889208851,1.963850679
504,gmleb,101,1.294148223,0.650723106
504,gmleb,102,1.723784408,0.9257143895
504,gmleb,103,0.4222157876,0.01422444916
504,gmleb,104,0.8911421833,-0.001901354315
504,gmleb,105,0.4433990336,-0.1095647623
504,gmleb,106,2.214847437,1.797038613
504,gmleb,107,0.2903022492,0.03024829981
504,gmleb,108,1.104894139,0.5643659625
504,gmleb,109,0.8627299808,0.5054231533
504,gmleb,110,1.599057194,1.19600579
504,gmleb,111,0.367827826,0.1814459551
504,gmleb,112,0.252068994,-0.1211283511
504,gmleb,113,1.770270461,0.9009096942
504,gmleb,114,0.3106234739,0.5234562694
504,gmleb,115,1.234526631,0.6467886193
504,gmleb,116,0.6839160387,0.4803840606
504,gmleb,117,0.7635566908,0.5495505646
504,gmleb,118,1.699654694,0.08398958863
504,gmleb,119,0.3737344311,-0.01113571207
504,gmleb,120,0.9717067928,1.143994357
504,gmleb,121,1.567584575,2.389154144
504,gmleb,122,1.205908036,0.9826018751
504,gmleb,123,1.401730973,0.8530728636
504,gmleb,124,0.3838506141,0.1219585603
504,gmleb,125,1.113079629,0.272398818
504,gmleb,126,0.8584351593,0.6411216169
504,gmleb,127,3.060429446,1.215264524
504,gmleb,128,1.327709833,1.671003637
504,gmleb,129,2.432379616,1.474678361
504,gmleb,130,0.5711018772,0.399641734
504,gmleb,131,0.9244747263,1.034230352
504,gmleb,132,1.796936035,2.059695731
504,gmleb,133,0.9845686751,0.5215206893
504,gmleb,134,1.06698416,0.6887618588
504,gmleb,135,3.175962033,1.628607451
504,gmleb,136,0.5360047095,0.8726845944
504,gmleb,137,2.04135728,3.032224862
504,gmleb,138,2.538893278,0.7530014673
504,gmleb,139,1.013000724,0.8270284484
504,gmleb,140,0.9977201232,0.2854045387
504,gmleb,141,1.313442608,0.9103537502
504,gmleb,142,1.236239659,0.8602075425
504,gmleb,143,0.9001266339,-0.1687344576
504,gmleb,144,0.6033444375,0.4465429098
504,gmleb,145,0.4648384161,0.3761818639
504,gmleb,146,0.7890817787,0.7770469209
504,gmleb,147,2.490881636,1.081753827
504,gmleb,148,3.850219877,1.857120114
504,gmleb,149,0.4748308054,0.04557610982
504,gmleb,150,1.192995062,0.9913968807
504,gmleb,151,0.4372192776,0.5469829983
504,gmleb,152,1.322614989,0.5098020422
504,gmleb,153,0.4316001176,0.8647762726
504,gmleb,154,1.432464716,1.60252891
504,gmleb,155,0.1187948425,0.7134210615
504,gmleb,156,1.312408004,0.8632754723
504,gmleb,157,1.091275769,0.2627779272
504,gmleb,158,0.4321245275,0.1234067608
504,gmleb,159,0.6199552474,-0.2987172085
504,gmleb,160,0.4602297405,-0.1556201192
504,gmleb,161,0.05976437768,-0.05472078499
504,gmleb,162,0.3783486468,-0.05749582561
504,gmleb,163,2.266172588,2.174352925
504,gmleb,164,2.555357207,0.4362965403
504,gmleb,165,0.6329070717,0.4656649497
504,gmleb,166,0.1301118537,-0.1463884281
504,gmleb,167,0.6914373592,0.8820822665
504,gmleb,168,0.3953260028,-0.06488527325
504,gmleb,169,0.3506291606,0.3533890301
504,gmleb,170,0.936810921,0.5476844629
504,gmleb,171,0.2975878118,0.02650276016
504,gmleb,172,0.09084618598,0.4208508723
504,gmleb,173,-0.2274686101,0.3639178261
504,gmleb,174,1.238189035,0.4000386829
504,gmleb,175,1.104368127,1.545673532
504,gmleb,176,0.755964585,0.7030044281
504,gmleb,177,1.179844939,0.8092071941
504,gmleb,178,0.1888506372,0.5050956053
504,gmleb,179,2.298944885,2.41156917
504,gmleb,180,0.8463613936,0.03934842886
504,gmleb,181,0.4158792345,1.029971586
504,gmleb,182,0.5720387672,0.7214468628
504,gmleb,183,0.3201996068,-0.2782460134
504,gmleb,184,0.7301001463,0.8478795634
504,gmleb,185,0.3384265579,-0.008705200227
504,gmleb,186,1.101813387,0.7821855351
504,gmleb,187,0.8001432416,0.4088259065
504,gmleb,188,0.6118195075,0.5115419344
504,gmleb,189,0.5865397541,0.1831393622
504,gmleb,190,0.9238847057,1.174877263
504,gmleb,191,1.286525522,0.4668266894
504,gmleb,192,2.420061765,0.9643256901
504,gmleb,193,0.8638139863,0.4733243004
504,gmleb,194,0.6873182456,0.1048111967
504,gmleb,195,1.148725387,1.049164268
504,gmleb,196,2.196349843,1.72496405
504,gmleb,197,0.638744706,0.471001745
504,gmleb,198,0.7784453203,1.326682021
504,gmleb,199,0.9979199289,1.02038553
504,gmleb,200,0.5925172516,-0.01639339054
504,gmleb,201,0.3834445501,-0.06806895226
504,gmleb,202,1.30102695,1.410981512
504,gmleb,203,0.4032793907,0.2668012766
504,gmleb,204,-0.0371993019,0.5671970117
504,gmleb,205,1.521436912,1.196888415
504,gmleb,206,2.225634709,0.8815327376
504,gmleb,207,0.7374606837,0.5146227137
504,gmleb,208,0.9246184006,0.4516699204
504,gmleb,209,0.5854437429,0.07041252955
504,gmleb,210,1.235850825,0.9627239817
504,gmleb,211,0.6422021575,0.2922550486
504,gmleb,212,1.341314802,-0.1064199121
504,gmleb,213,0.407214173,0.06346066574
504,gmleb,214,1.039608013,0.4644897182
504,gmleb,215,0.8032156862,0.1530216462
504,gmleb,216,1.344174002,1.500054127
504,gmleb,217,0.3999390351,0.02790626704
504,gmleb,218,1.018064834,0.8842223042
504,gmleb,219,1.702689318,2.374001314
504,gmleb,220,0.2938518231,0.3917164593
504,gmleb,221,0.48758758,-0.000206812589
504,gmleb,222,0.4179670593,0.501750537
504,gmleb,223,0.4075057193,0.3648979457
504,gmleb,224,1.894572535,0.916426109
504,gmleb,225,0.6787349888,0.849436732
504,gmleb,226,0.6906415522,0.6394920191
504,gmleb,227,0.45762745,0.246238972
504,gmleb,228,0.9491114518,0.6208180323
504,gmleb,229,1.458780099,0.7249684631
504,gmleb,230,0.4266388532,0.09010954176
504,gmleb,231,0.167903833,-0.05085913863
504,gmleb,232,0.01084995721,-0.5689390428
504,gmleb,233,0.2763351684,0.1102302593
504,gmleb,234,2.472456711,0.9191771754
504,gmleb,235,0.2895665772,0.04921435874
504,gmleb,236,0.3223954357,-0.06181201058
504,gmleb,237,0.5402951103,-0.03425417307
504,gmleb,238,2.035931445,0.6342509902
504,gmleb,239,0.3779711432,0.214777565
504,gmleb,240,0.4339369555,0.102756908
504,gmleb,241,1.165668226,0.793608006
504,gmleb,242,2.360562632,1.21371806
504,gmleb,243,0.5026583357,1.261701386
504,gmleb,244,0.4893675483,0.1791535316
504,gmleb,245,2.817242943,2.293397367
504,gmleb,246,0.04113611091,-0.05855902347
504,gmleb,247,0.6041569915,0.1115962043
504,gmleb,248,0.4220692949,0.3833392536
504,gmleb,249,1.12589465,0.7095081877
504,gmleb,250,1.386963023,1.471261942
504,gmleb,251,0.7232952457,-0.06101856121
504,gmleb,252,0.4639916236,-0.01993048138
504,gmleb,253,1.139809789,0.8880581164
504,gmleb,254,0.5415095189,0.3260079687
504,gmleb,255,1.2344536,0.7649942078
504,gmleb,256,-0.3415029315,0.02456940228
504,gmleb,257,0.5844393001,0.7310448066
504,gmleb,258,1.730017665,0.739470424
504,gmleb,259,0.38064556,0.4421298399
504,gmleb,260,0.6090935877,0.3515994164
504,gmleb,261,0.1172954439,0.2473872901
504,gmleb,262,1.021899381,0.6753905191
504,gmleb,263,0.4365407243,-0.09481899453
504,gmleb,264,0.3331920293,1.319820741
504,gmleb,265,1.246456338,2.089180726
504,gmleb,266,0.5301496047,0.7343583267
504,gmleb,267,1.210851733,0.6552394755
504,gmleb,268,0.78520042,0.6439614618
504,gmleb,269,1.985128752,1.231352033
504,gmleb,270,0.2352181135,0.217483571
504,gmleb,271,1.127842623,0.9822727741
504,gmleb,272,0.89441321,0.5108224492
504,gmleb,273,2.054449993,0.6818845736
504,gmleb,274,0.6231180429,0.261157841
504,gmleb,275,0.9100439679,0.8683788113
504,gmleb,276,0.07329770557,0.03536118565
504,gmleb,277,1.287109178,1.336250162
504,gmleb,278,1.071965058,0.711018494
504,gmleb,279,0.9763744312,0.5953746602
504,gmleb,280,0.5679818584,0.6604969133
504,gmleb,281,0.4896037861,-0.1673121417
504,gmleb,282,1.406166057,0.890467135
504,gmleb,283,0.6830845233,0.1865146943
504,gmleb,284,0.2802568909,-0.1408953
504,gmleb,285,0.1877981053,0.2702375788
504,gmleb,286,1.31783189,1.281797591
504,gmleb,287,0.6874806379,0.4577034559
504,gmleb,288,-0.3457701918,-0.0362892067
504,gmleb,289,1.609997507,-0.02085014063
504,gmleb,290,0.66163004,0.2886791183
504,gmleb,291,0.4262544402,0.6182154649
504,gmleb,292,0.391032702,0.8192367073
504,gmleb,293,0.9667640203,0.2862309148
504,gmleb,294,1.646089468,1.401699026
504,gmleb,295,1.656633903,1.506750877
504,gmleb,296,0.9920737109,0.5860841972
504,gmleb,297,0.1619480742,0.1506982167
504,gmleb,298,0.5974482741,0.5028659158
504,gmleb,299,1.005462752,0.8046111515
504,gmleb,300,-0.0159845835,0.8923700772
504,gmleb,301,0.3891233464,0.1304905091
504,gmleb,302,0.6520418262,0.4769003152
504,gmleb,303,1.615064565,0.425846514
504,gmleb,304,1.196860859,1.032223436
504,gmleb,305,0.3329997112,1.136594433
504,gmleb,306,1.407703341,0.7627674484
504,gmleb,307,-0.5969800476,0.7984891879
504,gmleb,308,1.491263529,0.9025755394
504,gmleb,309,1.716648696,1.526582147
504,gmleb,310,0.7847251482,0.8917252692
504,gmleb,311,0.4392063558,-0.1473180304
504,gmleb,312,0.1106796355,-0.1196985528
504,gmleb,313,0.9091363677,0.6563344309
504,gmleb,314,0.9940343366,0.666041509
504,gmleb,315,1.501587688,1.098919588
504,gmleb,316,1.193769089,0.1988775144
504,gmleb,317,0.5236788653,-0.01793881051
504,gmleb,318,0.4379466359,0.3050867651
504,gmleb,319,0.4926517445,0.08907685623
504,gmleb,320,0.1641358395,0.4415246706
504,gmleb,321,0.2052453521,0.5311106614
504,gmleb,322,0.3034394072,0.3684264424
504,gmleb,323,1.24579881,1.904411039
504,gmleb,324,0.5185853951,0.6940994178
504,gmleb,325,0.5069875113,1.350010166
504,gmleb,326,0.4207304288,0.08037661647
504,gmleb,327,0.3446037243,0.1479885885
504,gmleb,328,0.4306380522,0.01562567117
504,gmleb,329,0.2822493501,0.1706720419
504,gmleb,330,0.4472086849,0.1575402453
504,gmleb,331,0.4331342463,0.16443581
504,gmleb,332,1.849881876,1.333901335
504,gmleb,333,0.5095301352,0.387425073
504,gmleb,334,0.9570403516,0.8726216431
504,gmleb,335,0.7249934168,0.08658027701
504,gmleb,336,0.4319195359,0.3193649667
504,gmleb,337,0.9655564688,0.7876482124
504,gmleb,338,0.3401962407,0.00908809168
504,gmleb,339,0.6770269484,0.2676086931
504,gmleb,340,1.19068274,0.8712391314
504,gmleb,341,0.4198172598,-0.06429157908
504,gmleb,342,0.5264237427,0.02023154454
504,gmleb,343,1.612443583,0.7591844774
504,gmleb,344,1.880601785,1.792619785
504,gmleb,345,1.934464108,1.654681598
504,gmleb,346,-0.2055307575,-0.01289486571
504,gmleb,347,0.4447549987,1.022517813
504,gmleb,348,1.473726379,0.7543650592
504,gmleb,349,0.5024941321,-0.1052233853
504,gmleb,350,2.280305242,1.053431572
504,gmleb,351,0.8135286034,0.03473672883
504,gmleb,352,0.2535022713,0.4185479493
504,gmleb,353,3.414407611,2.398569873
504,gmleb,354,3.396591003,1.667146423
504,gmleb,355,0.504745206,0.3133602937
504,gmleb,356,0.6806481915,0.3680729153
504,gmleb,357,1.392590254,0.88432716
504,gmleb,358,0.4672064234,-0.07706927411
504,gmleb,359,0.4722078161,0.3500627745
504,gmleb,360,0.8759868202,0.4938838845
504,gmleb,361,0.367052912,0.4065082352
504,gmleb,362,0.05791040778,-0.01896170805
504,gmleb,363,0.09445924173,0.2911657683
504,gmleb,364,0.8261673702,0.2772710493
504,gmleb,365,0.846652651,0.6139522532
504,gmleb,366,1.606383327,1.290065218
504,gmleb,367,1.551471378,0.7768525386
504,gmleb,368,0.7498228831,0.543461387
504,gmleb,369,1.660691958,1.520210681
504,gmleb,370,2.276813223,0.5461320806
504,gmleb,371,0.6796851267,0.8000222779
504,gmleb,372,1.822001834,2.354705934
504,gmleb,373,0.3228778351,-0.3388340802
504,gmleb,374,0.3967887813,0.1775680679
504,gmleb,375,1.046701028,0.7760017873
504,gmleb,376,1.102982767,0.5981848116
504,gmleb,377,0.5473860553,0.4702379188
504,gmleb,378,1.170735496,0.7381257423
504,gmleb,379,0.9476358049,1.084838097
504,gmleb,380,0.4526533669,-0.02256279088
504,gmleb,381,4.269953285,3.764516695
504,gmleb,382,0.6464922303,-0.03827168093
504,gmleb,383,0.5831866189,0.2536967263
504,gmleb,384,1.516209281,1.145244701
504,gmleb,385,1.723690459,1.03880998
504,gmleb,386,0.8188775045,0.5078804963
504,gmleb,387,1.561246477,0.8730551666
504,gmleb,388,1.032363415,0.9128712229
504,gmleb,389,0.5104376984,0.305373095
504,gmleb,390,0.6739002755,0.4914302218
504,gmleb,391,0.7970496866,0.4883581045
504,gmleb,392,0.8878892672,0.6611295229
504,gmleb,393,1.522730493,1.429228389
504,gmleb,394,0.9152856005,0.6607943901
504,gmleb,395,0.4690576558,0.0201240441
504,gmleb,396,0.497453872,0.678373283
504,gmleb,397,0.9230963179,1.165764219
504,gmleb,398,0.01952450624,0.8313977758
504,gmleb,399,1.721105721,0.655921428
504,gmleb,400,-0.0672534994,-0.150564089
504,gmleb,401,0.009182124226,-0.01903577634
504,gmleb,402,0.1692153851,-0.06478184408
504,gmleb,403,0.4100296246,0.188767394
504,gmleb,404,0.5106039636,0.1092245998
504,gmleb,405,0.4044337643,-0.6292327063
504,gmleb,406,0.2651831517,-0.1423688208
504,gmleb,407,0.5527150593,0.3866024756
504,gmleb,408,0.2513575071,-0.4008625174
504,gmleb,409,1.554867949,1.247242066
504,gmleb,410,0.3710831237,0.2485378789
504,gmleb,411,0.2071043925,0.2352963004
504,gmleb,412,-0.1519163676,0.9886361602
504,gmleb,413,0.3142645217,-0.1234664493
504,gmleb,414,1.297761966,0.8496441329
504,gmleb,415,1.105723918,0.414941873
504,gmleb,416,1.173847823,0.7015508347
504,gmleb,417,0.1051042299,0.8259599798
504,gmleb,418,0.4026360117,0.07828890056
504,gmleb,419,0.400340441,0.3046875439
504,gmleb,420,0.393281584,0.6569038398
504,gmleb,421,1.392624575,0.9290155012
504,gmleb,422,0.1015244546,0.4474695999
504,gmleb,423,0.2416842015,0.00394594034
504,gmleb,424,0.4866871848,0.01128224082
504,gmleb,425,0.8675518668,0.5978273457
504,gmleb,426,0.4834666945,0.1313496256
504,gmleb,427,0.4164908555,0.3408884484
504,gmleb,428,0.479249627,0.25549887
504,gmleb,429,1.129364742,1.172280618
504,gmleb,430,1.113545312,0.6837273201
504,gmleb,431,0.6493308748,1.273916837
504,gmleb,432,1.032411887,1.209098812
504,gmleb,433,0.2811831716,0.308356393
504,gmleb,434,1.241428645,0.8333174621
504,gmleb,435,0.4793225479,0.1275601707
504,gmleb,436,0.4406756438,0.2109265606
504,gmleb,437,0.6865247128,0.3073055802
504,gmleb,438,0.8853590613,0.6494081143
504,gmleb,439,0.4004657762,0.02128320377
504,gmleb,440,1.038606754,0.9100098672
504,gmleb,441,0.8918083068,0.4337378061
504,gmleb,442,0.5265392772,-1.147025031
504,gmleb,443,0.9457497633,0.8498458637
504,gmleb,444,0.6162020495,0.4010590414
504,gmleb,445,1.262458658,0.5659331287
504,gmleb,446,0.5159259601,0.4437517622
504,gmleb,447,-0.4195871873,-0.007593599057
504,gmleb,448,1.211364112,0.8296214639
504,gmleb,449,0.08155366571,-0.01674721084
504,gmleb,450,1.742670146,0.355283973
504,gmleb,451,2.343159363,1.765456751
504,gmleb,452,0.6745797558,0.7391478746
504,gmleb,453,0.6727258112,1.190281718
504,gmleb,454,0.5209687366,-0.1656054057
504,gmleb,455,1.462416018,1.568293299
504,gmleb,456,0.07239992688,-0.02754226651
504,gmleb,457,0.7696780377,0.4983209052
504,gmleb,458,0.2581237366,0.1178991566
504,gmleb,459,0.3129686009,0.2701851162
504,gmleb,460,0.628760027,-0.01984443694
504,gmleb,461,0.3399381798,0.2998843146
504,gmleb,462,0.6386447463,0.2743416831
504,gmleb,463,0.6989495826,0.6028302213
504,gmleb,464,1.768986448,1.130940608
504,gmleb,465,1.168163543,0.2495595978
504,gmleb,466,0.3960837643,-0.02650289265
504,gmleb,467,0.4020695806,0.01908117178
504,gmleb,468,0.7129493659,0.5353702817
504,gmleb,469,0.4367690844,0.06170201168
504,gmleb,470,1.163330451,0.3413606927
504,gmleb,471,0.2708195266,0.1377130366
504,gmleb,472,0.8482340207,1.764110778
504,gmleb,473,1.679167371,1.55205089
504,gmleb,474,0.9884087593,0.8157458253
504,gmleb,475,0.252979183,0.1102702703
504,gmleb,476,0.713610188,0.3964668015
504,gmleb,477,0.7516820803,0.5530875305
504,gmleb,478,0.4840858056,0.2520643704
504,gmleb,479,0.2638496124,0.2874990449
504,gmleb,480,1.392791304,1.230636612
504,gmleb,481,0.7009911746,0.56553756
504,gmleb,482,1.315563671,0.8235865469
504,gmleb,483,0.1308036364,0.6474126859
504,gmleb,484,0.8694906448,0.5878799073
504,gmleb,485,0.3915783978,1.319552229
504,gmleb,486,1.808035929,1.587708455
504,gmleb,487,0.330050683,0.5453873104
504,gmleb,488,0.5740599293,0.4052728583
504,gmleb,489,0.3483452283,0.02640414348
504,gmleb,490,0.3923098848,0.4081159842
504,gmleb,491,1.014454711,0.7344347618
504,gmleb,492,1.760449865,1.6105466
504,gmleb,493,1.823326444,0.6995801836
504,gmleb,494,0.3191678024,0.6303887769
504,gmleb,495,0.3888148261,0.21165268
504,gmleb,496,1.415051465,1.136176471
504,gmleb,497,0.6911575993,0.5888844539
504,gmleb,498,1.064065071,0.5313938373
504,gmleb,499,1.365885374,0.9153890487
504,gmleb,500,1.4740532,0.6612945544
504,polyhedral,1,-23.83391485,0.03511386778
504,polyhedral,2,1.313385239,0.9736310015
504,polyhedral,3,2.194898515,0.4765607513
504,polyhedral,4,2.83473469,1.74819618
504,polyhedral,5,1.398668814,0.8885948254
504,polyhedral,6,-0.2328211564,0.5894807246
504,polyhedral,7,2.147625742,2.001027637
504,polyhedral,8,1.982338836,0.2031341604
504,polyhedral,9,0.3386323782,0.6847899183
504,polyhedral,10,1.373010372,0.4715265489
504,polyhedral,11,2.368853258,0.7213589827
504,polyhedral,12,0.6938907665,0.5594820594
504,polyhedral,13,0.4644792143,-0.2014807961
504,polyhedral,14,1.094066582,0.7022416708
504,polyhedral,15,1.414824943,1.132623322
504,polyhedral,16,0.5499797801,0.004150991745
504,polyhedral,17,-0.06333648685,0.01380438847
504,polyhedral,18,1.479789497,0.5820932368
504,polyhedral,19,1.712549278,0.05067959094
504,polyhedral,20,-5.110000372,-0.1159892674
504,polyhedral,21,1.429371462,0.7728540527
504,polyhedral,22,3.268428996,0.7928984611
504,polyhedral,23,0.9911414722,0.885064725
504,polyhedral,24,1.207090102,0.001599597274
504,polyhedral,25,2.987097143,2.225840766
504,polyhedral,26,2.677585935,0.9193237721
504,polyhedral,27,1.966183961,1.018666329
504,polyhedral,28,-5.006735783,-0.05235668579
504,polyhedral,29,-11.90850534,3.05479165
504,polyhedral,30,-0.02272420345,-0.2331475591
504,polyhedral,31,2.409701763,0.736337173
504,polyhedral,32,0.404863816,0.7723968382
504,polyhedral,33,0.9499455631,0.3332606536
504,polyhedral,34,0.6225177477,0.6778650556
504,polyhedral,35,1.574053471,0.7545464858
504,polyhedral,36,-1.456078878,0.2381082585
504,polyhedral,37,1.543878893,0.7066001749
504,polyhedral,38,2.176910033,0.8223290929
504,polyhedral,39,-0.6771437428,1.42908644
504,polyhedral,40,0.1687079283,0.2969196255
504,polyhedral,41,-0.8506256791,0.016339172
504,polyhedral,42,0.8101700145,0.2456117484
504,polyhedral,43,2.749630718,0.9953467789
504,polyhedral,44,-6.633408994,0.3383837662
504,polyhedral,45,0.9619689209,0.2781579332
504,polyhedral,46,-6.646322108,-0.6531043453
504,polyhedral,47,-0.812443426,0.2054886934
504,polyhedral,48,-2.387684597,0.1943306299
504,polyhedral,49,0.9624727219,0.9304152546
504,polyhedral,50,-3.490630011,0.4659233356
504,polyhedral,51,-0.773439394,0.7523393319
504,polyhedral,52,-2.130867619,0.969603117
504,polyhedral,53,-22.96316766,0.3822155136
504,polyhedral,54,0.100822206,0.1983993934
504,polyhedral,55,-0.4512929213,0.2585871033
504,polyhedral,56,-16.67406343,0.6135712591
504,polyhedral,57,-22.71147794,0.5395153591
504,polyhedral,58,-17.75179755,2.142849841
504,polyhedral,59,0.8697969576,0.969273409
504,polyhedral,60,-2.247644484,-0.04060125267
504,polyhedral,61,3.089360483,0.8284879391
504,polyhedral,62,2.506062994,0.5378073452
504,polyhedral,63,0.6561449647,0.3762017589
504,polyhedral,64,-3.434417285,0.4703411501
504,polyhedral,65,-1.864060224,-0.2682012389
504,polyhedral,66,-0.8996774099,0.7797508637
504,polyhedral,67,1.320778825,0.5820005694
504,polyhedral,68,1.359613824,0.5662032612
504,polyhedral,69,0.2547091787,0.8756230988
504,polyhedral,70,-5.437912693,0.248685394
504,polyhedral,71,2.012575552,1.747210066
504,polyhedral,72,-4.296302508,-0.1818651415
504,polyhedral,73,1.674053199,0.101179132
504,polyhedral,74,-22.66963724,0.5336837502
504,polyhedral,75,1.38545319,0.2200753827
504,polyhedral,76,-9.386103636,1.290963314
504,polyhedral,77,-1.38003965,0.8274012641
504,polyhedral,78,-0.174090869,0.2591144251
504,polyhedral,79,1.809610412,0.5956203544
504,polyhedral,80,-3.050227374,-0.1365200816
504,polyhedral,81,1.314335209,0.9233260002
504,polyhedral,82,0.7565404982,0.7617519713
504,polyhedral,83,-1.051472172,-0.1884998426
504,polyhedral,84,0.5159766569,0.05044355951
504,polyhedral,85,0.6714812165,0.464931292
504,polyhedral,86,2.150455783,0.9178232023
504,polyhedral,87,3.089402067,1.505267089
504,polyhedral,88,2.37403926,1.293166952
504,polyhedral,89,-0.05326792312,0.2177782535
504,polyhedral,90,0.6636930996,0.6960323217
504,polyhedral,91,1.58796902,-0.06673010077
504,polyhedral,92,1.179497902,0.2325710686
504,polyhedral,93,-1.981369304,0.689679485
504,polyhedral,94,0.3603246076,0.3009861024
504,polyhedral,95,-1.017991295,0.3407018872
504,polyhedral,96,0.5287446154,0.6544132163
504,polyhedral,97,2.624865869,1.974233072
504,polyhedral,98,0.6974164779,-0.06436914911
504,polyhedral,99,1.903840813,1.14739336
504,polyhedral,100,2.437685559,1.963850679
504,polyhedral,101,2.941264611,0.650723106
504,polyhedral,102,2.051413978,0.9257143895
504,polyhedral,103,1.486490298,0.01422444916
504,polyhedral,104,2.166517681,-0.001901354315
504,polyhedral,105,-0.323752396,-0.1095647623
504,polyhedral,106,2.602262838,1.797038613
504,polyhedral,107,0.6808398906,0.03024829981
504,polyhedral,108,2.077285857,0.5643659625
504,polyhedral,109,-3.258140459,0.5054231533
504,polyhedral,110,1.63095682,1.19600579
504,polyhedral,111,-3.401598916,0.1814459551
504,polyhedral,112,0.8138317573,-0.1211283511
504,polyhedral,113,1.656065565,0.9009096942
504,polyhedral,114,0.7965601574,0.5234562694
504,polyhedral,115,-6.18266142,0.6467886193
504,polyhedral,116,0.8851211251,0.4803840606
504,polyhedral,117,1.646555188,0.5495505646
504,polyhedral,118,2.285093351,0.08398958863
504,polyhedral,119,-0.9248334183,-0.01113571207
504,polyhedral,120,2.232172049,1.143994357
504,polyhedral,121,0.8805132972,2.389154144
504,polyhedral,122,-0.1559635832,0.9826018751
504,polyhedral,123,2.985803627,0.8530728636
504,polyhedral,124,-1.865326271,0.1219585603
504,polyhedral,125,2.443639282,0.272398818
504,polyhedral,126,1.166772509,0.6411216169
504,polyhedral,127,3.483447141,1.215264524
504,polyhedral,128,0.7082132176,1.671003637
504,polyhedral,129,2.950998493,1.474678361
504,polyhedral,130,-22.47884017,0.399641734
504,polyhedral,131,-1.519069379,1.034230352
504,polyhedral,132,2.615572926,2.059695731
504,polyhedral,133,-0.05563317678,0.5215206893
504,polyhedral,134,-0.07801751164,0.6887618588
504,polyhedral,135,3.18419047,1.628607451
504,polyhedral,136,-3.38977492,0.8726845944
504,polyhedral,137,-2.265384633,3.032224862
504,polyhedral,138,1.395893708,0.7530014673
504,polyhedral,139,2.233398781,0.8270284484
504,polyhedral,140,-1.920813096,0.2854045387
504,polyhedral,141,2.375343738,0.9103537502
504,polyhedral,142,1.91005571,0.8602075425
504,polyhedral,143,2.509146178,-0.1687344576
504,polyhedral,144,0.1203562448,0.4465429098
504,polyhedral,145,1.428606456,0.3761818639
504,polyhedral,146,-1.144406026,0.7770469209
504,polyhedral,147,2.264134999,1.081753827
504,polyhedral,148,4.100309212,1.857120114
504,polyhedral,149,-1.971221575,0.04557610982
504,polyhedral,150,1.976506239,0.9913968807
504,polyhedral,151,-0.9506758047,0.5469829983
504,polyhedral,152,1.805259243,0.5098020422
504,polyhedral,153,0.6604123604,0.8647762726
504,polyhedral,154,-12.37697595,1.60252891
504,polyhedral,155,0.5489736001,0.7134210615
504,polyhedral,156,2.01457251,0.8632754723
504,polyhedral,157,1.543977813,0.2627779272
504,polyhedral,158,-1.624569002,0.1234067608
504,polyhedral,159,0.9038725685,-0.2987172085
504,polyhedral,160,1.407990453,-0.1556201192
504,polyhedral,161,0.4780039515,-0.05472078499
504,polyhedral,162,1.15645668,-0.05749582561
504,polyhedral,163,3.278739771,2.174352925
504,polyhedral,164,-0.7628423128,0.4362965403
504,polyhedral,165,0.2986496929,0.4656649497
504,polyhedral,166,-7.857493725,-0.1463884281
504,polyhedral,167,0.08680656404,0.8820822665
504,polyhedral,168,0.4802546035,-0.06488527325
504,polyhedral,169,0.03705412526,0.3533890301
504,polyhedral,170,1.42095298,0.5476844629
504,polyhedral,171,1.322622812,0.02650276016
504,polyhedral,172,0.7492723655,0.4208508723
504,polyhedral,173,0.3044679758,0.3639178261
504,polyhedral,174,1.7074572,0.4000386829
504,polyhedral,175,-2.084394279,1.545673532
504,polyhedral,176,1.875516693,0.7030044281
504,polyhedral,177,0.002317752686,0.8092071941
504,polyhedral,178,0.244058776,0.5050956053
504,polyhedral,179,2.968961332,2.41156917
504,polyhedral,180,1.941391858,0.03934842886
504,polyhedral,181,1.081687089,1.029971586
504,polyhedral,182,0.1588506999,0.7214468628
504,polyhedral,183,-23.11930493,-0.2782460134
504,polyhedral,184,-0.07738075452,0.8478795634
504,polyhedral,185,-4.173644483,-0.008705200227
504,polyhedral,186,1.727578693,0.7821855351
504,polyhedral,187,0.7746467771,0.4088259065
504,polyhedral,188,1.752131428,0.5115419344
504,polyhedral,189,-4.038543841,0.1831393622
504,polyhedral,190,0.1363711088,1.174877263
504,polyhedral,191,2.409540199,0.4668266894
504,polyhedral,192,-14.60109928,0.9643256901
504,polyhedral,193,1.681261573,0.4733243004
504,polyhedral,194,1.586518581,0.1048111967
504,polyhedral,195,2.350666802,1.049164268
504,polyhedral,196,-10.83739266,1.72496405
504,polyhedral,197,0.04668029228,0.471001745
504,polyhedral,198,0.9493518274,1.326682021
504,polyhedral,199,1.269664128,1.02038553
504,polyhedral,200,1.150078859,-0.01639339054
504,polyhedral,201,1.365588392,-0.06806895226
504,polyhedral,202,-0.365552312,1.410981512
504,polyhedral,203,-0.5195580986,0.2668012766
504,polyhedral,204,-1.081275538,0.5671970117
504,polyhedral,205,1.189803537,1.196888415
504,polyhedral,206,2.836443121,0.8815327376
504,polyhedral,207,1.863946356,0.5146227137
504,polyhedral,208,0.5046212789,0.4516699204
504,polyhedral,209,1.364164632,0.07041252955
504,polyhedral,210,2.757776822,0.9627239817
504,polyhedral,211,2.030558894,0.2922550486
504,polyhedral,212,2.669927528,-0.1064199121
504,polyhedral,213,-22.87405843,0.06346066574
504,polyhedral,214,1.993580402,0.4644897182
504,polyhedral,215,1.635052942,0.1530216462
504,polyhedral,216,-1.126065774,1.500054127
504,polyhedral,217,1.547610884,0.02790626704
504,polyhedral,218,2.009490578,0.8842223042
504,polyhedral,219,1.920930516,2.374001314
504,polyhedral,220,1.322896359,0.3917164593
504,polyhedral,221,0.1745080208,-0.000206812589
504,polyhedral,222,0.2998996919,0.501750537
504,polyhedral,223,-1.93856015,0.3648979457
504,polyhedral,224,2.310784696,0.916426109
504,polyhedral,225,-0.2002238337,0.849436732
504,polyhedral,226,0.2426203226,0.6394920191
504,polyhedral,227,-2.925421747,0.246238972
504,polyhedral,228,2.731482247,0.6208180323
504,polyhedral,229,0.7242736411,0.7249684631
504,polyhedral,230,1.390255154,0.09010954176
504,polyhedral,231,-1.917125677,-0.05085913863
504,polyhedral,232,0.1204834189,-0.5689390428
504,polyhedral,233,1.0796722,0.1102302593
504,polyhedral,234,2.894317113,0.9191771754
504,polyhedral,235,0.95495301,0.04921435874
504,polyhedral,236,-3.163899502,-0.06181201058
504,polyhedral,237,1.781292505,-0.03425417307
504,polyhedral,238,2.290881242,0.6342509902
504,polyhedral,239,-15.15205307,0.214777565
504,polyhedral,240,-7.714932055,0.102756908
504,polyhedral,241,-0.4224558955,0.793608006
504,polyhedral,242,2.593300284,1.21371806
504,polyhedral,243,-1.508147332,1.261701386
504,polyhedral,244,-0.2298191141,0.1791535316
504,polyhedral,245,3.074970333,2.293397367
504,polyhedral,246,-18.40808353,-0.05855902347
504,polyhedral,247,-2.221329022,0.1115962043
504,polyhedral,248,0.4608231354,0.3833392536
504,polyhedral,249,0.1131079714,0.7095081877
504,polyhedral,250,-21.99702048,1.471261942
504,polyhedral,251,-0.1725243083,-0.06101856121
504,polyhedral,252,1.465006496,-0.01993048138
504,polyhedral,253,-16.45886408,0.8880581164
504,polyhedral,254,-0.1722600986,0.3260079687
504,polyhedral,255,1.268546497,0.7649942078
504,polyhedral,256,0.2134084049,0.02456940228
504,polyhedral,257,-2.780772672,0.7310448066
504,polyhedral,258,1.308095695,0.739470424
504,polyhedral,259,-0.9553535922,0.4421298399
504,polyhedral,260,0.5248573198,0.3515994164
504,polyhedral,261,-2.231978825,0.2473872901
504,polyhedral,262,2.445558817,0.6753905191
504,polyhedral,263,-4.695467301,-0.09481899453
504,polyhedral,264,1.239443667,1.319820741
504,polyhedral,265,0.2900815167,2.089180726
504,polyhedral,266,1.394239914,0.7343583267
504,polyhedral,267,2.704625374,0.6552394755
504,polyhedral,268,0.7016882318,0.6439614618
504,polyhedral,269,2.973339395,1.231352033
504,polyhedral,270,-3.090873012,0.217483571
504,polyhedral,271,-10.81876276,0.9822727741
504,polyhedral,272,-0.5795193023,0.5108224492
504,polyhedral,273,2.870982775,0.6818845736
504,polyhedral,274,0.6706470084,0.261157841
504,polyhedral,275,-3.743298644,0.8683788113
504,polyhedral,276,-6.257307298,0.03536118565
504,polyhedral,277,1.946496888,1.336250162
504,polyhedral,278,-1.45240385,0.711018494
504,polyhedral,279,0.7654196843,0.5953746602
504,polyhedral,280,-0.320134906,0.6604969133
504,polyhedral,281,1.535712404,-0.1673121417
504,polyhedral,282,-2.671856304,0.890467135
504,polyhedral,283,1.595525694,0.1865146943
504,polyhedral,284,0.6238217268,-0.1408953
504,polyhedral,285,-3.540739923,0.2702375788
504,polyhedral,286,2.207870286,1.281797591
504,polyhedral,287,-8.747961939,0.4577034559
504,polyhedral,288,-0.9541255092,-0.0362892067
504,polyhedral,289,1.922399123,-0.02085014063
504,polyhedral,290,2.653626187,0.2886791183
504,polyhedral,291,-0.1541274601,0.6182154649
504,polyhedral,292,0.02111451662,0.8192367073
504,polyhedral,293,-3.959499911,0.2862309148
504,polyhedral,294,2.877635354,1.401699026
504,polyhedral,295,0.9986637821,1.506750877
504,polyhedral,296,1.153052516,0.5860841972
504,polyhedral,297,0.007354513493,0.1506982167
504,polyhedral,298,1.134937786,0.5028659158
504,polyhedral,299,0.775044821,0.8046111515
504,polyhedral,300,-1.786713986,0.8923700772
504,polyhedral,301,1.418816885,0.1304905091
504,polyhedral,302,2.106787551,0.4769003152
504,polyhedral,303,2.255161216,0.425846514
504,polyhedral,304,1.574894365,1.032223436
504,polyhedral,305,1.357515905,1.136594433
504,polyhedral,306,2.736836344,0.7627674484
504,polyhedral,307,-8.203789113,0.7984891879
504,polyhedral,308,2.549749463,0.9025755394
504,polyhedral,309,2.553972064,1.526582147
504,polyhedral,310,1.249152027,0.8917252692
504,polyhedral,311,-10.30419694,-0.1473180304
504,polyhedral,312,-2.566264391,-0.1196985528
504,polyhedral,313,1.376875194,0.6563344309
504,polyhedral,314,-3.934112604,0.666041509
504,polyhedral,315,-4.425405007,1.098919588
504,polyhedral,316,-8.642903557,0.1988775144
504,polyhedral,317,2.012428515,-0.01793881051
504,polyhedral,318,-1.067256447,0.3050867651
504,polyhedral,319,1.670490319,0.08907685623
504,polyhedral,320,-0.06865664664,0.4415246706
504,polyhedral,321,-11.67419382,0.5311106614
504,polyhedral,322,0.9149442124,0.3684264424
504,polyhedral,323,2.084901632,1.904411039
504,polyhedral,324,-1.247483707,0.6940994178
504,polyhedral,325,-2.152265992,1.350010166
504,polyhedral,326,-3.00992948,0.08037661647
504,polyhedral,327,1.142019512,0.1479885885
504,polyhedral,328,-1.08781121,0.01562567117
504,polyhedral,329,-11.95809755,0.1706720419
504,polyhedral,330,1.915964986,0.1575402453
504,polyhedral,331,-0.5383264499,0.16443581
504,polyhedral,332,2.571172829,1.333901335
504,polyhedral,333,-0.1967652432,0.387425073
504,polyhedral,334,-4.703270481,0.8726216431
504,polyhedral,335,-16.70627934,0.08658027701
504,polyhedral,336,-22.54607085,0.3193649667
504,polyhedral,337,-1.433520705,0.7876482124
504,polyhedral,338,0.9450598645,0.00908809168
504,polyhedral,339,2.205600397,0.2676086931
504,polyhedral,340,2.412493369,0.8712391314
504,polyhedral,341,-7.407991578,-0.06429157908
504,polyhedral,342,1.259315108,0.02023154454
504,polyhedral,343,2.288074842,0.7591844774
504,polyhedral,344,2.564949439,1.792619785
504,polyhedral,345,2.686422828,1.654681598
504,polyhedral,346,-2.318493491,-0.01289486571
504,polyhedral,347,1.497256872,1.022517813
504,polyhedral,348,1.71275093,0.7543650592
504,polyhedral,349,-5.098168007,-0.1052233853
504,polyhedral,350,2.952729242,1.053431572
504,polyhedral,351,2.065122009,0.03473672883
504,polyhedral,352,-3.203905979,0.4185479493
504,polyhedral,353,4.235320185,2.398569873
504,polyhedral,354,3.812101699,1.667146423
504,polyhedral,355,2.218024221,0.3133602937
504,polyhedral,356,-1.767712945,0.3680729153
504,polyhedral,357,-3.674934831,0.88432716
504,polyhedral,358,1.428155714,-0.07706927411
504,polyhedral,359,0.8484176426,0.3500627745
504,polyhedral,360,1.706772112,0.4938838845
504,polyhedral,361,-2.692432778,0.4065082352
504,polyhedral,362,0.8977414463,-0.01896170805
504,polyhedral,363,-8.714130138,0.2911657683
504,polyhedral,364,1.679925636,0.2772710493
504,polyhedral,365,1.090098446,0.6139522532
504,polyhedral,366,2.547084541,1.290065218
504,polyhedral,367,1.598847952,0.7768525386
504,polyhedral,368,-22.93535465,0.543461387
504,polyhedral,369,-0.5995257035,1.520210681
504,polyhedral,370,2.542790107,0.5461320806
504,polyhedral,371,-1.757686584,0.8000222779
504,polyhedral,372,1.147059389,2.354705934
504,polyhedral,373,1.154000108,-0.3388340802
504,polyhedral,374,-0.6255403342,0.1775680679
504,polyhedral,375,1.929393857,0.7760017873
504,polyhedral,376,1.653706372,0.5981848116
504,polyhedral,377,1.255064127,0.4702379188
504,polyhedral,378,1.129970188,0.7381257423
504,polyhedral,379,1.633953045,1.084838097
504,polyhedral,380,1.604652222,-0.02256279088
504,polyhedral,381,4.547904836,3.764516695
504,polyhedral,382,1.783993871,-0.03827168093
504,polyhedral,383,0.6188842377,0.2536967263
504,polyhedral,384,-1.641266311,1.145244701
504,polyhedral,385,0.3729705062,1.03880998
504,polyhedral,386,1.37982276,0.5078804963
504,polyhedral,387,-21.70008862,0.8730551666
504,polyhedral,388,-7.603340867,0.9128712229
504,polyhedral,389,-1.729334711,0.305373095
504,polyhedral,390,1.502080591,0.4914302218
504,polyhedral,391,-1.480816924,0.4883581045
504,polyhedral,392,0.820343977,0.6611295229
504,polyhedral,393,-0.08851654982,1.429228389
504,polyhedral,394,1.208611948,0.6607943901
504,polyhedral,395,1.939662694,0.0201240441
504,polyhedral,396,-8.0149365,0.678373283
504,polyhedral,397,1.824375739,1.165764219
504,polyhedral,398,-0.4489142116,0.8313977758
504,polyhedral,399,2.844832991,0.655921428
504,polyhedral,400,-2.906665626,-0.150564089
504,polyhedral,401,-1.814662037,-0.01903577634
504,polyhedral,402,-1.50508938,-0.06478184408
504,polyhedral,403,-3.217251457,0.188767394
504,polyhedral,404,-1.40461581,0.1092245998
504,polyhedral,405,-7.067688813,-0.6292327063
504,polyhedral,406,-2.539789759,-0.1423688208
504,polyhedral,407,-0.6420847343,0.3866024756
504,polyhedral,408,1.193486988,-0.4008625174
504,polyhedral,409,-0.9918716674,1.247242066
504,polyhedral,410,0.754649621,0.2485378789
504,polyhedral,411,1.480094048,0.2352963004
504,polyhedral,412,0.6830819351,0.9886361602
504,polyhedral,413,-6.612354637,-0.1234664493
504,polyhedral,414,1.156126996,0.8496441329
504,polyhedral,415,0.8180885385,0.414941873
504,polyhedral,416,-1.261862218,0.7015508347
504,polyhedral,417,-14.03576653,0.8259599798
504,polyhedral,418,-0.5047672041,0.07828890056
504,polyhedral,419,-6.372829878,0.3046875439
504,polyhedral,420,1.189621126,0.6569038398
504,polyhedral,421,-21.83545612,0.9290155012
504,polyhedral,422,-0.6085839129,0.4474695999
504,polyhedral,423,1.316334794,0.00394594034
504,polyhedral,424,-0.7035094962,0.01128224082
504,polyhedral,425,0.9884438846,0.5978273457
504,polyhedral,426,-22.26924915,0.1313496256
504,polyhedral,427,-0.7167109567,0.3408884484
504,polyhedral,428,1.443316992,0.25549887
504,polyhedral,429,-0.1284149747,1.172280618
504,polyhedral,430,0.2118939811,0.6837273201
504,polyhedral,431,0.224798629,1.273916837
504,polyhedral,432,2.549350126,1.209098812
504,polyhedral,433,1.276083795,0.308356393
504,polyhedral,434,-2.925913869,0.8333174621
504,polyhedral,435,-6.369356484,0.1275601707
504,polyhedral,436,1.971458693,0.2109265606
504,polyhedral,437,0.2081140928,0.3073055802
504,polyhedral,438,2.355161613,0.6494081143
504,polyhedral,439,1.328917329,0.02128320377
504,polyhedral,440,-1.620094987,0.9100098672
504,polyhedral,441,1.707502212,0.4337378061
504,polyhedral,442,-0.735157769,-1.147025031
504,polyhedral,443,2.384163452,0.8498458637
504,polyhedral,444,-10.77577171,0.4010590414
504,polyhedral,445,-22.40727804,0.5659331287
504,polyhedral,446,1.284273088,0.4437517622
504,polyhedral,447,-2.447839751,-0.007593599057
504,polyhedral,448,-5.354862286,0.8296214639
504,polyhedral,449,-5.096926934,-0.01674721084
504,polyhedral,450,2.506229653,0.355283973
504,polyhedral,451,0.9422524719,1.765456751
504,polyhedral,452,-4.866770829,0.7391478746
504,polyhedral,453,-5.93768938,1.190281718
504,polyhedral,454,-6.503685647,-0.1656054057
504,polyhedral,455,2.281440379,1.568293299
504,polyhedral,456,1.537252752,-0.02754226651
504,polyhedral,457,0.8372879092,0.4983209052
504,polyhedral,458,0.882886756,0.1178991566
504,polyhedral,459,-0.1134994455,0.2701851162
504,polyhedral,460,-0.4509311684,-0.01984443694
504,polyhedral,461,-20.29889493,0.2998843146
504,polyhedral,462,1.962215134,0.2743416831
504,polyhedral,463,0.3406177476,0.6028302213
504,polyhedral,464,2.903877492,1.130940608
504,polyhedral,465,1.742705485,0.2495595978
504,polyhedral,466,-22.77811832,-0.02650289265
504,polyhedral,467,1.190815738,0.01908117178
504,polyhedral,468,-1.686249923,0.5353702817
504,polyhedral,469,1.365054345,0.06170201168
504,polyhedral,470,1.652250735,0.3413606927
504,polyhedral,471,-0.6915303971,0.1377130366
504,polyhedral,472,1.521823066,1.764110778
504,polyhedral,473,2.502127522,1.55205089
504,polyhedral,474,1.660464816,0.8157458253
504,polyhedral,475,-2.247207494,0.1102702703
504,polyhedral,476,1.53425407,0.3964668015
504,polyhedral,477,0.600029997,0.5530875305
504,polyhedral,478,1.111193494,0.2520643704
504,polyhedral,479,-23.140404,0.2874990449
504,polyhedral,480,1.886896578,1.230636612
504,polyhedral,481,1.377661171,0.56553756
504,polyhedral,482,1.195553158,0.8235865469
504,polyhedral,483,-0.116599544,0.6474126859
504,polyhedral,484,1.639777115,0.5878799073
504,polyhedral,485,-0.2417071547,1.319552229
504,polyhedral,486,1.787800449,1.587708455
504,polyhedral,487,0.8289425117,0.5453873104
504,polyhedral,488,0.4628746224,0.4052728583
504,polyhedral,489,-2.196761206,0.02640414348
504,polyhedral,490,-0.06638676216,0.4081159842
504,polyhedral,491,-3.645081954,0.7344347618
504,polyhedral,492,-0.3143596456,1.6105466
504,polyhedral,493,2.8319499,0.6995801836
504,polyhedral,494,-3.74062958,0.6303887769
504,polyhedral,495,0.4678918909,0.21165268
504,polyhedral,496,1.688208388,1.136176471
504,polyhedral,497,-5.631229233,0.5888844539
504,polyhedral,498,1.218616458,0.5313938373
504,polyhedral,499,0.4733237041,0.9153890487
504,polyhedral,500,-1.805655302,0.6612945544
1008,naive,1,2.84863089,1.493714619
1008,naive,2,1.405099793,0.8236504089
1008,naive,3,1.084073662,0.4003378027
1008,naive,4,0.9940138173,0.3005011962
1008,naive,5,1.275949231,-0.02534540735
1008,naive,6,1.720576532,1.014137194
1008,naive,7,3.146054462,1.474003778
1008,naive,8,1.79932968,0.5892465899
1008,naive,9,1.360776342,0.1028614125
1008,naive,10,1.832885083,0.8310252367
1008,naive,11,2.853457032,1.89941342
1008,naive,12,3.329760483,1.85930652
1008,naive,13,1.51977999,0.9769611769
1008,naive,14,2.95994539,2.046021042
1008,naive,15,2.075140135,0.6801591253
1008,naive,16,2.541681302,1.362904909
1008,naive,17,1.204009718,0.2153952034
1008,naive,18,0.9621237456,0.006129724559
1008,naive,19,2.145850577,1.706985005
1008,naive,20,1.609767932,0.4206444428
1008,naive,21,0.7920578839,0.00768634028
1008,naive,22,2.968238484,1.145988648
1008,naive,23,0.959466378,0.08380321015
1008,naive,24,0.9718861762,0.44609744
1008,naive,25,2.415618304,0.6165338131
1008,naive,26,2.195146909,0.7086942217
1008,naive,27,1.675703868,0.8628153329
1008,naive,28,1.30731414,0.32863253
1008,naive,29,1.67464479,0.4785535671
1008,naive,30,2.050870583,0.8124531932
1008,naive,31,1.389445566,0.04750735244
1008,naive,32,2.048486363,0.7380089342
1008,naive,33,0.8542158756,-0.09049534284
1008,naive,34,2.200522495,0.7362798778
1008,naive,35,1.120000022,0.9109040747
1008,naive,36,1.598502751,0.1940787756
1008,naive,37,1.699216803,0.6657362855
1008,naive,38,1.270817231,0.4703260287
1008,naive,39,2.167741664,0.4454093522
1008,naive,40,1.214786644,0.4826840243
1008,naive,41,1.677970629,1.140656311
1008,naive,42,0.8916403096,0.09295977737
1008,naive,43,1.746983433,1.750428295
1008,naive,44,1.716053947,1.159465534
1008,naive,45,1.696913478,0.7046332686
1008,naive,46,2.424414769,1.784191912
1008,naive,47,1.912733885,1.38343495
1008,naive,48,0.3983567844,0.1584040626
1008,naive,49,0.9220708792,-0.4478261191
1008,naive,50,0.8668296381,-0.04796992064
1008,naive,51,2.094532105,1.091371392
1008,naive,52,1.616009754,1.323706221
1008,naive,53,1.225415957,-0.1102486655
1008,naive,54,1.191711691,0.6502986302
1008,naive,55,2.014093064,0.8381667224
1008,naive,56,1.663216769,0.677537583
1008,naive,57,1.096494772,0.3850356719
1008,naive,58,2.279748039,1.450268862
1008,naive,59,1.903337489,0.9650571744
1008,naive,60,1.758781609,0.3508152156
1008,naive,61,1.962764602,0.8874770938
1008,naive,62,0.9123373013,0.3387865155
1008,naive,63,1.412434177,0.09228879718
1008,naive,64,2.148296701,0.8301394355
1008,naive,65,1.667692551,0.1260656951
1008,naive,66,2.334028923,0.6511437771
1008,naive,67,1.226228172,0.1289601068
1008,naive,68,1.86095317,0.7959937722
1008,naive,69,0.8118078078,0.1837864394
1008,naive,70,0.8257903074,0.08763883514
1008,naive,71,1.669640252,0.1627527574
1008,naive,72,1.619753465,0.2880602044
1008,naive,73,1.227333438,0.6321693864
1008,naive,74,1.732976379,0.1851755638
1008,naive,75,1.340980345,0.1137630648
1008,naive,76,1.566836154,0.03861481037
1008,naive,77,1.058139161,0.1727040321
1008,naive,78,1.482176438,-0.08838850436
1008,naive,79,1.150491293,0.05351045246
1008,naive,80,2.603748106,1.105435373
1008,naive,81,1.813731101,0.7530237483
1008,naive,82,0.7836636123,-0.2968305528
1008,naive,83,2.237317067,0.8710949674
1008,naive,84,1.591653501,0.1613795524
1008,naive,85,1.983963701,0.5259262575
1008,naive,86,1.372004313,0.2075447812
1008,naive,87,1.98761735,0.5804693492
1008,naive,88,3.243145941,2.105889093
1008,naive,89,2.073768631,0.7667188855
1008,naive,90,1.49599642,0.2106754838
1008,naive,91,1.656253629,0.3264722504
1008,naive,92,3.186625796,2.541100962
1008,naive,93,1.291641482,0.4525069652
1008,naive,94,1.450256645,0.4196741515
1008,naive,95,1.814413691,1.432323485
1008,naive,96,0.698506748,0.6464603944
1008,naive,97,1.158034495,0.873292242
1008,naive,98,1.401299819,0.701919176
1008,naive,99,1.508404083,0.8615741105
1008,naive,100,3.43393728,3.377951683
1008,naive,101,0.9749251105,0.04178514145
1008,naive,102,1.536153276,0.9252777166
1008,naive,103,1.145366152,0.3316120688
1008,naive,104,2.53594643,0.9624124646
1008,naive,105,2.024785034,1.141137181
1008,naive,106,2.385852941,0.9236441785
1008,naive,107,0.6987696145,-0.04321552151
1008,naive,108,1.314820184,-0.03480877935
1008,naive,109,1.385391192,0.05814534787
1008,naive,110,1.972262679,0.9088801569
1008,naive,111,2.164123098,1.049893736
1008,naive,112,1.445511728,0.3193397302
1008,naive,113,2.204778919,1.537471688
1008,naive,114,1.388426356,0.9785274385
1008,naive,115,0.7889651585,0.07420369338
1008,naive,116,3.090888674,1.372457156
1008,naive,117,0.7249974284,-0.01757304619
1008,naive,118,3.22930319,2.854682937
1008,naive,119,1.563039911,0.4443159885
1008,naive,120,0.9326648414,0.6848026115
1008,naive,121,1.974228905,0.3543443778
1008,naive,122,2.072330132,1.474758714
1008,naive,123,2.574429964,0.995502029
1008,naive,124,0.9020978106,0.1524188972
1008,naive,125,1.384432718,0.26481956
1008,naive,126,1.449597289,0.3419499252
1008,naive,127,-0.07831634681,-1.206853134
1008,naive,128,1.432242452,0.7017551871
1008,naive,129,2.38399597,1.384383549
1008,naive,130,2.273729186,0.7027574612
1008,naive,131,1.855829575,0.6599605646
1008,naive,132,2.637769194,0.9777010224
1008,naive,133,1.953849465,1.456559976
1008,naive,134,2.899915793,1.943007976
1008,naive,135,0.6884032663,-0.1183778338
1008,naive,136,2.4801529,1.485788678
1008,naive,137,2.010777196,1.44482489
1008,naive,138,1.880822298,0.4253094515
1008,naive,139,1.588436376,0.1555845492
1008,naive,140,2.458489077,1.418136621
1008,naive,141,2.781265758,2.639651609
1008,naive,142,1.646696698,0.9150328827
1008,naive,143,2.195770923,0.7913161085
1008,naive,144,2.628266729,1.486232718
1008,naive,145,1.098034341,0.3058488966
1008,naive,146,1.841780353,0.8424277747
1008,naive,147,1.812044837,0.7078533648
1008,naive,148,1.232940596,0.2254413934
1008,naive,149,1.42668605,0.3449941243
1008,naive,150,2.252143399,0.6736727836
1008,naive,151,1.239326313,0.2314797585
1008,naive,152,3.027619668,2.29907765
1008,naive,153,1.569697639,0.1615450937
1008,naive,154,1.840890886,1.395713358
1008,naive,155,1.597352859,0.05383103615
1008,naive,156,3.889643771,3.352086664
1008,naive,157,1.82435723,0.4143263565
1008,naive,158,1.086707191,0.4256106452
1008,naive,159,1.084320883,0.7413917056
1008,naive,160,1.980406311,0.3474778894
1008,naive,161,1.598529398,0.5153388465
1008,naive,162,0.9387285643,0.2362955306
1008,naive,163,1.005781012,0.208031668
1008,naive,164,1.804982937,1.015078051
1008,naive,165,1.417700218,0.5353395162
1008,naive,166,1.400373465,-0.03237551823
1008,naive,167,1.656188874,0.4895651788
1008,naive,168,1.126879262,0.2360993626
1008,naive,169,1.339319924,0.51265822
1008,naive,170,1.962057955,0.7908764072
1008,naive,171,3.355733205,2.25712727
1008,naive,172,0.9908337074,-0.1766936195
1008,naive,173,1.510604751,0.4213647826
1008,naive,174,0.9101652867,-0.02953594319
1008,naive,175,1.624240542,0.6313173571
1008,naive,176,1.987043661,0.9562193224
1008,naive,177,1.187040479,-0.0555192257
1008,naive,178,2.494558857,1.477537644
1008,naive,179,1.583043143,0.2006070175
1008,naive,180,1.703962503,0.7703531665
1008,naive,181,1.933120818,0.6792389195
1008,naive,182,1.158973686,0.9573508026
1008,naive,183,1.447092334,0.2626043553
1008,naive,184,1.378867043,0.0406139464
1008,naive,185,2.53579097,0.730824061
1008,naive,186,1.405146599,-0.03785321708
1008,naive,187,2.821551818,1.283965954
1008,naive,188,1.300332621,0.9410473866
1008,naive,189,1.961607278,0.8055786119
1008,naive,190,1.942916349,0.6847887106
1008,naive,191,0.9499515368,-0.4144971859
1008,naive,192,1.01531019,0.5098644124
1008,naive,193,1.716266476,0.1563775815
1008,naive,194,2.990043808,2.179153026
1008,naive,195,2.090385102,0.7075795061
1008,naive,196,1.718241128,0.3121456002
1008,naive,197,0.9080684211,-0.141652655
1008,naive,198,1.01036466,0.17292752
1008,naive,199,1.351844711,0.3028789293
1008,naive,200,2.356494719,1.114933209
1008,naive,201,1.468123239,1.040744157
1008,naive,202,1.254589955,0.4102175885
1008,naive,203,1.692977837,0.3255060358
1008,naive,204,2.160295976,0.719344806
1008,naive,205,3.032746024,2.064100837
1008,naive,206,1.412333558,0.3986395734
1008,naive,207,2.093853538,1.426224019
1008,naive,208,1.450332944,0.4318574612
1008,naive,209,1.710587427,0.1516548679
1008,naive,210,1.325445886,-0.03659221426
1008,naive,211,1.718889795,1.667378896
1008,naive,212,1.803552458,0.5249958192
1008,naive,213,2.080783242,1.112217138
1008,naive,214,1.897063107,0.7473909335
1008,naive,215,1.395615028,0.115280733
1008,naive,216,1.618026676,0.3280710451
1008,naive,217,1.658750178,0.7539452247
1008,naive,218,1.337089248,0.2518667084
1008,naive,219,1.283121671,0.09046212131
1008,naive,220,1.27270472,0.6070922295
1008,naive,221,2.275859523,0.7846939377
1008,naive,222,0.9766562136,0.2134869868
1008,naive,223,0.8176070044,0.1383917465
1008,naive,224,1.88056362,0.9341945165
1008,naive,225,1.525839596,-0.1323653946
1008,naive,226,2.117643297,1.463229066
1008,naive,227,1.893034514,0.7092943896
1008,naive,228,1.373697039,0.556448325
1008,naive,229,2.189672049,0.8052629217
1008,naive,230,1.548593798,0.236726327
1008,naive,231,0.6618758584,0.01509205363
1008,naive,232,0.894459117,-0.03081145151
1008,naive,233,2.183322933,1.15338117
1008,naive,234,1.152106419,0.2435415395
1008,naive,235,1.347270405,0.1030298294
1008,naive,236,0.6867092461,0.1698096567
1008,naive,237,1.609986479,0.8559977821
1008,naive,238,1.595207601,0.1874848664
1008,naive,239,3.162240591,2.502445805
1008,naive,240,1.951017404,0.7272065437
1008,naive,241,2.007338766,0.8372147694
1008,naive,242,1.810539643,0.03210769731
1008,naive,243,1.738826236,0.67890715
1008,naive,244,2.056107816,0.8836374822
1008,naive,245,1.095470604,0.5680744697
1008,naive,246,1.574608527,1.034686035
1008,naive,247,1.839867162,0.909740927
1008,naive,248,1.456878079,0.7428936521
1008,naive,249,1.898555773,0.9091531531
1008,naive,250,0.8263628541,0.376868413
1008,naive,251,0.971749558,0.08862184622
1008,naive,252,1.332956454,0.3057812748
1008,naive,253,1.86560572,0.7393196783
1008,naive,254,2.494292249,1.777536718
1008,naive,255,2.095177452,1.580631347
1008,naive,256,1.187582093,0.3697231782
1008,naive,257,1.387759568,0.7938818252
1008,naive,258,2.415446303,1.37502443
1008,naive,259,1.266373507,0.1567371122
1008,naive,260,2.382101325,0.9647731475
1008,naive,261,1.814866386,0.5665011916
1008,naive,262,0.8175482056,0.8428424743
1008,naive,263,1.36588722,0.1076190444
1008,naive,264,2.747980341,1.467514988
1008,naive,265,2.049455748,0.9325947557
1008,naive,266,1.353571845,0.5829310903
1008,naive,267,3.11185125,1.448085315
1008,naive,268,0.7050215203,0.09392234489
1008,naive,269,1.147529427,0.147553646
1008,naive,270,1.246389029,0.3715619253
1008,naive,271,0.9779622486,0.293474475
1008,naive,272,2.030428705,0.501659353
1008,naive,273,1.274059653,0.9680624595
1008,naive,274,1.145783302,0.6908236881
1008,naive,275,2.08562915,0.6833525617
1008,naive,276,1.894753569,0.1399346812
1008,naive,277,0.8831866486,0.5003928629
1008,naive,278,1.570316565,-0.07238182601
1008,naive,279,1.893384535,0.4131086615
1008,naive,280,1.96985534,0.8104427277
1008,naive,281,2.321394509,1.454863378
1008,naive,282,1.728685467,1.237324885
1008,naive,283,1.912376266,0.2044669134
1008,naive,284,2.45716106,1.100501465
1008,naive,285,0.9006694462,0.2217024826
1008,naive,286,1.536115131,-0.02211073533
1008,naive,287,1.43956624,0.0001790948374
1008,naive,288,2.026548672,0.9195021599
1008,naive,289,0.9030007694,0.5398114854
1008,naive,290,0.8799885153,-0.2665084037
1008,naive,291,1.821608627,0.4485894517
1008,naive,292,2.101722341,0.4435133248
1008,naive,293,2.725193696,2.504525421
1008,naive,294,1.649331676,0.1388734897
1008,naive,295,1.307008013,0.4712575609
1008,naive,296,2.314015824,1.340235091
1008,naive,297,1.226702872,0.9846718992
1008,naive,298,2.178387747,0.9376084054
1008,naive,299,2.308935219,1.253549284
1008,naive,300,1.531782924,0.497202704
1008,naive,301,1.376639386,0.7260648169
1008,naive,302,2.492309365,0.8452311032
1008,naive,303,2.241209096,1.17451196
1008,naive,304,1.78702056,0.5758425007
1008,naive,305,0.9040267682,0.4355302566
1008,naive,306,1.421692187,0.4727982667
1008,naive,307,2.708636712,1.565200602
1008,naive,308,0.6558530636,0.1515015508
1008,naive,309,1.626487293,0.3748276597
1008,naive,310,2.026355188,0.5369873771
1008,naive,311,2.395336587,1.038322512
1008,naive,312,1.023149098,0.03874535555
1008,naive,313,2.104088635,0.8986223372
1008,naive,314,1.643401138,-0.03340112
1008,naive,315,1.955429886,0.4870451084
1008,naive,316,1.572955702,0.4598296807
1008,naive,317,0.7975727768,0.2572904849
1008,naive,318,1.00525738,0.5691580014
1008,naive,319,1.963070348,0.843940761
1008,naive,320,2.788832341,1.514391121
1008,naive,321,1.733544485,1.069110198
1008,naive,322,1.73346476,0.2506459771
1008,naive,323,1.676166098,1.337825429
1008,naive,324,2.356190039,0.9804653149
1008,naive,325,1.510616327,0.3266620309
1008,naive,326,2.147054857,0.9798575023
1008,naive,327,1.752132392,0.8567311964
1008,naive,328,1.16541595,0.8662040749
1008,naive,329,1.636919083,0.828202673
1008,naive,330,1.016616668,0.1704476121
1008,naive,331,0.7703469959,0.3999122162
1008,naive,332,2.410505214,0.906961891
1008,naive,333,2.125571971,-0.07921308868
1008,naive,334,1.800984853,1.154610722
1008,naive,335,3.125263395,1.99394585
1008,naive,336,1.766558198,0.1184817452
1008,naive,337,2.405452203,1.479229999
1008,naive,338,1.838520131,0.2407294115
1008,naive,339,0.7456888986,0.3047885155
1008,naive,340,2.661009016,2.5025561
1008,naive,341,1.499265177,1.017651569
1008,naive,342,1.877167895,0.4305351676
1008,naive,343,0.9585231717,-0.1903163861
1008,naive,344,0.7348009592,0.3523781737
1008,naive,345,2.014146116,1.150705803
1008,naive,346,1.13697649,0.3276295544
1008,naive,347,2.359400047,0.8031057937
1008,naive,348,1.46559131,0.717984013
1008,naive,349,1.246605848,0.09111153486
1008,naive,350,1.395689856,0.2772278468
1008,naive,351,1.431715316,0.02663224696
1008,naive,352,1.744905434,0.6057476254
1008,naive,353,0.4684380489,0.2238922668
1008,naive,354,1.451532266,0.2943414369
1008,naive,355,1.887105857,0.6942856957
1008,naive,356,1.278337151,0.7141756398
1008,naive,357,0.2948170897,0.3894504647
1008,naive,358,1.514059125,1.218634161
1008,naive,359,2.251501274,0.7491450362
1008,naive,360,1.865225433,0.9394227
1008,naive,361,1.411092563,0.684895761
1008,naive,362,2.496836904,0.9466098172
1008,naive,363,2.111698553,1.289373346
1008,naive,364,1.678075707,-0.09122553951
1008,naive,365,1.008517546,0.005203937257
1008,naive,366,1.074132901,0.01255935777
1008,naive,367,2.401153672,1.296894689
1008,naive,368,0.8725595576,0.05750508359
1008,naive,369,1.597007574,1.018137349
1008,naive,370,2.180775688,1.243066199
1008,naive,371,2.360877398,0.42939568
1008,naive,372,1.383314612,0.6594885318
1008,naive,373,2.44980057,0.7328023124
1008,naive,374,1.134815118,0.6038795624
1008,naive,375,2.469211859,2.20255145
1008,naive,376,1.641139511,0.2321531215
1008,naive,377,1.141068273,1.139827191
1008,naive,378,1.853576225,0.8080815239
1008,naive,379,2.606162883,0.6358270957
1008,naive,380,1.453252615,0.6224271357
1008,naive,381,0.6791136361,0.00941691406
1008,naive,382,1.618529818,1.260327483
1008,naive,383,1.904099244,0.9945375564
1008,naive,384,1.331526875,0.4088394729
1008,naive,385,2.881641978,1.548531158
1008,naive,386,1.764992081,0.5547230822
1008,naive,387,2.636153158,1.942121335
1008,naive,388,1.84967903,0.8494077363
1008,naive,389,1.125140639,-0.1372611399
1008,naive,390,2.215908063,0.5347912223
1008,naive,391,3.546339797,3.206750293
1008,naive,392,1.969655609,1.352247764
1008,naive,393,1.387886108,0.5331105645
1008,naive,394,1.273233937,1.369495475
1008,naive,395,1.664309336,1.018136252
1008,naive,396,1.486258321,0.7369061286
1008,naive,397,1.784230412,-0.007287180773
1008,naive,398,0.7053724593,-0.04202318432
1008,naive,399,1.005288521,-0.2584302981
1008,naive,400,2.563780815,1.217649646
1008,naive,401,1.182638659,0.9956537888
1008,naive,402,1.239730004,0.009658425853
1008,naive,403,1.799012196,0.1506519963
1008,naive,404,1.184948391,0.59787811
1008,naive,405,1.115861461,0.9292662455
1008,naive,406,2.323817392,0.9117247427
1008,naive,407,1.663745798,-0.004336306154
1008,naive,408,2.115866314,0.02877198519
1008,naive,409,3.124555603,1.812058749
1008,naive,410,1.602454166,0.4135343322
1008,naive,411,1.188706185,0.3709255603
1008,naive,412,0.2113778553,0.1896488862
1008,naive,413,1.834163417,0.7245421353
1008,naive,414,1.529272015,0.08566253486
1008,naive,415,1.217035474,0.3552443146
1008,naive,416,1.790364195,1.319753681
1008,naive,417,1.601213926,-0.08159844015
1008,naive,418,1.290249927,-0.01171663575
1008,naive,419,1.371138538,0.9911775861
1008,naive,420,0.9115467676,-0.08606099106
1008,naive,421,1.763219201,0.3569684667
1008,naive,422,2.162802698,0.7199222179
1008,naive,423,1.57431032,0.09255700679
1008,naive,424,0.8631815715,0.2262908257
1008,naive,425,2.514651941,1.366766363
1008,naive,426,1.208880006,0.8705792058
1008,naive,427,1.736009102,0.8235909464
1008,naive,428,1.313755618,0.7779536325
1008,naive,429,1.966358393,1.08656355
1008,naive,430,2.512609538,0.9934941651
1008,naive,431,1.952976406,1.460244199
1008,naive,432,1.280371656,0.8291025496
1008,naive,433,1.631293217,-0.05415572093
1008,naive,434,1.479551758,-0.01865129413
1008,naive,435,1.069911727,0.01438620988
1008,naive,436,1.782046191,0.5618063072
1008,naive,437,1.874193884,0.6334180209
1008,naive,438,2.569243537,2.73518662
1008,naive,439,2.231608913,1.16245476
1008,naive,440,0.6227259582,-0.110821973
1008,naive,441,1.899116583,1.930975361
1008,naive,442,0.9149244771,0.2645731285
1008,naive,443,2.026595685,1.577696664
1008,naive,444,2.119982645,1.161614117
1008,naive,445,2.558433418,1.337255607
1008,naive,446,1.790763439,0.2547017411
1008,naive,447,1.823067709,0.9090816502
1008,naive,448,1.016399861,-0.3403644546
1008,naive,449,0.5200752927,0.009124530436
1008,naive,450,1.581645976,0.1024468586
1008,naive,451,1.405065036,1.332996791
1008,naive,452,2.318171479,0.958928241
1008,naive,453,2.153189702,1.158052216
1008,naive,454,2.477647533,0.4857458795
1008,naive,455,1.360083201,0.320889839
1008,naive,456,2.069722057,0.9026480912
1008,naive,457,1.015732561,0.05884492271
1008,naive,458,1.506927183,-0.09093617425
1008,naive,459,1.48301093,0.1580385826
1008,naive,460,1.036119791,0.7623231784
1008,naive,461,1.272638988,0.2779308296
1008,naive,462,1.133019939,0.5514674622
1008,naive,463,1.968407433,0.8813198326
1008,naive,464,1.528860792,0.4668673127
1008,naive,465,1.440771078,-0.3539747467
1008,naive,466,1.574758107,1.011733957
1008,naive,467,2.360922755,0.6033677882
1008,naive,468,2.686544648,1.38995959
1008,naive,469,2.784029831,2.225580077
1008,naive,470,1.142242149,0.2725596313
1008,naive,471,1.758447892,0.4486774481
1008,naive,472,2.3471797,1.113521064
1008,naive,473,1.870698882,0.5575819883
1008,naive,474,1.555797984,0.06487481864
1008,naive,475,1.670688097,0.3391593034
1008,naive,476,1.843569989,0.6161375301
1008,naive,477,0.3649461387,-0.5047533898
1008,naive,478,1.332262042,0.0428951645
1008,naive,479,1.281828084,0.5778360532
1008,naive,480,0.8588650148,-0.1230838858
1008,naive,481,2.042770889,0.7949599417
1008,naive,482,1.885326113,0.4629869661
1008,naive,483,1.090742972,-0.01678570522
1008,naive,484,1.761819551,0.4277118674
1008,naive,485,3.217989435,2.950518948
1008,naive,486,2.037433552,1.012917176
1008,naive,487,2.995461788,2.154369786
1008,naive,488,1.879714421,-0.1266339828
1008,naive,489,2.146009428,0.9653400783
1008,naive,490,0.9046739203,0.1651809744
1008,naive,491,1.506993119,-0.01743426327
1008,naive,492,1.373334661,0.07896392647
1008,naive,493,1.82193941,0.8932785472
1008,naive,494,1.662364317,0.7423411295
1008,naive,495,1.394147385,0.8470048304
1008,naive,496,1.504710747,1.062210404
1008,naive,497,1.426664103,0.3461380934
1008,naive,498,1.806532256,0.03030468628
1008,naive,499,0.9301077441,0.1383120311
1008,naive,500,2.565678659,2.309880924
1008,expected_max,1,1.811934736,1.493714619
1008,expected_max,2,0.6178006425,0.8236504089
1008,expected_max,3,-0.1812277843,0.4003378027
1008,expected_max,4,-0.04268233669,0.3005011962
1008,expected_max,5,0.01064778477,-0.02534540735
1008,expected_max,6,0.6838803778,1.014137194
1008,expected_max,7,1.518493705,1.474003778
1008,expected_max,8,0.1717689231,0.5892465899
1008,expected_max,9,0.09547489577,0.1028614125
1008,expected_max,10,0.5675836365,0.8310252367
1008,expected_max,11,1.225896275,1.89941342
1008,expected_max,12,1.88200973,1.85930652
1008,expected_max,13,0.7324808397,0.9769611769
1008,expected_max,14,1.332384633,2.046021042
1008,expected_max,15,0.6273893817,0.6801591253
1008,expected_max,16,1.276379855,1.362904909
1008,expected_max,17,0.4167105674,0.2153952034
1008,expected_max,18,-0.0745724084,0.006129724559
1008,expected_max,19,0.5182898202,1.706985005
1008,expected_max,20,0.162017179,0.4206444428
1008,expected_max,21,-0.2446382701,0.00768634028
1008,expected_max,22,1.520487731,1.145988648
1008,expected_max,23,0.1721672273,0.08380321015
1008,expected_max,24,0.1845870255,0.44609744
1008,expected_max,25,0.7880575472,0.6165338131
1008,expected_max,26,0.9298454627,0.7086942217
1008,expected_max,27,0.6390077137,0.8628153329
1008,expected_max,28,0.5200149897,0.32863253
1008,expected_max,29,0.4093433436,0.4785535671
1008,expected_max,30,0.7855691365,0.8124531932
1008,expected_max,31,-0.05830518688,0.04750735244
1008,expected_max,32,0.6007356098,0.7380089342
1008,expected_max,33,0.06691672495,-0.09049534284
1008,expected_max,34,0.7527717425,0.7362798778
1008,expected_max,35,0.3327008715,0.9109040747
1008,expected_max,36,-0.02905800626,0.1940787756
1008,expected_max,37,0.2514660505,0.6657362855
1008,expected_max,38,0.2341210772,0.4703260287
1008,expected_max,39,0.5401809073,0.4454093522
1008,expected_max,40,0.1780904896,0.4826840243
1008,expected_max,41,0.412669182,1.140656311
1008,expected_max,42,0.1043411589,0.09295977737
1008,expected_max,43,0.7102872787,1.750428295
1008,expected_max,44,0.6793577931,1.159465534
1008,expected_max,45,0.6602173238,0.7046332686
1008,expected_max,46,1.159113322,1.784191912
1008,expected_max,47,0.647432438,1.38343495
1008,expected_max,48,-0.3889423663,0.1584040626
1008,expected_max,49,0.1347717286,-0.4478261191
1008,expected_max,50,0.07953048741,-0.04796992064
1008,expected_max,51,0.829230658,1.091371392
1008,expected_max,52,0.5793136005,1.323706221
1008,expected_max,53,-0.03988548943,-0.1102486655
1008,expected_max,54,0.4044125402,0.6502986302
1008,expected_max,55,0.5663423106,0.8381667224
1008,expected_max,56,0.6265206154,0.677537583
1008,expected_max,57,0.05979861774,0.3850356719
1008,expected_max,58,1.014446592,1.450268862
1008,expected_max,59,0.2757767322,0.9650571744
1008,expected_max,60,0.7220854548,0.3508152156
1008,expected_max,61,0.6974631554,0.8874770938
1008,expected_max,62,-0.1243588527,0.3387865155
1008,expected_max,63,-0.03531657587,0.09228879718
1008,expected_max,64,0.7005459477,0.8301394355
1008,expected_max,65,0.04013179402,0.1260656951
1008,expected_max,66,0.7064681664,0.6511437771
1008,expected_max,67,0.1895320179,0.1289601068
1008,expected_max,68,0.5956517239,0.7959937722
1008,expected_max,69,0.02450865716,0.1837864394
1008,expected_max,70,0.03849115674,0.08763883514
1008,expected_max,71,0.04207949526,0.1627527574
1008,expected_max,72,0.3544520185,0.2880602044
1008,expected_max,73,0.4400342875,0.6321693864
1008,expected_max,74,0.105415622,0.1851755638
1008,expected_max,75,0.5536811942,0.1137630648
1008,expected_max,76,-0.06072460307,0.03861481037
1008,expected_max,77,0.2708400106,0.1727040321
1008,expected_max,78,0.03442568498,-0.08838850436
1008,expected_max,79,0.3631921424,0.05351045246
1008,expected_max,80,0.9761873491,1.105435373
1008,expected_max,81,0.548429654,0.7530237483
1008,expected_max,82,-0.003635538329,-0.2968305528
1008,expected_max,83,0.6097563098,0.8710949674
1008,expected_max,84,0.1439027482,0.1613795524
1008,expected_max,85,0.5362129485,0.5259262575
1008,expected_max,86,-0.07574643946,0.2075447812
1008,expected_max,87,0.5398665967,0.5804693492
1008,expected_max,88,1.795395188,2.105889093
1008,expected_max,89,0.6260178786,0.7667188855
1008,expected_max,90,0.4593002665,0.2106754838
1008,expected_max,91,0.02869287176,0.3264722504
1008,expected_max,92,1.738875043,2.541100962
1008,expected_max,93,0.5043423314,0.4525069652
1008,expected_max,94,0.4135604913,0.4196741515
1008,expected_max,95,0.5491122448,1.432323485
1008,expected_max,96,-0.08879240266,0.6464603944
1008,expected_max,97,0.3707353439,0.873292242
1008,expected_max,98,0.3646036647,0.701919176
1008,expected_max,99,0.7211049319,0.8615741105
1008,expected_max,100,1.986186527,3.377951683
1008,expected_max,101,0.1876259598,0.04178514145
1008,expected_max,102,0.748854125,0.9252777166
1008,expected_max,103,0.1086699984,0.3316120688
1008,expected_max,104,0.9083856735,0.9624124646
1008,expected_max,105,0.7594835874,1.141137181
1008,expected_max,106,0.7582921844,0.9236441785
1008,expected_max,107,-0.08852953622,-0.04321552151
1008,expected_max,108,0.04951873697,-0.03480877935
1008,expected_max,109,-0.2421695652,0.05814534787
1008,expected_max,110,0.3447019218,0.9088801569
1008,expected_max,111,0.8988216511,1.049893736
1008,expected_max,112,-0.002239025338,0.3193397302
1008,expected_max,113,1.168082765,1.537471688
1008,expected_max,114,0.6011272057,0.9785274385
1008,expected_max,115,-0.2477309954,0.07420369338
1008,expected_max,116,1.825587228,1.372457156
1008,expected_max,117,-0.06230172227,-0.01757304619
1008,expected_max,118,1.964001743,2.854682937
1008,expected_max,119,0.2977384647,0.4443159885
1008,expected_max,120,-0.1040313126,0.6848026115
1008,expected_max,121,0.3466681478,0.3543443778
1008,expected_max,122,0.8070286857,1.474758714
1008,expected_max,123,0.9468692075,0.995502029
1008,expected_max,124,0.1147986599,0.1524188972
1008,expected_max,125,-0.06331803493,0.26481956
1008,expected_max,126,0.1842958425,0.3419499252
1008,expected_max,127,-0.8656154975,-1.206853134
1008,expected_max,128,0.6449433017,0.7017551871
1008,expected_max,129,1.118694524,1.384383549
1008,expected_max,130,1.008427739,0.7027574612
1008,expected_max,131,0.2282688179,0.6599605646
1008,expected_max,132,1.010208437,0.9777010224
1008,expected_max,133,0.6885480183,1.456559976
1008,expected_max,134,1.45216504,1.943007976
1008,expected_max,135,-0.09889588439,-0.1183778338
1008,expected_max,136,1.032402147,1.485788678
1008,expected_max,137,0.9740810419,1.44482489
1008,expected_max,138,0.4330715448,0.4253094515
1008,expected_max,139,0.1406856236,0.1555845492
1008,expected_max,140,0.8309283199,1.418136621
1008,expected_max,141,1.333515005,2.639651609
1008,expected_max,142,0.6100005436,0.9150328827
1008,expected_max,143,0.5682101664,0.7913161085
1008,expected_max,144,1.591570575,1.486232718
1008,expected_max,145,0.3107351899,0.3058488966
1008,expected_max,146,0.5764789068,0.8424277747
1008,expected_max,147,0.5467433901,0.7078533648
1008,expected_max,148,-0.03236085066,0.2254413934
1008,expected_max,149,0.1613846031,0.3449941243
1008,expected_max,150,0.6245826421,0.6736727836
1008,expected_max,151,0.2026301587,0.2314797585
1008,expected_max,152,1.990923514,2.29907765
1008,expected_max,153,-0.05786311825,0.1615450937
1008,expected_max,154,0.2133301294,1.395713358
1008,expected_max,155,0.1496021059,0.05383103615
1008,expected_max,156,2.262083014,3.352086664
1008,expected_max,157,0.3766064771,0.4143263565
1008,expected_max,158,0.0500110366,0.4256106452
1008,expected_max,159,0.2970217326,0.7413917056
1008,expected_max,160,0.5326555577,0.3474778894
1008,expected_max,161,0.1507786453,0.5153388465
1008,expected_max,162,0.1514294137,0.2362955306
1008,expected_max,163,-0.03091514149,0.208031668
1008,expected_max,164,0.5396814905,1.015078051
1008,expected_max,165,0.152398771,0.5353395162
1008,expected_max,166,-0.2271872919,-0.03237551823
1008,expected_max,167,0.208438121,0.4895651788
1008,expected_max,168,0.0901831085,0.2360993626
1008,expected_max,169,0.07401847743,0.51265822
1008,expected_max,170,0.5143072022,0.7908764072
1008,expected_max,171,1.728172448,2.25712727
1008,expected_max,172,-0.04586244653,-0.1766936195
1008,expected_max,173,0.06285399856,0.4213647826
1008,expected_max,174,-0.1265308673,-0.02953594319
1008,expected_max,175,0.1764897892,0.6313173571
1008,expected_max,176,0.3594829043,0.9562193224
1008,expected_max,177,0.3997413282,-0.0555192257
1008,expected_max,178,1.046808104,1.477537644
1008,expected_max,179,0.5463469891,0.2006070175
1008,expected_max,180,0.6672663495,0.7703531665
1008,expected_max,181,0.4853700651,0.6792389195
1008,expected_max,182,0.371674535,0.9573508026
1008,expected_max,183,0.1817908874,0.2626043553
1008,expected_max,184,0.3421708892,0.0406139464
1008,expected_max,185,0.908230213,0.730824061
1008,expected_max,186,-0.04260415413,-0.03785321708
1008,expected_max,187,1.373801066,1.283965954
1008,expected_max,188,0.5130334699,0.9410473866
1008,expected_max,189,0.3340465211,0.8055786119
1008,expected_max,190,0.4951655965,0.6847887106
1008,expected_max,191,-0.08674461715,-0.4144971859
1008,expected_max,192,0.2280110392,0.5098644124
1008,expected_max,193,0.08870571911,0.1563775815
1008,expected_max,194,1.542293055,2.179153026
1008,expected_max,195,0.4628243449,0.7075795061
1008,expected_max,196,0.09068037145,0.3121456002
1008,expected_max,197,-0.1286277328,-0.141652655
1008,expected_max,198,-0.02633149415,0.17292752
1008,expected_max,199,0.0865432643,0.3028789293
1008,expected_max,200,1.569195568,1.114933209
1008,expected_max,201,0.6808240878,1.040744157
1008,expected_max,202,0.4672908045,0.4102175885
1008,expected_max,203,0.06541707969,0.3255060358
1008,expected_max,204,1.123599822,0.719344806
1008,expected_max,205,1.584995271,2.064100837
1008,expected_max,206,0.1470321112,0.3986395734
1008,expected_max,207,0.6461027851,1.426224019
1008,expected_max,208,0.1850314969,0.4318574612
1008,expected_max,209,0.08302667062,0.1516548679
1008,expected_max,210,0.0601444396,-0.03659221426
1008,expected_max,211,0.6821936408,1.667378896
1008,expected_max,212,0.3558017048,0.5249958192
1008,expected_max,213,1.044087088,1.112217138
1008,expected_max,214,0.6317616601,0.7473909335
1008,expected_max,215,0.1303135817,0.115280733
1008,expected_max,216,0.8307275255,0.3280710451
1008,expected_max,217,0.8714510271,0.7539452247
1008,expected_max,218,0.3003930939,0.2518667084
1008,expected_max,219,0.2464255174,0.09046212131
1008,expected_max,220,0.2360085664,0.6070922295
1008,expected_max,221,0.6482987667,0.7846939377
1008,expected_max,222,-0.06003994034,0.2134869868
1008,expected_max,223,0.03030785371,0.1383917465
1008,expected_max,224,0.4328128669,0.9341945165
1008,expected_max,225,-0.1017211606,-0.1323653946
1008,expected_max,226,0.6698925439,1.463229066
1008,expected_max,227,0.4452837613,0.7092943896
1008,expected_max,228,0.1083955924,0.556448325
1008,expected_max,229,0.5621112919,0.8052629217
1008,expected_max,230,0.1008430447,0.236726327
1008,expected_max,231,-0.1254232922,0.01509205363
1008,expected_max,232,-0.142237037,-0.03081145151
1008,expected_max,233,0.5557621765,1.15338117
1008,expected_max,234,-0.1131950274,0.2435415395
1008,expected_max,235,-0.1004803474,0.1030298294
1008,expected_max,236,-0.1005899046,0.1698096567
1008,expected_max,237,0.5732903253,0.8559977821
1008,expected_max,238,0.5585114472,0.1874848664
1008,expected_max,239,1.896939144,2.502445805
1008,expected_max,240,0.5032666515,0.7272065437
1008,expected_max,241,0.5595880129,0.8372147694
1008,expected_max,242,0.3627888897,0.03210769731
1008,expected_max,243,0.291075483,0.67890715
1008,expected_max,244,0.608357063,0.8836374822
1008,expected_max,245,0.3081714534,0.5680744697
1008,expected_max,246,0.5379123727,1.034686035
1008,expected_max,247,0.3921164094,0.909740927
1008,expected_max,248,0.6695789279,0.7428936521
1008,expected_max,249,0.6332543261,0.9091531531
1008,expected_max,250,0.03906370339,0.376868413
1008,expected_max,251,-0.06494659598,0.08862184622
1008,expected_max,252,0.5456573031,0.3057812748
1008,expected_max,253,0.600304273,0.7393196783
1008,expected_max,254,1.228990802,1.777536718
1008,expected_max,255,0.8298760051,1.580631347
1008,expected_max,256,0.1508859392,0.3697231782
1008,expected_max,257,0.3510634135,0.7938818252
1008,expected_max,258,1.150144857,1.37502443
1008,expected_max,259,0.001072060512,0.1567371122
1008,expected_max,260,0.9343505722,0.9647731475
1008,expected_max,261,0.5495649392,0.5665011916
1008,expected_max,262,0.03024905493,0.8428424743
1008,expected_max,263,-0.0818635328,0.1076190444
1008,expected_max,264,1.482678894,1.467514988
1008,expected_max,265,0.6017049951,0.9325947557
1008,expected_max,266,0.5662726945,0.5829310903
1008,expected_max,267,1.484290493,1.448085315
1008,expected_max,268,-0.08227763034,0.09392234489
1008,expected_max,269,-0.11777202,0.147553646
1008,expected_max,270,-0.2013617235,0.3715619253
1008,expected_max,271,-0.287339198,0.293474475
1008,expected_max,272,0.4028679478,0.501659353
1008,expected_max,273,0.2373634986,0.9680624595
1008,expected_max,274,-0.1195181447,0.6908236881
1008,expected_max,275,0.458068393,0.6833525617
1008,expected_max,276,0.629452122,0.1399346812
1008,expected_max,277,-0.1535095054,0.5003928629
1008,expected_max,278,-0.05724419229,-0.07238182601
1008,expected_max,279,0.4456337823,0.4131086615
1008,expected_max,280,0.3422945831,0.8104427277
1008,expected_max,281,1.284698355,1.454863378
1008,expected_max,282,0.2809347138,1.237324885
1008,expected_max,283,0.464625513,0.2044669134
1008,expected_max,284,1.009410307,1.100501465
1008,expected_max,285,-0.1360267078,0.2217024826
1008,expected_max,286,-0.09144562612,-0.02211073533
1008,expected_max,287,-0.008184513005,0.0001790948374
1008,expected_max,288,0.7612472255,0.9195021599
1008,expected_max,289,-0.1336953846,0.5398114854
1008,expected_max,290,-0.1567076387,-0.2665084037
1008,expected_max,291,0.5563071805,0.4485894517
1008,expected_max,292,0.4741615843,0.4435133248
1008,expected_max,293,1.097632939,2.504525421
1008,expected_max,294,0.02177091942,0.1388734897
1008,expected_max,295,0.04170656602,0.4712575609
1008,expected_max,296,1.048714377,1.340235091
1008,expected_max,297,0.4394037212,0.9846718992
1008,expected_max,298,0.9130863009,0.9376084054
1008,expected_max,299,1.272239065,1.253549284
1008,expected_max,300,-0.09577783277,0.497202704
1008,expected_max,301,0.1113379398,0.7260648169
1008,expected_max,302,0.8647486082,0.8452311032
1008,expected_max,303,1.204512942,1.17451196
1008,expected_max,304,0.750324406,0.5758425007
1008,expected_max,305,0.1167276175,0.4355302566
1008,expected_max,306,-0.02605856578,0.4727982667
1008,expected_max,307,1.260885959,1.565200602
1008,expected_max,308,-0.1314460871,0.1515015508
1008,expected_max,309,0.3611858462,0.3748276597
1008,expected_max,310,0.5786044346,0.5369873771
1008,expected_max,311,0.7677758297,1.038322512
1008,expected_max,312,-0.01354705559,0.03874535555
1008,expected_max,313,0.6563378821,0.8986223372
1008,expected_max,314,0.1956503852,-0.03340112
1008,expected_max,315,0.5076791328,0.4870451084
1008,expected_max,316,-0.05460505446,0.4598296807
1008,expected_max,317,0.0102736261,0.2572904849
1008,expected_max,318,-0.03143877398,0.5691580014
1008,expected_max,319,0.3355095908,0.843940761
1008,expected_max,320,1.161271584,1.514391121
1008,expected_max,321,0.6968483313,1.069110198
1008,expected_max,322,0.1059040034,0.2506459771
1008,expected_max,323,0.888866947,1.337825429
1008,expected_max,324,0.9084392856,0.9804653149
1008,expected_max,325,-0.1169444298,0.3266620309
1008,expected_max,326,0.6993041046,0.9798575023
1008,expected_max,327,0.4868309458,0.8567311964
1008,expected_max,328,0.3781167995,0.8662040749
1008,expected_max,329,0.1891683304,0.828202673
1008,expected_max,330,-0.2486847781,0.1704476121
1008,expected_max,331,-0.2663491581,0.3999122162
1008,expected_max,332,1.145203767,0.906961891
1008,expected_max,333,0.4980112143,-0.07921308868
1008,expected_max,334,0.5356834066,1.154610722
1008,expected_max,335,1.677512642,1.99394585
1008,expected_max,336,0.1389974409,0.1184817452
1008,expected_max,337,0.9577014497,1.479229999
1008,expected_max,338,0.3907693784,0.2407294115
1008,expected_max,339,-0.04161025206,0.3047885155
1008,expected_max,340,1.395707569,2.5025561
1008,expected_max,341,0.4625690231,1.017651569
1008,expected_max,342,0.2496071384,0.4305351676
1008,expected_max,343,-0.3067782749,-0.1903163861
1008,expected_max,344,-0.05249819152,0.3523781737
1008,expected_max,345,0.9774499622,1.150705803
1008,expected_max,346,0.3496773392,0.3276295544
1008,expected_max,347,1.0940986,0.8031057937
1008,expected_max,348,0.6782921591,0.717984013
1008,expected_max,349,0.4593066972,0.09111153486
1008,expected_max,350,0.1303884092,0.2772278468
1008,expected_max,351,-0.01603543647,0.02663224696
1008,expected_max,352,0.2971546812,0.6057476254
1008,expected_max,353,-0.3188611017,0.2238922668
1008,expected_max,354,0.1862308193,0.2943414369
1008,expected_max,355,0.6218044103,0.6942856957
1008,expected_max,356,0.241640997,0.7141756398
1008,expected_max,357,-0.492482061,0.3894504647
1008,expected_max,358,0.2487576783,1.218634161
1008,expected_max,359,0.6239405175,0.7491450362
1008,expected_max,360,1.077926282,0.9394227
1008,expected_max,361,0.3743964094,0.684895761
1008,expected_max,362,1.049086151,0.9466098172
1008,expected_max,363,0.8463971063,1.289373346
1008,expected_max,364,0.2303249538,-0.09122553951
1008,expected_max,365,-0.02817860754,0.005203937257
1008,expected_max,366,0.03743674752,0.01255935777
1008,expected_max,367,0.9534029188,1.296894689
1008,expected_max,368,0.08526040696,0.05750508359
1008,expected_max,369,0.1492568215,1.018137349
1008,expected_max,370,0.733024935,1.243066199
1008,expected_max,371,0.9131266448,0.42939568
1008,expected_max,372,0.1180131654,0.6594885318
1008,expected_max,373,1.002049817,0.7328023124
1008,expected_max,374,0.3475159672,0.6038795624
1008,expected_max,375,1.432515705,2.20255145
1008,expected_max,376,0.1933887576,0.2321531215
1008,expected_max,377,0.3537691226,1.139827191
1008,expected_max,378,0.5882747788,0.8080815239
1008,expected_max,379,0.9786021264,0.6358270957
1008,expected_max,380,0.005501861889,0.6224271357
1008,expected_max,381,-0.3575825178,0.00941691406
1008,expected_max,382,0.5818336643,1.260327483
1008,expected_max,383,0.8674030905,0.9945375564
1008,expected_max,384,0.2948307212,0.4088394729
1008,expected_max,385,1.433891226,1.548531158
1008,expected_max,386,0.7282959273,0.5547230822
1008,expected_max,387,1.188402405,1.942121335
1008,expected_max,388,0.5843775831,0.8494077363
1008,expected_max,389,0.08844448493,-0.1372611399
1008,expected_max,390,0.5883473066,0.5347912223
1008,expected_max,391,2.098589044,3.206750293
1008,expected_max,392,0.9329594554,1.352247764
1008,expected_max,393,0.3511899538,0.5331105645
1008,expected_max,394,0.4859347861,1.369495475
1008,expected_max,395,0.2165585828,1.018136252
1008,expected_max,396,0.4495621672,0.7369061286
1008,expected_max,397,0.3364796591,-0.007287180773
1008,expected_max,398,-0.08192669133,-0.04202318432
1008,expected_max,399,0.2179893705,-0.2584302981
1008,expected_max,400,1.116030062,1.217649646
1008,expected_max,401,0.3953395088,0.9956537888
1008,expected_max,402,-0.02557144255,0.009658425853
1008,expected_max,403,0.3512614427,0.1506519963
1008,expected_max,404,0.39764924,0.59787811
1008,expected_max,405,0.3285623108,0.9292662455
1008,expected_max,406,0.6962566352,0.9117247427
1008,expected_max,407,0.2159950453,-0.004336306154
1008,expected_max,408,0.850564867,0.02877198519
1008,expected_max,409,1.496994846,1.812058749
1008,expected_max,410,0.3371527194,0.4135343322
1008,expected_max,411,0.152010031,0.3709255603
1008,expected_max,412,-0.5759212953,0.1896488862
1008,expected_max,413,0.56886197,0.7245421353
1008,expected_max,414,0.2639705688,0.08566253486
1008,expected_max,415,-0.04826597259,0.3552443146
1008,expected_max,416,0.7536680413,1.319753681
1008,expected_max,417,0.1534631728,-0.08159844015
1008,expected_max,418,-0.157500826,-0.01171663575
1008,expected_max,419,0.583839387,0.9911775861
1008,expected_max,420,0.1242476169,-0.08606099106
1008,expected_max,421,0.1356584439,0.3569684667
1008,expected_max,422,0.5352419414,0.7199222179
1008,expected_max,423,-0.05325043668,0.09255700679
1008,expected_max,424,-0.1735145825,0.2262908257
1008,expected_max,425,1.066901188,1.366766363
1008,expected_max,426,0.4215808551,0.8705792058
1008,expected_max,427,0.6993129476,0.8235909464
1008,expected_max,428,0.5264564677,0.7779536325
1008,expected_max,429,1.179059243,1.08656355
1008,expected_max,430,1.064858785,0.9934941651
1008,expected_max,431,0.6876749591,1.460244199
1008,expected_max,432,0.4930725049,0.8291025496
1008,expected_max,433,0.1835424643,-0.05415572093
1008,expected_max,434,0.03180100472,-0.01865129413
1008,expected_max,435,0.03321557258,0.01438620988
1008,expected_max,436,0.334295438,0.5618063072
1008,expected_max,437,0.4264431314,0.6334180209
1008,expected_max,438,1.121492784,2.73518662
1008,expected_max,439,0.6040481566,1.16245476
1008,expected_max,440,-0.1645731925,-0.110821973
1008,expected_max,441,0.8624204286,1.930975361
1008,expected_max,442,-0.3503769695,0.2645731285
1008,expected_max,443,0.9898995311,1.577696664
1008,expected_max,444,0.8546811982,1.161614117
1008,expected_max,445,1.110682665,1.337255607
1008,expected_max,446,0.1632026823,0.2547017411
1008,expected_max,447,1.035768558,0.9090816502
1008,expected_max,448,0.2291007104,-0.3403644546
1008,expected_max,449,-0.2672238579,0.009124530436
1008,expected_max,450,-0.04591478089,0.1024468586
1008,expected_max,451,0.6177658854,1.332996791
1008,expected_max,452,0.690610722,0.958928241
1008,expected_max,453,0.7054389488,1.158052216
1008,expected_max,454,0.8500867765,0.4857458795
1008,expected_max,455,-0.08766755229,0.320889839
1008,expected_max,456,0.6219713045,0.9026480912
1008,expected_max,457,-0.2495688853,0.05884492271
1008,expected_max,458,-0.1206335743,-0.09093617425
1008,expected_max,459,0.03526017719,0.1580385826
1008,expected_max,460,0.2488206402,0.7623231784
1008,expected_max,461,0.4853398371,0.2779308296
1008,expected_max,462,0.09632378544,0.5514674622
1008,expected_max,463,0.5206566802,0.8813198326
1008,expected_max,464,0.2635593458,0.4668673127
1008,expected_max,465,0.1754696313,-0.3539747467
1008,expected_max,466,0.5380619525,1.011733957
1008,expected_max,467,1.324226601,0.6033677882
1008,expected_max,468,1.058983891,1.38995959
1008,expected_max,469,1.156469074,2.225580077
1008,expected_max,470,0.1055459951,0.2725596313
1008,expected_max,471,0.4931464453,0.4486774481
1008,expected_max,472,0.7196189434,1.113521064
1008,expected_max,473,0.2431381248,0.5575819883
1008,expected_max,474,0.1080472308,0.06487481864
1008,expected_max,475,0.04312733968,0.3391593034
1008,expected_max,476,0.3958192356,0.6161375301
1008,expected_max,477,-0.422353012,-0.5047533898
1008,expected_max,478,0.06696059555,0.0428951645
1008,expected_max,479,0.2451319303,0.5778360532
1008,expected_max,480,-0.1778311391,-0.1230838858
1008,expected_max,481,0.5950201358,0.7949599417
1008,expected_max,482,0.2577653566,0.4629869661
1008,expected_max,483,0.3034438217,-0.01678570522
1008,expected_max,484,0.1342587937,0.4277118674
1008,expected_max,485,1.770238682,2.950518948
1008,expected_max,486,0.7721321058,1.012917176
1008,expected_max,487,1.547711035,2.154369786
1008,expected_max,488,0.2521536637,-0.1266339828
1008,expected_max,489,0.6982586755,0.9653400783
1008,expected_max,490,-0.1320222337,0.1651809744
1008,expected_max,491,-0.1205676376,-0.01743426327
1008,expected_max,492,-0.07441609219,0.07896392647
1008,expected_max,493,0.1943786531,0.8932785472
1008,expected_max,494,0.3970628705,0.7423411295
1008,expected_max,495,0.6068482343,0.8470048304
1008,expected_max,496,0.7174115967,1.062210404
1008,expected_max,497,-0.02108665003,0.3461380934
1008,expected_max,498,0.1789714989,0.03030468628
1008,expected_max,499,0.1428085934,0.1383120311
1008,expected_max,500,1.300377213,2.309880924
1008,js,1,2.365779242,1.493714619
1008,js,2,0.8740184555,0.8236504089
1008,js,3,0.214529204,0.4003378027
1008,js,4,-0.09376828294,0.3005011962
1008,js,5,0.2704206325,-0.02534540735
1008,js,6,1.393850915,1.014137194
1008,js,7,2.440171015,1.474003778
1008,js,8,0.6692787954,0.5892465899
1008,js,9,0.2944318622,0.1028614125
1008,js,10,1.41069987,0.8310252367
1008,js,11,1.841942489,1.89941342
1008,js,12,2.344372073,1.85930652
1008,js,13,1.331716856,0.9769611769
1008,js,14,2.106591813,2.046021042
1008,js,15,1.477755662,0.6801591253
1008,js,16,1.522417993,1.362904909
1008,js,17,0.577657253,0.2153952034
1008,js,18,0.163847193,0.006129724559
1008,js,19,1.107005378,1.706985005
1008,js,20,0.4879564303,0.4206444428
1008,js,21,0.1309828564,0.00768634028
1008,js,22,2.278909104,1.145988648
1008,js,23,0.04449543668,0.08380321015
1008,js,24,0.5812854743,0.44609744
1008,js,25,1.418520264,0.6165338131
1008,js,26,1.512121577,0.7086942217
1008,js,27,1.091386684,0.8628153329
1008,js,28,0.5445643674,0.32863253
1008,js,29,0.9066876026,0.4785535671
1008,js,30,1.176035599,0.8124531932
1008,js,31,0.01237720666,0.04750735244
1008,js,32,1.011973693,0.7380089342
1008,js,33,0.1054629523,-0.09049534284
1008,js,34,1.558345656,0.7362798778
1008,js,35,0.7763847047,0.9109040747
1008,js,36,0.1634496209,0.1940787756
1008,js,37,0.7436202163,0.6657362855
1008,js,38,0.4433185264,0.4703260287
1008,js,39,0.8851755453,0.4454093522
1008,js,40,0.2330777208,0.4826840243
1008,js,41,1.140710716,1.140656311
1008,js,42,0.3860684539,0.09295977737
1008,js,43,1.478309125,1.750428295
1008,js,44,1.135470507,1.159465534
1008,js,45,0.9627999101,0.7046332686
1008,js,46,1.925281608,1.784191912
1008,js,47,1.233636858,1.38343495
1008,js,48,-0.03257273469,0.1584040626
1008,js,49,0.1283660144,-0.4478261191
1008,js,50,0.4001727886,-0.04796992064
1008,js,51,1.379797001,1.091371392
1008,js,52,1.162622792,1.323706221
1008,js,53,-0.02579475161,-0.1102486655
1008,js,54,0.7131610374,0.6502986302
1008,js,55,1.433703896,0.8381667224
1008,js,56,1.146529126,0.677537583
1008,js,57,0.4009347073,0.3850356719
1008,js,58,1.778604692,1.450268862
1008,js,59,0.6508197037,0.9650571744
1008,js,60,0.8632766906,0.3508152156
1008,js,61,1.399203032,0.8874770938
1008,js,62,0.3195589359,0.3387865155
1008,js,63,-0.02481545329,0.09228879718
1008,js,64,1.195430556,0.8301394355
1008,js,65,-0.007524253152,0.1260656951
1008,js,66,1.485190175,0.6511437771
1008,js,67,0.285242097,0.1289601068
1008,js,68,0.9366230828,0.7959937722
1008,js,69,0.250608348,0.1837864394
1008,js,70,0.06676046461,0.08763883514
1008,js,71,0.1669065217,0.1627527574
1008,js,72,0.4052492804,0.2880602044
1008,js,73,0.8491998849,0.6321693864
1008,js,74,0.2630369669,0.1851755638
1008,js,75,0.7204660707,0.1137630648
1008,js,76,-0.01244459582,0.03861481037
1008,js,77,0.215879689,0.1727040321
1008,js,78,0.1266950479,-0.08838850436
1008,js,79,0.2634866323,0.05351045246
1008,js,80,1.750690547,1.105435373
1008,js,81,1.285363775,0.7530237483
1008,js,82,0.1400029376,-0.2968305528
1008,js,83,1.333869918,0.8710949674
1008,js,84,0.1380964738,0.1613795524
1008,js,85,1.161886103,0.5259262575
1008,js,86,0.2732836973,0.2075447812
1008,js,87,1.041068964,0.5804693492
1008,js,88,2.131671917,2.105889093
1008,js,89,1.494152829,0.7667188855
1008,js,90,0.5707403216,0.2106754838
1008,js,91,0.4898853615,0.3264722504
1008,js,92,2.55739883,2.541100962
1008,js,93,1.046303786,0.4525069652
1008,js,94,0.5453650954,0.4196741515
1008,js,95,1.355478968,1.432323485
1008,js,96,0.02631819219,0.6464603944
1008,js,97,0.8939001439,0.873292242
1008,js,98,0.5431478168,0.701919176
1008,js,99,0.963993426,0.8615741105
1008,js,100,2.50699902,3.377951683
1008,js,101,0.1907413994,0.04178514145
1008,js,102,1.214487241,0.9252777166
1008,js,103,0.5084008988,0.3316120688
1008,js,104,1.435104071,0.9624124646
1008,js,105,1.483444117,1.141137181
1008,js,106,1.848426064,0.9236441785
1008,js,107,-0.1564698341,-0.04321552151
1008,js,108,0.02284325797,-0.03480877935
1008,js,109,-0.02490962284,0.05814534787
1008,js,110,0.7615220562,0.9088801569
1008,js,111,1.412287152,1.049893736
1008,js,112,0.4105114751,0.3193397302
1008,js,113,1.746872339,1.537471688
1008,js,114,1.046057236,0.9785274385
1008,js,115,0.00216641475,0.07420369338
1008,js,116,2.407841367,1.372457156
1008,js,117,0.2860319045,-0.01757304619
1008,js,118,2.547824176,2.854682937
1008,js,119,0.2154884343,0.4443159885
1008,js,120,0.4001725205,0.6848026115
1008,js,121,0.6362211334,0.3543443778
1008,js,122,1.309776271,1.474758714
1008,js,123,2.043824895,0.995502029
1008,js,124,0.419902199,0.1524188972
1008,js,125,0.07434650744,0.26481956
1008,js,126,0.4269371792,0.3419499252
1008,js,127,-0.5050233337,-1.206853134
1008,js,128,0.7681558623,0.7017551871
1008,js,129,1.766322855,1.384383549
1008,js,130,1.692000929,0.7027574612
1008,js,131,0.7494891647,0.6599605646
1008,js,132,1.306732379,0.9777010224
1008,js,133,1.273453289,1.456559976
1008,js,134,1.9883572,1.943007976
1008,js,135,0.1673718266,-0.1183778338
1008,js,136,1.971495752,1.485788678
1008,js,137,1.516920427,1.44482489
1008,js,138,0.7199488255,0.4253094515
1008,js,139,0.05315565294,0.1555845492
1008,js,140,1.374409723,1.418136621
1008,js,141,2.007086209,2.639651609
1008,js,142,1.234541168,0.9150328827
1008,js,143,1.565108762,0.7913161085
1008,js,144,2.250809356,1.486232718
1008,js,145,0.6769321498,0.3058488966
1008,js,146,0.8695690566,0.8424277747
1008,js,147,0.8625674897,0.7078533648
1008,js,148,0.121610677,0.2254413934
1008,js,149,0.4375147473,0.3449941243
1008,js,150,1.463333602,0.6736727836
1008,js,151,0.351996599,0.2314797585
1008,js,152,2.414996084,2.29907765
1008,js,153,0.1777564072,0.1615450937
1008,js,154,0.7544911764,1.395713358
1008,js,155,0.479383288,0.05383103615
1008,js,156,3.096714367,3.352086664
1008,js,157,0.2780724774,0.4143263565
1008,js,158,0.5100224271,0.4256106452
1008,js,159,0.812269963,0.7413917056
1008,js,160,0.7134979124,0.3474778894
1008,js,161,0.7194373154,0.5153388465
1008,js,162,0.2159532672,0.2362955306
1008,js,163,0.312169367,0.208031668
1008,js,164,1.028062173,1.015078051
1008,js,165,0.8359275054,0.5353395162
1008,js,166,0.02927676687,-0.03237551823
1008,js,167,0.7231998198,0.4895651788
1008,js,168,0.2744816739,0.2360993626
1008,js,169,0.625560238,0.51265822
1008,js,170,1.060806116,0.7908764072
1008,js,171,2.644468878,2.25712727
1008,js,172,0.3101092975,-0.1766936195
1008,js,173,0.1536382112,0.4213647826
1008,js,174,0.194554744,-0.02953594319
1008,js,175,0.4950090204,0.6313173571
1008,js,176,0.825536151,0.9562193224
1008,js,177,0.7499195284,-0.0555192257
1008,js,178,1.947335825,1.477537644
1008,js,179,0.7514646209,0.2006070175
1008,js,180,1.184932941,0.7703531665
1008,js,181,0.8377266266,0.6792389195
1008,js,182,0.6400127067,0.9573508026
1008,js,183,0.2681960241,0.2626043553
1008,js,184,0.5387437744,0.0406139464
1008,js,185,1.479868037,0.730824061
1008,js,186,0.02254853453,-0.03785321708
1008,js,187,2.256546963,1.283965954
1008,js,188,1.022179754,0.9410473866
1008,js,189,0.9325267292,0.8055786119
1008,js,190,1.268814335,0.6847887106
1008,js,191,0.1235280918,-0.4144971859
1008,js,192,0.4819630286,0.5098644124
1008,js,193,-0.01117795366,0.1563775815
1008,js,194,2.214636852,2.179153026
1008,js,195,1.436451248,0.7075795061
1008,js,196,0.5112358657,0.3121456002
1008,js,197,0.03970486797,-0.141652655
1008,js,198,0.06841825312,0.17292752
1008,js,199,0.3870589359,0.3028789293
1008,js,200,2.013485604,1.114933209
1008,js,201,0.8776765295,1.040744157
1008,js,202,1.025361971,0.4102175885
1008,js,203,0.5736411253,0.3255060358
1008,js,204,1.318022669,0.719344806
1008,js,205,1.936385018,2.064100837
1008,js,206,0.2790767298,0.3986395734
1008,js,207,1.622873931,1.426224019
1008,js,208,0.6827974587,0.4318574612
1008,js,209,0.1297836682,0.1516548679
1008,js,210,0.02118549013,-0.03659221426
1008,js,211,1.297725911,1.667378896
1008,js,212,0.9443427285,0.5249958192
1008,js,213,1.774109944,1.112217138
1008,js,214,1.33330081,0.7473909335
1008,js,215,0.4379627867,0.115280733
1008,js,216,1.124869466,0.3280710451
1008,js,217,1.410256766,0.7539452247
1008,js,218,0.8664810364,0.2518667084
1008,js,219,0.1230529927,0.09046212131
1008,js,220,0.9315017882,0.6070922295
1008,js,221,1.637134222,0.7846939377
1008,js,222,0.234583825,0.2134869868
1008,js,223,0.02603469717,0.1383917465
1008,js,224,1.162383421,0.9341945165
1008,js,225,0.09789548377,-0.1323653946
1008,js,226,1.288161122,1.463229066
1008,js,227,1.23801067,0.7092943896
1008,js,228,0.3482690062,0.556448325
1008,js,229,1.591850712,0.8052629217
1008,js,230,0.3816005663,0.236726327
1008,js,231,0.05034036265,0.01509205363
1008,js,232,0.05117457345,-0.03081145151
1008,js,233,1.009496613,1.15338117
1008,js,234,0.1136494888,0.2435415395
1008,js,235,0.02595556967,0.1030298294
1008,js,236,0.1702977868,0.1698096567
1008,js,237,0.4721566784,0.8559977821
1008,js,238,0.6250025847,0.1874848664
1008,js,239,2.67323201,2.502445805
1008,js,240,1.30330349,0.7272065437
1008,js,241,0.825252768,0.8372147694
1008,js,242,0.002609327761,0.03210769731
1008,js,243,0.4532107748,0.67890715
1008,js,244,1.57297791,0.8836374822
1008,js,245,0.5525195526,0.5680744697
1008,js,246,1.164979618,1.034686035
1008,js,247,0.9232550195,0.909740927
1008,js,248,1.138400014,0.7428936521
1008,js,249,0.6613668349,0.9091531531
1008,js,250,0.397289909,0.376868413
1008,js,251,0.2305321566,0.08862184622
1008,js,252,0.7616394755,0.3057812748
1008,js,253,1.252373504,0.7393196783
1008,js,254,1.825113764,1.777536718
1008,js,255,1.471304509,1.580631347
1008,js,256,0.1531827397,0.3697231782
1008,js,257,0.9306880971,0.7938818252
1008,js,258,1.762564472,1.37502443
1008,js,259,0.08810650029,0.1567371122
1008,js,260,1.630541745,0.9647731475
1008,js,261,1.170079529,0.5665011916
1008,js,262,0.4276140399,0.8428424743
1008,js,263,0.02912614022,0.1076190444
1008,js,264,2.202991233,1.467514988
1008,js,265,1.601494403,0.9325947557
1008,js,266,0.7632825961,0.5829310903
1008,js,267,2.378632461,1.448085315
1008,js,268,0.07660602009,0.09392234489
1008,js,269,0.1677319909,0.147553646
1008,js,270,0.05123603861,0.3715619253
1008,js,271,0.1923802214,0.293474475
1008,js,272,0.7857964712,0.501659353
1008,js,273,0.6428265754,0.9680624595
1008,js,274,0.2319411255,0.6908236881
1008,js,275,1.3585115,0.6833525617
1008,js,276,0.5417072483,0.1399346812
1008,js,277,0.1121446304,0.5003928629
1008,js,278,0.0130442467,-0.07238182601
1008,js,279,0.7107115555,0.4131086615
1008,js,280,0.5465395457,0.8104427277
1008,js,281,1.987097849,1.454863378
1008,js,282,0.9544174247,1.237324885
1008,js,283,0.3758746967,0.2044669134
1008,js,284,1.753771976,1.100501465
1008,js,285,-0.1214419335,0.2217024826
1008,js,286,-0.02121014799,-0.02211073533
1008,js,287,-0.04994528267,0.0001790948374
1008,js,288,1.491423678,0.9195021599
1008,js,289,0.08950446079,0.5398114854
1008,js,290,0.1041464936,-0.2665084037
1008,js,291,0.7099844857,0.4485894517
1008,js,292,0.9630129215,0.4435133248
1008,js,293,1.788044402,2.504525421
1008,js,294,0.1308066368,0.1388734897
1008,js,295,0.2231621598,0.4712575609
1008,js,296,1.671583855,1.340235091
1008,js,297,0.9086936642,0.9846718992
1008,js,298,1.370136139,0.9376084054
1008,js,299,1.947832918,1.253549284
1008,js,300,0.2404255706,0.497202704
1008,js,301,0.9261058522,0.7260648169
1008,js,302,0.6889496199,0.8452311032
1008,js,303,1.653310724,1.17451196
1008,js,304,1.182926961,0.5758425007
1008,js,305,0.3676790832,0.4355302566
1008,js,306,0.2535897707,0.4727982667
1008,js,307,1.645591671,1.565200602
1008,js,308,0.1467797142,0.1515015508
1008,js,309,0.643071232,0.3748276597
1008,js,310,0.8626685188,0.5369873771
1008,js,311,1.552827779,1.038322512
1008,js,312,-0.05426439785,0.03874535555
1008,js,313,1.607149986,0.8986223372
1008,js,314,0.2642620508,-0.03340112
1008,js,315,1.005018673,0.4870451084
1008,js,316,0.4570885714,0.4598296807
1008,js,317,0.1411137491,0.2572904849
1008,js,318,0.1797645337,0.5691580014
1008,js,319,1.085430686,0.843940761
1008,js,320,2.134671959,1.514391121
1008,js,321,1.302914407,1.069110198
1008,js,322,0.3279634506,0.2506459771
1008,js,323,1.154180808,1.337825429
1008,js,324,1.805097858,0.9804653149
1008,js,325,0.1613408826,0.3266620309
1008,js,326,1.465733474,0.9798575023
1008,js,327,1.39083501,0.8567311964
1008,js,328,0.8008018376,0.8662040749
1008,js,329,0.7318893738,0.828202673
1008,js,330,0.053727594,0.1704476121
1008,js,331,0.2991281403,0.3999122162
1008,js,332,1.357323417,0.906961891
1008,js,333,0.02641376821,-0.07921308868
1008,js,334,1.282416805,1.154610722
1008,js,335,2.263882796,1.99394585
1008,js,336,0.2977920203,0.1184817452
1008,js,337,1.883888963,1.479229999
1008,js,338,0.359920503,0.2407294115
1008,js,339,0.1044491333,0.3047885155
1008,js,340,1.920200234,2.5025561
1008,js,341,0.9772356198,1.017651569
1008,js,342,0.6572353843,0.4305351676
1008,js,343,0.1631983038,-0.1903163861
1008,js,344,0.314518283,0.3523781737
1008,js,345,1.670160279,1.150705803
1008,js,346,0.5183671659,0.3276295544
1008,js,347,1.82823728,0.8031057937
1008,js,348,1.127054944,0.717984013
1008,js,349,0.502731552,0.09111153486
1008,js,350,0.4635543,0.2772278468
1008,js,351,0.1765267782,0.02663224696
1008,js,352,0.8510864893,0.6057476254
1008,js,353,0.04627504296,0.2238922668
1008,js,354,0.545933888,0.2943414369
1008,js,355,1.217632699,0.6942856957
1008,js,356,0.8380778105,0.7141756398
1008,js,357,-0.2107527496,0.3894504647
1008,js,358,0.8894615337,1.218634161
1008,js,359,1.546534439,0.7491450362
1008,js,360,1.570680095,0.9394227
1008,js,361,0.9711234607,0.684895761
1008,js,362,1.928076552,0.9466098172
1008,js,363,1.526432009,1.289373346
1008,js,364,0.2883780667,-0.09122553951
1008,js,365,0.0515093338,0.005203937257
1008,js,366,-0.02578092189,0.01255935777
1008,js,367,1.655924958,1.296894689
1008,js,368,0.210556726,0.05750508359
1008,js,369,0.8871402325,1.018137349
1008,js,370,1.573300721,1.243066199
1008,js,371,1.418076405,0.42939568
1008,js,372,0.242743235,0.6594885318
1008,js,373,1.298776726,0.7328023124
1008,js,374,0.2290942945,0.6038795624
1008,js,375,1.988818812,2.20255145
1008,js,376,0.2091424355,0.2321531215
1008,js,377,0.7632859543,1.139827191
1008,js,378,0.921492552,0.8080815239
1008,js,379,1.564234242,0.6358270957
1008,js,380,0.4376804762,0.6224271357
1008,js,381,-0.02611534658,0.00941691406
1008,js,382,0.86767178,1.260327483
1008,js,383,1.304845389,0.9945375564
1008,js,384,0.4379983747,0.4088394729
1008,js,385,1.973143357,1.548531158
1008,js,386,1.036777463,0.5547230822
1008,js,387,1.940918292,1.942121335
1008,js,388,1.212808463,0.8494077363
1008,js,389,0.1306592489,-0.1372611399
1008,js,390,0.8550330713,0.5347912223
1008,js,391,2.808130451,3.206750293
1008,js,392,1.586749171,1.352247764
1008,js,393,0.6569704295,0.5331105645
1008,js,394,0.8831118624,1.369495475
1008,js,395,0.6954574275,1.018136252
1008,js,396,0.9326790694,0.7369061286
1008,js,397,0.08980621127,-0.007287180773
1008,js,398,0.1019254686,-0.04202318432
1008,js,399,0.6618677044,-0.2584302981
1008,js,400,1.668475646,1.217649646
1008,js,401,0.9109217961,0.9956537888
1008,js,402,0.06105797308,0.009658425853
1008,js,403,0.2943535882,0.1506519963
1008,js,404,0.8123037474,0.59787811
1008,js,405,0.8132966522,0.9292662455
1008,js,406,1.794526081,0.9117247427
1008,js,407,0.07867136191,-0.004336306154
1008,js,408,0.1006282853,0.02877198519
1008,js,409,2.000653866,1.812058749
1008,js,410,0.6092693445,0.4135343322
1008,js,411,0.5016678489,0.3709255603
1008,js,412,-0.1708586633,0.1896488862
1008,js,413,1.302590827,0.7245421353
1008,js,414,0.2861540863,0.08566253486
1008,js,415,0.3539911506,0.3552443146
1008,js,416,1.44540557,1.319753681
1008,js,417,-0.02558254176,-0.08159844015
1008,js,418,-0.03761525712,-0.01171663575
1008,js,419,1.137751845,0.9911775861
1008,js,420,0.06562102287,-0.08606099106
1008,js,421,0.295152187,0.3569684667
1008,js,422,1.190743799,0.7199222179
1008,js,423,0.1043814319,0.09255700679
1008,js,424,-0.01471569845,0.2262908257
1008,js,425,1.845375137,1.366766363
1008,js,426,0.949210286,0.8705792058
1008,js,427,1.232656322,0.8235909464
1008,js,428,0.8807824746,0.7779536325
1008,js,429,1.56960659,1.08656355
1008,js,430,2.009322246,0.9934941651
1008,js,431,1.157897069,1.460244199
1008,js,432,1.040927992,0.8291025496
1008,js,433,0.1982604909,-0.05415572093
1008,js,434,0.07580239152,-0.01865129413
1008,js,435,-0.04803202217,0.01438620988
1008,js,436,1.038241938,0.5618063072
1008,js,437,0.6503319702,0.6334180209
1008,js,438,1.80775929,2.73518662
1008,js,439,1.153616524,1.16245476
1008,js,440,-0.08799828713,-0.110821973
1008,js,441,0.525988647,1.930975361
1008,js,442,0.07124014002,0.2645731285
1008,js,443,1.477308074,1.577696664
1008,js,444,1.232281162,1.161614117
1008,js,445,1.922814536,1.337255607
1008,js,446,0.08580247754,0.2547017411
1008,js,447,1.413262421,0.9090816502
1008,js,448,0.2523987581,-0.3403644546
1008,js,449,0.1122208686,0.009124530436
1008,js,450,0.01004549837,0.1024468586
1008,js,451,0.9249718283,1.332996791
1008,js,452,1.812416304,0.958928241
1008,js,453,1.558104218,1.158052216
1008,js,454,1.612633641,0.4857458795
1008,js,455,0.3954259268,0.320889839
1008,js,456,1.555232219,0.9026480912
1008,js,457,0.1244631273,0.05884492271
1008,js,458,0.08607281194,-0.09093617425
1008,js,459,0.07602999028,0.1580385826
1008,js,460,0.6367546348,0.7623231784
1008,js,461,0.7766020144,0.2779308296
1008,js,462,0.313890575,0.5514674622
1008,js,463,1.035631009,0.8813198326
1008,js,464,0.8328388389,0.4668673127
1008,js,465,0.3690246943,-0.3539747467
1008,js,466,1.081840611,1.011733957
1008,js,467,1.582258527,0.6033677882
1008,js,468,2.107632942,1.38995959
1008,js,469,2.061374736,2.225580077
1008,js,470,0.258547127,0.2725596313
1008,js,471,0.8538816819,0.4486774481
1008,js,472,1.595237715,1.113521064
1008,js,473,0.828989339,0.5575819883
1008,js,474,0.04611167656,0.06487481864
1008,js,475,0.5476669369,0.3391593034
1008,js,476,0.704527427,0.6161375301
1008,js,477,0.04729334282,-0.5047533898
1008,js,478,0.04725384461,0.0428951645
1008,js,479,0.4063633118,0.5778360532
1008,js,480,0.1158262352,-0.1230838858
1008,js,481,1.46868494,0.7949599417
1008,js,482,0.5411832664,0.4629869661
1008,js,483,0.314353424,-0.01678570522
1008,js,484,0.6406851237,0.4277118674
1008,js,485,2.529872596,2.950518948
1008,js,486,1.435096612,1.012917176
1008,js,487,2.249308437,2.154369786
1008,js,488,0.1247020788,-0.1266339828
1008,js,489,1.710983183,0.9653400783
1008,js,490,-0.003370077917,0.1651809744
1008,js,491,-0.01670960961,-0.01743426327
1008,js,492,0.09685356163,0.07896392647
1008,js,493,0.4852433975,0.8932785472
1008,js,494,1.079481891,0.7423411295
1008,js,495,1.005511841,0.8470048304
1008,js,496,1.219839824,1.062210404
1008,js,497,0.4927483447,0.3461380934
1008,js,498,0.2894994422,0.03030468628
1008,js,499,0.1697614677,0.1383120311
1008,js,500,1.968287922,2.309880924
1008,sure,1,1.544560841,1.493714619
1008,sure,2,0.3321167801,0.8236504089
1008,sure,3,-0.03682248737,0.4003378027
1008,sure,4,-0.09376828294,0.3005011962
1008,sure,5,0.007672192133,-0.02534540735
1008,sure,6,0.4165064835,1.014137194
1008,sure,7,1.287593367,1.474003778
1008,sure,8,0.0419248327,0.5892465899
1008,sure,9,0.04651623075,0.1028614125
1008,sure,10,0.3154579537,0.8310252367
1008,sure,11,0.9949959372,1.89941342
1008,sure,12,1.641006138,1.85930652
1008,sure,13,0.4467969772,0.9769611769
1008,sure,14,1.101484296,2.046021042
1008,sure,15,0.3863857897,0.6801591253
1008,sure,16,1.024254172,1.362904909
1008,sure,17,0.1310267049,0.2153952034
1008,sure,18,0.00963238326,0.006129724559
1008,sure,19,0.2873894826,1.706985005
1008,sure,20,0.05132513554,0.4206444428
1008,sure,21,0.0001602275917,0.00768634028
1008,sure,22,1.279484139,1.145988648
1008,sure,23,0.04449543668,0.08380321015
1008,sure,24,0.1959056452,0.44609744
1008,sure,25,0.5571572096,0.6165338131
1008,sure,26,0.6777197799,0.7086942217
1008,sure,27,0.3716338194,0.8628153329
1008,sure,28,0.3906874331,0.32863253
1008,sure,29,0.1572176608,0.4785535671
1008,sure,30,0.5334434537,0.8124531932
1008,sure,31,0.01237720666,0.04750735244
1008,sure,32,0.3597320178,0.7380089342
1008,sure,33,-0.07188148656,-0.09049534284
1008,sure,34,0.5117681505,0.7362798778
1008,sure,35,0.04701700903,0.9109040747
1008,sure,36,0.006443796912,0.1940787756
1008,sure,37,0.01046245858,0.6657362855
1008,sure,38,-0.03325281712,0.4703260287
1008,sure,39,0.3092805697,0.4454093522
1008,sure,40,-0.08928340476,0.4826840243
1008,sure,41,0.1605434992,1.140656311
1008,sure,42,-0.1813427036,0.09295977737
1008,sure,43,0.4429133844,1.750428295
1008,sure,44,0.4119838988,1.159465534
1008,sure,45,0.3928434295,0.7046332686
1008,sure,46,0.9069876396,1.784191912
1008,sure,47,0.3953067552,1.38343495
1008,sure,48,-0.1976597806,0.1584040626
1008,sure,49,-0.1483221937,-0.4478261191
1008,sure,50,-0.1401166941,-0.04796992064
1008,sure,51,0.5771049752,1.091371392
1008,sure,52,0.3119397062,1.323706221
1008,sure,53,-0.03261227919,-0.1102486655
1008,sure,54,0.2656601404,0.6502986302
1008,sure,55,0.3253387187,0.8381667224
1008,sure,56,0.3591467211,0.677537583
1008,sure,57,-0.03706058217,0.3850356719
1008,sure,58,0.7623209095,1.450268862
1008,sure,59,0.04487639465,0.9650571744
1008,sure,60,0.4547115605,0.3508152156
1008,sure,61,0.4453374726,0.8874770938
1008,sure,62,-0.06041074344,0.3387865155
1008,sure,63,-0.02481545329,0.09228879718
1008,sure,64,0.4595423558,0.8301394355
1008,sure,65,-0.007524253152,0.1260656951
1008,sure,66,0.4755678288,0.6511437771
1008,sure,67,0.2247490276,0.1289601068
1008,sure,68,0.3435260411,0.7959937722
1008,sure,69,0.1948910189,0.1837864394
1008,sure,70,0.01806402781,0.08763883514
1008,sure,71,0.008494001467,0.1627527574
1008,sure,72,0.1023263357,0.2880602044
1008,sure,73,0.1543504251,0.6321693864
1008,sure,74,0.01758398226,0.1851755638
1008,sure,75,0.2679973317,0.1137630648
1008,sure,76,-0.01244459582,0.03861481037
1008,sure,77,0.215879689,0.1727040321
1008,sure,78,-0.0336088541,-0.08838850436
1008,sure,79,0.2634866323,0.05351045246
1008,sure,80,0.7452870115,1.105435373
1008,sure,81,0.2963039712,0.7530237483
1008,sure,82,-0.1191473337,-0.2968305528
1008,sure,83,0.3788559722,0.8710949674
1008,sure,84,-0.02616474257,0.1613795524
1008,sure,85,0.2952093565,0.5259262575
1008,sure,86,-0.001315911109,0.2075447812
1008,sure,87,0.2988630047,0.5804693492
1008,sure,88,1.554391596,2.105889093
1008,sure,89,0.3850142866,0.7667188855
1008,sure,90,0.1919263722,0.2106754838
1008,sure,91,-0.0224167635,0.3264722504
1008,sure,92,1.497871451,2.541100962
1008,sure,93,0.293657585,0.4525069652
1008,sure,94,0.146186597,0.4196741515
1008,sure,95,0.296986562,1.432323485
1008,sure,96,-0.3744762651,0.6464603944
1008,sure,97,0.09275545599,0.873292242
1008,sure,98,0.09722977036,0.701919176
1008,sure,99,0.4354210694,0.8615741105
1008,sure,100,1.745182935,3.377951683
1008,sure,101,-0.09805790263,0.04178514145
1008,sure,102,0.4631702625,0.9252777166
1008,sure,103,0.1070300788,0.3316120688
1008,sure,104,0.6774853359,0.9624124646
1008,sure,105,0.5073579046,1.141137181
1008,sure,106,0.5273918468,0.9236441785
1008,sure,107,-0.1564698341,-0.04321552151
1008,sure,108,-0.0003685186385,-0.03480877935
1008,sure,109,-0.02490962284,0.05814534787
1008,sure,110,0.1138015842,0.9088801569
1008,sure,111,0.6466959683,1.049893736
1008,sure,112,-0.009575043916,0.3193397302
1008,sure,113,0.9007088704,1.537471688
1008,sure,114,0.3154433432,0.9785274385
1008,sure,115,0.00216641475,0.07420369338
1008,sure,116,1.573461545,1.372457156
1008,sure,117,-0.06780349026,-0.01757304619
1008,sure,118,1.711876061,2.854682937
1008,sure,119,0.04561278194,0.4443159885
1008,sure,120,-0.1216005848,0.6848026115
1008,sure,121,0.1157678102,0.3543443778
1008,sure,122,0.5549030029,1.474758714
1008,sure,123,0.7159688699,0.995502029
1008,sure,124,-0.1708852026,0.1524188972
1008,sure,125,-0.01635813845,0.26481956
1008,sure,126,0.02914465245,0.3419499252
1008,sure,127,-0.9585688339,-1.206853134
1008,sure,128,0.3592594392,0.7017551871
1008,sure,129,0.866568841,1.384383549
1008,sure,130,0.7563020567,0.7027574612
1008,sure,131,-0.002631519728,0.6599605646
1008,sure,132,0.7793080992,0.9777010224
1008,sure,133,0.4364223355,1.456559976
1008,sure,134,1.211161448,1.943007976
1008,sure,135,0.1255492036,-0.1183778338
1008,sure,136,0.7913985551,1.485788678
1008,sure,137,0.7067071476,1.44482489
1008,sure,138,0.1920679529,0.4253094515
1008,sure,139,0.02619973849,0.1555845492
1008,sure,140,0.6000279823,1.418136621
1008,sure,141,1.092511413,2.639651609
1008,sure,142,0.3426266493,0.9150328827
1008,sure,143,0.3373098288,0.7913161085
1008,sure,144,1.324196681,1.486232718
1008,sure,145,0.02505132746,0.3058488966
1008,sure,146,0.324353224,0.8424277747
1008,sure,147,0.2946177074,0.7078533648
1008,sure,148,-0.001853279848,0.2254413934
1008,sure,149,-0.0778885517,0.3449941243
1008,sure,150,0.3936823045,0.6736727836
1008,sure,151,-0.06474373559,0.2314797585
1008,sure,152,1.72354962,2.29907765
1008,sure,153,0.02675944503,0.1615450937
1008,sure,154,-0.005530943423,1.395713358
1008,sure,155,0.02725145528,0.05383103615
1008,sure,156,2.031182676,3.352086664
1008,sure,157,0.1356028851,0.4143263565
1008,sure,158,-0.1183725854,0.4256106452
1008,sure,159,0.3475502381,0.7413917056
1008,sure,160,0.2916519657,0.3474778894
1008,sure,161,-0.05242183064,0.5153388465
1008,sure,162,0.2159532672,0.2362955306
1008,sure,163,0.004796841369,0.208031668
1008,sure,164,0.2875558077,1.015078051
1008,sure,165,-0.03470955158,0.5353395162
1008,sure,166,0.02927676687,-0.03237551823
1008,sure,167,-0.01513700646,0.4895651788
1008,sure,168,-0.1505372974,0.2360993626
1008,sure,169,-0.03327228271,0.51265822
1008,sure,170,0.2733036102,0.7908764072
1008,sure,171,1.497272111,2.25712727
1008,sure,172,-0.1032119795,-0.1766936195
1008,sure,173,-0.05362856239,0.4213647826
1008,sure,174,-0.02058764878,-0.02953594319
1008,sure,175,0.00755897213,0.6313173571
1008,sure,176,0.1285825667,0.9562193224
1008,sure,177,0.1140574657,-0.0555192257
1008,sure,178,0.8058045119,1.477537644
1008,sure,179,0.2789730948,0.2006070175
1008,sure,180,0.3998924552,0.7703531665
1008,sure,181,0.2443664732,0.6792389195
1008,sure,182,0.2043716659,0.9573508026
1008,sure,183,-0.06385539598,0.2626043553
1008,sure,184,0.1691680451,0.0406139464
1008,sure,185,0.6773298754,0.730824061
1008,sure,186,0.02254853453,-0.03785321708
1008,sure,187,1.132797474,1.283965954
1008,sure,188,0.2273496074,0.9410473866
1008,sure,189,0.1031461835,0.8055786119
1008,sure,190,0.2541620046,0.6847887106
1008,sure,191,-0.0580978478,-0.4144971859
1008,sure,192,-0.05767282324,0.5098644124
1008,sure,193,-0.01117795366,0.1563775815
1008,sure,194,1.301289463,2.179153026
1008,sure,195,0.2319240073,0.7075795061
1008,sure,196,0.0005411286196,0.3121456002
1008,sure,197,-0.004313884005,-0.141652655
1008,sure,198,-0.1730100557,0.17292752
1008,sure,199,0.03294117884,0.3028789293
1008,sure,200,1.283511706,1.114933209
1008,sure,201,0.3951402254,1.040744157
1008,sure,202,0.181606942,0.4102175885
1008,sure,203,0.003107834105,0.3255060358
1008,sure,204,0.8562259276,0.719344806
1008,sure,205,1.343991679,2.064100837
1008,sure,206,-0.03864753117,0.3986395734
1008,sure,207,0.4050991932,1.426224019
1008,sure,208,0.05577171266,0.4318574612
1008,sure,209,0.01255435759,0.1516548679
1008,sure,210,-0.09846387507,-0.03659221426
1008,sure,211,0.4148197465,1.667378896
1008,sure,212,0.1147981129,0.5249958192
1008,sure,213,0.7767131939,1.112217138
1008,sure,214,0.3796359773,0.7473909335
1008,sure,215,0.05060507775,0.115280733
1008,sure,216,0.545043663,0.3280710451
1008,sure,217,0.5857671646,0.7539452247
1008,sure,218,0.1604578957,0.2518667084
1008,sure,219,-0.02094837687,0.09046212131
1008,sure,220,-0.01620101761,0.6070922295
1008,sure,221,0.4173984291,0.7846939377
1008,sure,222,-0.0643244122,0.2134869868
1008,sure,223,0.02603469717,0.1383917465
1008,sure,224,0.191809275,0.9341945165
1008,sure,225,-0.0126537378,-0.1323653946
1008,sure,226,0.428888952,1.463229066
1008,sure,227,0.2042801694,0.7092943896
1008,sure,228,0.03687514158,0.556448325
1008,sure,229,0.3312109543,0.8052629217
1008,sure,230,0.01833649677,0.236726327
1008,sure,231,0.05034036265,0.01509205363
1008,sure,232,-0.215988641,-0.03081145151
1008,sure,233,0.3248618389,1.15338117
1008,sure,234,0.03485408743,0.2435415395
1008,sure,235,-0.05150781931,0.1030298294
1008,sure,236,0.1702977868,0.1698096567
1008,sure,237,0.305916431,0.8559977821
1008,sure,238,0.2911375529,0.1874848664
1008,sure,239,1.644813461,2.502445805
1008,sure,240,0.2622630595,0.7272065437
1008,sure,241,0.3185844209,0.8372147694
1008,sure,242,0.1217852977,0.03210769731
1008,sure,243,0.050071891,0.67890715
1008,sure,244,0.367353471,0.8836374822
1008,sure,245,0.2108635963,0.5680744697
1008,sure,246,0.2705384783,1.034686035
1008,sure,247,0.1511128175,0.909740927
1008,sure,248,0.3838950654,0.7428936521
1008,sure,249,0.3811286433,0.9091531531
1008,sure,250,-0.009066856204,0.376868413
1008,sure,251,-0.1736144127,0.08862184622
1008,sure,252,0.2599734406,0.3057812748
1008,sure,253,0.3481785902,0.7393196783
1008,sure,254,0.9768651197,1.777536718
1008,sure,255,0.5777503223,1.580631347
1008,sure,256,-0.01676512916,0.3697231782
1008,sure,257,0.08368951924,0.7938818252
1008,sure,258,0.8980191739,1.37502443
1008,sure,259,0.004627401138,0.1567371122
1008,sure,260,0.6933469802,0.9647731475
1008,sure,261,0.2974392564,0.5665011916
1008,sure,262,-0.2554348075,0.8428424743
1008,sure,263,0.0049185022,0.1076190444
1008,sure,264,1.230553212,1.467514988
1008,sure,265,0.3607014031,0.9325947557
1008,sure,266,0.2805888321,0.5829310903
1008,sure,267,1.253390155,1.448085315
1008,sure,268,-0.04984888914,0.09392234489
1008,sure,269,0.00726880971,0.147553646
1008,sure,270,0.009861896052,0.3715619253
1008,sure,271,-0.08407403181,0.293474475
1008,sure,272,0.1719676102,0.501659353
1008,sure,273,0.2038225525,0.9680624595
1008,sure,274,-0.1315303142,0.6908236881
1008,sure,275,0.2271680554,0.6833525617
1008,sure,276,0.3773264392,0.1399346812
1008,sure,277,-0.1617904672,0.5003928629
1008,sure,278,0.004170040272,-0.07238182601
1008,sure,279,0.2046301903,0.4131086615
1008,sure,280,0.1113942455,0.8104427277
1008,sure,281,1.017324461,1.454863378
1008,sure,282,0.03993112182,1.237324885
1008,sure,283,0.2236219211,0.2044669134
1008,sure,284,0.7684067149,1.100501465
1008,sure,285,-0.1214419335,0.2217024826
1008,sure,286,-0.02121014799,-0.02211073533
1008,sure,287,-0.04994528267,0.0001790948374
1008,sure,288,0.5091215428,0.9195021599
1008,sure,289,-0.06319761932,0.5398114854
1008,sure,290,-0.1934353315,-0.2665084037
1008,sure,291,0.3041814977,0.4485894517
1008,sure,292,0.2432612467,0.4435133248
1008,sure,293,0.8667326013,2.504525421
1008,sure,294,0.02436799812,0.1388734897
1008,sure,295,0.009911408949,0.4712575609
1008,sure,296,0.7965886943,1.340235091
1008,sure,297,0.3537185924,0.9846718992
1008,sure,298,0.6609606181,0.9376084054
1008,sure,299,1.004865171,1.253549284
1008,sure,300,-0.0144704523,0.497202704
1008,sure,301,0.01732794206,0.7260648169
1008,sure,302,0.6338482706,0.8452311032
1008,sure,303,0.9371390475,1.17451196
1008,sure,304,0.4829505117,0.5758425007
1008,sure,305,-0.1686827828,0.4355302566
1008,sure,306,0.04697814429,0.4727982667
1008,sure,307,1.019882367,1.565200602
1008,sure,308,0.1467797142,0.1515015508
1008,sure,309,0.1090601634,0.3748276597
1008,sure,310,0.3376008427,0.5369873771
1008,sure,311,0.5368754921,1.038322512
1008,sure,312,-0.05426439785,0.03874535555
1008,sure,313,0.4153342901,0.8986223372
1008,sure,314,0.05272522877,-0.03340112
1008,sure,315,0.2666755408,0.4870451084
1008,sure,316,0.02135292191,0.4598296807
1008,sure,317,-0.2754102364,0.2572904849
1008,sure,318,-0.03624129262,0.5691580014
1008,sure,319,0.1046092532,0.843940761
1008,sure,320,0.9303712463,1.514391121
1008,sure,321,0.4294744369,1.069110198
1008,sure,322,0.01956745867,0.2506459771
1008,sure,323,0.6031830845,1.337825429
1008,sure,324,0.6674356937,0.9804653149
1008,sure,325,0.001482119646,0.3266620309
1008,sure,326,0.4583005126,0.9798575023
1008,sure,327,0.234705263,0.8567311964
1008,sure,328,0.09243293702,0.8662040749
1008,sure,329,-0.04780859586,0.828202673
1008,sure,330,0.053727594,0.1704476121
1008,sure,331,-0.03442386934,0.3999122162
1008,sure,332,0.8930780845,0.906961891
1008,sure,333,0.2671108767,-0.07921308868
1008,sure,334,0.2835577238,1.154610722
1008,sure,335,1.43650905,1.99394585
1008,sure,336,-0.02591779662,0.1184817452
1008,sure,337,0.7166978578,1.479229999
1008,sure,338,0.1497657864,0.2407294115
1008,sure,339,0.01082096729,0.3047885155
1008,sure,340,1.143581887,2.5025561
1008,sure,341,0.1951951288,1.017651569
1008,sure,342,0.01870680079,0.4305351676
1008,sure,343,-0.05651081489,-0.1903163861
1008,sure,344,-0.1084721982,0.3523781737
1008,sure,345,0.7100760679,1.150705803
1008,sure,346,0.1802352817,0.3276295544
1008,sure,347,0.8419729172,0.8031057937
1008,sure,348,0.3926082966,0.717984013
1008,sure,349,0.1736228347,0.09111153486
1008,sure,350,0.08741342972,0.2772278468
1008,sure,351,-0.02163192851,0.02663224696
1008,sure,352,0.05615108927,0.6057476254
1008,sure,353,0.04627504296,0.2238922668
1008,sure,354,0.04989531002,0.2943414369
1008,sure,355,0.3696787276,0.6942856957
1008,sure,356,0.1912437384,0.7141756398
1008,sure,357,-0.2107527496,0.3894504647
1008,sure,358,-0.003368004449,1.218634161
1008,sure,359,0.3930401799,0.7491450362
1008,sure,360,0.7922424196,0.9394227
1008,sure,361,0.1070225151,0.684895761
1008,sure,362,0.8080825594,0.9466098172
1008,sure,363,0.5942714235,1.289373346
1008,sure,364,0.0159066871,-0.09122553951
1008,sure,365,0.0515093338,0.005203937257
1008,sure,366,-0.02578092189,0.01255935777
1008,sure,367,0.7123993269,1.296894689
1008,sure,368,0.210556726,0.05750508359
1008,sure,369,-0.04417391963,1.018137349
1008,sure,370,0.492021343,1.243066199
1008,sure,371,0.6721230528,0.42939568
1008,sure,372,-0.02067157674,0.6594885318
1008,sure,373,0.7610462247,0.7328023124
1008,sure,374,0.2290942945,0.6038795624
1008,sure,375,1.165141811,2.20255145
1008,sure,376,-0.005340467832,0.2321531215
1008,sure,377,0.06808526009,1.139827191
1008,sure,378,0.336149096,0.8080815239
1008,sure,379,0.7477017888,0.6358270957
1008,sure,380,-0.05327894654,0.6224271357
1008,sure,381,-0.02611534658,0.00941691406
1008,sure,382,0.31445977,1.260327483
1008,sure,383,0.6000291962,0.9945375564
1008,sure,384,0.02745682692,0.4088394729
1008,sure,385,1.192887634,1.548531158
1008,sure,386,0.460922033,0.5547230822
1008,sure,387,0.9473988135,1.942121335
1008,sure,388,0.3322519004,0.8494077363
1008,sure,389,0.04930111066,-0.1372611399
1008,sure,390,0.357446969,0.5347912223
1008,sure,391,1.857585452,3.206750293
1008,sure,392,0.6655855611,1.352247764
1008,sure,393,0.1993437956,0.5331105645
1008,sure,394,0.2002509236,1.369495475
1008,sure,395,0.009143286091,1.018136252
1008,sure,396,0.1821882729,0.7369061286
1008,sure,397,0.09547606714,-0.007287180773
1008,sure,398,-0.3106779308,-0.04202318432
1008,sure,399,0.03752886486,-0.2584302981
1008,sure,400,0.8750264699,1.217649646
1008,sure,401,0.1096556463,0.9956537888
1008,sure,402,0.06105797308,0.009658425853
1008,sure,403,0.1102578508,0.1506519963
1008,sure,404,0.1281786086,0.59787811
1008,sure,405,0.04287844834,0.9292662455
1008,sure,406,0.4653562976,0.9117247427
1008,sure,407,-0.02500854662,-0.004336306154
1008,sure,408,0.5984391842,0.02877198519
1008,sure,409,1.266094509,1.812058749
1008,sure,410,0.08502703659,0.4135343322
1008,sure,411,-0.08471331915,0.3709255603
1008,sure,412,-0.1708586633,0.1896488862
1008,sure,413,0.3167362872,0.7245421353
1008,sure,414,0.01184488598,0.08566253486
1008,sure,415,-0.1028612339,0.3552443146
1008,sure,416,0.486294147,1.319753681
1008,sure,417,-0.05389929318,-0.08159844015
1008,sure,418,-0.045930589,-0.01171663575
1008,sure,419,0.2981555245,0.9911775861
1008,sure,420,0.03827015274,-0.08606099106
1008,sure,421,0.01534014622,0.3569684667
1008,sure,422,0.3043416038,0.7199222179
1008,sure,423,0.01003487578,0.09255700679
1008,sure,424,-0.01471569845,0.2262908257
1008,sure,425,0.8258975964,1.366766363
1008,sure,426,0.1358969927,0.8705792058
1008,sure,427,0.4319390533,0.8235909464
1008,sure,428,0.2407726053,0.7779536325
1008,sure,429,0.8933753801,1.08656355
1008,sure,430,0.8238551927,0.9934941651
1008,sure,431,0.4355492763,1.460244199
1008,sure,432,0.2073886424,0.8291025496
1008,sure,433,0.004516304918,-0.05415572093
1008,sure,434,-0.01010369072,-0.01865129413
1008,sure,435,-0.04803202217,0.01438620988
1008,sure,436,0.09329184608,0.5618063072
1008,sure,437,0.1854395395,0.6334180209
1008,sure,438,0.8804891921,2.73518662
1008,sure,439,0.373147819,1.16245476
1008,sure,440,-0.08799828713,-0.110821973
1008,sure,441,0.5950465343,1.930975361
1008,sure,442,-0.01046201556,0.2645731285
1008,sure,443,0.7225256368,1.577696664
1008,sure,444,0.6025555154,1.161614117
1008,sure,445,0.8696790727,1.337255607
1008,sure,446,0.01722984561,0.2547017411
1008,sure,447,0.7500846959,0.9090816502
1008,sure,448,-0.02307505463,-0.3403644546
1008,sure,449,-0.2315851193,0.009124530436
1008,sure,450,-0.004025933996,0.1024468586
1008,sure,451,0.3320820229,1.332996791
1008,sure,452,0.4597103844,0.958928241
1008,sure,453,0.4644353569,1.158052216
1008,sure,454,0.6191864389,0.4857458795
1008,sure,455,-0.02790873477,0.320889839
1008,sure,456,0.3809677126,0.9026480912
1008,sure,457,0.01279753554,0.05884492271
1008,sure,458,0.010454,-0.09093617425
1008,sure,459,0.01187935943,0.1580385826
1008,sure,460,-0.02744158143,0.7623231784
1008,sure,461,0.2333455926,0.2779308296
1008,sure,462,-0.1710501089,0.5514674622
1008,sure,463,0.2796530883,0.8813198326
1008,sure,464,0.01143366305,0.4668673127
1008,sure,465,0.007527882666,-0.3539747467
1008,sure,466,0.2706880582,1.011733957
1008,sure,467,1.056852707,0.6033677882
1008,sure,468,0.8280835536,1.38995959
1008,sure,469,0.9255687366,2.225580077
1008,sure,470,-0.1229611167,0.2725596313
1008,sure,471,0.2410207626,0.4486774481
1008,sure,472,0.4887186058,1.113521064
1008,sure,473,0.01223778717,0.5575819883
1008,sure,474,-0.04772129501,0.06487481864
1008,sure,475,0.03503914754,0.3391593034
1008,sure,476,0.1548156436,0.6161375301
1008,sure,477,-0.6462335354,-0.5047533898
1008,sure,478,-0.03127837008,0.0428951645
1008,sure,479,0.2844080767,0.5778360532
1008,sure,480,-0.1819226307,-0.1230838858
1008,sure,481,0.3540165438,0.7949599417
1008,sure,482,0.02686501896,0.4629869661
1008,sure,483,0.07210834955,-0.01678570522
1008,sure,484,0.01109082685,0.4277118674
1008,sure,485,1.52923509,2.950518948
1008,sure,486,0.520006423,1.012917176
1008,sure,487,1.306707443,2.154369786
1008,sure,488,0.02125332609,-0.1266339828
1008,sure,489,0.4572550836,0.9653400783
1008,sure,490,-0.003370077917,0.1651809744
1008,sure,491,-0.01670960961,-0.01743426327
1008,sure,492,-0.01038299505,0.07896392647
1008,sure,493,-0.01308491294,0.8932785472
1008,sure,494,0.1449371877,0.7423411295
1008,sure,495,0.3211643718,0.8470048304
1008,sure,496,0.4317277342,1.062210404
1008,sure,497,0.02483252899,0.3461380934
1008,sure,498,-0.006407536603,0.03030468628
1008,sure,499,0.03093633945,0.1383120311
1008,sure,500,1.04825153,2.309880924
1008,gmleb,1,2.445480792,1.493714619
1008,gmleb,2,0.8970635761,0.8236504089
1008,gmleb,3,0.2680387219,0.4003378027
1008,gmleb,4,0.03704887952,0.3005011962
1008,gmleb,5,0.2872701322,-0.02534540735
1008,gmleb,6,1.16250653,1.014137194
1008,gmleb,7,1.926049389,1.474003778
1008,gmleb,8,0.6492699822,0.5892465899
1008,gmleb,9,0.3309767731,0.1028614125
1008,gmleb,10,1.055889552,0.8310252367
1008,gmleb,11,2.143795227,1.89941342
1008,gmleb,12,3.271681126,1.85930652
1008,gmleb,13,1.053595519,0.9769611769
1008,gmleb,14,2.046200667,2.046021042
1008,gmleb,15,1.150663507,0.6801591253
1008,gmleb,16,2.24857354,1.362904909
1008,gmleb,17,0.5187157355,0.2153952034
1008,gmleb,18,0.2179993504,0.006129724559
1008,gmleb,19,1.146696147,1.706985005
1008,gmleb,20,0.5343030478,0.4206444428
1008,gmleb,21,0.1895472194,0.00768634028
1008,gmleb,22,2.035010371,1.145988648
1008,gmleb,23,0.162040649,0.08380321015
1008,gmleb,24,0.4504585887,0.44609744
1008,gmleb,25,1.042528124,0.6165338131
1008,gmleb,26,1.228973687,0.7086942217
1008,gmleb,27,0.924157621,0.8628153329
1008,gmleb,28,0.56715264,0.32863253
1008,gmleb,29,0.7951033542,0.4785535671
1008,gmleb,30,1.222439819,0.8124531932
1008,gmleb,31,0.2220019427,0.04750735244
1008,gmleb,32,0.9946431641,0.7380089342
1008,gmleb,33,0.1019278391,-0.09049534284
1008,gmleb,34,1.29822739,0.7362798778
1008,gmleb,35,0.5987272718,0.9109040747
1008,gmleb,36,0.3650786496,0.1940787756
1008,gmleb,37,0.6312223246,0.6657362855
1008,gmleb,38,0.7765366106,0.4703260287
1008,gmleb,39,0.841027634,0.4454093522
1008,gmleb,40,0.1849290172,0.4826840243
1008,gmleb,41,0.9780063766,1.140656311
1008,gmleb,42,0.3636864946,0.09295977737
1008,gmleb,43,1.206716017,1.750428295
1008,gmleb,44,1.003381161,1.159465534
1008,gmleb,45,0.7669236098,0.7046332686
1008,gmleb,46,1.625430373,1.784191912
1008,gmleb,47,0.9069393371,1.38343495
1008,gmleb,48,-0.03897345158,0.1584040626
1008,gmleb,49,0.1161424895,-0.4478261191
1008,gmleb,50,0.3523879683,-0.04796992064
1008,gmleb,51,1.200382982,1.091371392
1008,gmleb,52,1.046944065,1.323706221
1008,gmleb,53,0.1847882814,-0.1102486655
1008,gmleb,54,0.6429246624,0.6502986302
1008,gmleb,55,1.033010471,0.8381667224
1008,gmleb,56,0.7481765324,0.677537583
1008,gmleb,57,0.4112981153,0.3850356719
1008,gmleb,58,1.517435797,1.450268862
1008,gmleb,59,0.7927265056,0.9650571744
1008,gmleb,60,1.095559654,0.3508152156
1008,gmleb,61,1.227225081,0.8874770938
1008,gmleb,62,0.3091359271,0.3387865155
1008,gmleb,63,0.2076957156,0.09228879718
1008,gmleb,64,1.085393196,0.8301394355
1008,gmleb,65,0.2932664605,0.1260656951
1008,gmleb,66,1.000716178,0.6511437771
1008,gmleb,67,0.4248729855,0.1289601068
1008,gmleb,68,0.7882909491,0.7959937722
1008,gmleb,69,0.3048413732,0.1837864394
1008,gmleb,70,0.1376943279,0.08763883514
1008,gmleb,71,0.346954435,0.1627527574
1008,gmleb,72,0.510962006,0.2880602044
1008,gmleb,73,0.6608680033,0.6321693864
1008,gmleb,74,0.4336192958,0.1851755638
1008,gmleb,75,0.650261549,0.1137630648
1008,gmleb,76,0.2682028429,0.03861481037
1008,gmleb,77,0.316008554,0.1727040321
1008,gmleb,78,0.2950407768,-0.08838850436
1008,gmleb,79,0.3519342848,0.05351045246
1008,gmleb,80,1.46058201,1.105435373
1008,gmleb,81,1.046112496,0.7530237483
1008,gmleb,82,0.08379768916,-0.2968305528
1008,gmleb,83,1.163423473,0.8710949674
1008,gmleb,84,0.307348589,0.1613795524
1008,gmleb,85,0.9443242207,0.5259262575
1008,gmleb,86,0.3609033552,0.2075447812
1008,gmleb,87,1.004461411,0.5804693492
1008,gmleb,88,3.16648254,2.105889093
1008,gmleb,89,1.055471135,0.7667188855
1008,gmleb,90,0.7482921549,0.2106754838
1008,gmleb,91,0.5386795386,0.3264722504
1008,gmleb,92,2.566454238,2.541100962
1008,gmleb,93,0.6545379622,0.4525069652
1008,gmleb,94,0.7486102496,0.4196741515
1008,gmleb,95,1.203667068,1.432323485
1008,gmleb,96,0.1614635685,0.6464603944
1008,gmleb,97,1.01720475,0.873292242
1008,gmleb,98,0.6730825,0.701919176
1008,gmleb,99,0.9199702823,0.8615741105
1008,gmleb,100,3.239221751,3.377951683
1008,gmleb,101,0.2246571768,0.04178514145
1008,gmleb,102,1.085734985,0.9252777166
1008,gmleb,103,0.4247560694,0.3316120688
1008,gmleb,104,1.27335697,0.9624124646
1008,gmleb,105,1.162389505,1.141137181
1008,gmleb,106,1.164553435,0.9236441785
1008,gmleb,107,-0.04694241736,-0.04321552151
1008,gmleb,108,0.2530153309,-0.03480877935
1008,gmleb,109,0.2331513376,0.05814534787
1008,gmleb,110,0.7759884245,0.9088801569
1008,gmleb,111,1.225208639,1.049893736
1008,gmleb,112,0.4236524731,0.3193397302
1008,gmleb,113,1.671932031,1.537471688
1008,gmleb,114,1.050979004,0.9785274385
1008,gmleb,115,0.06398145801,0.07420369338
1008,gmleb,116,2.870944371,1.372457156
1008,gmleb,117,0.1691975094,-0.01757304619
1008,gmleb,118,3.192754275,2.854682937
1008,gmleb,119,0.5208489297,0.4443159885
1008,gmleb,120,0.4160243243,0.6848026115
1008,gmleb,121,0.654025966,0.3543443778
1008,gmleb,122,1.175829745,1.474758714
1008,gmleb,123,1.309574428,0.995502029
1008,gmleb,124,0.09934359824,0.1524188972
1008,gmleb,125,0.2679121485,0.26481956
1008,gmleb,126,0.4456990859,0.3419499252
1008,gmleb,127,-0.6087678016,-1.206853134
1008,gmleb,128,1.141445118,0.7017551871
1008,gmleb,129,1.87936956,1.384383549
1008,gmleb,130,1.383512874,0.7027574612
1008,gmleb,131,0.6771988456,0.6599605646
1008,gmleb,132,2.058241122,0.9777010224
1008,gmleb,133,1.182553463,1.456559976
1008,gmleb,134,2.276661678,1.943007976
1008,gmleb,135,0.2348071225,-0.1183778338
1008,gmleb,136,1.374545835,1.485788678
1008,gmleb,137,1.320727107,1.44482489
1008,gmleb,138,0.6182340772,0.4253094515
1008,gmleb,139,0.3672709145,0.1555845492
1008,gmleb,140,1.431107128,1.418136621
1008,gmleb,141,2.164806623,2.639651609
1008,gmleb,142,0.9398514924,0.9150328827
1008,gmleb,143,1.106852956,0.7913161085
1008,gmleb,144,2.095831871,1.486232718
1008,gmleb,145,0.7235728919,0.3058488966
1008,gmleb,146,0.8612122351,0.8424277747
1008,gmleb,147,0.8531935112,0.7078533648
1008,gmleb,148,0.2853233195,0.2254413934
1008,gmleb,149,0.527869535,0.3449941243
1008,gmleb,150,1.044690023,0.6736727836
1008,gmleb,151,0.4033555571,0.2314797585
1008,gmleb,152,3.017802273,2.29907765
1008,gmleb,153,0.3632022402,0.1615450937
1008,gmleb,154,0.6866356668,1.395713358
1008,gmleb,155,0.4832680321,0.05383103615
1008,gmleb,156,3.58903629,3.352086664
1008,gmleb,157,0.6244528114,0.4143263565
1008,gmleb,158,0.3881384847,0.4256106452
1008,gmleb,159,0.7615673197,0.7413917056
1008,gmleb,160,0.8428015701,0.3474778894
1008,gmleb,161,0.6083626517,0.5153388465
1008,gmleb,162,0.2959276834,0.2362955306
1008,gmleb,163,0.2895307869,0.208031668
1008,gmleb,164,1.001458835,1.015078051
1008,gmleb,165,0.8496938359,0.5353395162
1008,gmleb,166,0.2654907968,-0.03237551823
1008,gmleb,167,0.6169392507,0.4895651788
1008,gmleb,168,0.200796491,0.2360993626
1008,gmleb,169,0.5767247108,0.51265822
1008,gmleb,170,1.010736985,0.7908764072
1008,gmleb,171,2.714287841,2.25712727
1008,gmleb,172,0.213174383,-0.1766936195
1008,gmleb,173,0.3641860916,0.4213647826
1008,gmleb,174,0.2015377688,-0.02953594319
1008,gmleb,175,0.5238395394,0.6313173571
1008,gmleb,176,0.8103320009,0.9562193224
1008,gmleb,177,0.4804178143,-0.0555192257
1008,gmleb,178,1.600424059,1.477537644
1008,gmleb,179,0.8393105166,0.2006070175
1008,gmleb,180,1.124413909,0.7703531665
1008,gmleb,181,0.8677362688,0.6792389195
1008,gmleb,182,0.5130507471,0.9573508026
1008,gmleb,183,0.3663430303,0.2626043553
1008,gmleb,184,0.5201225409,0.0406139464
1008,gmleb,185,1.377155258,0.730824061
1008,gmleb,186,0.2267456128,-0.03785321708
1008,gmleb,187,1.790433233,1.283965954
1008,gmleb,188,0.7773973846,0.9410473866
1008,gmleb,189,0.7995506426,0.8055786119
1008,gmleb,190,1.000603118,0.6847887106
1008,gmleb,191,0.1492322728,-0.4144971859
1008,gmleb,192,0.5978651553,0.5098644124
1008,gmleb,193,0.3206244955,0.1563775815
1008,gmleb,194,2.231103781,2.179153026
1008,gmleb,195,1.018962921,0.7075795061
1008,gmleb,196,0.5551379138,0.3121456002
1008,gmleb,197,0.1818054745,-0.141652655
1008,gmleb,198,0.105123656,0.17292752
1008,gmleb,199,0.4348542734,0.3028789293
1008,gmleb,200,2.187092521,1.114933209
1008,gmleb,201,1.001615776,1.040744157
1008,gmleb,202,1.043381197,0.4102175885
1008,gmleb,203,0.5698641931,0.3255060358
1008,gmleb,204,2.001925839,0.719344806
1008,gmleb,205,2.435269478,2.064100837
1008,gmleb,206,0.2957603231,0.3986395734
1008,gmleb,207,1.248108193,1.426224019
1008,gmleb,208,0.6840528051,0.4318574612
1008,gmleb,209,0.3562506688,0.1516548679
1008,gmleb,210,0.2598787388,-0.03659221426
1008,gmleb,211,1.137439673,1.667378896
1008,gmleb,212,0.7140482641,0.5249958192
1008,gmleb,213,1.584457433,1.112217138
1008,gmleb,214,1.009350256,0.7473909335
1008,gmleb,215,0.4670346913,0.115280733
1008,gmleb,216,1.294764773,0.3280710451
1008,gmleb,217,1.316330068,0.7539452247
1008,gmleb,218,0.5928499678,0.2518667084
1008,gmleb,219,0.1932807573,0.09046212131
1008,gmleb,220,0.7694518409,0.6070922295
1008,gmleb,221,1.084088429,0.7846939377
1008,gmleb,222,0.2298315002,0.2134869868
1008,gmleb,223,0.1236469513,0.1383917465
1008,gmleb,224,1.098626371,0.9341945165
1008,gmleb,225,0.3046329454,-0.1323653946
1008,gmleb,226,1.103848687,1.463229066
1008,gmleb,227,0.8755269213,0.7092943896
1008,gmleb,228,0.3732463265,0.556448325
1008,gmleb,229,1.095725642,0.8052629217
1008,gmleb,230,0.4831151276,0.236726327
1008,gmleb,231,0.1313199425,0.01509205363
1008,gmleb,232,0.09188465615,-0.03081145151
1008,gmleb,233,1.000279563,1.15338117
1008,gmleb,234,0.2465785928,0.2435415395
1008,gmleb,235,0.2305314678,0.1030298294
1008,gmleb,236,0.2501857593,0.1698096567
1008,gmleb,237,0.9461232656,0.8559977821
1008,gmleb,238,0.9194093502,0.1874848664
1008,gmleb,239,2.505661002,2.502445805
1008,gmleb,240,1.024890185,0.7272065437
1008,gmleb,241,0.9100749751,0.8372147694
1008,gmleb,242,0.3328644129,0.03210769731
1008,gmleb,243,0.5765909472,0.67890715
1008,gmleb,244,1.137063391,0.8836374822
1008,gmleb,245,0.518691986,0.5680744697
1008,gmleb,246,0.856815655,1.034686035
1008,gmleb,247,0.9509556417,0.909740927
1008,gmleb,248,1.049703646,0.7428936521
1008,gmleb,249,0.9183002967,0.9091531531
1008,gmleb,250,0.352519833,0.376868413
1008,gmleb,251,0.1667850944,0.08862184622
1008,gmleb,252,0.8040365783,0.3057812748
1008,gmleb,253,0.9826328308,0.7393196783
1008,gmleb,254,1.889446901,1.777536718
1008,gmleb,255,1.457785071,1.580631347
1008,gmleb,256,0.2582028754,0.3697231782
1008,gmleb,257,0.780549102,0.7938818252
1008,gmleb,258,1.569178502,1.37502443
1008,gmleb,259,0.2423625805,0.1567371122
1008,gmleb,260,1.400816345,0.9647731475
1008,gmleb,261,0.9159956088,0.5665011916
1008,gmleb,262,0.5452510971,0.8428424743
1008,gmleb,263,0.2670250434,0.1076190444
1008,gmleb,264,1.957289062,1.467514988
1008,gmleb,265,1.13237507,0.9325947557
1008,gmleb,266,1.072600273,0.5829310903
1008,gmleb,267,2.05832988,1.448085315
1008,gmleb,268,0.09739647497,0.09392234489
1008,gmleb,269,0.2492920353,0.147553646
1008,gmleb,270,0.243806381,0.3715619253
1008,gmleb,271,0.2433171821,0.293474475
1008,gmleb,272,0.7746459942,0.501659353
1008,gmleb,273,0.676489123,0.9680624595
1008,gmleb,274,0.2425785537,0.6908236881
1008,gmleb,275,0.9617002683,0.6833525617
1008,gmleb,276,0.8134427661,0.1399346812
1008,gmleb,277,0.08854191073,0.5003928629
1008,gmleb,278,0.2893477165,-0.07238182601
1008,gmleb,279,0.8479989694,0.4131086615
1008,gmleb,280,0.7741640458,0.8104427277
1008,gmleb,281,1.741117097,1.454863378
1008,gmleb,282,0.889117538,1.237324885
1008,gmleb,283,0.9832498464,0.2044669134
1008,gmleb,284,1.650400153,1.100501465
1008,gmleb,285,0.01049032213,0.2217024826
1008,gmleb,286,0.2331020019,-0.02211073533
1008,gmleb,287,0.2014078126,0.0001790948374
1008,gmleb,288,1.120277339,0.9195021599
1008,gmleb,289,0.178980903,0.5398114854
1008,gmleb,290,0.1197194787,-0.2665084037
1008,gmleb,291,1.219800014,0.4485894517
1008,gmleb,292,0.7691754487,0.4435133248
1008,gmleb,293,1.776563599,2.504525421
1008,gmleb,294,0.3493647422,0.1388734897
1008,gmleb,295,0.2639161574,0.4712575609
1008,gmleb,296,1.662749591,1.340235091
1008,gmleb,297,0.8707892969,0.9846718992
1008,gmleb,298,1.21975673,0.9376084054
1008,gmleb,299,1.976496018,1.253549284
1008,gmleb,300,0.34221996,0.497202704
1008,gmleb,301,0.7451287501,0.7260648169
1008,gmleb,302,1.943292937,0.8452311032
1008,gmleb,303,1.660329047,1.17451196
1008,gmleb,304,1.472148307,0.5758425007
1008,gmleb,305,0.2660604386,0.4355302566
1008,gmleb,306,0.380379913,0.4727982667
1008,gmleb,307,2.355604231,1.565200602
1008,gmleb,308,0.2195487239,0.1515015508
1008,gmleb,309,0.7042220018,0.3748276597
1008,gmleb,310,0.815081818,0.5369873771
1008,gmleb,311,1.198568884,1.038322512
1008,gmleb,312,0.06926535273,0.03874535555
1008,gmleb,313,1.046899839,0.8986223372
1008,gmleb,314,0.4156948652,-0.03340112
1008,gmleb,315,0.9787383602,0.4870451084
1008,gmleb,316,0.4720829211,0.4598296807
1008,gmleb,317,0.09168402143,0.2572904849
1008,gmleb,318,0.2609278967,0.5691580014
1008,gmleb,319,0.9214730591,0.843940761
1008,gmleb,320,1.588226594,1.514391121
1008,gmleb,321,1.073648248,1.069110198
1008,gmleb,322,0.4391590686,0.2506459771
1008,gmleb,323,1.22906844,1.337825429
1008,gmleb,324,1.407156755,0.9804653149
1008,gmleb,325,0.3354068912,0.3266620309
1008,gmleb,326,1.130398285,0.9798575023
1008,gmleb,327,1.135002293,0.8567311964
1008,gmleb,328,0.4591325209,0.8662040749
1008,gmleb,329,0.5939294251,0.828202673
1008,gmleb,330,0.209077348,0.1704476121
1008,gmleb,331,0.2934247558,0.3999122162
1008,gmleb,332,1.939499386,0.906961891
1008,gmleb,333,0.4421046475,-0.07921308868
1008,gmleb,334,1.157317623,1.154610722
1008,gmleb,335,2.441762226,1.99394585
1008,gmleb,336,0.4217345275,0.1184817452
1008,gmleb,337,1.51054798,1.479229999
1008,gmleb,338,0.5450920269,0.2407294115
1008,gmleb,339,0.1467691768,0.3047885155
1008,gmleb,340,2.240390937,2.5025561
1008,gmleb,341,0.7869481627,1.017651569
1008,gmleb,342,0.6333072528,0.4305351676
1008,gmleb,343,0.1939409082,-0.1903163861
1008,gmleb,344,0.2295191663,0.3523781737
1008,gmleb,345,1.312448813,1.150705803
1008,gmleb,346,0.4793160717,0.3276295544
1008,gmleb,347,1.509812447,0.8031057937
1008,gmleb,348,1.169586508,0.717984013
1008,gmleb,349,0.6905717774,0.09111153486
1008,gmleb,350,0.4701709435,0.2772278468
1008,gmleb,351,0.3379528724,0.02663224696
1008,gmleb,352,0.7497849314,0.6057476254
1008,gmleb,353,0.1088966523,0.2238922668
1008,gmleb,354,0.4457248651,0.2943414369
1008,gmleb,355,0.9956601657,0.6942856957
1008,gmleb,356,0.7440030607,0.7141756398
1008,gmleb,357,-0.1491262785,0.3894504647
1008,gmleb,358,0.8184424673,1.218634161
1008,gmleb,359,1.046663309,0.7491450362
1008,gmleb,360,1.548536517,0.9394227
1008,gmleb,361,0.8729247177,0.684895761
1008,gmleb,362,1.317679469,0.9466098172
1008,gmleb,363,1.440565766,1.289373346
1008,gmleb,364,0.3898742877,-0.09122553951
1008,gmleb,365,0.1721411844,0.005203937257
1008,gmleb,366,0.1805435133,0.01255935777
1008,gmleb,367,1.496190779,1.296894689
1008,gmleb,368,0.2773947422,0.05750508359
1008,gmleb,369,0.7739694423,1.018137349
1008,gmleb,370,1.293020397,1.243066199
1008,gmleb,371,1.315347455,0.42939568
1008,gmleb,372,0.3080900293,0.6594885318
1008,gmleb,373,2.005634993,0.7328023124
1008,gmleb,374,0.3438014154,0.6038795624
1008,gmleb,375,1.917392784,2.20255145
1008,gmleb,376,0.3855373861,0.2321531215
1008,gmleb,377,0.5643138583,1.139827191
1008,gmleb,378,1.010971008,0.8080815239
1008,gmleb,379,1.083747224,0.6358270957
1008,gmleb,380,0.4015939436,0.6224271357
1008,gmleb,381,0.06497859979,0.00941691406
1008,gmleb,382,0.9414739721,1.260327483
1008,gmleb,383,1.422274893,0.9945375564
1008,gmleb,384,0.449809644,0.4088394729
1008,gmleb,385,2.289197505,1.548531158
1008,gmleb,386,1.065183955,0.5547230822
1008,gmleb,387,1.745349541,1.942121335
1008,gmleb,388,1.208568295,0.8494077363
1008,gmleb,389,0.2601995396,-0.1372611399
1008,gmleb,390,1.231948711,0.5347912223
1008,gmleb,391,2.955029599,3.206750293
1008,gmleb,392,1.331680088,1.352247764
1008,gmleb,393,0.5907887186,0.5331105645
1008,gmleb,394,1.188940125,1.369495475
1008,gmleb,395,0.5781371608,1.018136252
1008,gmleb,396,1.034448995,0.7369061286
1008,gmleb,397,0.4795782754,-0.007287180773
1008,gmleb,398,0.07673164342,-0.04202318432
1008,gmleb,399,0.5459246395,-0.2584302981
1008,gmleb,400,1.866342898,1.217649646
1008,gmleb,401,0.944006529,0.9956537888
1008,gmleb,402,0.2599013501,0.009658425853
1008,gmleb,403,0.4722802958,0.1506519963
1008,gmleb,404,0.5749223235,0.59787811
1008,gmleb,405,0.9647433953,0.9292662455
1008,gmleb,406,1.20071823,0.9117247427
1008,gmleb,407,0.3634164407,-0.004336306154
1008,gmleb,408,1.982342748,0.02877198519
1008,gmleb,409,2.726877505,1.812058749
1008,gmleb,410,0.644308107,0.4135343322
1008,gmleb,411,0.3994989392,0.3709255603
1008,gmleb,412,-0.1325271731,0.1896488862
1008,gmleb,413,0.944833482,0.7245421353
1008,gmleb,414,0.3557903989,0.08566253486
1008,gmleb,415,0.3303694183,0.3552443146
1008,gmleb,416,1.118778925,1.319753681
1008,gmleb,417,0.2456712985,-0.08159844015
1008,gmleb,418,0.2078530116,-0.01171663575
1008,gmleb,419,1.064982142,0.9911775861
1008,gmleb,420,0.1637703992,-0.08606099106
1008,gmleb,421,0.4507138754,0.3569684667
1008,gmleb,422,0.9964055311,0.7199222179
1008,gmleb,423,0.3294208486,0.09255700679
1008,gmleb,424,0.1074967948,0.2262908257
1008,gmleb,425,1.705231027,1.366766363
1008,gmleb,426,0.7583849452,0.8705792058
1008,gmleb,427,0.8236709701,0.8235909464
1008,gmleb,428,0.5903533347,0.7779536325
1008,gmleb,429,1.705030178,1.08656355
1008,gmleb,430,1.402873106,0.9934941651
1008,gmleb,431,0.9287176747,1.460244199
1008,gmleb,432,0.8612022166,0.8291025496
1008,gmleb,433,0.3837892634,-0.05415572093
1008,gmleb,434,0.2990528882,-0.01865129413
1008,gmleb,435,0.09342640778,0.01438620988
1008,gmleb,436,0.8731248365,0.5618063072
1008,gmleb,437,0.8234982098,0.6334180209
1008,gmleb,438,1.58439385,2.73518662
1008,gmleb,439,1.196933579,1.16245476
1008,gmleb,440,0.005494074323,-0.110821973
1008,gmleb,441,1.769817117,1.930975361
1008,gmleb,442,0.1897407906,0.2645731285
1008,gmleb,443,1.156454981,1.577696664
1008,gmleb,444,1.335938828,1.161614117
1008,gmleb,445,1.388360632,1.337255607
1008,gmleb,446,0.3571165798,0.2547017411
1008,gmleb,447,1.493330864,0.9090816502
1008,gmleb,448,0.1894486586,-0.3403644546
1008,gmleb,449,0.06708355243,0.009124530436
1008,gmleb,450,0.2935540665,0.1024468586
1008,gmleb,451,1.040304391,1.332996791
1008,gmleb,452,1.180905288,0.958928241
1008,gmleb,453,1.233487259,1.158052216
1008,gmleb,454,1.207802168,0.4857458795
1008,gmleb,455,0.4019694031,0.320889839
1008,gmleb,456,1.0715635,0.9026480912
1008,gmleb,457,0.23930038,0.05884492271
1008,gmleb,458,0.3149347984,-0.09093617425
1008,gmleb,459,0.3048662782,0.1580385826
1008,gmleb,460,0.6062587379,0.7623231784
1008,gmleb,461,0.7738171581,0.2779308296
1008,gmleb,462,0.5387059101,0.5514674622
1008,gmleb,463,0.9393134086,0.8813198326
1008,gmleb,464,0.8348373175,0.4668673127
1008,gmleb,465,0.4559712109,-0.3539747467
1008,gmleb,466,1.095729869,1.011733957
1008,gmleb,467,2.310844657,0.6033677882
1008,gmleb,468,1.616644155,1.38995959
1008,gmleb,469,1.854213775,2.225580077
1008,gmleb,470,0.3747326539,0.2725596313
1008,gmleb,471,0.7146622977,0.4486774481
1008,gmleb,472,1.206612388,1.113521064
1008,gmleb,473,0.7627467411,0.5575819883
1008,gmleb,474,0.2903123247,0.06487481864
1008,gmleb,475,0.5281954499,0.3391593034
1008,gmleb,476,0.622129927,0.6161375301
1008,gmleb,477,-0.1661971547,-0.5047533898
1008,gmleb,478,0.1988052028,0.0428951645
1008,gmleb,479,0.4881961848,0.5778360532
1008,gmleb,480,0.163018624,-0.1230838858
1008,gmleb,481,1.079943575,0.7949599417
1008,gmleb,482,0.6813390987,0.4629869661
1008,gmleb,483,0.30855235,-0.01678570522
1008,gmleb,484,0.6120466009,0.4277118674
1008,gmleb,485,2.608809596,2.950518948
1008,gmleb,486,1.028075911,1.012917176
1008,gmleb,487,2.13770938,2.154369786
1008,gmleb,488,0.3789609913,-0.1266339828
1008,gmleb,489,1.178643798,0.9653400783
1008,gmleb,490,0.1145367402,0.1651809744
1008,gmleb,491,0.2500110786,-0.01743426327
1008,gmleb,492,0.2724959037,0.07896392647
1008,gmleb,493,0.5512519682,0.8932785472
1008,gmleb,494,0.9694510949,0.7423411295
1008,gmleb,495,0.9875223424,0.8470048304
1008,gmleb,496,1.056849094,1.062210404
1008,gmleb,497,0.4686358689,0.3461380934
1008,gmleb,498,0.4282378818,0.03030468628
1008,gmleb,499,0.1865841323,0.1383120311
1008,gmleb,500,1.923014985,2.309880924
1008,polyhedral,1,2.647176176,1.493714619
1008,polyhedral,2,1.332587837,0.8236504089
1008,polyhedral,3,-8.54788439,0.4003378027
1008,polyhedral,4,0.7101034984,0.3005011962
1008,polyhedral,5,-1.43288942,-0.02534540735
1008,polyhedral,6,-5.210457292,1.014137194
1008,polyhedral,7,2.934089242,1.474003778
1008,polyhedral,8,-15.70067032,0.5892465899
1008,polyhedral,9,0.651195183,0.1028614125
1008,polyhedral,10,-2.147024124,0.8310252367
1008,polyhedral,11,1.994825342,1.89941342
1008,polyhedral,12,3.324334783,1.85930652
1008,polyhedral,13,0.7628266452,0.9769611769
1008,polyhedral,14,2.099541387,2.046021042
1008,polyhedral,15,0.4909049852,0.6801591253
1008,polyhedral,16,2.47649721,1.362904909
1008,polyhedral,17,1.1442443,0.2153952034
1008,polyhedral,18,-1.765984583,0.006129724559
1008,polyhedral,19,-1.645166588,1.706985005
1008,polyhedral,20,0.4094533314,0.4206444428
1008,polyhedral,21,-0.2289601561,0.00768634028
1008,polyhedral,22,2.723983797,1.145988648
1008,polyhedral,23,0.7709846763,0.08380321015
1008,polyhedral,24,0.2169683335,0.44609744
1008,polyhedral,25,2.133583951,0.6165338131
1008,polyhedral,26,-0.9705109328,0.7086942217
1008,polyhedral,27,0.522562357,0.8628153329
1008,polyhedral,28,1.063520086,0.32863253
1008,polyhedral,29,0.7672682827,0.4785535671
1008,polyhedral,30,1.978928517,0.8124531932
1008,polyhedral,31,-1.792872563,0.04750735244
1008,polyhedral,32,0.1468603405,0.7380089342
1008,polyhedral,33,0.6865875829,-0.09049534284
1008,polyhedral,34,1.484626439,0.7362798778
1008,polyhedral,35,0.6340975436,0.9109040747
1008,polyhedral,36,-3.974353128,0.1940787756
1008,polyhedral,37,1.197237538,0.6657362855
1008,polyhedral,38,-0.5099063505,0.4703260287
1008,polyhedral,39,2.001527344,0.4454093522
1008,polyhedral,40,1.021682727,0.4826840243
1008,polyhedral,41,-1.214673862,1.140656311
1008,polyhedral,42,0.3992728864,0.09295977737
1008,polyhedral,43,0.4215613059,1.750428295
1008,polyhedral,44,1.573884426,1.159465534
1008,polyhedral,45,1.627699251,0.7046332686
1008,polyhedral,46,2.21844532,1.784191912
1008,polyhedral,47,1.770251214,1.38343495
1008,polyhedral,48,-1.368314195,0.1584040626
1008,polyhedral,49,0.8442682938,-0.4478261191
1008,polyhedral,50,-0.3117673956,-0.04796992064
1008,polyhedral,51,1.118825893,1.091371392
1008,polyhedral,52,1.187559192,1.323706221
1008,polyhedral,53,0.8320164035,-0.1102486655
1008,polyhedral,54,0.5085582705,0.6502986302
1008,polyhedral,55,1.18274675,0.8381667224
1008,polyhedral,56,1.255004966,0.677537583
1008,polyhedral,57,-3.698273495,0.3850356719
1008,polyhedral,58,1.023384882,1.450268862
1008,polyhedral,59,-0.009018239732,0.9650571744
1008,polyhedral,60,1.609356765,0.3508152156
1008,polyhedral,61,0.7022629579,0.8874770938
1008,polyhedral,62,-2.39001407,0.3387865155
1008,polyhedral,63,-0.2032860796,0.09228879718
1008,polyhedral,64,0.5360967726,0.8301394355
1008,polyhedral,65,1.161750586,0.1260656951
1008,polyhedral,66,1.533149388,0.6511437771
1008,polyhedral,67,0.5028911263,0.1289601068
1008,polyhedral,68,1.563769041,0.7959937722
1008,polyhedral,69,-0.2048082217,0.1837864394
1008,polyhedral,70,0.5059283179,0.08763883514
1008,polyhedral,71,-15.83035975,0.1627527574
1008,polyhedral,72,1.407238421,0.2880602044
1008,polyhedral,73,0.2889292441,0.6321693864
1008,polyhedral,74,-1.208053747,0.1851755638
1008,polyhedral,75,1.236147628,0.1137630648
1008,polyhedral,76,0.5278946467,0.03861481037
1008,polyhedral,77,0.8918671012,0.1727040321
1008,polyhedral,78,-11.19797362,-0.08838850436
1008,polyhedral,79,1.057413307,0.05351045246
1008,polyhedral,80,1.763354764,1.105435373
1008,polyhedral,81,0.2591327811,0.7530237483
1008,polyhedral,82,0.6011151914,-0.2968305528
1008,polyhedral,83,1.198879722,0.8710949674
1008,polyhedral,84,0.4904326743,0.1613795524
1008,polyhedral,85,1.60191198,0.5259262575
1008,polyhedral,86,-16.12799569,0.2075447812
1008,polyhedral,87,1.363028067,0.5804693492
1008,polyhedral,88,3.237573291,2.105889093
1008,polyhedral,89,1.479872856,0.7667188855
1008,polyhedral,90,0.9612967376,0.2106754838
1008,polyhedral,91,-15.84374637,0.3264722504
1008,polyhedral,92,2.425456239,2.541100962
1008,polyhedral,93,0.8890166402,0.4525069652
1008,polyhedral,94,0.8362790756,0.4196741515
1008,polyhedral,95,-1.271407212,1.432323485
1008,polyhedral,96,0.1615831781,0.6464603944
1008,polyhedral,97,-16.34196551,0.873292242
1008,polyhedral,98,0.882665993,0.701919176
1008,polyhedral,99,1.37107969,0.8615741105
1008,polyhedral,100,3.415621997,3.377951683
1008,polyhedral,101,0.8298002799,0.04178514145
1008,polyhedral,102,-0.08784316556,0.9252777166
1008,polyhedral,103,-5.646057321,0.3316120688
1008,polyhedral,104,2.266528815,0.9624124646
1008,polyhedral,105,-0.367380623,1.141137181
1008,polyhedral,106,1.602759477,0.9236441785
1008,polyhedral,107,0.3947552001,-0.04321552151
1008,polyhedral,108,0.1896471088,-0.03480877935
1008,polyhedral,109,-16.11460881,0.05814534787
1008,polyhedral,110,0.5238954163,0.9088801569
1008,polyhedral,111,2.086911345,1.049893736
1008,polyhedral,112,0.01870126399,0.3193397302
1008,polyhedral,113,2.038242247,1.537471688
1008,polyhedral,114,1.368204838,0.9785274385
1008,polyhedral,115,0.1855496735,0.07420369338
1008,polyhedral,116,3.06816084,1.372457156
1008,polyhedral,117,0.4724273237,-0.01757304619
1008,polyhedral,118,3.224962397,2.854682937
1008,polyhedral,119,1.175908806,0.4443159885
1008,polyhedral,120,-6.552143657,0.6848026115
1008,polyhedral,121,-8.190974154,0.3543443778
1008,polyhedral,122,1.39317687,1.474758714
1008,polyhedral,123,-2.756675825,0.995502029
1008,polyhedral,124,0.8409408602,0.1524188972
1008,polyhedral,125,0.4146502603,0.26481956
1008,polyhedral,126,-0.578577873,0.3419499252
1008,polyhedral,127,-4.978680609,-1.206853134
1008,polyhedral,128,1.022942947,0.7017551871
1008,polyhedral,129,0.5482003701,1.384383549
1008,polyhedral,130,-0.4203769073,0.7027574612
1008,polyhedral,131,-7.56843308,0.6599605646
1008,polyhedral,132,1.961906864,0.9777010224
1008,polyhedral,133,-0.1672404021,1.456559976
1008,polyhedral,134,2.809884883,1.943007976
1008,polyhedral,135,0.0476455633,-0.1183778338
1008,polyhedral,136,1.699920447,1.485788678
1008,polyhedral,137,1.984233552,1.44482489
1008,polyhedral,138,1.613187659,0.4253094515
1008,polyhedral,139,1.325709377,0.1555845492
1008,polyhedral,140,1.95668454,1.418136621
1008,polyhedral,141,1.755803264,2.639651609
1008,polyhedral,142,0.5675365549,0.9150328827
1008,polyhedral,143,1.07641621,0.7913161085
1008,polyhedral,144,2.234910209,1.486232718
1008,polyhedral,145,0.3623945992,0.3058488966
1008,polyhedral,146,1.531569847,0.8424277747
1008,polyhedral,147,1.471302027,0.7078533648
1008,polyhedral,148,-16.2670594,0.2254413934
1008,polyhedral,149,0.4709189258,0.3449941243
1008,polyhedral,150,1.8626308,0.6736727836
1008,polyhedral,151,0.145337687,0.2314797585
1008,polyhedral,152,3.027362825,2.29907765
1008,polyhedral,153,-1.974814557,0.1615450937
1008,polyhedral,154,-15.65910911,1.395713358
1008,polyhedral,155,0.3897603915,0.05383103615
1008,polyhedral,156,3.821041852,3.352086664
1008,polyhedral,157,0.8263632959,0.4143263565
1008,polyhedral,158,0.5344701809,0.4256106452
1008,polyhedral,159,-0.6523650271,0.7413917056
1008,polyhedral,160,0.752915249,0.3474778894
1008,polyhedral,161,0.4592205858,0.5153388465
1008,polyhedral,162,-0.3544756319,0.2362955306
1008,polyhedral,163,-0.8142059433,0.208031668
1008,polyhedral,164,0.801878216,1.015078051
1008,polyhedral,165,-15.61457256,0.5353395162
1008,polyhedral,166,-5.227872755,-0.03237551823
1008,polyhedral,167,-3.111683443,0.4895651788
1008,polyhedral,168,-0.04289241281,0.2360993626
1008,polyhedral,169,-1.461056943,0.51265822
1008,polyhedral,170,-0.7514407816,0.7908764072
1008,polyhedral,171,0.8932689052,2.25712727
1008,polyhedral,172,0.04022234481,-0.1766936195
1008,polyhedral,173,0.2086076286,0.4213647826
1008,polyhedral,174,0.05289237828,-0.02953594319
1008,polyhedral,175,-0.2037923427,0.6313173571
1008,polyhedral,176,0.7748700988,0.9562193224
1008,polyhedral,177,1.024537243,-0.0555192257
1008,polyhedral,178,0.9226043232,1.477537644
1008,polyhedral,179,1.372525029,0.2006070175
1008,polyhedral,180,0.308502413,0.7703531665
1008,polyhedral,181,1.39064665,0.6792389195
1008,polyhedral,182,0.7528089193,0.9573508026
1008,polyhedral,183,0.6792580331,0.2626043553
1008,polyhedral,184,0.2501895073,0.0406139464
1008,polyhedral,185,1.225781863,0.730824061
1008,polyhedral,186,0.7318797372,-0.03785321708
1008,polyhedral,187,2.141465604,1.283965954
1008,polyhedral,188,1.047867985,0.9410473866
1008,polyhedral,189,-15.53839272,0.8055786119
1008,polyhedral,190,-0.1829662904,0.6847887106
1008,polyhedral,191,-0.923463316,-0.4144971859
1008,polyhedral,192,-0.6921983705,0.5098644124
1008,polyhedral,193,-0.8991147021,0.1563775815
1008,polyhedral,194,2.684600837,2.179153026
1008,polyhedral,195,-0.3831966781,0.7075795061
1008,polyhedral,196,-15.78175887,0.3121456002
1008,polyhedral,197,0.3138183683,-0.141652655
1008,polyhedral,198,0.5448533265,0.17292752
1008,polyhedral,199,-0.6197146041,0.3028789293
1008,polyhedral,200,2.345501162,1.114933209
1008,polyhedral,201,1.436263869,1.040744157
1008,polyhedral,202,-2.107810461,0.4102175885
1008,polyhedral,203,-6.247417813,0.3255060358
1008,polyhedral,204,2.144281501,0.719344806
1008,polyhedral,205,2.983397602,2.064100837
1008,polyhedral,206,0.9372556756,0.3986395734
1008,polyhedral,207,-1.993073791,1.426224019
1008,polyhedral,208,0.331402215,0.4318574612
1008,polyhedral,209,0.3590210406,0.1516548679
1008,polyhedral,210,0.4792058717,-0.03659221426
1008,polyhedral,211,-10.5539127,1.667378896
1008,polyhedral,212,1.380172769,0.5249958192
1008,polyhedral,213,-1.358280833,1.112217138
1008,polyhedral,214,1.259252023,0.7473909335
1008,polyhedral,215,-11.76850862,0.115280733
1008,polyhedral,216,1.343622453,0.3280710451
1008,polyhedral,217,0.837259726,0.7539452247
1008,polyhedral,218,0.8598463041,0.2518667084
1008,polyhedral,219,1.226630057,0.09046212131
1008,polyhedral,220,-0.6346257729,0.6070922295
1008,polyhedral,221,-4.323696282,0.7846939377
1008,polyhedral,222,0.1203819313,0.2134869868
1008,polyhedral,223,0.4675724993,0.1383917465
1008,polyhedral,224,0.9499159112,0.9341945165
1008,polyhedral,225,-1.56904879,-0.1323653946
1008,polyhedral,226,1.305123571,1.463229066
1008,polyhedral,227,0.2307986988,0.7092943896
1008,polyhedral,228,0.183881409,0.556448325
1008,polyhedral,229,-4.771399034,0.8052629217
1008,polyhedral,230,0.9493798777,0.236726327
1008,polyhedral,231,-0.5777001654,0.01509205363
1008,polyhedral,232,-2.273423244,-0.03081145151
1008,polyhedral,233,0.9279528072,1.15338117
1008,polyhedral,234,0.08385605889,0.2435415395
1008,polyhedral,235,0.1556050875,0.1030298294
1008,polyhedral,236,-2.024090578,0.1698096567
1008,polyhedral,237,1.497673233,0.8559977821
1008,polyhedral,238,1.211413453,0.1874848664
1008,polyhedral,239,3.049294645,2.502445805
1008,polyhedral,240,-2.317066133,0.7272065437
1008,polyhedral,241,1.624321813,0.8372147694
1008,polyhedral,242,1.416885695,0.03210769731
1008,polyhedral,243,1.105654677,0.67890715
1008,polyhedral,244,-1.992391579,0.8836374822
1008,polyhedral,245,0.5499339774,0.5680744697
1008,polyhedral,246,-0.2400834378,1.034686035
1008,polyhedral,247,-0.08279188492,0.909740927
1008,polyhedral,248,0.5635581589,0.7428936521
1008,polyhedral,249,1.779998584,0.9091531531
1008,polyhedral,250,-1.581935488,0.376868413
1008,polyhedral,251,-2.127604975,0.08862184622
1008,polyhedral,252,1.006913574,0.3057812748
1008,polyhedral,253,0.6017708378,0.7393196783
1008,polyhedral,254,1.793733842,1.777536718
1008,polyhedral,255,1.013653273,1.580631347
1008,polyhedral,256,1.015999189,0.3697231782
1008,polyhedral,257,0.8496034117,0.7938818252
1008,polyhedral,258,2.200405814,1.37502443
1008,polyhedral,259,-1.975183309,0.1567371122
1008,polyhedral,260,1.979296894,0.9647731475
1008,polyhedral,261,1.298188022,0.5665011916
1008,polyhedral,262,-0.2830290499,0.8428424743
1008,polyhedral,263,-1.05855794,0.1076190444
1008,polyhedral,264,2.656460198,1.467514988
1008,polyhedral,265,-0.05756625047,0.9325947557
1008,polyhedral,266,1.339027736,0.5829310903
1008,polyhedral,267,2.988397533,1.448085315
1008,polyhedral,268,0.1672287492,0.09392234489
1008,polyhedral,269,-7.685218288,0.147553646
1008,polyhedral,270,0.2647064374,0.3715619253
1008,polyhedral,271,-1.790596765,0.293474475
1008,polyhedral,272,1.370214441,0.501659353
1008,polyhedral,273,-0.248089481,0.9680624595
1008,polyhedral,274,-6.290143425,0.6908236881
1008,polyhedral,275,-0.3368987098,0.6833525617
1008,polyhedral,276,1.818320107,0.1399346812
1008,polyhedral,277,-4.365098359,0.5003928629
1008,polyhedral,278,-2.448355938,-0.07238182601
1008,polyhedral,279,0.2983050617,0.4131086615
1008,polyhedral,280,0.5827121326,0.8104427277
1008,polyhedral,281,-0.3383989336,1.454863378
1008,polyhedral,282,-15.77131453,1.237324885
1008,polyhedral,283,-0.9432640493,0.2044669134
1008,polyhedral,284,1.997600939,1.100501465
1008,polyhedral,285,0.5991176175,0.2217024826
1008,polyhedral,286,0.1673770203,-0.02211073533
1008,polyhedral,287,0.1162816187,0.0001790948374
1008,polyhedral,288,1.562063276,0.9195021599
1008,polyhedral,289,-0.2113312478,0.5398114854
1008,polyhedral,290,-2.412554106,-0.2665084037
1008,polyhedral,291,-1.325938966,0.4485894517
1008,polyhedral,292,1.771723013,0.4435133248
1008,polyhedral,293,2.35214847,2.504525421
1008,polyhedral,294,-1.44888664,0.1388734897
1008,polyhedral,295,0.8550696691,0.4712575609
1008,polyhedral,296,1.340580658,1.340235091
1008,polyhedral,297,-3.267299585,0.9846718992
1008,polyhedral,298,2.04681446,0.9376084054
1008,polyhedral,299,-2.365912708,1.253549284
1008,polyhedral,300,-15.96821708,0.497202704
1008,polyhedral,301,-2.365193626,0.7260648169
1008,polyhedral,302,2.387945942,0.8452311032
1008,polyhedral,303,2.183407074,1.17451196
1008,polyhedral,304,0.2430422657,0.5758425007
1008,polyhedral,305,0.3704344176,0.4355302566
1008,polyhedral,306,-4.256904759,0.4727982667
1008,polyhedral,307,2.669402773,1.565200602
1008,polyhedral,308,-1.814889232,0.1515015508
1008,polyhedral,309,1.363335956,0.3748276597
1008,polyhedral,310,1.65142851,0.5369873771
1008,polyhedral,311,0.4341743128,1.038322512
1008,polyhedral,312,0.6606485664,0.03874535555
1008,polyhedral,313,1.407185975,0.8986223372
1008,polyhedral,314,-0.1433307766,-0.03340112
1008,polyhedral,315,-0.9433080438,0.4870451084
1008,polyhedral,316,-0.4342147581,0.4598296807
1008,polyhedral,317,0.7224765631,0.2572904849
1008,polyhedral,318,-16.49474262,0.5691580014
1008,polyhedral,319,1.294947906,0.843940761
1008,polyhedral,320,1.69509062,1.514391121
1008,polyhedral,321,1.273444896,1.069110198
1008,polyhedral,322,0.3835929243,0.2506459771
1008,polyhedral,323,1.618127946,1.337825429
1008,polyhedral,324,-1.157842174,0.9804653149
1008,polyhedral,325,0.3551641431,0.3266620309
1008,polyhedral,326,1.75090196,0.9798575023
1008,polyhedral,327,0.6500829105,0.8567311964
1008,polyhedral,328,0.8462238906,0.8662040749
1008,polyhedral,329,-1.074502021,0.828202673
1008,polyhedral,330,-0.3557460936,0.1704476121
1008,polyhedral,331,-6.373738891,0.3999122162
1008,polyhedral,332,2.388861253,0.906961891
1008,polyhedral,333,2.073829621,-0.07921308868
1008,polyhedral,334,-5.090468061,1.154610722
1008,polyhedral,335,3.025191129,1.99394585
1008,polyhedral,336,-0.2561246611,0.1184817452
1008,polyhedral,337,-5.747323929,1.479229999
1008,polyhedral,338,1.058546779,0.2407294115
1008,polyhedral,339,-0.195151073,0.3047885155
1008,polyhedral,340,1.534526884,2.5025561
1008,polyhedral,341,0.7422096449,1.017651569
1008,polyhedral,342,-2.088306779,0.4305351676
1008,polyhedral,343,-1.855186932,-0.1903163861
1008,polyhedral,344,0.1788684142,0.3523781737
1008,polyhedral,345,1.659805958,1.150705803
1008,polyhedral,346,0.6164878668,0.3276295544
1008,polyhedral,347,-1.394052273,0.8031057937
1008,polyhedral,348,-1.701750551,0.717984013
1008,polyhedral,349,1.194708135,0.09111153486
1008,polyhedral,350,0.9582545656,0.2772278468
1008,polyhedral,351,0.3834987766,0.02663224696
1008,polyhedral,352,0.857472677,0.6057476254
1008,polyhedral,353,-5.729112723,0.2238922668
1008,polyhedral,354,0.6777035054,0.2943414369
1008,polyhedral,355,1.49618781,0.6942856957
1008,polyhedral,356,-0.8520274308,0.7141756398
1008,polyhedral,357,-0.4490263481,0.3894504647
1008,polyhedral,358,-1.250516602,1.218634161
1008,polyhedral,359,-0.07997979964,0.7491450362
1008,polyhedral,360,1.487417593,0.9394227
1008,polyhedral,361,0.4287379091,0.684895761
1008,polyhedral,362,2.276789373,0.9466098172
1008,polyhedral,363,1.185958882,1.289373346
1008,polyhedral,364,0.9813969905,-0.09122553951
1008,polyhedral,365,0.2933599694,0.005203937257
1008,polyhedral,366,-0.903841012,0.01255935777
1008,polyhedral,367,1.588775662,1.296894689
1008,polyhedral,368,0.02002727517,0.05750508359
1008,polyhedral,369,-15.90299243,1.018137349
1008,polyhedral,370,-3.775327785,1.243066199
1008,polyhedral,371,1.322053663,0.42939568
1008,polyhedral,372,0.9870205977,0.6594885318
1008,polyhedral,373,-3.934469983,0.7328023124
1008,polyhedral,374,0.9842041082,0.6038795624
1008,polyhedral,375,2.378118879,2.20255145
1008,polyhedral,376,1.005862736,0.2321531215
1008,polyhedral,377,0.7047298414,1.139827191
1008,polyhedral,378,1.308438513,0.8080815239
1008,polyhedral,379,2.552090419,0.6358270957
1008,polyhedral,380,-0.4195201811,0.6224271357
1008,polyhedral,381,-0.8951206426,0.00941691406
1008,polyhedral,382,1.544121687,1.260327483
1008,polyhedral,383,1.180796844,0.9945375564
1008,polyhedral,384,1.103006204,0.4088394729
1008,polyhedral,385,2.61225659,1.548531158
1008,polyhedral,386,1.630786088,0.5547230822
1008,polyhedral,387,0.9273720076,1.942121335
1008,polyhedral,388,-0.3962690153,0.8494077363
1008,polyhedral,389,0.8737220819,-0.1372611399
1008,polyhedral,390,-15.28409194,0.5347912223
1008,polyhedral,391,3.393074827,3.206750293
1008,polyhedral,392,0.1446847812,1.352247764
1008,polyhedral,393,0.8682561737,0.5331105645
1008,polyhedral,394,0.3820871286,1.369495475
1008,polyhedral,395,1.201870684,1.018136252
1008,polyhedral,396,-16.01374168,0.7369061286
1008,polyhedral,397,0.6800857277,-0.007287180773
1008,polyhedral,398,0.2342919467,-0.04202318432
1008,polyhedral,399,0.4238925601,-0.2584302981
1008,polyhedral,400,-0.01642093248,1.217649646
1008,polyhedral,401,-1.193252479,0.9956537888
1008,polyhedral,402,-6.104867549,0.009658425853
1008,polyhedral,403,-15.7009878,0.1506519963
1008,polyhedral,404,0.9834791786,0.59787811
1008,polyhedral,405,-2.078701127,0.9292662455
1008,polyhedral,406,1.478844681,0.9117247427
1008,polyhedral,407,-1.485330719,-0.004336306154
1008,polyhedral,408,2.100715441,0.02877198519
1008,polyhedral,409,2.958059258,1.812058749
1008,polyhedral,410,1.042645904,0.4135343322
1008,polyhedral,411,-0.5579824522,0.3709255603
1008,polyhedral,412,-3.402891437,0.1896488862
1008,polyhedral,413,1.124240474,0.7245421353
1008,polyhedral,414,1.32878103,0.08566253486
1008,polyhedral,415,-0.3452187569,0.3552443146
1008,polyhedral,416,0.2225924484,1.319753681
1008,polyhedral,417,1.409892053,-0.08159844015
1008,polyhedral,418,-0.7891506703,-0.01171663575
1008,polyhedral,419,-0.5144811759,0.9911775861
1008,polyhedral,420,0.7140290861,-0.08606099106
1008,polyhedral,421,0.5381250455,0.3569684667
1008,polyhedral,422,0.4482852529,0.7199222179
1008,polyhedral,423,-10.65440699,0.09255700679
1008,polyhedral,424,-5.160016931,0.2262908257
1008,polyhedral,425,1.646371684,1.366766363
1008,polyhedral,426,0.7151603473,0.8705792058
1008,polyhedral,427,1.669510716,0.8235909464
1008,polyhedral,428,1.089974785,0.7779536325
1008,polyhedral,429,1.957447297,1.08656355
1008,polyhedral,430,2.057025384,0.9934941651
1008,polyhedral,431,1.784376489,1.460244199
1008,polyhedral,432,-16.21962834,0.8291025496
1008,polyhedral,433,1.150127772,-0.05415572093
1008,polyhedral,434,-2.489405638,-0.01865129413
1008,polyhedral,435,0.9676324027,0.01438620988
1008,polyhedral,436,-0.6326327405,0.5618063072
1008,polyhedral,437,1.363219597,0.6334180209
1008,polyhedral,438,2.093709841,2.73518662
1008,polyhedral,439,1.291515167,1.16245476
1008,polyhedral,440,0.2254785043,-0.110821973
1008,polyhedral,441,1.893322125,1.930975361
1008,polyhedral,442,-2.349582658,0.2645731285
1008,polyhedral,443,1.889224259,1.577696664
1008,polyhedral,444,1.916100305,1.161614117
1008,polyhedral,445,2.461443071,1.337255607
1008,polyhedral,446,0.9596554456,0.2547017411
1008,polyhedral,447,1.787746671,0.9090816502
1008,polyhedral,448,0.9241346643,-0.3403644546
1008,polyhedral,449,-3.826342285,0.009124530436
1008,polyhedral,450,0.6704635133,0.1024468586
1008,polyhedral,451,0.2500937646,1.332996791
1008,polyhedral,452,0.7653492535,0.958928241
1008,polyhedral,453,-6.610868057,1.158052216
1008,polyhedral,454,1.821014014,0.4857458795
1008,polyhedral,455,-3.493249788,0.320889839
1008,polyhedral,456,1.073406886,0.9026480912
1008,polyhedral,457,-8.261135122,0.05884492271
1008,polyhedral,458,-4.290293634,-0.09093617425
1008,polyhedral,459,-0.8298448749,0.1580385826
1008,polyhedral,460,-2.892568629,0.7623231784
1008,polyhedral,461,-2.775747076,0.2779308296
1008,polyhedral,462,0.02822213954,0.5514674622
1008,polyhedral,463,-1.187768064,0.8813198326
1008,polyhedral,464,-1.07768072,0.4668673127
1008,polyhedral,465,0.3909137864,-0.3539747467
1008,polyhedral,466,0.1780078027,1.011733957
1008,polyhedral,467,2.358594237,0.6033677882
1008,polyhedral,468,-0.2193579462,1.38995959
1008,polyhedral,469,-10.5987072,2.225580077
1008,polyhedral,470,-0.0993191753,0.2725596313
1008,polyhedral,471,1.11120281,0.4486774481
1008,polyhedral,472,1.428071231,1.113521064
1008,polyhedral,473,-2.486099489,0.5575819883
1008,polyhedral,474,1.231465181,0.06487481864
1008,polyhedral,475,-15.8293119,0.3391593034
1008,polyhedral,476,0.954120705,0.6161375301
1008,polyhedral,477,-0.4322562169,-0.5047533898
1008,polyhedral,478,0.3717510792,0.0428951645
1008,polyhedral,479,0.3329924277,0.5778360532
1008,polyhedral,480,-0.921460589,-0.1230838858
1008,polyhedral,481,-1.646695836,0.7949599417
1008,polyhedral,482,-15.61467389,0.4629869661
1008,polyhedral,483,0.8757679931,-0.01678570522
1008,polyhedral,484,-13.67083983,0.4277118674
1008,polyhedral,485,1.120517394,2.950518948
1008,polyhedral,486,1.713808627,1.012917176
1008,polyhedral,487,2.85620686,2.154369786
1008,polyhedral,488,0.6145206458,-0.1266339828
1008,polyhedral,489,-1.211030691,0.9653400783
1008,polyhedral,490,0.3029986772,0.1651809744
1008,polyhedral,491,0.1109145793,-0.01743426327
1008,polyhedral,492,0.7975656653,0.07896392647
1008,polyhedral,493,1.065049558,0.8932785472
1008,polyhedral,494,-1.895154611,0.7423411295
1008,polyhedral,495,1.27790708,0.8470048304
1008,polyhedral,496,1.369935092,1.062210404
1008,polyhedral,497,-10.3754999,0.3461380934
1008,polyhedral,498,1.037322073,0.03030468628
1008,polyhedral,499,0.7432184281,0.1383120311
1008,polyhedral,500,2.30177872,2.309880924
2016,naive,1,1.674158445,0.9607363021
2016,naive,2,1.524563659,0.9559425567
2016,naive,3,1.097474576,0.7033409202
2016,naive,4,1.258133183,0.3986017182
2016,naive,5,1.239491435,0.1288225122
2016,naive,6,1.533574513,1.843944736
2016,naive,7,1.919645605,1.360047721
2016,naive,8,1.785515608,1.035215661
2016,naive,9,1.546618574,0.8885873436
2016,naive,10,2.035046161,1.3077347
2016,naive,11,1.541630827,1.133600842
2016,naive,12,0.846052911,-0.001568030548
2016,naive,13,0.8983818011,-0.1764531559
2016,naive,14,1.154012617,0.1910636478
2016,naive,15,1.530513492,1.819078592
2016,naive,16,1.399572248,0.8730140942
2016,naive,17,1.794879125,0.6853359612
2016,naive,18,2.073993762,1.245166156
2016,naive,19,1.453977795,0.5020479823
2016,naive,20,1.959412121,0.7820026113
2016,naive,21,1.784352816,0.9791184288
2016,naive,22,0.9438520521,0.1749277459
2016,naive,23,0.695023733,-0.05014922376
2016,naive,24,0.8645514773,0.002376614406
2016,naive,25,0.9643810827,0.2514700241
2016,naive,26,0.9497243961,0.1747719072
2016,naive,27,1.44471802,0.8926836565
2016,naive,28,1.664611864,1.465409749
2016,naive,29,1.311506439,0.565931536
2016,naive,30,0.7164164866,-0.1992536406
2016,naive,31,1.548168928,0.6819649667
2016,naive,32,0.6462794713,0.2917679101
2016,naive,33,1.077569816,0.6140043078
2016,naive,34,1.680601635,0.8724655783
2016,naive,35,1.573837701,0.7425503869
2016,naive,36,0.7178813433,0.3213578033
2016,naive,37,2.140638809,0.6050549095
2016,naive,38,1.76558326,0.9212192906
2016,naive,39,0.7178965274,-0.04185385504
2016,naive,40,1.326750969,-0.07145408602
2016,naive,41,2.346392648,1.194737688
2016,naive,42,0.8612172447,-0.0977510899
2016,naive,43,1.448305725,1.1035836
2016,naive,44,1.97424209,1.392468253
2016,naive,45,2.53012838,1.841375651
2016,naive,46,1.676909338,0.7219442114
2016,naive,47,0.6116292087,-0.086765504
2016,naive,48,0.6091762982,0.5268534955
2016,naive,49,0.833999993,0.1870121777
2016,naive,50,1.08906131,0.2603082705
2016,naive,51,1.22570696,1.004994034
2016,naive,52,0.2845699168,0.1463428682
2016,naive,53,1.577431263,0.4101869749
2016,naive,54,1.32403085,0.217890972
2016,naive,55,0.7892629346,0.413616105
2016,naive,56,0.966436933,0.3048773893
2016,naive,57,1.406544452,1.290963059
2016,naive,58,1.899598746,0.8493693799
2016,naive,59,1.073555393,0.5329125702
2016,naive,60,0.8412678964,0.442648784
2016,naive,61,1.247537635,0.4772088407
2016,naive,62,2.481636918,1.321861264
2016,naive,63,1.367759453,1.063989261
2016,naive,64,0.8431363772,0.0487379837
2016,naive,65,0.8070046473,0.4983007868
2016,naive,66,1.194268883,0.1189926081
2016,naive,67,1.75707388,1.19455732
2016,naive,68,0.6933116374,0.5607645033
2016,naive,69,0.8964950335,0.09090868211
2016,naive,70,1.751702941,0.8796428739
2016,naive,71,2.222596632,1.560994429
2016,naive,72,0.8882193084,0.5293946338
2016,naive,73,1.005894724,-0.01671133016
2016,naive,74,0.9500633708,0.193086952
2016,naive,75,1.074155391,0.002270028038
2016,naive,76,1.010014677,0.6320904948
2016,naive,77,0.9951231391,0.06874894283
2016,naive,78,0.9642662255,0.05655434973
2016,naive,79,1.654491341,0.6845804848
2016,naive,80,1.049019132,0.1352151271
2016,naive,81,2.225938058,1.408347056
2016,naive,82,1.170192481,0.2223091681
2016,naive,83,1.26332955,0.01370721477
2016,naive,84,1.700536503,1.473687724
2016,naive,85,1.648143332,0.8648619605
2016,naive,86,0.9863409489,1.141732289
2016,naive,87,1.582094752,0.739345627
2016,naive,88,2.645882521,2.880615995
2016,naive,89,2.062699512,1.357705714
2016,naive,90,1.105710219,0.4276207143
2016,naive,91,1.016645994,0.3475939906
2016,naive,92,0.9342073797,0.4434971823
2016,naive,93,2.181944978,1.057224288
2016,naive,94,1.214829308,0.7889165242
2016,naive,95,1.155749567,0.02411881505
2016,naive,96,2.187723339,1.476277849
2016,naive,97,1.431355088,0.9565315793
2016,naive,98,1.411666679,0.5078303115
2016,naive,99,0.6120223209,-0.05862723549
2016,naive,100,1.451107222,0.8077612069
2016,naive,101,0.6097060707,0.6461257003
2016,naive,102,1.081718065,0.002520728194
2016,naive,103,0.4571294845,0.02825194948
2016,naive,104,0.8105248637,0.266971216
2016,naive,105,2.201272291,1.592995142
2016,naive,106,0.95498857,0.0798880136
2016,naive,107,1.628295211,0.8128839682
2016,naive,108,1.940720592,0.815380719
2016,naive,109,1.195601478,0.7591171401
2016,naive,110,1.118072782,0.4249675644
2016,naive,111,1.047750076,0.0007748989577
2016,naive,112,1.380318117,0.769645129
2016,naive,113,1.428731271,0.9945454277
2016,naive,114,2.270091289,1.38588458
2016,naive,115,1.046423615,0.350492154
2016,naive,116,2.437415786,1.873253277
2016,naive,117,1.689468716,0.914236542
2016,naive,118,1.985710703,1.327377109
2016,naive,119,0.8487727782,0.3553354824
2016,naive,120,1.001580391,0.022835718
2016,naive,121,0.7072458297,-0.007903472675
2016,naive,122,2.892298329,2.371023358
2016,naive,123,1.192991852,0.1770849638
2016,naive,124,1.39719333,1.017273255
2016,naive,125,1.617308123,0.6854335293
2016,naive,126,0.8530079963,-0.03584675722
2016,naive,127,1.663207422,1.350908709
2016,naive,128,1.560601799,0.5975351596
2016,naive,129,0.5796875957,0.2089782701
2016,naive,130,3.101308195,2.654852006
2016,naive,131,0.6637063748,0.9504740874
2016,naive,132,2.346998498,1.544271139
2016,naive,133,1.756067391,0.704153954
2016,naive,134,1.498393681,0.6934838935
2016,naive,135,0.4900398004,0.04443413751
2016,naive,136,0.7294973581,0.08502470023
2016,naive,137,1.221340042,0.2699246421
2016,naive,138,1.429280002,0.7724128036
2016,naive,139,1.278998465,0.6220023821
2016,naive,140,1.545459974,0.7493008366
2016,naive,141,2.315631071,1.622190215
2016,naive,142,1.782871438,1.450402869
2016,naive,143,1.058983466,0.2007481602
2016,naive,144,0.5342132836,0.1856287493
2016,naive,145,0.866915323,0.1014381407
2016,naive,146,1.90608383,0.8659623698
2016,naive,147,0.5627502732,0.1249335177
2016,naive,148,1.267111936,0.2566206762
2016,naive,149,1.25532576,0.4136711957
2016,naive,150,1.730892554,0.9516818688
2016,naive,151,1.625670241,1.094636371
2016,naive,152,1.697037621,1.089469296
2016,naive,153,1.746583527,1.137050868
2016,naive,154,1.910085552,1.626610782
2016,naive,155,0.05990699458,-0.1711098484
2016,naive,156,1.795756244,0.7828594999
2016,naive,157,0.5951115645,-0.05276759378
2016,naive,158,1.000614108,0.401742402
2016,naive,159,1.272325432,0.8549721406
2016,naive,160,1.20762267,0.6246661777
2016,naive,161,1.001805198,0.1199465352
2016,naive,162,2.130635592,1.752949099
2016,naive,163,0.8169442778,0.1113110815
2016,naive,164,1.064328778,0.7038770661
2016,naive,165,1.043591752,0.4836028253
2016,naive,166,0.9519509026,0.007445231711
2016,naive,167,1.550412635,0.774060152
2016,naive,168,2.370520652,2.08252276
2016,naive,169,1.782920213,0.8401389607
2016,naive,170,1.0803774,0.4827441653
2016,naive,171,2.158765588,1.289577501
2016,naive,172,2.050598298,1.448926005
2016,naive,173,1.33793723,0.1994121572
2016,naive,174,1.47266661,0.8727873109
2016,naive,175,1.521243143,1.364707635
2016,naive,176,1.80073534,0.8803053042
2016,naive,177,0.6943096282,0.02664706705
2016,naive,178,1.777925949,1.13499072
2016,naive,179,1.175200685,0.7438128924
2016,naive,180,2.048383495,1.508753755
2016,naive,181,0.3647219988,0.1778613384
2016,naive,182,1.59590879,1.123029077
2016,naive,183,2.803830292,2.570944414
2016,naive,184,0.6846180433,0.452387212
2016,naive,185,1.70892317,0.9464471965
2016,naive,186,0.3990110582,-0.1287426361
2016,naive,187,1.10406363,0.2447316782
2016,naive,188,1.422529293,0.8727683313
2016,naive,189,1.061314674,0.3437746296
2016,naive,190,1.267917931,0.6108011241
2016,naive,191,1.569468731,0.8150965462
2016,naive,192,0.7714690914,0.3012655274
2016,naive,193,1.650827054,1.091065496
2016,naive,194,1.303852551,-0.04800866349
2016,naive,195,0.6075692941,0.01450356329
2016,naive,196,2.380600281,1.670820485
2016,naive,197,1.126278475,0.288803051
2016,naive,198,1.333022245,0.4265300247
2016,naive,199,1.107372544,0.33808149
2016,naive,200,2.045197207,0.8206822367
2016,naive,201,0.957667921,0.4467607373
2016,naive,202,2.125223279,1.760681178
2016,naive,203,1.689764909,0.9161266155
2016,naive,204,1.329031249,1.000372981
2016,naive,205,1.058675763,0.01762936378
2016,naive,206,1.373971152,0.7639934572
2016,naive,207,1.954728526,1.638984052
2016,naive,208,0.9655352516,0.08800135143
2016,naive,209,1.034297962,0.01393744207
2016,naive,210,0.2834950834,0.2708742771
2016,naive,211,1.10017984,0.4829924479
2016,naive,212,2.507787754,1.84887463
2016,naive,213,2.538363629,2.021977662
2016,naive,214,0.6171782106,0.40552974
2016,naive,215,1.615894621,0.6826372889
2016,naive,216,0.7479384173,0.07303782697
2016,naive,217,1.04249089,0.4128962595
2016,naive,218,2.629059489,1.647147971
2016,naive,219,0.7611848369,0.1202791496
2016,naive,220,2.307683721,2.558794838
2016,naive,221,1.120280417,1.202366917
2016,naive,222,0.9306866235,0.02765173318
2016,naive,223,1.203101472,0.541787514
2016,naive,224,0.9459797923,1.661434972
2016,naive,225,1.185669951,1.017944418
2016,naive,226,0.7149809104,0.0710372777
2016,naive,227,0.3899652536,-0.04225641633
2016,naive,228,2.02780692,1.228659366
2016,naive,229,1.06672927,0.3214283341
2016,naive,230,1.713077329,1.255589249
2016,naive,231,1.896207957,0.9800096718
2016,naive,232,1.218259837,0.6208962576
2016,naive,233,1.414906184,0.534153878
2016,naive,234,1.170886586,0.6239714647
2016,naive,235,0.9233187022,0.6179912002
2016,naive,236,1.854441659,0.7127656346
2016,naive,237,1.356133716,0.8297019734
2016,naive,238,0.8511475581,0.5411671876
2016,naive,239,1.74472986,0.72642411
2016,naive,240,0.9699618748,0.1713526112
2016,naive,241,1.240614962,0.2456247347
2016,naive,242,0.5377254512,0.4595937013
2016,naive,243,1.352885743,0.8105641134
2016,naive,244,1.783131861,0.8259254495
2016,naive,245,1.392434772,0.9639700768
2016,naive,246,0.6308154242,0.7740312947
2016,naive,247,0.7909194154,0.3634489865
2016,naive,248,1.285020783,0.987864072
2016,naive,249,2.265399936,1.405166585
2016,naive,250,1.579960727,0.9312766912
2016,naive,251,0.6607021995,0.4280657258
2016,naive,252,1.789247752,1.194653019
2016,naive,253,1.369003531,0.8086116401
2016,naive,254,1.961591617,1.457267141
2016,naive,255,1.315648436,0.6667928931
2016,naive,256,1.912468111,0.9431931099
2016,naive,257,1.092015974,0.4111528146
2016,naive,258,1.458957108,0.5184652897
2016,naive,259,2.228776891,2.124602225
2016,naive,260,1.974217374,1.925739892
2016,naive,261,0.8324338365,-0.1388706748
2016,naive,262,1.483680224,0.529586577
2016,naive,263,1.702381216,1.505013204
2016,naive,264,1.349317805,0.3711169214
2016,naive,265,0.8651174581,0.1322566466
2016,naive,266,0.9238591758,0.7764998973
2016,naive,267,1.839554889,0.86314039
2016,naive,268,2.476634418,1.295570703
2016,naive,269,1.104337885,-0.1320343375
2016,naive,270,0.9942422508,0.208635762
2016,naive,271,1.44594244,0.6228675777
2016,naive,272,1.313284596,0.6958133786
2016,naive,273,1.66549434,1.196554479
2016,naive,274,1.371830462,0.7111209635
2016,naive,275,1.702770649,0.9499259597
2016,naive,276,1.638226413,0.9726177102
2016,naive,277,0.9583077122,0.2789718375
2016,naive,278,1.162109112,0.2671350341
2016,naive,279,1.522927568,0.9297050506
2016,naive,280,2.29737264,1.179165795
2016,naive,281,2.246650437,1.508541767
2016,naive,282,1.919870241,0.9011528313
2016,naive,283,0.917286717,-0.008417119648
2016,naive,284,1.944227405,0.6868955888
2016,naive,285,0.9114422914,-0.1313943677
2016,naive,286,2.696254267,2.303387264
2016,naive,287,2.029015228,1.876481159
2016,naive,288,1.601474604,0.3380543474
2016,naive,289,1.193967474,0.03613058746
2016,naive,290,1.749544035,1.421740857
2016,naive,291,1.66799699,0.5495241601
2016,naive,292,1.393779805,0.4869495195
2016,naive,293,0.752897181,0.3990820946
2016,naive,294,1.065672381,0.2185016989
2016,naive,295,1.716402137,1.02519642
2016,naive,296,0.726625055,-0.05645587626
2016,naive,297,1.137540275,0.8041941755
2016,naive,298,0.8161076338,0.3859764868
2016,naive,299,2.754826158,1.684177162
2016,naive,300,1.117867007,0.06656994695
2016,naive,301,1.691041025,0.6863843511
2016,naive,302,0.4361524678,0.2401328476
2016,naive,303,1.060078173,0.04244284478
2016,naive,304,1.765022936,1.589853883
2016,naive,305,0.6795939141,0.481600212
2016,naive,306,1.258511016,0.6129028511
2016,naive,307,0.9908828181,-0.04913670487
2016,naive,308,0.9796792475,-0.02431579245
2016,naive,309,1.570076519,1.36348082
2016,naive,310,2.302986585,1.537341319
2016,naive,311,1.278224263,-0.003792796742
2016,naive,312,1.343207783,0.6600081486
2016,naive,313,1.394906659,0.87269921
2016,naive,314,0.7480768752,0.2159766164
2016,naive,315,0.8305306406,-0.01000539426
2016,naive,316,0.9278653402,0.01211204081
2016,naive,317,2.006247864,1.532060566
2016,naive,318,1.625136059,0.7393693411
2016,naive,319,1.952883482,1.008239506
2016,naive,320,1.016951647,0.545578639
2016,naive,321,1.689036852,0.6431901444
2016,naive,322,1.228844453,0.5100600832
2016,naive,323,0.7042312352,0.01974772475
2016,naive,324,0.3113106203,-0.08725190241
2016,naive,325,1.309123403,0.2524744178
2016,naive,326,1.780327063,0.9594506993
2016,naive,327,1.547706537,0.7147836854
2016,naive,328,1.705261412,1.319802252
2016,naive,329,1.16753109,0.4945370666
2016,naive,330,1.26214145,0.2096521353
2016,naive,331,0.6430907472,0.0102879353
2016,naive,332,0.624527354,0.06101122124
2016,naive,333,1.935809886,0.5557806345
2016,naive,334,2.355653904,2.425105523
2016,naive,335,1.21130872,0.2357246146
2016,naive,336,0.6641740777,0.09324509538
2016,naive,337,1.708208544,1.704847135
2016,naive,338,1.257965757,0.8503789057
2016,naive,339,3.15632561,2.550562333
2016,naive,340,1.51085355,1.079690298
2016,naive,341,1.568180054,1.041815305
2016,naive,342,2.065836368,0.9691871998
2016,naive,343,2.040503974,1.235339346
2016,naive,344,1.198860084,0.1413542858
2016,naive,345,2.326769451,1.569828484
2016,naive,346,0.8613479927,0.5599359022
2016,naive,347,1.34197083,0.4824050091
2016,naive,348,2.082547768,1.133975687
2016,naive,349,0.9790322979,0.8509865917
2016,naive,350,1.768710869,1.670732055
2016,naive,351,2.996778042,2.760360378
2016,naive,352,2.243387018,1.32761468
2016,naive,353,0.8578576165,-0.1153221355
2016,naive,354,1.078194404,0.6055469357
2016,naive,355,1.308744804,0.6857652668
2016,naive,356,2.357930458,1.851767814
2016,naive,357,1.981202585,0.5848901663
2016,naive,358,0.7081146857,0.1197322708
2016,naive,359,1.554922647,0.5101521343
2016,naive,360,0.6411987861,0.05314020843
2016,naive,361,2.510775746,2.634511548
2016,naive,362,1.216233501,0.6229452477
2016,naive,363,2.558817843,1.476088725
2016,naive,364,2.911942279,2.993945163
2016,naive,365,2.340936219,2.148140269
2016,naive,366,1.229753503,0.3070946757
2016,naive,367,3.372110557,3.711798026
2016,naive,368,0.9587758665,0.2613700632
2016,naive,369,0.8372805917,-0.003068070264
2016,naive,370,1.613892726,1.256987895
2016,naive,371,1.752994745,1.166867982
2016,naive,372,1.967248686,0.9155790652
2016,naive,373,2.323308404,0.9840756265
2016,naive,374,1.280798175,0.6963548054
2016,naive,375,1.35353191,1.646448422
2016,naive,376,0.5501912156,-0.005761381695
2016,naive,377,0.6759992951,0.5117705842
2016,naive,378,0.812166146,0.2067356286
2016,naive,379,0.9852370059,0.1232944074
2016,naive,380,0.8760723072,-0.03342110445
2016,naive,381,0.8989388466,0.0182231479
2016,naive,382,1.917804276,0.8790033057
2016,naive,383,0.8791895164,0.5064956349
2016,naive,384,1.290442409,0.5616789162
2016,naive,385,0.4718166054,0.1096896422
2016,naive,386,1.28751205,0.53178547
2016,naive,387,0.4375700973,0.3336607918
2016,naive,388,0.8879305141,0.7273378796
2016,naive,389,1.205284538,0.009747517713
2016,naive,390,2.295765942,2.022914223
2016,naive,391,3.053711356,1.75439821
2016,naive,392,0.6038574248,0.01305277946
2016,naive,393,0.8998001638,0.2480848616
2016,naive,394,1.902271046,0.7315737986
2016,naive,395,2.485662761,1.386570599
2016,naive,396,1.096149968,-0.05827688002
2016,naive,397,1.323155822,0.3352905534
2016,naive,398,1.840221829,1.078333291
2016,naive,399,0.7824249137,0.6640458576
2016,naive,400,1.491689779,0.9185406028
2016,naive,401,0.8902815699,0.4779641925
2016,naive,402,1.46360091,0.7763599261
2016,naive,403,1.259145482,0.9659497143
2016,naive,404,2.384342633,2.201697279
2016,naive,405,1.07405535,0.3766689235
2016,naive,406,1.51292336,0.6123692065
2016,naive,407,1.251413218,0.5087283857
2016,naive,408,1.898937278,0.7924371031
2016,naive,409,0.8375440296,0.3460726445
2016,naive,410,1.767879502,0.9420161345
2016,naive,411,3.449447922,2.904872089
2016,naive,412,0.7069126015,0.2084266479
2016,naive,413,0.5904509419,0.121623604
2016,naive,414,1.631690297,0.6215342098
2016,naive,415,1.18651743,0.1751633756
2016,naive,416,2.021864348,0.6159882495
2016,naive,417,1.171026597,0.5821846512
2016,naive,418,1.446570355,0.744466987
2016,naive,419,1.168879033,0.8252065234
2016,naive,420,2.683198501,2.228064182
2016,naive,421,1.829887364,0.9400482948
2016,naive,422,1.181186741,0.2222764115
2016,naive,423,1.550870498,0.1808500025
2016,naive,424,1.418784721,1.275446061
2016,naive,425,1.092905332,0.8227136915
2016,naive,426,1.156055645,0.3832123511
2016,naive,427,2.424223153,1.982175582
2016,naive,428,1.398946503,0.50376333
2016,naive,429,0.9034799444,0.02547257659
2016,naive,430,1.736016743,0.917929211
2016,naive,431,2.148912725,0.7778452354
2016,naive,432,0.7911844132,-0.01354924058
2016,naive,433,1.300931661,0.4264733413
2016,naive,434,2.314864204,1.241379066
2016,naive,435,2.269848706,1.507001172
2016,naive,436,1.160438157,0.6183577186
2016,naive,437,1.487941545,0.4381210333
2016,naive,438,2.057593772,1.325206864
2016,naive,439,2.060422531,1.544620737
2016,naive,440,2.478772065,1.849999579
2016,naive,441,0.9086770305,0.01915376261
2016,naive,442,1.690112796,1.128662087
2016,naive,443,1.819729631,1.155475297
2016,naive,444,0.7433685842,0.26882527
2016,naive,445,1.014874039,0.2473278209
2016,naive,446,0.7935232315,0.7275903361
2016,naive,447,1.627236893,0.728674968
2016,naive,448,1.0629506,0.254004673
2016,naive,449,1.819404848,1.289303982
2016,naive,450,0.7077445027,0.1183017941
2016,naive,451,0.5457560857,-0.06019365965
2016,naive,452,1.062901268,0.4173501389
2016,naive,453,1.467727635,0.5327344588
2016,naive,454,1.871098825,1.381745871
2016,naive,455,1.07375381,0.9644489191
2016,naive,456,1.251155316,0.0008078947941
2016,naive,457,1.561438238,0.5532964857
2016,naive,458,1.316419908,0.6893516468
2016,naive,459,1.331092799,0.6676345407
2016,naive,460,0.8717616065,0.4400741841
2016,naive,461,1.358606315,0.3447807352
2016,naive,462,1.68708348,1.529374983
2016,naive,463,0.969495136,0.06746874517
2016,naive,464,1.362626141,0.8945628942
2016,naive,465,0.9950764433,0.351848642
2016,naive,466,1.274291675,0.06258040813
2016,naive,467,0.9578935324,0.7202304527
2016,naive,468,1.315871117,-0.03366669218
2016,naive,469,2.410632776,1.603008483
2016,naive,470,0.9873924481,0.7331570015
2016,naive,471,1.711411688,1.058381312
2016,naive,472,1.630051364,0.5247830868
2016,naive,473,0.9819574819,-0.1419044866
2016,naive,474,1.595169277,0.8867650464
2016,naive,475,0.8483288007,0.4443744056
2016,naive,476,1.195780831,0.03982350512
2016,naive,477,1.799519495,0.9221735811
2016,naive,478,1.995887321,1.187006676
2016,naive,479,0.92676569,-0.05066718073
2016,naive,480,2.063226802,1.230178897
2016,naive,481,1.240204561,0.6353256141
2016,naive,482,2.162483558,1.681736704
2016,naive,483,0.7246430736,0.1941528637
2016,naive,484,0.668397765,0.2359625573
2016,naive,485,2.355787273,2.385444647
2016,naive,486,0.5012403088,0.02884670019
2016,naive,487,1.013948555,0.03552809737
2016,naive,488,2.203769804,2.212786341
2016,naive,489,1.268614183,0.5614498424
2016,naive,490,0.840940154,0.7797285138
2016,naive,491,1.309263752,0.4660791221
2016,naive,492,1.667554445,0.9875515616
2016,naive,493,1.692536541,0.7048015654
2016,naive,494,1.623747848,0.6136139214
2016,naive,495,0.5145133962,0.3941303604
2016,naive,496,0.6924832764,-0.0489163047
2016,naive,497,0.656904903,1.012878404
2016,naive,498,1.487777157,0.7839852624
2016,naive,499,1.5965117,1.058322838
2016,naive,500,1.440543386,0.697312226
2016,expected_max,1,0.65044407,0.9607363021
2016,expected_max,2,0.7915087785,0.9559425567
2016,expected_max,3,0.3644196956,0.7033409202
2016,expected_max,4,0.234418808,0.3986017182
2016,expected_max,5,0.08863218748,0.1288225122
2016,expected_max,6,0.8005196324,1.843944736
2016,expected_max,7,0.89593123,1.360047721
2016,expected_max,8,0.8908123751,1.035215661
2016,expected_max,9,0.6519153406,0.8885873436
2016,expected_max,10,1.011331787,1.3077347
2016,expected_max,11,0.9849262592,1.133600842
2016,expected_max,12,0.1129980305,-0.001568030548
2016,expected_max,13,0.1653269206,-0.1764531559
2016,expected_max,14,0.003153369236,0.1910636478
2016,expected_max,15,0.9738089232,1.819078592
2016,expected_max,16,0.6665173678,0.8730140942
2016,expected_max,17,0.6440198775,0.6853359612
2016,expected_max,18,0.9231345141,1.245166156
2016,expected_max,19,0.4302634206,0.5020479823
2016,expected_max,20,0.8085528732,0.7820026113
2016,expected_max,21,0.6334935683,0.9791184288
2016,expected_max,22,0.3871474838,0.1749277459
2016,expected_max,23,0.1383191647,-0.05014922376
2016,expected_max,24,-0.03015175583,0.002376614406
2016,expected_max,25,0.4076765145,0.2514700241
2016,expected_max,26,-0.07398997872,0.1747719072
2016,expected_max,27,0.7116631397,0.8926836565
2016,expected_max,28,0.7699086311,1.465409749
2016,expected_max,29,0.5784515582,0.565931536
2016,expected_max,30,0.1597119184,-0.1992536406
2016,expected_max,31,0.3973096797,0.6819649667
2016,expected_max,32,-0.08677540925,0.2917679101
2016,expected_max,33,0.3445149356,0.6140043078
2016,expected_max,34,0.6568872597,0.8724655783
2016,expected_max,35,0.8407828208,0.7425503869
2016,expected_max,36,0.161176775,0.3213578033
2016,expected_max,37,0.9897795614,0.6050549095
2016,expected_max,38,0.8708800265,0.9212192906
2016,expected_max,39,-0.1768067057,-0.04185385504
2016,expected_max,40,0.1758917207,-0.07145408602
2016,expected_max,41,1.1955334,1.194737688
2016,expected_max,42,0.1281623642,-0.0977510899
2016,expected_max,43,0.5536024921,1.1035836
2016,expected_max,44,1.079538857,1.392468253
2016,expected_max,45,1.973423812,1.841375651
2016,expected_max,46,0.6531949636,0.7219442114
2016,expected_max,47,0.05492464039,-0.086765504
2016,expected_max,48,0.05247172989,0.5268534955
2016,expected_max,49,0.1009451125,0.1870121777
2016,expected_max,50,0.3560064298,0.2603082705
2016,expected_max,51,0.6690023921,1.004994034
2016,expected_max,52,-0.2721346514,0.1463428682
2016,expected_max,53,0.4265720149,0.4101869749
2016,expected_max,54,0.1731716016,0.217890972
2016,expected_max,55,0.2325583663,0.413616105
2016,expected_max,56,0.07173369983,0.3048773893
2016,expected_max,57,0.8498398833,1.290963059
2016,expected_max,58,0.7487394984,0.8493693799
2016,expected_max,59,0.5168508249,0.5329125702
2016,expected_max,60,0.2845633281,0.442648784
2016,expected_max,61,0.3528344023,0.4772088407
2016,expected_max,62,1.33077767,1.321861264
2016,expected_max,63,0.4730562199,1.063989261
2016,expected_max,64,0.1100814967,0.0487379837
2016,expected_max,65,0.250300079,0.4983007868
2016,expected_max,66,0.04340963551,0.1189926081
2016,expected_max,67,1.024018999,1.19455732
2016,expected_max,68,-0.03974324308,0.5607645033
2016,expected_max,69,-0.1272193414,0.09090868211
2016,expected_max,70,0.6008436926,0.8796428739
2016,expected_max,71,1.071737384,1.560994429
2016,expected_max,72,0.1551644279,0.5293946338
2016,expected_max,73,0.1111914912,-0.01671133016
2016,expected_max,74,0.3933588026,0.193086952
2016,expected_max,75,0.3411005109,0.002270028038
2016,expected_max,76,0.2769597969,0.6320904948
2016,expected_max,77,-0.1557361088,0.06874894283
2016,expected_max,78,-0.05944814936,0.05655434973
2016,expected_max,79,0.7597881081,0.6845804848
2016,expected_max,80,-0.1018401162,0.1352151271
2016,expected_max,81,1.331234825,1.408347056
2016,expected_max,82,0.2754892475,0.2223091681
2016,expected_max,83,0.1124703022,0.01370721477
2016,expected_max,84,0.8058332698,1.473687724
2016,expected_max,85,0.7534400992,0.8648619605
2016,expected_max,86,0.4296363806,1.141732289
2016,expected_max,87,0.687391519,0.739345627
2016,expected_max,88,1.622168146,2.880615995
2016,expected_max,89,1.167996279,1.357705714
2016,expected_max,90,0.2110069862,0.4276207143
2016,expected_max,91,0.2835911132,0.3475939906
2016,expected_max,92,0.3775028115,0.4434971823
2016,expected_max,93,1.03108573,1.057224288
2016,expected_max,94,0.6581247399,0.7889165242
2016,expected_max,95,0.004890319389,0.02411881505
2016,expected_max,96,1.164008964,1.476277849
2016,expected_max,97,0.5366518548,0.9565315793
2016,expected_max,98,0.2608074314,0.5078303115
2016,expected_max,99,0.05531775263,-0.05862723549
2016,expected_max,100,0.5564039887,0.8077612069
2016,expected_max,101,0.05300150241,0.6461257003
2016,expected_max,102,0.1870148318,0.002520728194
2016,expected_max,103,-0.09957508377,0.02825194948
2016,expected_max,104,-0.08417836939,0.266971216
2016,expected_max,105,1.306569058,1.592995142
2016,expected_max,106,-0.06872580487,0.0798880136
2016,expected_max,107,1.071590643,0.8128839682
2016,expected_max,108,0.7898613443,0.815380719
2016,expected_max,109,0.4625465975,0.7591171401
2016,expected_max,110,0.3850179018,0.4249675644
2016,expected_max,111,-0.1031091715,0.0007748989577
2016,expected_max,112,0.4856148835,0.769645129
2016,expected_max,113,0.6956763902,0.9945454277
2016,expected_max,114,1.119232041,1.38588458
2016,expected_max,115,0.3133687341,0.350492154
2016,expected_max,116,1.286556538,1.873253277
2016,expected_max,117,0.9564138357,0.914236542
2016,expected_max,118,0.9619963278,1.327377109
2016,expected_max,119,0.1157178977,0.3553354824
2016,expected_max,120,0.1068771575,0.022835718
2016,expected_max,121,-0.02580905084,-0.007903472675
2016,expected_max,122,1.741439081,2.371023358
2016,expected_max,123,0.1692774771,0.1770849638
2016,expected_max,124,0.8404887615,1.017273255
2016,expected_max,125,0.4664488748,0.6854335293
2016,expected_max,126,-0.1707063785,-0.03584675722
2016,expected_max,127,0.7685041887,1.350908709
2016,expected_max,128,1.003897231,0.5975351596
2016,expected_max,129,0.02298302741,0.2089782701
2016,expected_max,130,1.950448947,2.654852006
2016,expected_max,131,0.1070018065,0.9504740874
2016,expected_max,132,1.323284123,1.544271139
2016,expected_max,133,0.6052081434,0.704153954
2016,expected_max,134,0.4746793057,0.6934838935
2016,expected_max,135,-0.06666476787,0.04443413751
2016,expected_max,136,-0.003557522417,0.08502470023
2016,expected_max,137,0.07048079433,0.2699246421
2016,expected_max,138,0.5345767692,0.7724128036
2016,expected_max,139,0.384295232,0.6220023821
2016,expected_max,140,0.5217455992,0.7493008366
2016,expected_max,141,1.420927838,1.622190215
2016,expected_max,142,0.7591570636,1.450402869
2016,expected_max,143,0.03526909134,0.2007481602
2016,expected_max,144,-0.02249128462,0.1856287493
2016,expected_max,145,0.1338604425,0.1014381407
2016,expected_max,146,0.8823694548,0.8659623698
2016,expected_max,147,-0.1703046073,0.1249335177
2016,expected_max,148,0.1162526879,0.2566206762
2016,expected_max,149,0.104466512,0.4136711957
2016,expected_max,150,1.174187986,0.9516818688
2016,expected_max,151,0.7309670077,1.094636371
2016,expected_max,152,0.9639827408,1.089469296
2016,expected_max,153,1.189878959,1.137050868
2016,expected_max,154,1.015382319,1.626610782
2016,expected_max,155,-0.4967975737,-0.1711098484
2016,expected_max,156,0.7720418687,0.7828594999
2016,expected_max,157,0.0384069962,-0.05276759378
2016,expected_max,158,0.1059108748,0.401742402
2016,expected_max,159,0.5392705518,0.8549721406
2016,expected_max,160,0.47456779,0.6246661777
2016,expected_max,161,-0.02190917722,0.1199465352
2016,expected_max,162,1.106921217,1.752949099
2016,expected_max,163,0.2602397096,0.1113110815
2016,expected_max,164,0.5076242096,0.7038770661
2016,expected_max,165,0.3105368711,0.4836028253
2016,expected_max,166,0.2188960221,0.007445231711
2016,expected_max,167,0.6557094021,0.774060152
2016,expected_max,168,1.219661404,2.08252276
2016,expected_max,169,0.6320609653,0.8401389607
2016,expected_max,170,0.1856741672,0.4827441653
2016,expected_max,171,1.007906341,1.289577501
2016,expected_max,172,1.026883923,1.448926005
2016,expected_max,173,0.1870779824,0.1994121572
2016,expected_max,174,0.9159620413,0.8727873109
2016,expected_max,175,0.7881882626,1.364707635
2016,expected_max,176,0.6498760922,0.8803053042
2016,expected_max,177,-0.2003936049,0.02664706705
2016,expected_max,178,0.6270667007,1.13499072
2016,expected_max,179,0.6184961169,0.7438128924
2016,expected_max,180,1.153680262,1.508753755
2016,expected_max,181,-0.1919825694,0.1778613384
2016,expected_max,182,0.8628539097,1.123029077
2016,expected_max,183,1.652971044,2.570944414
2016,expected_max,184,-0.04843683723,0.452387212
2016,expected_max,185,0.8142199369,0.9464471965
2016,expected_max,186,-0.15769351,-0.1287426361
2016,expected_max,187,0.08034925495,0.2447316782
2016,expected_max,188,0.5278260597,0.8727683313
2016,expected_max,189,0.5046101061,0.3437746296
2016,expected_max,190,0.3732146976,0.6108011241
2016,expected_max,191,0.8364138506,0.8150965462
2016,expected_max,192,0.2147645232,0.3012655274
2016,expected_max,193,0.4999678065,1.091065496
2016,expected_max,194,0.2801381758,-0.04800866349
2016,expected_max,195,-0.1254855864,0.01450356329
2016,expected_max,196,1.485897048,1.670820485
2016,expected_max,197,0.1025640998,0.288803051
2016,expected_max,198,0.1821629968,0.4265300247
2016,expected_max,199,0.5506679754,0.33808149
2016,expected_max,200,0.8943379594,0.8206822367
2016,expected_max,201,0.2246130405,0.4467607373
2016,expected_max,202,1.101508904,1.760681178
2016,expected_max,203,0.7950616756,0.9161266155
2016,expected_max,204,0.5959763682,1.000372981
2016,expected_max,205,0.1639725294,0.01762936378
2016,expected_max,206,0.4792679187,0.7639934572
2016,expected_max,207,0.9310141509,1.638984052
2016,expected_max,208,-0.05817912325,0.08800135143
2016,expected_max,209,0.01058358687,0.01393744207
2016,expected_max,210,-0.2732094848,0.2708742771
2016,expected_max,211,0.3671249595,0.4829924479
2016,expected_max,212,1.613084521,1.84887463
2016,expected_max,213,1.514649254,2.021977662
2016,expected_max,214,0.06047364236,0.40552974
2016,expected_max,215,0.4650353735,0.6826372889
2016,expected_max,216,-0.1467648158,0.07303782697
2016,expected_max,217,0.1477876566,0.4128962595
2016,expected_max,218,1.478200241,1.647147971
2016,expected_max,219,0.2044802687,0.1202791496
2016,expected_max,220,1.283969346,2.558794838
2016,expected_max,221,0.2255771842,1.202366917
2016,expected_max,222,-0.09302775137,0.02765173318
2016,expected_max,223,0.3083982386,0.541787514
2016,expected_max,224,0.3892752241,1.661434972
2016,expected_max,225,0.4526150704,1.017944418
2016,expected_max,226,-0.01807397016,0.0710372777
2016,expected_max,227,-0.1667393146,-0.04225641633
2016,expected_max,228,1.133103687,1.228659366
2016,expected_max,229,0.1720260367,0.3214283341
2016,expected_max,230,0.562218081,1.255589249
2016,expected_max,231,0.8724935825,0.9800096718
2016,expected_max,232,0.1945454624,0.6208962576
2016,expected_max,233,0.2640469357,0.534153878
2016,expected_max,234,0.1471722109,0.6239714647
2016,expected_max,235,0.3666141339,0.6179912002
2016,expected_max,236,0.7035824114,0.7127656346
2016,expected_max,237,0.461430483,0.8297019734
2016,expected_max,238,0.2944429898,0.5411671876
2016,expected_max,239,0.850026627,0.72642411
2016,expected_max,240,0.4132573065,0.1713526112
2016,expected_max,241,0.08975571398,0.2456247347
2016,expected_max,242,-0.01897911708,0.4595937013
2016,expected_max,243,0.7961811747,0.8105641134
2016,expected_max,244,0.7594174866,0.8259254495
2016,expected_max,245,0.8357302039,0.9639700768
2016,expected_max,246,0.07411085596,0.7740312947
2016,expected_max,247,0.2342148472,0.3634489865
2016,expected_max,248,0.39031755,0.987864072
2016,expected_max,249,1.241685561,1.405166585
2016,expected_max,250,1.023256158,0.9312766912
2016,expected_max,251,0.1039976312,0.4280657258
2016,expected_max,252,0.7655333775,1.194653019
2016,expected_max,253,0.2181442835,0.8086116401
2016,expected_max,254,1.066888384,1.457267141
2016,expected_max,255,0.1647891879,0.6667928931
2016,expected_max,256,0.8887537363,0.9431931099
2016,expected_max,257,0.1973127412,0.4111528146
2016,expected_max,258,0.3080978603,0.5184652897
2016,expected_max,259,1.334073658,2.124602225
2016,expected_max,260,1.079514141,1.925739892
2016,expected_max,261,-0.06226939668,-0.1388706748
2016,expected_max,262,0.3328209765,0.529586577
2016,expected_max,263,0.9693263354,1.505013204
2016,expected_max,264,0.1984585575,0.3711169214
2016,expected_max,265,0.1320625776,0.1322566466
2016,expected_max,266,0.3671546075,0.7764998973
2016,expected_max,267,0.815840514,0.86314039
2016,expected_max,268,1.32577517,1.295570703
2016,expected_max,269,0.2096346517,-0.1320343375
2016,expected_max,270,0.2611873703,0.208635762
2016,expected_max,271,0.4222280653,0.6228675777
2016,expected_max,272,0.4185813624,0.6958133786
2016,expected_max,273,0.5146350921,1.196554479
2016,expected_max,274,0.3481160873,0.7111209635
2016,expected_max,275,0.679056274,0.9499259597
2016,expected_max,276,0.7435231802,0.9726177102
2016,expected_max,277,0.2252528317,0.2789718375
2016,expected_max,278,0.1383947369,0.2671350341
2016,expected_max,279,0.9662229996,0.9297050506
2016,expected_max,280,1.402669407,1.179165795
2016,expected_max,281,1.09579119,1.508541767
2016,expected_max,282,0.7690109929,0.9011528313
2016,expected_max,283,0.1842318365,-0.008417119648
2016,expected_max,284,0.9205130298,0.6868955888
2016,expected_max,285,0.01673905824,-0.1313943677
2016,expected_max,286,1.545395019,2.303387264
2016,expected_max,287,1.472310659,1.876481159
2016,expected_max,288,0.5777602286,0.3380543474
2016,expected_max,289,0.04310822566,0.03613058746
2016,expected_max,290,1.016489155,1.421740857
2016,expected_max,291,0.5171377424,0.5495241601
2016,expected_max,292,0.3700654302,0.4869495195
2016,expected_max,293,0.1961926128,0.3990820946
2016,expected_max,294,0.04195800662,0.2185016989
2016,expected_max,295,0.6926877623,1.02519642
2016,expected_max,296,0.1699204867,-0.05645587626
2016,expected_max,297,0.5808357068,0.8041941755
2016,expected_max,298,0.2594030655,0.3859764868
2016,expected_max,299,1.60396691,1.684177162
2016,expected_max,300,-0.03299224094,0.06656994695
2016,expected_max,301,0.540181777,0.6863843511
2016,expected_max,302,-0.2969024127,0.2401328476
2016,expected_max,303,-0.0907810747,0.04244284478
2016,expected_max,304,1.031968055,1.589853883
2016,expected_max,305,-0.05346096639,0.481600212
2016,expected_max,306,0.7018064479,0.6129028511
2016,expected_max,307,0.096179585,-0.04913670487
2016,expected_max,308,-0.04403512732,-0.02431579245
2016,expected_max,309,1.01337195,1.36348082
2016,expected_max,310,1.27927221,1.537341319
2016,expected_max,311,0.127365015,-0.003792796742
2016,expected_max,312,0.4485045494,0.6600081486
2016,expected_max,313,0.6618517782,0.87269921
2016,expected_max,314,0.1913723069,0.2159766164
2016,expected_max,315,-0.1931837343,-0.01000539426
2016,expected_max,316,-0.09584903462,0.01211204081
2016,expected_max,317,1.273192984,1.532060566
2016,expected_max,318,0.7304328263,0.7393693411
2016,expected_max,319,1.058180249,1.008239506
2016,expected_max,320,0.4602470787,0.545578639
2016,expected_max,321,0.5381776044,0.6431901444
2016,expected_max,322,0.3341412196,0.5100600832
2016,expected_max,323,0.1475266669,0.01974772475
2016,expected_max,324,-0.245393948,-0.08725190241
2016,expected_max,325,0.1582641549,0.2524744178
2016,expected_max,326,0.7566126881,0.9594506993
2016,expected_max,327,0.8146516568,0.7147836854
2016,expected_max,328,0.6815470372,1.319802252
2016,expected_max,329,0.1438167147,0.4945370666
2016,expected_max,330,0.1112822018,0.2096521353
2016,expected_max,331,-0.2516124859,0.0102879353
2016,expected_max,332,-0.1085275265,0.06101122124
2016,expected_max,333,0.9120955116,0.5557806345
2016,expected_max,334,1.331939529,2.425105523
2016,expected_max,335,0.1875943447,0.2357246146
2016,expected_max,336,-0.06888080283,0.09324509538
2016,expected_max,337,1.151503975,1.704847135
2016,expected_max,338,0.5249108769,0.8503789057
2016,expected_max,339,2.005466362,2.550562333
2016,expected_max,340,0.487139175,1.079690298
2016,expected_max,341,0.8351251739,1.041815305
2016,expected_max,342,0.9149771201,0.9691871998
2016,expected_max,343,1.0167896,1.235339346
2016,expected_max,344,0.1751457089,0.1413542858
2016,expected_max,345,1.303055077,1.569828484
2016,expected_max,346,0.1282931122,0.5599359022
2016,expected_max,347,0.3182564547,0.4824050091
2016,expected_max,348,0.9316885197,1.133975687
2016,expected_max,349,0.4223277296,0.8509865917
2016,expected_max,350,1.212006301,1.670732055
2016,expected_max,351,1.845918794,2.760360378
2016,expected_max,352,1.09252777,1.32761468
2016,expected_max,353,0.124802736,-0.1153221355
2016,expected_max,354,0.5214898361,0.6055469357
2016,expected_max,355,0.4140415711,0.6857652668
2016,expected_max,356,1.20707121,1.851767814
2016,expected_max,357,0.9574882103,0.5848901663
2016,expected_max,358,-0.02494019478,0.1197322708
2016,expected_max,359,0.4040633986,0.5101521343
2016,expected_max,360,-0.09185609437,0.05314020843
2016,expected_max,361,1.777720866,2.634511548
2016,expected_max,362,0.4831786207,0.6229452477
2016,expected_max,363,1.535103468,1.476088725
2016,expected_max,364,2.178887399,2.993945163
2016,expected_max,365,1.190076971,2.148140269
2016,expected_max,366,0.07889425474,0.3070946757
2016,expected_max,367,2.221251309,3.711798026
2016,expected_max,368,0.4020712983,0.2613700632
2016,expected_max,369,-0.0574226414,-0.003068070264
2016,expected_max,370,1.057188157,1.256987895
2016,expected_max,371,0.8582915122,1.166867982
2016,expected_max,372,0.8163894379,0.9155790652
2016,expected_max,373,1.172449156,0.9840756265
2016,expected_max,374,0.5477432945,0.6963548054
2016,expected_max,375,0.4588286766,1.646448422
2016,expected_max,376,-0.006513352665,-0.005761381695
2016,expected_max,377,0.1192947268,0.5117705842
2016,expected_max,378,0.2554615777,0.2067356286
2016,expected_max,379,-0.03847736892,0.1232944074
2016,expected_max,380,0.3193677389,-0.03342110445
2016,expected_max,381,-0.1247755282,0.0182231479
2016,expected_max,382,1.023101043,0.8790033057
2016,expected_max,383,-0.01551371675,0.5064956349
2016,expected_max,384,0.7337378402,0.5616789162
2016,expected_max,385,-0.08488796286,0.1096896422
2016,expected_max,386,0.2637976749,0.53178547
2016,expected_max,387,-0.1191344709,0.3336607918
2016,expected_max,388,0.3312259458,0.7273378796
2016,expected_max,389,0.05442529038,0.009747517713
2016,expected_max,390,1.272051567,2.022914223
2016,expected_max,391,1.902852108,1.75439821
2016,expected_max,392,0.04715285652,0.01305277946
2016,expected_max,393,0.1667452833,0.2480848616
2016,expected_max,394,0.7514117979,0.7315737986
2016,expected_max,395,1.461948386,1.386570599
2016,expected_max,396,-0.05470927958,-0.05827688002
2016,expected_max,397,0.2994414476,0.3352905534
2016,expected_max,398,0.9455185955,1.078333291
2016,expected_max,399,0.2257203455,0.6640458576
2016,expected_max,400,0.7586348986,0.9185406028
2016,expected_max,401,0.1572266894,0.4779641925
2016,expected_max,402,0.4398865355,0.7763599261
2016,expected_max,403,0.7024409137,0.9659497143
2016,expected_max,404,1.360628258,2.201697279
2016,expected_max,405,0.05034097488,0.3766689235
2016,expected_max,406,0.4892089853,0.6123692065
2016,expected_max,407,0.3567099851,0.5087283857
2016,expected_max,408,0.7480780303,0.7924371031
2016,expected_max,409,0.2808394614,0.3460726445
2016,expected_max,410,0.6170202539,0.9420161345
2016,expected_max,411,2.298588674,2.904872089
2016,expected_max,412,-0.1877906316,0.2084266479
2016,expected_max,413,-0.3042522913,0.121623604
2016,expected_max,414,0.4808310491,0.6215342098
2016,expected_max,415,0.03565818191,0.1751633756
2016,expected_max,416,1.127161115,0.6159882495
2016,expected_max,417,0.4379717167,0.5821846512
2016,expected_max,418,0.4228559806,0.744466987
2016,expected_max,419,0.4358241522,0.8252065234
2016,expected_max,420,1.659484127,2.228064182
2016,expected_max,421,0.8061729888,0.9400482948
2016,expected_max,422,0.1574723662,0.2222764115
2016,expected_max,423,0.4000112498,0.1808500025
2016,expected_max,424,0.8620801532,1.275446061
2016,expected_max,425,0.3598504511,0.8227136915
2016,expected_max,426,0.1323412699,0.3832123511
2016,expected_max,427,1.273363905,1.982175582
2016,expected_max,428,0.5042432702,0.50376333
2016,expected_max,429,-0.1202344304,0.02547257659
2016,expected_max,430,0.8413135094,0.917929211
2016,expected_max,431,0.9980534771,0.7778452354
2016,expected_max,432,-0.10351882,-0.01354924058
2016,expected_max,433,0.7442270927,0.4264733413
2016,expected_max,434,1.164004957,1.241379066
2016,expected_max,435,1.375145473,1.507001172
2016,expected_max,436,0.4273832768,0.6183577186
2016,expected_max,437,0.3370822971,0.4381210333
2016,expected_max,438,1.033879397,1.325206864
2016,expected_max,439,1.165719298,1.544620737
2016,expected_max,440,1.327912817,1.849999579
2016,expected_max,441,0.01397379738,0.01915376261
2016,expected_max,442,0.7954095633,1.128662087
2016,expected_max,443,0.6688703833,1.155475297
2016,expected_max,444,0.186664016,0.26882527
2016,expected_max,445,0.2818191581,0.2473278209
2016,expected_max,446,0.2368186632,0.7275903361
2016,expected_max,447,0.6035225184,0.728674968
2016,expected_max,448,0.03923622506,0.254004673
2016,expected_max,449,1.086349968,1.289303982
2016,expected_max,450,-0.02531037784,0.1183017941
2016,expected_max,451,-0.01094848253,-0.06019365965
2016,expected_max,452,0.3298463879,0.4173501389
2016,expected_max,453,0.316868387,0.5327344588
2016,expected_max,454,0.8473844497,1.381745871
2016,expected_max,455,0.3406989299,0.9644489191
2016,expected_max,456,0.1002960683,0.0008078947941
2016,expected_max,457,0.41057899,0.5532964857
2016,expected_max,458,0.7597153402,0.6893516468
2016,expected_max,459,0.3073784245,0.6676345407
2016,expected_max,460,0.138706726,0.4400741841
2016,expected_max,461,0.3348919399,0.3447807352
2016,expected_max,462,0.9540285992,1.529374983
2016,expected_max,463,-0.05421923883,0.06746874517
2016,expected_max,464,0.6295712606,0.8945628942
2016,expected_max,465,0.1003732102,0.351848642
2016,expected_max,466,0.1234324274,0.06258040813
2016,expected_max,467,0.2248386519,0.7202304527
2016,expected_max,468,0.292156742,-0.03366669218
2016,expected_max,469,1.386918401,1.603008483
2016,expected_max,470,0.2543375676,0.7331570015
2016,expected_max,471,0.6876973132,1.058381312
2016,expected_max,472,0.4791921164,0.5247830868
2016,expected_max,473,0.2489026014,-0.1419044866
2016,expected_max,474,1.038464709,0.8867650464
2016,expected_max,475,0.2916242325,0.4443744056
2016,expected_max,476,0.1720664559,0.03982350512
2016,expected_max,477,0.6486602471,0.9221735811
2016,expected_max,478,0.8450280727,1.187006676
2016,expected_max,479,0.03206245688,-0.05066718073
2016,expected_max,480,0.9123675541,1.230178897
2016,expected_max,481,0.6834999925,0.6353256141
2016,expected_max,482,1.267780325,1.681736704
2016,expected_max,483,0.1679385053,0.1941528637
2016,expected_max,484,0.1116931968,0.2359625573
2016,expected_max,485,1.46108404,2.385444647
2016,expected_max,486,-0.05546425944,0.02884670019
2016,expected_max,487,-0.1369106928,0.03552809737
2016,expected_max,488,1.18005543,2.212786341
2016,expected_max,489,0.3739109499,0.5614498424
2016,expected_max,490,0.2842355857,0.7797285138
2016,expected_max,491,0.7525591838,0.4660791221
2016,expected_max,492,0.7728512118,0.9875515616
2016,expected_max,493,0.5416772926,0.7048015654
2016,expected_max,494,0.6000334733,0.6136139214
2016,expected_max,495,-0.04219117209,0.3941303604
2016,expected_max,496,-0.2022199567,-0.0489163047
2016,expected_max,497,0.1002003348,1.012878404
2016,expected_max,498,0.7547222768,0.7839852624
2016,expected_max,499,0.7018084665,1.058322838
2016,expected_max,500,0.5458401526,0.697312226
2016,js,1,0.9963869055,0.9607363021
2016,js,2,1.347328941,0.9559425567
2016,js,3,0.8353834899,0.7033409202
2016,js,4,0.7359402633,0.3986017182
2016,js,5,0.1901854782,0.1288225122
2016,js,6,1.284356359,1.843944736
2016,js,7,1.650667989,1.360047721
2016,js,8,1.473216262,1.035215661
2016,js,9,1.352314197,0.8885873436
2016,js,10,1.69649407,1.3077347
2016,js,11,1.283024914,1.133600842
2016,js,12,0.01279865887,-0.001568030548
2016,js,13,0.009149403696,-0.1764531559
2016,js,14,0.03132695043,0.1910636478
2016,js,15,1.343920528,1.819078592
2016,js,16,1.195609426,0.8730140942
2016,js,17,1.436204263,0.6853359612
2016,js,18,1.711455781,1.245166156
2016,js,19,0.7227912432,0.5020479823
2016,js,20,1.205642929,0.7820026113
2016,js,21,1.083309144,0.9791184288
2016,js,22,0.6765701261,0.1749277459
2016,js,23,0.324567902,-0.05014922376
2016,js,24,0.1421419973,0.002376614406
2016,js,25,0.4666806185,0.2514700241
2016,js,26,0.1159798195,0.1747719072
2016,js,27,1.00238478,0.8926836565
2016,js,28,1.380202132,1.465409749
2016,js,29,0.9478320598,0.565931536
2016,js,30,0.4054157097,-0.1992536406
2016,js,31,0.9179486454,0.6819649667
2016,js,32,-0.02435290081,0.2917679101
2016,js,33,0.7814857887,0.6140043078
2016,js,34,1.143962489,0.8724655783
2016,js,35,1.239424362,0.7425503869
2016,js,36,0.5451424165,0.3213578033
2016,js,37,1.622502057,0.6050549095
2016,js,38,1.573747191,0.9212192906
2016,js,39,0.03149745955,-0.04185385504
2016,js,40,-0.008264005704,-0.07145408602
2016,js,41,2.063057926,1.194737688
2016,js,42,0.3162319545,-0.0977510899
2016,js,43,1.062132599,1.1035836
2016,js,44,1.241006105,1.392468253
2016,js,45,2.27889388,1.841375651
2016,js,46,1.342580206,0.7219442114
2016,js,47,0.05693498661,-0.086765504
2016,js,48,0.4193395853,0.5268534955
2016,js,49,0.356391919,0.1870121777
2016,js,50,0.7522822558,0.2603082705
2016,js,51,1.030790289,1.004994034
2016,js,52,-0.1217297297,0.1463428682
2016,js,53,0.8916781513,0.4101869749
2016,js,54,0.2776913977,0.217890972
2016,js,55,0.3770957559,0.413616105
2016,js,56,0.1821506318,0.3048773893
2016,js,57,1.190208955,1.290963059
2016,js,58,1.619051744,0.8493693799
2016,js,59,0.8763508899,0.5329125702
2016,js,60,0.5239626476,0.442648784
2016,js,61,0.8487554762,0.4772088407
2016,js,62,2.129279156,1.321861264
2016,js,63,1.052738186,1.063989261
2016,js,64,0.1417693234,0.0487379837
2016,js,65,0.3878445581,0.4983007868
2016,js,66,0.03615168104,0.1189926081
2016,js,67,1.460502187,1.19455732
2016,js,68,0.2826534397,0.5607645033
2016,js,69,-0.01400940881,0.09090868211
2016,js,70,0.8985653826,0.8796428739
2016,js,71,1.659968015,1.560994429
2016,js,72,0.6095784479,0.5293946338
2016,js,73,0.1326976059,-0.01671133016
2016,js,74,0.4620526223,0.193086952
2016,js,75,0.07329731763,0.002270028038
2016,js,76,0.6328518418,0.6320904948
2016,js,77,-0.00652752957,0.06874894283
2016,js,78,0.144003537,0.05655434973
2016,js,79,1.218334761,0.6845804848
2016,js,80,0.09834154869,0.1352151271
2016,js,81,1.988486918,1.408347056
2016,js,82,0.3542077481,0.2223091681
2016,js,83,0.01893647798,0.01370721477
2016,js,84,1.447443324,1.473687724
2016,js,85,1.416396596,0.8648619605
2016,js,86,0.7671398552,1.141732289
2016,js,87,1.256562368,0.739345627
2016,js,88,2.141192123,2.880615995
2016,js,89,1.771671537,1.357705714
2016,js,90,0.3518429154,0.4276207143
2016,js,91,0.533701305,0.3475939906
2016,js,92,0.6622047008,0.4434971823
2016,js,93,1.821190407,1.057224288
2016,js,94,1.056542881,0.7889165242
2016,js,95,0.008987557562,0.02411881505
2016,js,96,1.602344432,1.476277849
2016,js,97,1.062063185,0.9565315793
2016,js,98,0.9352604103,0.5078303115
2016,js,99,0.1321095629,-0.05862723549
2016,js,100,1.220132432,0.8077612069
2016,js,101,0.3231945911,0.6461257003
2016,js,102,0.08946919131,0.002520728194
2016,js,103,0.04556779655,0.02825194948
2016,js,104,0.149009684,0.266971216
2016,js,105,1.860823235,1.592995142
2016,js,106,0.06775245565,0.0798880136
2016,js,107,1.397395765,0.8128839682
2016,js,108,1.639958514,0.815380719
2016,js,109,0.9134719284,0.7591171401
2016,js,110,0.7999425934,0.4249675644
2016,js,111,0.07002200797,0.0007748989577
2016,js,112,0.902644103,0.769645129
2016,js,113,1.283494602,0.9945454277
2016,js,114,1.948775994,1.38588458
2016,js,115,0.6218771777,0.350492154
2016,js,116,1.734890614,1.873253277
2016,js,117,1.432783113,0.914236542
2016,js,118,1.701291326,1.327377109
2016,js,119,0.4070229501,0.3553354824
2016,js,120,0.3925460355,0.022835718
2016,js,121,0.04400852566,-0.007903472675
2016,js,122,2.524573008,2.371023358
2016,js,123,0.2238071065,0.1770849638
2016,js,124,1.228215026,1.017273255
2016,js,125,1.011163944,0.6854335293
2016,js,126,0.03411786725,-0.03584675722
2016,js,127,1.380217344,1.350908709
2016,js,128,1.219799334,0.5975351596
2016,js,129,0.2658237097,0.2089782701
2016,js,130,2.633863196,2.654852006
2016,js,131,0.5323811647,0.9504740874
2016,js,132,2.032398947,1.544271139
2016,js,133,1.409913538,0.704153954
2016,js,134,1.145630756,0.6934838935
2016,js,135,0.006815733258,0.04443413751
2016,js,136,0.01812124543,0.08502470023
2016,js,137,0.311198278,0.2699246421
2016,js,138,1.172271568,0.7724128036
2016,js,139,0.7896639167,0.6220023821
2016,js,140,1.152678709,0.7493008366
2016,js,141,2.067109121,1.622190215
2016,js,142,1.511886827,1.450402869
2016,js,143,0.3225556949,0.2007481602
2016,js,144,0.08198567077,0.1856287493
2016,js,145,0.2297562935,0.1014381407
2016,js,146,1.64265211,0.8659623698
2016,js,147,0.07027209534,0.1249335177
2016,js,148,0.1773532787,0.2566206762
2016,js,149,0.4665359225,0.4136711957
2016,js,150,1.580754586,0.9516818688
2016,js,151,1.369493233,1.094636371
2016,js,152,1.454940867,1.089469296
2016,js,153,1.590662823,1.137050868
2016,js,154,1.505365256,1.626610782
2016,js,155,-0.2820460318,-0.1711098484
2016,js,156,1.240770941,0.7828594999
2016,js,157,-0.003847077527,-0.05276759378
2016,js,158,0.1537002426,0.401742402
2016,js,159,1.134687162,0.8549721406
2016,js,160,0.8574797313,0.6246661777
2016,js,161,0.02237958195,0.1199465352
2016,js,162,1.625524309,1.752949099
2016,js,163,0.1966147201,0.1113110815
2016,js,164,0.836034615,0.7038770661
2016,js,165,0.6703428795,0.4836028253
2016,js,166,0.1525150001,0.007445231711
2016,js,167,0.8542371386,0.774060152
2016,js,168,1.804986881,2.08252276
2016,js,169,1.508946002,0.8401389607
2016,js,170,0.4939632984,0.4827441653
2016,js,171,1.78906077,1.289577501
2016,js,172,1.611005954,1.448926005
2016,js,173,0.2118368372,0.1994121572
2016,js,174,1.178524344,0.8727873109
2016,js,175,1.169687051,1.364707635
2016,js,176,1.559671265,0.8803053042
2016,js,177,0.01593136869,0.02664706705
2016,js,178,1.095590026,1.13499072
2016,js,179,0.8029159237,0.7438128924
2016,js,180,1.810024212,1.508753755
2016,js,181,0.03474500086,0.1778613384
2016,js,182,1.222489966,1.123029077
2016,js,183,2.361580009,2.570944414
2016,js,184,0.2402836807,0.452387212
2016,js,185,1.443938913,0.9464471965
2016,js,186,-0.03295683207,-0.1287426361
2016,js,187,0.08892220797,0.2447316782
2016,js,188,1.202262728,0.8727683313
2016,js,189,0.9225211385,0.3437746296
2016,js,190,0.9807420408,0.6108011241
2016,js,191,1.387474528,0.8150965462
2016,js,192,0.4734914078,0.3012655274
2016,js,193,0.8955821033,1.091065496
2016,js,194,0.07972075728,-0.04800866349
2016,js,195,0.01194753834,0.01450356329
2016,js,196,2.127357315,1.670820485
2016,js,197,0.1443187943,0.288803051
2016,js,198,0.4922838554,0.4265300247
2016,js,199,0.6612892439,0.33808149
2016,js,200,1.716696664,0.8206822367
2016,js,201,0.586990715,0.4467607373
2016,js,202,1.586878308,1.760681178
2016,js,203,1.1991022,0.9161266155
2016,js,204,0.9811619975,1.000372981
2016,js,205,0.06160482551,0.01762936378
2016,js,206,1.081933801,0.7639934572
2016,js,207,1.34236717,1.638984052
2016,js,208,0.06373098593,0.08800135143
2016,js,209,0.01171949717,0.01393744207
2016,js,210,-0.0876435131,0.2708742771
2016,js,211,0.5706941684,0.4829924479
2016,js,212,2.153880514,1.84887463
2016,js,213,2.197152577,2.021977662
2016,js,214,0.1599624711,0.40552974
2016,js,215,1.268813736,0.6826372889
2016,js,216,0.1103703362,0.07303782697
2016,js,217,0.6108803207,0.4128962595
2016,js,218,2.321173665,1.647147971
2016,js,219,-0.04296905505,0.1202791496
2016,js,220,1.762662546,2.558794838
2016,js,221,0.7431020471,1.202366917
2016,js,222,0.001251945724,0.02765173318
2016,js,223,0.5780535098,0.541787514
2016,js,224,0.5179167399,1.661434972
2016,js,225,0.9272504484,1.017944418
2016,js,226,0.0437937811,0.0710372777
2016,js,227,-0.09026789898,-0.04225641633
2016,js,228,1.649240924,1.228659366
2016,js,229,0.4077932002,0.3214283341
2016,js,230,1.110085671,1.255589249
2016,js,231,1.663619801,0.9800096718
2016,js,232,0.269034657,0.6208962576
2016,js,233,0.9676983689,0.534153878
2016,js,234,0.5880384241,0.6239714647
2016,js,235,0.6077424011,0.6179912002
2016,js,236,1.484663314,0.7127656346
2016,js,237,1.023102411,0.8297019734
2016,js,238,0.5365368444,0.5411671876
2016,js,239,1.425803253,0.72642411
2016,js,240,0.7229741354,0.1713526112
2016,js,241,0.4921521789,0.2456247347
2016,js,242,0.1529732827,0.4595937013
2016,js,243,1.111103811,0.8105641134
2016,js,244,1.245834257,0.8259254495
2016,js,245,1.246339104,0.9639700768
2016,js,246,0.4029460418,0.7740312947
2016,js,247,0.6100379289,0.3634489865
2016,js,248,0.8362415981,0.987864072
2016,js,249,2.005935766,1.405166585
2016,js,250,1.365348579,0.9312766912
2016,js,251,0.2382672023,0.4280657258
2016,js,252,1.497806798,1.194653019
2016,js,253,0.4693561081,0.8086116401
2016,js,254,1.678085812,1.457267141
2016,js,255,0.4986580915,0.6667928931
2016,js,256,1.670780743,0.9431931099
2016,js,257,0.6364022929,0.4111528146
2016,js,258,0.7610399274,0.5184652897
2016,js,259,1.830522717,2.124602225
2016,js,260,1.62064775,1.925739892
2016,js,261,0.1682904333,-0.1388706748
2016,js,262,0.7932994235,0.529586577
2016,js,263,1.475545129,1.505013204
2016,js,264,0.7336935215,0.3711169214
2016,js,265,0.5408875614,0.1322566466
2016,js,266,0.7456602437,0.7764998973
2016,js,267,1.597304317,0.86314039
2016,js,268,2.071007554,1.295570703
2016,js,269,0.5949785143,-0.1320343375
2016,js,270,0.4640270012,0.208635762
2016,js,271,1.037752255,0.6228675777
2016,js,272,0.8740743004,0.6958133786
2016,js,273,1.054154234,1.196554479
2016,js,274,0.7952231858,0.7111209635
2016,js,275,1.209992953,0.9499259597
2016,js,276,1.447549585,0.9726177102
2016,js,277,0.366379291,0.2789718375
2016,js,278,0.4408916299,0.2671350341
2016,js,279,1.362936114,0.9297050506
2016,js,280,1.874699625,1.179165795
2016,js,281,1.942213359,1.508541767
2016,js,282,1.667570194,0.9011528313
2016,js,283,0.3536104672,-0.008417119648
2016,js,284,1.561950005,0.6868955888
2016,js,285,0.08602396271,-0.1313943677
2016,js,286,2.169156823,2.303387264
2016,js,287,1.799782894,1.876481159
2016,js,288,0.6864212809,0.3380543474
2016,js,289,0.02193786718,0.03613058746
2016,js,290,1.580033658,1.421740857
2016,js,291,1.183765592,0.5495241601
2016,js,292,0.9034650685,0.4869495195
2016,js,293,0.4068261494,0.3990820946
2016,js,294,0.3349385415,0.2185016989
2016,js,295,1.406063904,1.02519642
2016,js,296,0.1966265575,-0.05645587626
2016,js,297,0.8682790486,0.8041941755
2016,js,298,0.5449322951,0.3859764868
2016,js,299,2.448262494,1.684177162
2016,js,300,0.0210917017,0.06656994695
2016,js,301,1.354977226,0.6863843511
2016,js,302,-0.06065182994,0.2401328476
2016,js,303,0.03469570883,0.04244284478
2016,js,304,1.567434965,1.589853883
2016,js,305,0.4725496203,0.481600212
2016,js,306,1.104330616,0.6129028511
2016,js,307,-0.004090149005,-0.04913670487
2016,js,308,0.08736363469,-0.02431579245
2016,js,309,1.408007807,1.36348082
2016,js,310,2.02259051,1.537341319
2016,js,311,0.1247220029,-0.003792796742
2016,js,312,0.8868493919,0.6600081486
2016,js,313,0.9290616648,0.87269921
2016,js,314,0.3396866996,0.2159766164
2016,js,315,0.04431373443,-0.01000539426
2016,js,316,-0.005605941512,0.01211204081
2016,js,317,1.692437092,1.532060566
2016,js,318,1.296585796,0.7393693411
2016,js,319,1.625366282,1.008239506
2016,js,320,0.8408490789,0.545578639
2016,js,321,1.324785926,0.6431901444
2016,js,322,0.6406941553,0.5100600832
2016,js,323,0.2873279496,0.01974772475
2016,js,324,-0.01758045954,-0.08725190241
2016,js,325,0.4697776806,0.2524744178
2016,js,326,1.572375133,0.9594506993
2016,js,327,1.271466577,0.7147836854
2016,js,328,1.157262889,1.319802252
2016,js,329,0.4712818695,0.4945370666
2016,js,330,0.1491942762,0.2096521353
2016,js,331,0.009744860274,0.0102879353
2016,js,332,0.07327678725,0.06101122124
2016,js,333,1.211493204,0.5557806345
2016,js,334,2.033106212,2.425105523
2016,js,335,0.4171289657,0.2357246146
2016,js,336,0.04637674771,0.09324509538
2016,js,337,1.613455217,1.704847135
2016,js,338,0.8083263709,0.8503789057
2016,js,339,2.699053614,2.550562333
2016,js,340,1.100603081,1.079690298
2016,js,341,1.313417904,1.041815305
2016,js,342,1.660141306,0.9691871998
2016,js,343,1.689363745,1.235339346
2016,js,344,0.4946312485,0.1413542858
2016,js,345,1.858984567,1.569828484
2016,js,346,0.5364491639,0.5599359022
2016,js,347,0.6109414976,0.4824050091
2016,js,348,1.441370401,1.133975687
2016,js,349,0.8103227862,0.8509865917
2016,js,350,1.51625579,1.670732055
2016,js,351,2.579502492,2.760360378
2016,js,352,1.901307626,1.32761468
2016,js,353,0.1991687841,-0.1153221355
2016,js,354,0.8248952056,0.6055469357
2016,js,355,1.002224945,0.6857652668
2016,js,356,1.923584912,1.851767814
2016,js,357,1.474209076,0.5848901663
2016,js,358,0.0836809306,0.1197322708
2016,js,359,0.7597764194,0.5101521343
2016,js,360,-0.03625430703,0.05314020843
2016,js,361,2.280860897,2.634511548
2016,js,362,0.8329618951,0.6229452477
2016,js,363,2.273640629,1.476088725
2016,js,364,2.675533068,2.993945163
2016,js,365,1.751721203,2.148140269
2016,js,366,0.2468047507,0.3070946757
2016,js,367,2.962384069,3.711798026
2016,js,368,0.4276467459,0.2613700632
2016,js,369,0.1402968593,-0.003068070264
2016,js,370,1.394887,1.256987895
2016,js,371,1.40439321,1.166867982
2016,js,372,1.698246192,0.9155790652
2016,js,373,2.067058435,0.9840756265
2016,js,374,1.008378708,0.6963548054
2016,js,375,0.959094328,1.646448422
2016,js,376,0.035444729,-0.005761381695
2016,js,377,0.5295764539,0.5117705842
2016,js,378,0.7182448911,0.2067356286
2016,js,379,0.2779464957,0.1232944074
2016,js,380,0.1382915564,-0.03342110445
2016,js,381,-0.02053946898,0.0182231479
2016,js,382,1.672093105,0.8790033057
2016,js,383,0.2757467034,0.5064956349
2016,js,384,1.110872246,0.5616789162
2016,js,385,0.0708146171,0.1096896422
2016,js,386,0.8598670002,0.53178547
2016,js,387,0.1223944376,0.3336607918
2016,js,388,0.6827731942,0.7273378796
2016,js,389,-0.0183932145,0.009747517713
2016,js,390,1.904370139,2.022914223
2016,js,391,2.63229976,1.75439821
2016,js,392,0.03675999972,0.01305277946
2016,js,393,0.5917178323,0.2480848616
2016,js,394,1.561994842,0.7315737986
2016,js,395,2.08394398,1.386570599
2016,js,396,0.02362762797,-0.05827688002
2016,js,397,0.7495163351,0.3352905534
2016,js,398,1.56136395,1.078333291
2016,js,399,0.4216373689,0.6640458576
2016,js,400,1.290790313,0.9185406028
2016,js,401,0.5194267991,0.4779641925
2016,js,402,0.8711473397,0.7763599261
2016,js,403,1.094263568,0.9659497143
2016,js,404,2.033502696,2.201697279
2016,js,405,0.496008667,0.3766689235
2016,js,406,0.5814336384,0.6123692065
2016,js,407,0.850443832,0.5087283857
2016,js,408,1.421092097,0.7924371031
2016,js,409,0.5066732162,0.3460726445
2016,js,410,1.558749387,0.9420161345
2016,js,411,3.019947549,2.904872089
2016,js,412,0.07336663292,0.2084266479
2016,js,413,-0.08467974113,0.121623604
2016,js,414,0.9220148541,0.6215342098
2016,js,415,0.2898615685,0.1751633756
2016,js,416,1.574330898,0.6159882495
2016,js,417,0.8346646449,0.5821846512
2016,js,418,1.18247995,0.744466987
2016,js,419,0.7265676496,0.8252065234
2016,js,420,2.337859282,2.228064182
2016,js,421,1.617623258,0.9400482948
2016,js,422,0.6647775547,0.2222764115
2016,js,423,0.3150434625,0.1808500025
2016,js,424,1.250933975,1.275446061
2016,js,425,0.9444589014,0.8227136915
2016,js,426,0.6194683049,0.3832123511
2016,js,427,1.886846493,1.982175582
2016,js,428,1.04682809,0.50376333
2016,js,429,0.01939796372,0.02547257659
2016,js,430,1.523907531,0.917929211
2016,js,431,1.762749434,0.7778452354
2016,js,432,0.02693110203,-0.01354924058
2016,js,433,1.090287377,0.4264733413
2016,js,434,1.986599553,1.241379066
2016,js,435,1.872408301,1.507001172
2016,js,436,0.4898718228,0.6183577186
2016,js,437,0.9289808585,0.4381210333
2016,js,438,1.745563472,1.325206864
2016,js,439,1.836977696,1.544620737
2016,js,440,1.934323775,1.849999579
2016,js,441,0.08171732244,0.01915376261
2016,js,442,1.184285586,1.128662087
2016,js,443,1.447236524,1.155475297
2016,js,444,0.2126593528,0.26882527
2016,js,445,0.3530969405,0.2473278209
2016,js,446,0.6762045669,0.7275903361
2016,js,447,1.14830536,0.728674968
2016,js,448,0.3387522669,0.254004673
2016,js,449,1.50742801,1.289303982
2016,js,450,-0.01376860184,0.1183017941
2016,js,451,0.2203627835,-0.06019365965
2016,js,452,0.423572702,0.4173501389
2016,js,453,0.2706064087,0.5327344588
2016,js,454,1.587358457,1.381745871
2016,js,455,0.5349621227,0.9644489191
2016,js,456,0.005997970722,0.0008078947941
2016,js,457,1.104784329,0.5532964857
2016,js,458,0.9123111765,0.6893516468
2016,js,459,1.058000241,0.6676345407
2016,js,460,0.5230238472,0.4400741841
2016,js,461,0.6161689134,0.3447807352
2016,js,462,1.349735299,1.529374983
2016,js,463,0.08245006501,0.06746874517
2016,js,464,1.062365403,0.8945628942
2016,js,465,0.3229646038,0.351848642
2016,js,466,0.004561260684,0.06258040813
2016,js,467,0.7527437538,0.7202304527
2016,js,468,0.04785488534,-0.03366669218
2016,js,469,1.642208745,1.603008483
2016,js,470,0.5531226122,0.7331570015
2016,js,471,1.050338327,1.058381312
2016,js,472,1.169057564,0.5247830868
2016,js,473,0.36967935,-0.1419044866
2016,js,474,1.476778205,0.8867650464
2016,js,475,0.4994926023,0.4443744056
2016,js,476,0.01733913174,0.03982350512
2016,js,477,1.061658535,0.9221735811
2016,js,478,1.608097677,1.187006676
2016,js,479,0.1994553913,-0.05066718073
2016,js,480,1.666839958,1.230178897
2016,js,481,0.9181694448,0.6353256141
2016,js,482,1.6412942,1.681736704
2016,js,483,0.2539756318,0.1941528637
2016,js,484,0.2971805966,0.2359625573
2016,js,485,2.094312063,2.385444647
2016,js,486,-0.002355260445,0.02884670019
2016,js,487,0.01340261609,0.03552809737
2016,js,488,1.708097305,2.212786341
2016,js,489,0.6555431837,0.5614498424
2016,js,490,0.5955820699,0.7797285138
2016,js,491,0.9503440855,0.4660791221
2016,js,492,1.484954068,0.9875515616
2016,js,493,1.353933111,0.7048015654
2016,js,494,0.9040668802,0.6136139214
2016,js,495,0.2829418707,0.3941303604
2016,js,496,0.03656039706,-0.0489163047
2016,js,497,0.4959418853,1.012878404
2016,js,498,1.293860726,0.7839852624
2016,js,499,1.1986108,1.058322838
2016,js,500,1.089106117,0.697312226
2016,sure,1,0.4800287958,0.9607363021
2016,sure,2,0.6024468848,0.9559425567
2016,sure,3,0.1753578018,0.7033409202
2016,sure,4,0.06400353386,0.3986017182
2016,sure,5,0.007993457229,0.1288225122
2016,sure,6,0.6114577386,1.843944736
2016,sure,7,0.7255159558,1.360047721
2016,sure,8,0.712532595,1.035215661
2016,sure,9,0.4736355606,0.8885873436
2016,sure,10,0.8409165124,1.3077347
2016,sure,11,0.7829172628,1.133600842
2016,sure,12,-0.02283108174,-0.001568030548
2016,sure,13,0.009149403696,-0.1764531559
2016,sure,14,-0.01109711474,0.1910636478
2016,sure,15,0.7717999268,1.819078592
2016,sure,16,0.477455474,0.8730140942
2016,sure,17,0.480748683,0.6853359612
2016,sure,18,0.7598633196,1.245166156
2016,sure,19,0.2598481464,0.5020479823
2016,sure,20,0.6452816787,0.7820026113
2016,sure,21,0.4702223738,0.9791184288
2016,sure,22,0.1851384874,0.1749277459
2016,sure,23,0.2345875311,-0.05014922376
2016,sure,24,0.02884905107,0.002376614406
2016,sure,25,0.205667518,0.2514700241
2016,sure,26,0.004024811565,0.1747719072
2016,sure,27,0.522601246,0.8926836565
2016,sure,28,0.5916288511,1.465409749
2016,sure,29,0.3893896644,0.565931536
2016,sure,30,0.1137006172,-0.1992536406
2016,sure,31,0.2340384852,0.6819649667
2016,sure,32,-0.0656114112,0.2917679101
2016,sure,33,0.1969333522,0.6140043078
2016,sure,34,0.4864719856,0.8724655783
2016,sure,35,0.651720927,0.7425503869
2016,sure,36,0.04943331814,0.3213578033
2016,sure,37,0.8265083669,0.6050549095
2016,sure,38,0.6926002465,0.9212192906
2016,sure,39,0.01388762352,-0.04185385504
2016,sure,40,0.01262052621,-0.07145408602
2016,sure,41,1.032262206,1.194737688
2016,sure,42,0.04607299477,-0.0977510899
2016,sure,43,0.3753227121,1.1035836
2016,sure,44,0.901259077,1.392468253
2016,sure,45,1.771414815,1.841375651
2016,sure,46,0.4827796894,0.7219442114
2016,sure,47,0.04879551099,-0.086765504
2016,sure,48,-0.1495372665,0.5268534955
2016,sure,49,-0.05983361718,0.1870121777
2016,sure,50,0.1669445361,0.2603082705
2016,sure,51,0.4669933956,1.004994034
2016,sure,52,-0.1999812832,0.1463428682
2016,sure,53,0.2633008204,0.4101869749
2016,sure,54,0.00990040711,0.217890972
2016,sure,55,0.0305493699,0.413616105
2016,sure,56,-0.03012946828,0.3048773893
2016,sure,57,0.6478308869,1.290963059
2016,sure,58,0.5854683039,0.8493693799
2016,sure,59,0.3148418284,0.5329125702
2016,sure,60,0.1673031219,0.442648784
2016,sure,61,0.1745546222,0.4772088407
2016,sure,62,1.167506476,1.321861264
2016,sure,63,0.2947764399,1.063989261
2016,sure,64,-0.01739144568,0.0487379837
2016,sure,65,0.04829108257,0.4983007868
2016,sure,66,0.006366345922,0.1189926081
2016,sure,67,0.8349571057,1.19455732
2016,sure,68,-0.04160711713,0.5607645033
2016,sure,69,-0.01400940881,0.09090868211
2016,sure,70,0.4375724981,0.8796428739
2016,sure,71,0.9084661892,1.560994429
2016,sure,72,0.06120731921,0.5293946338
2016,sure,73,0.03377379072,-0.01671133016
2016,sure,74,0.1913498061,0.193086952
2016,sure,75,0.1520386171,0.002270028038
2016,sure,76,0.08789790308,0.6320904948
2016,sure,77,-0.00652752957,0.06874894283
2016,sure,78,-0.008793092434,0.05655434973
2016,sure,79,0.5815083281,0.6845804848
2016,sure,80,-0.01315868047,0.1352151271
2016,sure,81,1.152955045,1.408347056
2016,sure,82,0.09720946747,0.2223091681
2016,sure,83,0.001199372648,0.01370721477
2016,sure,84,0.6275534898,1.473687724
2016,sure,85,0.5751603192,0.8648619605
2016,sure,86,0.2276273842,1.141732289
2016,sure,87,0.509111739,0.739345627
2016,sure,88,1.451752872,2.880615995
2016,sure,89,0.989716499,1.357705714
2016,sure,90,0.03272720617,0.4276207143
2016,sure,91,0.09452921944,0.3475939906
2016,sure,92,0.175493815,0.4434971823
2016,sure,93,0.8678145356,1.057224288
2016,sure,94,0.4561157435,0.7889165242
2016,sure,95,0.008987557562,0.02411881505
2016,sure,96,0.9935936896,1.476277849
2016,sure,97,0.3583720748,0.9565315793
2016,sure,98,0.09753623687,0.5078303115
2016,sure,99,-0.1304624707,-0.05862723549
2016,sure,100,0.3781242087,0.8077612069
2016,sure,101,-0.149007494,0.6461257003
2016,sure,102,0.02250941465,0.002520728194
2016,sure,103,0.000485837492,0.02825194948
2016,sure,104,0.01497168149,0.266971216
2016,sure,105,1.128289278,1.592995142
2016,sure,106,0.004404634915,0.0798880136
2016,sure,107,0.8695816465,0.8128839682
2016,sure,108,0.6265901499,0.815380719
2016,sure,109,0.2734847037,0.7591171401
2016,sure,110,0.195956008,0.4249675644
2016,sure,111,-0.01557614437,0.0007748989577
2016,sure,112,0.3073351035,0.769645129
2016,sure,113,0.5066144964,0.9945454277
2016,sure,114,0.9559608463,1.38588458
2016,sure,115,0.1243068403,0.350492154
2016,sure,116,1.123285344,1.873253277
2016,sure,117,0.767351942,0.914236542
2016,sure,118,0.7915810537,1.327377109
2016,sure,119,-0.04720232664,0.3553354824
2016,sure,120,-0.02003992789,0.022835718
2016,sure,121,0.04400852566,-0.007903472675
2016,sure,122,1.578167886,2.371023358
2016,sure,123,-0.001137797051,0.1770849638
2016,sure,124,0.6384797651,1.017273255
2016,sure,125,0.3031776804,0.6854335293
2016,sure,126,-0.01286465111,-0.03584675722
2016,sure,127,0.5902244087,1.350908709
2016,sure,128,0.8018882342,0.5975351596
2016,sure,129,0.03894583939,0.2089782701
2016,sure,130,1.787177753,2.654852006
2016,sure,131,-0.09500718994,0.9504740874
2016,sure,132,1.152868849,1.544271139
2016,sure,133,0.4419369489,0.704153954
2016,sure,134,0.3042640315,0.6934838935
2016,sure,135,0.006815733258,0.04443413751
2016,sure,136,-0.08928808868,0.08502470023
2016,sure,137,-0.005130100789,0.2699246421
2016,sure,138,0.3562969892,0.7724128036
2016,sure,139,0.206015452,0.6220023821
2016,sure,140,0.3513303251,0.7493008366
2016,sure,141,1.242648058,1.622190215
2016,sure,142,0.5887417895,1.450402869
2016,sure,143,0.004783492366,0.2007481602
2016,sure,144,-0.01519402415,0.1856287493
2016,sure,145,0.009833067818,0.1014381407
2016,sure,146,0.7119541806,0.8659623698
2016,sure,147,-0.05288292467,0.1249335177
2016,sure,148,0.008288445313,0.2566206762
2016,sure,149,0.02550043563,0.4136711957
2016,sure,150,0.9721789891,0.9516818688
2016,sure,151,0.5526872277,1.094636371
2016,sure,152,0.774920847,1.089469296
2016,sure,153,0.9878699625,1.137050868
2016,sure,154,0.8371025387,1.626610782
2016,sure,155,-0.4585889687,-0.1711098484
2016,sure,156,0.6016265945,0.7828594999
2016,sure,157,-0.02961274899,-0.05276759378
2016,sure,158,-0.01538028736,0.401742402
2016,sure,159,0.3502086581,0.8549721406
2016,sure,160,0.2855058962,0.6246661777
2016,sure,161,0.004142094853,0.1199465352
2016,sure,162,0.9365059431,1.752949099
2016,sure,163,0.05823071315,0.1113110815
2016,sure,164,0.3056152132,0.7038770661
2016,sure,165,0.1214749774,0.4836028253
2016,sure,166,0.0298341283,0.007445231711
2016,sure,167,0.4774296221,0.774060152
2016,sure,168,1.05639021,2.08252276
2016,sure,169,0.4687897708,0.8401389607
2016,sure,170,0.007394387189,0.4827441653
2016,sure,171,0.844635146,1.289577501
2016,sure,172,0.8564686488,1.448926005
2016,sure,173,0.02380678793,0.1994121572
2016,sure,174,0.7139530449,0.8727873109
2016,sure,175,0.5991263688,1.364707635
2016,sure,176,0.4866048977,0.8803053042
2016,sure,177,0.01593136869,0.02664706705
2016,sure,178,0.4637955062,1.13499072
2016,sure,179,0.4164871205,0.7438128924
2016,sure,180,0.9754004819,1.508753755
2016,sure,181,-0.08928074349,0.1778613384
2016,sure,182,0.673792016,1.123029077
2016,sure,183,1.489699849,2.570944414
2016,sure,184,-0.237498731,0.452387212
2016,sure,185,0.6359401569,0.9464471965
2016,sure,186,-0.03295683207,-0.1287426361
2016,sure,187,0.02552080246,0.2447316782
2016,sure,188,0.3495462797,0.8727683313
2016,sure,189,0.3026011097,0.3437746296
2016,sure,190,0.1949349176,0.6108011241
2016,sure,191,0.6473519568,0.8150965462
2016,sure,192,0.01275552674,0.3012655274
2016,sure,193,0.336696612,1.091065496
2016,sure,194,0.1097229017,-0.04800866349
2016,sure,195,0.01194753834,0.01450356329
2016,sure,196,1.307617268,1.670820485
2016,sure,197,-0.03340359095,0.288803051
2016,sure,198,0.01889180228,0.4265300247
2016,sure,199,0.348658979,0.33808149
2016,sure,200,0.7310667649,0.8206822367
2016,sure,201,0.03555114668,0.4467607373
2016,sure,202,0.9310936297,1.760681178
2016,sure,203,0.6167818956,0.9161266155
2016,sure,204,0.4069144745,1.000372981
2016,sure,205,0.01107879227,0.01762936378
2016,sure,206,0.3009881387,0.7639934572
2016,sure,207,0.7605988767,1.638984052
2016,sure,208,-0.007516158576,0.08800135143
2016,sure,209,-0.01708691719,0.01393744207
2016,sure,210,-0.2362824999,0.2708742771
2016,sure,211,0.1780630657,0.4829924479
2016,sure,212,1.434804741,1.84887463
2016,sure,213,1.34423398,2.021977662
2016,sure,214,-0.1339660851,0.40552974
2016,sure,215,0.301764179,0.6826372889
2016,sure,216,0.008254233272,0.07303782697
2016,sure,217,0.1211729445,0.4128962595
2016,sure,218,1.314929046,1.647147971
2016,sure,219,0.002471272244,0.1202791496
2016,sure,220,1.113554072,2.558794838
2016,sure,221,0.0869919454,1.202366917
2016,sure,222,-0.01496432507,0.02765173318
2016,sure,223,0.1301184586,0.541787514
2016,sure,224,0.1872662276,1.661434972
2016,sure,225,0.2635531766,1.017944418
2016,sure,226,0.0437937811,0.0710372777
2016,sure,227,-0.09026789898,-0.04225641633
2016,sure,228,0.9548239069,1.228659366
2016,sure,229,-0.00625374329,0.3214283341
2016,sure,230,0.3989468865,1.255589249
2016,sure,231,0.7020783084,0.9800096718
2016,sure,232,0.02413018821,0.6208962576
2016,sure,233,0.1007757412,0.534153878
2016,sure,234,-0.02324306325,0.6239714647
2016,sure,235,0.1646051375,0.6179912002
2016,sure,236,0.5403112169,0.7127656346
2016,sure,237,0.283150703,0.8297019734
2016,sure,238,0.09243399337,0.5411671876
2016,sure,239,0.6717468469,0.72642411
2016,sure,240,0.2112483101,0.1713526112
2016,sure,241,-0.007217914292,0.2456247347
2016,sure,242,-0.07704963874,0.4595937013
2016,sure,243,0.5941721782,0.8105641134
2016,sure,244,0.5890022124,0.8259254495
2016,sure,245,0.6337212075,0.9639700768
2016,sure,246,-0.1278981405,0.7740312947
2016,sure,247,0.03220585073,0.3634489865
2016,sure,248,0.21203777,0.987864072
2016,sure,249,1.071270287,1.405166585
2016,sure,250,0.821247162,0.9312766912
2016,sure,251,0.1538597568,0.4280657258
2016,sure,252,0.5951181034,1.194653019
2016,sure,253,0.05487308897,0.8086116401
2016,sure,254,0.8886086038,1.457267141
2016,sure,255,0.001517993385,0.6667928931
2016,sure,256,0.7183384622,0.9431931099
2016,sure,257,0.01903296118,0.4111528146
2016,sure,258,0.1448266658,0.5184652897
2016,sure,259,1.155793878,2.124602225
2016,sure,260,0.9012343613,1.925739892
2016,sure,261,-0.02272840212,-0.1388706748
2016,sure,262,0.169549782,0.529586577
2016,sure,263,0.7802644416,1.505013204
2016,sure,264,0.03518736303,0.3711169214
2016,sure,265,0.0424797044,0.1322566466
2016,sure,266,0.1651456111,0.7764998973
2016,sure,267,0.6454252399,0.86314039
2016,sure,268,1.162503976,1.295570703
2016,sure,269,0.0313548717,-0.1320343375
2016,sure,270,0.0721254765,0.208635762
2016,sure,271,0.2518127911,0.6228675777
2016,sure,272,0.2403015824,0.6958133786
2016,sure,273,0.3513638976,1.196554479
2016,sure,274,0.1777008131,0.7111209635
2016,sure,275,0.5086409998,0.9499259597
2016,sure,276,0.5652434002,0.9726177102
2016,sure,277,0.03619093793,0.2789718375
2016,sure,278,-0.0128966017,0.2671350341
2016,sure,279,0.7642140032,0.9297050506
2016,sure,280,1.224389627,1.179165795
2016,sure,281,0.9325199951,1.508541767
2016,sure,282,0.6057397984,0.9011528313
2016,sure,283,0.05067406716,-0.008417119648
2016,sure,284,0.7500977556,0.6868955888
2016,sure,285,0.01162925085,-0.1313943677
2016,sure,286,1.382123825,2.303387264
2016,sure,287,1.270301663,1.876481159
2016,sure,288,0.4073449545,0.3380543474
2016,sure,289,0.003498153409,0.03613058746
2016,sure,290,0.8274272609,1.421740857
2016,sure,291,0.3538665479,0.5495241601
2016,sure,292,0.1996501561,0.4869495195
2016,sure,293,-0.005816383648,0.3990820946
2016,sure,294,-0.02357289774,0.2185016989
2016,sure,295,0.5222724882,1.02519642
2016,sure,296,0.03269799714,-0.05645587626
2016,sure,297,0.3788267104,0.8041941755
2016,sure,298,0.05739406908,0.3859764868
2016,sure,299,1.440695716,1.684177162
2016,sure,300,0.0210917017,0.06656994695
2016,sure,301,0.3769105825,0.6863843511
2016,sure,302,-0.06065182994,0.2401328476
2016,sure,303,-0.006626460264,0.04244284478
2016,sure,304,0.8429061616,1.589853883
2016,sure,305,-0.232161596,0.481600212
2016,sure,306,0.4997974515,0.6129028511
2016,sure,307,-0.004090149005,-0.04913670487
2016,sure,308,-0.01392787163,-0.02431579245
2016,sure,309,0.8113629541,1.36348082
2016,sure,310,1.108856936,1.537341319
2016,sure,311,0.003118219978,-0.003792796742
2016,sure,312,0.2702247694,0.6600081486
2016,sure,313,0.4727898844,0.87269921
2016,sure,314,-0.01063668953,0.2159766164
2016,sure,315,-0.03117860771,-0.01000539426
2016,sure,316,-0.005605941512,0.01211204081
2016,sure,317,1.08413109,1.532060566
2016,sure,318,0.5521530463,0.7393693411
2016,sure,319,0.8799004691,1.008239506
2016,sure,320,0.2582380822,0.545578639
2016,sure,321,0.3749064099,0.6431901444
2016,sure,322,0.1558614396,0.5100600832
2016,sure,323,0.1063630574,0.01974772475
2016,sure,324,-0.01758045954,-0.08725190241
2016,sure,325,-0.005007039608,0.2524744178
2016,sure,326,0.5861974139,0.9594506993
2016,sure,327,0.625589763,0.7147836854
2016,sure,328,0.511131763,1.319802252
2016,sure,329,-0.01457973669,0.4945370666
2016,sure,330,0.01773358108,0.2096521353
2016,sure,331,0.009744860274,0.0102879353
2016,sure,332,-0.008198027544,0.06101122124
2016,sure,333,0.7416802374,0.5557806345
2016,sure,334,1.161524255,2.425105523
2016,sure,335,0.01717907056,0.2357246146
2016,sure,336,0.00532330891,0.09324509538
2016,sure,337,0.9494949789,1.704847135
2016,sure,338,0.3358489832,0.8503789057
2016,sure,339,1.842195168,2.550562333
2016,sure,340,0.3167239008,1.079690298
2016,sure,341,0.6460632801,1.041815305
2016,sure,342,0.7517059256,0.9691871998
2016,sure,343,0.8463743254,1.235339346
2016,sure,344,0.02176554311,0.1413542858
2016,sure,345,1.132639802,1.569828484
2016,sure,346,-0.06076878163,0.5599359022
2016,sure,347,0.1478411805,0.4824050091
2016,sure,348,0.7684173252,1.133975687
2016,sure,349,0.2203187332,0.8509865917
2016,sure,350,1.009997304,1.670732055
2016,sure,351,1.6826476,2.760360378
2016,sure,352,0.9292565757,1.32761468
2016,sure,353,0.06028503287,-0.1153221355
2016,sure,354,0.3194808396,0.6055469357
2016,sure,355,0.2357617911,0.6857652668
2016,sure,356,1.043800016,1.851767814
2016,sure,357,0.7870729361,0.5848901663
2016,sure,358,0.0836809306,0.1197322708
2016,sure,359,0.2407922041,0.5101521343
2016,sure,360,-0.04272642259,0.05314020843
2016,sure,361,1.588658972,2.634511548
2016,sure,362,0.2941167269,0.6229452477
2016,sure,363,1.364688194,1.476088725
2016,sure,364,1.989825505,2.993945163
2016,sure,365,1.026805776,2.148140269
2016,sure,366,0.004161064805,0.3070946757
2016,sure,367,2.057980115,3.711798026
2016,sure,368,0.2000623018,0.2613700632
2016,sure,369,0.00938989734,-0.003068070264
2016,sure,370,0.8551791609,1.256987895
2016,sure,371,0.6800117322,1.166867982
2016,sure,372,0.6531182434,0.9155790652
2016,sure,373,1.009177961,0.9840756265
2016,sure,374,0.3586814007,0.6963548054
2016,sure,375,0.2805488966,1.646448422
2016,sure,376,0.035444729,-0.005761381695
2016,sure,377,-0.04317876538,0.5117705842
2016,sure,378,0.1401881133,0.2067356286
2016,sure,379,-0.001660735851,0.1232944074
2016,sure,380,0.1331815679,-0.03342110445
2016,sure,381,-0.02053946898,0.0182231479
2016,sure,382,0.8448212629,0.8790033057
2016,sure,383,-0.06108722352,0.5064956349
2016,sure,384,0.5317288438,0.5616789162
2016,sure,385,-0.06040756653,0.1096896422
2016,sure,386,0.09338240072,0.53178547
2016,sure,387,-0.3211434673,0.3336607918
2016,sure,388,0.1292169494,0.7273378796
2016,sure,389,-0.0183932145,0.009747517713
2016,sure,390,1.101636293,2.022914223
2016,sure,391,1.739580913,1.75439821
2016,sure,392,-0.05433115389,0.01305277946
2016,sure,393,-0.02231661053,0.2480848616
2016,sure,394,0.5881406034,0.7315737986
2016,sure,395,1.291533112,1.386570599
2016,sure,396,0.02362762797,-0.05827688002
2016,sure,397,0.1290261735,0.3352905534
2016,sure,398,0.7672388155,1.078333291
2016,sure,399,0.2179592095,0.6640458576
2016,sure,400,0.5695730049,0.9185406028
2016,sure,401,0.06737441162,0.4779641925
2016,sure,402,0.2694712613,0.7763599261
2016,sure,403,0.5004319173,0.9659497143
2016,sure,404,1.190212984,2.201697279
2016,sure,405,-0.000188575553,0.3766689235
2016,sure,406,0.3187937111,0.6123692065
2016,sure,407,0.1784302051,0.5087283857
2016,sure,408,0.5848068358,0.7924371031
2016,sure,409,0.1465161119,0.3460726445
2016,sure,410,0.4537490594,0.9420161345
2016,sure,411,2.13531748,2.904872089
2016,sure,412,-0.02214663621,0.2084266479
2016,sure,413,-0.08467974113,0.121623604
2016,sure,414,0.3175598546,0.6215342098
2016,sure,415,-0.007364757436,0.1751633756
2016,sure,416,0.9488813351,0.6159882495
2016,sure,417,0.2489098229,0.5821846512
2016,sure,418,0.2524407065,0.744466987
2016,sure,419,0.2467622584,0.8252065234
2016,sure,420,1.489068852,2.228064182
2016,sure,421,0.6357577147,0.9400482948
2016,sure,422,0.04689298761,0.2222764115
2016,sure,423,0.2367400553,0.1808500025
2016,sure,424,0.6600711568,1.275446061
2016,sure,425,0.1707885574,0.8227136915
2016,sure,426,0.006846947601,0.3832123511
2016,sure,427,1.11009271,1.982175582
2016,sure,428,0.3259634902,0.50376333
2016,sure,429,0.01939796372,0.02547257659
2016,sure,430,0.6630337294,0.917929211
2016,sure,431,0.8347822826,0.7778452354
2016,sure,432,0.02693110203,-0.01354924058
2016,sure,433,0.5422180963,0.4264733413
2016,sure,434,1.000733762,1.241379066
2016,sure,435,1.196865693,1.507001172
2016,sure,436,0.238321383,0.6183577186
2016,sure,437,0.1738111026,0.4381210333
2016,sure,438,0.8634641229,1.325206864
2016,sure,439,0.9874395181,1.544620737
2016,sure,440,1.164641623,1.849999579
2016,sure,441,0.04762361884,0.01915376261
2016,sure,442,0.6171297833,1.128662087
2016,sure,443,0.5055991888,1.155475297
2016,sure,444,-0.009621454124,0.26882527
2016,sure,445,0.1352004036,0.2473278209
2016,sure,446,0.03480966677,0.7275903361
2016,sure,447,0.4331072443,0.728674968
2016,sure,448,0.0007836018346,0.254004673
2016,sure,449,0.897288074,1.289303982
2016,sure,450,-0.08489961341,0.1183017941
2016,sure,451,-0.08040155422,-0.06019365965
2016,sure,452,0.1407844941,0.4173501389
2016,sure,453,0.1535971925,0.5327344588
2016,sure,454,0.6769691756,1.381745871
2016,sure,455,0.1516370361,0.9644489191
2016,sure,456,0.005997970722,0.0008078947941
2016,sure,457,0.2473077955,0.5532964857
2016,sure,458,0.5577063437,0.6893516468
2016,sure,459,0.1369631503,0.6676345407
2016,sure,460,0.01894333347,0.4400741841
2016,sure,461,0.1644766657,0.3447807352
2016,sure,462,0.7649667055,1.529374983
2016,sure,463,-0.02473100749,0.06746874517
2016,sure,464,0.4405093668,0.8945628942
2016,sure,465,-0.01450237215,0.351848642
2016,sure,466,0.004561260684,0.06258040813
2016,sure,467,0.08049209566,0.7202304527
2016,sure,468,0.1217414678,-0.03366669218
2016,sure,469,1.216503127,1.603008483
2016,sure,470,0.0652756738,0.7331570015
2016,sure,471,0.5172820391,1.058381312
2016,sure,472,0.3159209219,0.5247830868
2016,sure,473,0.05984070763,-0.1419044866
2016,sure,474,0.8364557123,0.8867650464
2016,sure,475,0.08961523603,0.4443744056
2016,sure,476,0.001651181741,0.03982350512
2016,sure,477,0.4853890526,0.9221735811
2016,sure,478,0.6817568783,1.187006676
2016,sure,479,-0.02759422805,-0.05066718073
2016,sure,480,0.7490963596,1.230178897
2016,sure,481,0.4814909961,0.6353256141
2016,sure,482,1.089500545,1.681736704
2016,sure,483,0.04329832813,0.1941528637
2016,sure,484,-0.09031579967,0.2359625573
2016,sure,485,1.28280426,2.385444647
2016,sure,486,-0.002355260445,0.02884670019
2016,sure,487,0.01340261609,0.03552809737
2016,sure,488,1.009640155,2.212786341
2016,sure,489,0.1956311699,0.5614498424
2016,sure,490,0.1064205672,0.7797285138
2016,sure,491,0.5505501874,0.4660791221
2016,sure,492,0.5945714318,0.9875515616
2016,sure,493,0.3784060981,0.7048015654
2016,sure,494,0.4296181991,0.6136139214
2016,sure,495,-0.04440000501,0.3941303604
2016,sure,496,-0.009884364438,-0.0489163047
2016,sure,497,-0.1018086616,1.012878404
2016,sure,498,0.565660383,0.7839852624
2016,sure,499,0.5235286865,1.058322838
2016,sure,500,0.3675603726,0.697312226
2016,gmleb,1,1.078101515,0.9607363021
2016,gmleb,2,0.9808999688,0.9559425567
2016,gmleb,3,0.6411931936,0.7033409202
2016,gmleb,4,0.620646939,0.3986017182
2016,gmleb,5,0.3143509283,0.1288225122
2016,gmleb,6,1.01475357,1.843944736
2016,gmleb,7,1.402161928,1.360047721
2016,gmleb,8,1.204582134,1.035215661
2016,gmleb,9,0.9935446813,0.8885873436
2016,gmleb,10,1.22372464,1.3077347
2016,gmleb,11,1.302234547,1.133600842
2016,gmleb,12,0.1156512967,-0.001568030548
2016,gmleb,13,0.1527519248,-0.1764531559
2016,gmleb,14,0.2180068153,0.1910636478
2016,gmleb,15,1.429730254,1.819078592
2016,gmleb,16,0.9715572194,0.8730140942
2016,gmleb,17,0.9070952733,0.6853359612
2016,gmleb,18,1.331736913,1.245166156
2016,gmleb,19,0.6652237152,0.5020479823
2016,gmleb,20,1.179486304,0.7820026113
2016,gmleb,21,1.133671165,0.9791184288
2016,gmleb,22,0.4341533546,0.1749277459
2016,gmleb,23,0.3372992182,-0.05014922376
2016,gmleb,24,0.2290184227,0.002376614406
2016,gmleb,25,0.8197458762,0.2514700241
2016,gmleb,26,0.2096868543,0.1747719072
2016,gmleb,27,1.039892473,0.8926836565
2016,gmleb,28,1.132299707,1.465409749
2016,gmleb,29,0.7833971998,0.565931536
2016,gmleb,30,0.4057122782,-0.1992536406
2016,gmleb,31,0.7329381884,0.6819649667
2016,gmleb,32,0.08108389677,0.2917679101
2016,gmleb,33,0.6158486709,0.6140043078
2016,gmleb,34,0.8978820811,0.8724655783
2016,gmleb,35,0.9164681481,0.7425503869
2016,gmleb,36,0.4617643412,0.3213578033
2016,gmleb,37,1.737595482,0.6050549095
2016,gmleb,38,1.112126679,0.9212192906
2016,gmleb,39,0.1507495394,-0.04185385504
2016,gmleb,40,0.2426609982,-0.07145408602
2016,gmleb,41,1.591673095,1.194737688
2016,gmleb,42,0.2877522329,-0.0977510899
2016,gmleb,43,0.9881956504,1.1035836
2016,gmleb,44,1.947684528,1.392468253
2016,gmleb,45,2.505928956,1.841375651
2016,gmleb,46,0.8653769287,0.7219442114
2016,gmleb,47,0.1279715649,-0.086765504
2016,gmleb,48,0.3556718507,0.5268534955
2016,gmleb,49,0.265093273,0.1870121777
2016,gmleb,50,0.7387723433,0.2603082705
2016,gmleb,51,0.8541547343,1.004994034
2016,gmleb,52,-0.102326023,0.1463428682
2016,gmleb,53,0.6661928967,0.4101869749
2016,gmleb,54,0.3624358205,0.217890972
2016,gmleb,55,0.3594277892,0.413616105
2016,gmleb,56,0.2265548658,0.3048773893
2016,gmleb,57,1.167090518,1.290963059
2016,gmleb,58,1.069320858,0.8493693799
2016,gmleb,59,0.7707211175,0.5329125702
2016,gmleb,60,0.5708068055,0.442648784
2016,gmleb,61,0.7546905974,0.4772088407
2016,gmleb,62,1.672873659,1.321861264
2016,gmleb,63,0.8547445107,1.063989261
2016,gmleb,64,0.2007351889,0.0487379837
2016,gmleb,65,0.7213548128,0.4983007868
2016,gmleb,66,0.2366913373,0.1189926081
2016,gmleb,67,1.259955922,1.19455732
2016,gmleb,68,0.2921056506,0.5607645033
2016,gmleb,69,0.1344114768,0.09090868211
2016,gmleb,70,0.8773957004,0.8796428739
2016,gmleb,71,1.664457491,1.560994429
2016,gmleb,72,0.4596640198,0.5293946338
2016,gmleb,73,0.3106871745,-0.01671133016
2016,gmleb,74,0.3838642064,0.193086952
2016,gmleb,75,0.3501839646,0.002270028038
2016,gmleb,76,0.5118461096,0.6320904948
2016,gmleb,77,0.170457839,0.06874894283
2016,gmleb,78,0.2095498351,0.05655434973
2016,gmleb,79,1.045427396,0.6845804848
2016,gmleb,80,0.2174551425,0.1352151271
2016,gmleb,81,1.762476927,1.408347056
2016,gmleb,82,0.4203622702,0.2223091681
2016,gmleb,83,0.2418152068,0.01370721477
2016,gmleb,84,1.207548012,1.473687724
2016,gmleb,85,0.8991131094,0.8648619605
2016,gmleb,86,0.6902452971,1.141732289
2016,gmleb,87,0.8788306876,0.739345627
2016,gmleb,88,2.253090923,2.880615995
2016,gmleb,89,1.769024213,1.357705714
2016,gmleb,90,0.4251572094,0.4276207143
2016,gmleb,91,0.528709356,0.3475939906
2016,gmleb,92,0.5424306439,0.4434971823
2016,gmleb,93,1.444244528,1.057224288
2016,gmleb,94,0.9339908914,0.7889165242
2016,gmleb,95,0.2132715535,0.02411881505
2016,gmleb,96,1.752559111,1.476277849
2016,gmleb,97,0.9160453404,0.9565315793
2016,gmleb,98,0.654477448,0.5078303115
2016,gmleb,99,0.05666169401,-0.05862723549
2016,gmleb,100,0.9683509825,0.8077612069
2016,gmleb,101,0.4535065651,0.6461257003
2016,gmleb,102,0.264284255,0.002520728194
2016,gmleb,103,0.08489500657,0.02825194948
2016,gmleb,104,0.2076998466,0.266971216
2016,gmleb,105,1.937559419,1.592995142
2016,gmleb,106,0.1966120388,0.0798880136
2016,gmleb,107,1.374620651,0.8128839682
2016,gmleb,108,1.028635313,0.815380719
2016,gmleb,109,0.7607052172,0.7591171401
2016,gmleb,110,0.7071370594,0.4249675644
2016,gmleb,111,0.2094877216,0.0007748989577
2016,gmleb,112,0.9312804189,0.769645129
2016,gmleb,113,0.9923902896,0.9945454277
2016,gmleb,114,1.592361368,1.38588458
2016,gmleb,115,0.4036754846,0.350492154
2016,gmleb,116,2.214827087,1.873253277
2016,gmleb,117,1.322605317,0.914236542
2016,gmleb,118,1.451328857,1.327377109
2016,gmleb,119,0.3547869618,0.3553354824
2016,gmleb,120,0.4378168268,0.022835718
2016,gmleb,121,0.1231907825,-0.007903472675
2016,gmleb,122,2.321495455,2.371023358
2016,gmleb,123,0.3130315872,0.1770849638
2016,gmleb,124,1.216580203,1.017273255
2016,gmleb,125,0.8182282763,0.6854335293
2016,gmleb,126,0.1630148187,-0.03584675722
2016,gmleb,127,1.093947703,1.350908709
2016,gmleb,128,1.495445384,0.5975351596
2016,gmleb,129,0.2661231243,0.2089782701
2016,gmleb,130,2.721840602,2.654852006
2016,gmleb,131,0.349065137,0.9504740874
2016,gmleb,132,1.596344765,1.544271139
2016,gmleb,133,0.9283578234,0.704153954
2016,gmleb,134,0.8331679083,0.6934838935
2016,gmleb,135,0.06275081463,0.04443413751
2016,gmleb,136,0.0707122714,0.08502470023
2016,gmleb,137,0.3597814832,0.2699246421
2016,gmleb,138,0.9645874781,0.7724128036
2016,gmleb,139,0.7198773082,0.6220023821
2016,gmleb,140,0.8800884758,0.7493008366
2016,gmleb,141,2.067580281,1.622190215
2016,gmleb,142,1.283785476,1.450402869
2016,gmleb,143,0.3398306019,0.2007481602
2016,gmleb,144,0.09446042302,0.1856287493
2016,gmleb,145,0.2658702412,0.1014381407
2016,gmleb,146,1.090106579,0.8659623698
2016,gmleb,147,0.09587976442,0.1249335177
2016,gmleb,148,0.335825559,0.2566206762
2016,gmleb,149,0.4163792761,0.4136711957
2016,gmleb,150,1.237839226,0.9516818688
2016,gmleb,151,1.132918499,1.094636371
2016,gmleb,152,1.189425474,1.089469296
2016,gmleb,153,1.446957901,1.137050868
2016,gmleb,154,1.449216257,1.626610782
2016,gmleb,155,-0.3168303646,-0.1711098484
2016,gmleb,156,0.8499577507,0.7828594999
2016,gmleb,157,0.07164246992,-0.05276759378
2016,gmleb,158,0.2115886325,0.401742402
2016,gmleb,159,0.9917346448,0.8549721406
2016,gmleb,160,0.7185643142,0.6246661777
2016,gmleb,161,0.1921988328,0.1199465352
2016,gmleb,162,1.694016273,1.752949099
2016,gmleb,163,0.3089891104,0.1113110815
2016,gmleb,164,0.7567014035,0.7038770661
2016,gmleb,165,0.5379128428,0.4836028253
2016,gmleb,166,0.2468363333,0.007445231711
2016,gmleb,167,1.100665778,0.774060152
2016,gmleb,168,1.913488165,2.08252276
2016,gmleb,169,1.008241975,0.8401389607
2016,gmleb,170,0.419533027,0.4827441653
2016,gmleb,171,1.371345666,1.289577501
2016,gmleb,172,1.432506476,1.448926005
2016,gmleb,173,0.2963697074,0.1994121572
2016,gmleb,174,1.408441464,0.8727873109
2016,gmleb,175,1.249938951,1.364707635
2016,gmleb,176,1.056690056,0.8803053042
2016,gmleb,177,0.1385664173,0.02664706705
2016,gmleb,178,1.032270711,1.13499072
2016,gmleb,179,0.8238680096,0.7438128924
2016,gmleb,180,1.543411963,1.508753755
2016,gmleb,181,0.0216140101,0.1778613384
2016,gmleb,182,0.9960503021,1.123029077
2016,gmleb,183,2.277866678,2.570944414
2016,gmleb,184,0.1540790273,0.452387212
2016,gmleb,185,1.148632877,0.9464471965
2016,gmleb,186,0.01128640908,-0.1287426361
2016,gmleb,187,0.2340452566,0.2447316782
2016,gmleb,188,0.8767420016,0.8727683313
2016,gmleb,189,0.730800172,0.3437746296
2016,gmleb,190,0.7457472226,0.6108011241
2016,gmleb,191,1.02829462,0.8150965462
2016,gmleb,192,0.401221429,0.3012655274
2016,gmleb,193,0.9792899802,1.091065496
2016,gmleb,194,0.3778760323,-0.04800866349
2016,gmleb,195,0.08899205388,0.01450356329
2016,gmleb,196,2.076686223,1.670820485
2016,gmleb,197,0.2348825787,0.288803051
2016,gmleb,198,0.4952161623,0.4265300247
2016,gmleb,199,0.9429027183,0.33808149
2016,gmleb,200,1.056597193,0.8206822367
2016,gmleb,201,0.4937165359,0.4467607373
2016,gmleb,202,1.72103637,1.760681178
2016,gmleb,203,1.018605892,0.9161266155
2016,gmleb,204,0.9611824684,1.000372981
2016,gmleb,205,0.2917392105,0.01762936378
2016,gmleb,206,0.834454632,0.7639934572
2016,gmleb,207,1.38981859,1.638984052
2016,gmleb,208,0.207095348,0.08800135143
2016,gmleb,209,0.1947858258,0.01393744207
2016,gmleb,210,-0.1087978137,0.2708742771
2016,gmleb,211,0.5260867747,0.4829924479
2016,gmleb,212,2.20806835,1.84887463
2016,gmleb,213,2.073715614,2.021977662
2016,gmleb,214,0.2542343575,0.40552974
2016,gmleb,215,0.8699427967,0.6826372889
2016,gmleb,216,0.1786312243,0.07303782697
2016,gmleb,217,0.5233989594,0.4128962595
2016,gmleb,218,1.648901361,1.647147971
2016,gmleb,219,0.1569420281,0.1202791496
2016,gmleb,220,2.019481274,2.558794838
2016,gmleb,221,0.6463205434,1.202366917
2016,gmleb,222,0.1667044711,0.02765173318
2016,gmleb,223,0.6250094488,0.541787514
2016,gmleb,224,0.4808895473,1.661434972
2016,gmleb,225,0.7996195093,1.017944418
2016,gmleb,226,0.131042349,0.0710372777
2016,gmleb,227,-0.03544605969,-0.04225641633
2016,gmleb,228,1.728604552,1.228659366
2016,gmleb,229,0.5084336744,0.3214283341
2016,gmleb,230,0.9130957034,1.255589249
2016,gmleb,231,1.17758934,0.9800096718
2016,gmleb,232,0.3894164811,0.6208962576
2016,gmleb,233,0.6843518786,0.534153878
2016,gmleb,234,0.5052034696,0.6239714647
2016,gmleb,235,0.7758040991,0.6179912002
2016,gmleb,236,0.9643898633,0.7127656346
2016,gmleb,237,0.8423281943,0.8297019734
2016,gmleb,238,0.4096165249,0.5411671876
2016,gmleb,239,0.9317361975,0.72642411
2016,gmleb,240,0.6375762066,0.1713526112
2016,gmleb,241,0.4717771093,0.2456247347
2016,gmleb,242,0.1636538149,0.4595937013
2016,gmleb,243,0.958322131,0.8105641134
2016,gmleb,244,1.050483619,0.8259254495
2016,gmleb,245,1.186920067,0.9639700768
2016,gmleb,246,0.3079542738,0.7740312947
2016,gmleb,247,0.5391725681,0.3634489865
2016,gmleb,248,0.7906219243,0.987864072
2016,gmleb,249,1.641963205,1.405166585
2016,gmleb,250,1.202085927,0.9312766912
2016,gmleb,251,0.2520890429,0.4280657258
2016,gmleb,252,1.196611793,1.194653019
2016,gmleb,253,0.5394788576,0.8086116401
2016,gmleb,254,1.483573386,1.457267141
2016,gmleb,255,0.4991488383,0.6667928931
2016,gmleb,256,1.106773878,0.9431931099
2016,gmleb,257,0.5733041933,0.4111528146
2016,gmleb,258,0.6721540276,0.5184652897
2016,gmleb,259,1.851138369,2.124602225
2016,gmleb,260,1.572818962,1.925739892
2016,gmleb,261,0.1828463394,-0.1388706748
2016,gmleb,262,0.6359417402,0.529586577
2016,gmleb,263,1.395979464,1.505013204
2016,gmleb,264,0.604365366,0.3711169214
2016,gmleb,265,0.4858428129,0.1322566466
2016,gmleb,266,0.7016348032,0.7764998973
2016,gmleb,267,1.065652078,0.86314039
2016,gmleb,268,1.665503598,1.295570703
2016,gmleb,269,0.5354576278,-0.1320343375
2016,gmleb,270,0.381231633,0.208635762
2016,gmleb,271,0.7586419736,0.6228675777
2016,gmleb,272,0.8235248091,0.6958133786
2016,gmleb,273,0.9907472319,1.196554479
2016,gmleb,274,0.7146141361,0.7111209635
2016,gmleb,275,1.038747702,0.9499259597
2016,gmleb,276,1.021602167,0.9726177102
2016,gmleb,277,0.3788663025,0.2789718375
2016,gmleb,278,0.4081675995,0.2671350341
2016,gmleb,279,1.22235845,0.9297050506
2016,gmleb,280,2.221059944,1.179165795
2016,gmleb,281,1.537387673,1.508541767
2016,gmleb,282,1.107569579,0.9011528313
2016,gmleb,283,0.4036162251,-0.008417119648
2016,gmleb,284,1.049397382,0.6868955888
2016,gmleb,285,0.1971209064,-0.1313943677
2016,gmleb,286,2.372429728,2.303387264
2016,gmleb,287,2.005196315,1.876481159
2016,gmleb,288,0.9626495825,0.3380543474
2016,gmleb,289,0.2262390348,0.03613058746
2016,gmleb,290,1.233907614,1.421740857
2016,gmleb,291,0.8365754606,0.5495241601
2016,gmleb,292,0.6738553605,0.4869495195
2016,gmleb,293,0.2954329907,0.3990820946
2016,gmleb,294,0.37222195,0.2185016989
2016,gmleb,295,1.140705078,1.02519642
2016,gmleb,296,0.2220376215,-0.05645587626
2016,gmleb,297,0.8929192208,0.8041941755
2016,gmleb,298,0.574034335,0.3859764868
2016,gmleb,299,1.958664195,1.684177162
2016,gmleb,300,0.2139428618,0.06656994695
2016,gmleb,301,0.8971398409,0.6863843511
2016,gmleb,302,0.02325294848,0.2401328476
2016,gmleb,303,0.2025100257,0.04244284478
2016,gmleb,304,1.329842832,1.589853883
2016,gmleb,305,0.2132623725,0.481600212
2016,gmleb,306,1.003744986,0.6129028511
2016,gmleb,307,0.1604316217,-0.04913670487
2016,gmleb,308,0.1972052224,-0.02431579245
2016,gmleb,309,1.179429705,1.36348082
2016,gmleb,310,1.687851309,1.537341319
2016,gmleb,311,0.2728853382,-0.003792796742
2016,gmleb,312,0.6838724336,0.6600081486
2016,gmleb,313,1.123594236,0.87269921
2016,gmleb,314,0.2728779713,0.2159766164
2016,gmleb,315,0.1584923896,-0.01000539426
2016,gmleb,316,0.1452849475,0.01211204081
2016,gmleb,317,1.859776713,1.532060566
2016,gmleb,318,0.9181903077,0.7393693411
2016,gmleb,319,1.28710377,1.008239506
2016,gmleb,320,0.6606050021,0.545578639
2016,gmleb,321,0.8811265207,0.6431901444
2016,gmleb,322,0.5242406176,0.5100600832
2016,gmleb,323,0.2949482577,0.01974772475
2016,gmleb,324,0.009459138577,-0.08725190241
2016,gmleb,325,0.4765256399,0.2524744178
2016,gmleb,326,1.124261161,0.9594506993
2016,gmleb,327,1.055180591,0.7147836854
2016,gmleb,328,1.361785453,1.319802252
2016,gmleb,329,0.439709003,0.4945370666
2016,gmleb,330,0.3052431061,0.2096521353
2016,gmleb,331,0.1026766702,0.0102879353
2016,gmleb,332,0.1256445751,0.06101122124
2016,gmleb,333,1.580650467,0.5557806345
2016,gmleb,334,1.772583418,2.425105523
2016,gmleb,335,0.3666815352,0.2357246146
2016,gmleb,336,0.1362940335,0.09324509538
2016,gmleb,337,1.481564185,1.704847135
2016,gmleb,338,0.9232213619,0.8503789057
2016,gmleb,339,2.89926532,2.550562333
2016,gmleb,340,0.9223508405,1.079690298
2016,gmleb,341,1.084463801,1.041815305
2016,gmleb,342,1.349595578,0.9691871998
2016,gmleb,343,1.2717163,1.235339346
2016,gmleb,344,0.4823632646,0.1413542858
2016,gmleb,345,1.842744003,1.569828484
2016,gmleb,346,0.5823778104,0.5599359022
2016,gmleb,347,0.5397387684,0.4824050091
2016,gmleb,348,1.487251063,1.133975687
2016,gmleb,349,0.7484773441,0.8509865917
2016,gmleb,350,1.570640723,1.670732055
2016,gmleb,351,2.419918953,2.760360378
2016,gmleb,352,1.402147118,1.32761468
2016,gmleb,353,0.2364534866,-0.1153221355
2016,gmleb,354,0.6042099527,0.6055469357
2016,gmleb,355,0.7219640368,0.6857652668
2016,gmleb,356,1.97687019,1.851767814
2016,gmleb,357,1.539936124,0.5848901663
2016,gmleb,358,0.159103078,0.1197322708
2016,gmleb,359,0.8147401427,0.5101521343
2016,gmleb,360,0.08043823406,0.05314020843
2016,gmleb,361,2.212123496,2.634511548
2016,gmleb,362,0.7857287542,0.6229452477
2016,gmleb,363,1.837462002,1.476088725
2016,gmleb,364,2.884599812,2.993945163
2016,gmleb,365,1.788712915,2.148140269
2016,gmleb,366,0.3356974441,0.3070946757
2016,gmleb,367,2.75016307,3.711798026
2016,gmleb,368,0.858927657,0.2613700632
2016,gmleb,369,0.2085658772,-0.003068070264
2016,gmleb,370,1.356799092,1.256987895
2016,gmleb,371,1.184830584,1.166867982
2016,gmleb,372,1.077619233,0.9155790652
2016,gmleb,373,1.29460605,0.9840756265
2016,gmleb,374,0.850180252,0.6963548054
2016,gmleb,375,0.8154361792,1.646448422
2016,gmleb,376,0.09912853758,-0.005761381695
2016,gmleb,377,0.320500064,0.5117705842
2016,gmleb,378,0.4969495263,0.2067356286
2016,gmleb,379,0.3020118445,0.1232944074
2016,gmleb,380,0.2585334058,-0.03342110445
2016,gmleb,381,0.1409241959,0.0182231479
2016,gmleb,382,1.295169408,0.8790033057
2016,gmleb,383,0.2646657308,0.5064956349
2016,gmleb,384,0.9408646199,0.5616789162
2016,gmleb,385,0.06704364087,0.1096896422
2016,gmleb,386,0.6946256842,0.53178547
2016,gmleb,387,0.02333313667,0.3336607918
2016,gmleb,388,0.5853454884,0.7273378796
2016,gmleb,389,0.2121403622,0.009747517713
2016,gmleb,390,1.859632545,2.022914223
2016,gmleb,391,2.691204567,1.75439821
2016,gmleb,392,0.08873340128,0.01305277946
2016,gmleb,393,0.4737347647,0.2480848616
2016,gmleb,394,0.9644623587,0.7315737986
2016,gmleb,395,2.230488161,1.386570599
2016,gmleb,396,0.2199650503,-0.05827688002
2016,gmleb,397,0.6123647138,0.3352905534
2016,gmleb,398,1.217962103,1.078333291
2016,gmleb,399,0.3981451347,0.6640458576
2016,gmleb,400,1.012827899,0.9185406028
2016,gmleb,401,0.4480633704,0.4779641925
2016,gmleb,402,0.7469200321,0.7763599261
2016,gmleb,403,1.208881317,0.9659497143
2016,gmleb,404,1.869440976,2.201697279
2016,gmleb,405,0.4806579658,0.3766689235
2016,gmleb,406,0.878948606,0.6123692065
2016,gmleb,407,0.6489870967,0.5087283857
2016,gmleb,408,1.069717008,0.7924371031
2016,gmleb,409,0.5146922685,0.3460726445
2016,gmleb,410,1.091140439,0.9420161345
2016,gmleb,411,3.17752576,2.904872089
2016,gmleb,412,0.14264692,0.2084266479
2016,gmleb,413,0.0412530336,0.121623604
2016,gmleb,414,0.6603050267,0.6215342098
2016,gmleb,415,0.3243532014,0.1751633756
2016,gmleb,416,1.743836922,0.6159882495
2016,gmleb,417,0.6224083283,0.5821846512
2016,gmleb,418,0.8447155503,0.744466987
2016,gmleb,419,0.573913874,0.8252065234
2016,gmleb,420,2.189963026,2.228064182
2016,gmleb,421,1.136044418,0.9400482948
2016,gmleb,422,0.5509323861,0.2222764115
2016,gmleb,423,0.6753823464,0.1808500025
2016,gmleb,424,1.045003068,1.275446061
2016,gmleb,425,0.8307643062,0.8227136915
2016,gmleb,426,0.5305238548,0.3832123511
2016,gmleb,427,1.97638385,1.982175582
2016,gmleb,428,0.8481802966,0.50376333
2016,gmleb,429,0.1598023013,0.02547257659
2016,gmleb,430,1.180834977,0.917929211
2016,gmleb,431,1.034500836,0.7778452354
2016,gmleb,432,0.1523766805,-0.01354924058
2016,gmleb,433,0.8485382585,0.4264733413
2016,gmleb,434,1.497753458,1.241379066
2016,gmleb,435,2.134807756,1.507001172
2016,gmleb,436,0.8745131596,0.6183577186
2016,gmleb,437,0.6826292353,0.4381210333
2016,gmleb,438,1.4588254,1.325206864
2016,gmleb,439,1.580822321,1.544620737
2016,gmleb,440,1.783684171,1.849999579
2016,gmleb,441,0.2018459776,0.01915376261
2016,gmleb,442,1.181485898,1.128662087
2016,gmleb,443,1.11074839,1.155475297
2016,gmleb,444,0.2191579385,0.26882527
2016,gmleb,445,0.4013544349,0.2473278209
2016,gmleb,446,0.440130408,0.7275903361
2016,gmleb,447,0.8349093522,0.728674968
2016,gmleb,448,0.3407930523,0.254004673
2016,gmleb,449,1.492423765,1.289303982
2016,gmleb,450,0.0460609539,0.1183017941
2016,gmleb,451,0.1644066525,-0.06019365965
2016,gmleb,452,0.4833804999,0.4173501389
2016,gmleb,453,0.5123078025,0.5327344588
2016,gmleb,454,1.333754446,1.381745871
2016,gmleb,455,0.6081630939,0.9644489191
2016,gmleb,456,0.2263603937,0.0008078947941
2016,gmleb,457,0.770919476,0.5532964857
2016,gmleb,458,1.253936983,0.6893516468
2016,gmleb,459,0.7910477702,0.6676345407
2016,gmleb,460,0.4172546908,0.4400741841
2016,gmleb,461,0.6874033878,0.3447807352
2016,gmleb,462,1.147949915,1.529374983
2016,gmleb,463,0.1999412675,0.06746874517
2016,gmleb,464,0.9845044088,0.8945628942
2016,gmleb,465,0.421942523,0.351848642
2016,gmleb,466,0.2291330594,0.06258040813
2016,gmleb,467,0.7150923417,0.7202304527
2016,gmleb,468,0.2655048406,-0.03366669218
2016,gmleb,469,2.28113258,1.603008483
2016,gmleb,470,0.4091832753,0.7331570015
2016,gmleb,471,1.023370932,1.058381312
2016,gmleb,472,0.8293708013,0.5247830868
2016,gmleb,473,0.3976842972,-0.1419044866
2016,gmleb,474,1.283374123,0.8867650464
2016,gmleb,475,0.5183594408,0.4443744056
2016,gmleb,476,0.2238911946,0.03982350512
2016,gmleb,477,1.03274803,0.9221735811
2016,gmleb,478,1.195119695,1.187006676
2016,gmleb,479,0.2496023328,-0.05066718073
2016,gmleb,480,1.311891104,1.230178897
2016,gmleb,481,0.7629244307,0.6353256141
2016,gmleb,482,1.858994018,1.681736704
2016,gmleb,483,0.2113857836,0.1941528637
2016,gmleb,484,0.3213381841,0.2359625573
2016,gmleb,485,1.849880629,2.385444647
2016,gmleb,486,0.04129865262,0.02884670019
2016,gmleb,487,0.1889806951,0.03552809737
2016,gmleb,488,1.635664284,2.212786341
2016,gmleb,489,0.6057497274,0.5614498424
2016,gmleb,490,0.4302354418,0.7797285138
2016,gmleb,491,0.9800681472,0.4660791221
2016,gmleb,492,1.08057602,0.9875515616
2016,gmleb,493,0.8873030172,0.7048015654
2016,gmleb,494,0.8761950672,0.6136139214
2016,gmleb,495,0.2201587949,0.3941303604
2016,gmleb,496,0.1354135805,-0.0489163047
2016,gmleb,497,0.3283723029,1.012878404
2016,gmleb,498,0.9691495546,0.7839852624
2016,gmleb,499,0.9859447673,1.058322838
2016,gmleb,500,1.029311258,0.697312226
2016,polyhedral,1,1.23312202,0.9607363021
2016,polyhedral,2,0.8530550369,0.9559425567
2016,polyhedral,3,0.5855610117,0.7033409202
2016,polyhedral,4,-0.07368837226,0.3986017182
2016,polyhedral,5,0.8863930441,0.1288225122
2016,polyhedral,6,1.401718433,1.843944736
2016,polyhedral,7,0.9510084489,1.360047721
2016,polyhedral,8,1.614536337,1.035215661
2016,polyhedral,9,-10.8277501,0.8885873436
2016,polyhedral,10,1.744094672,1.3077347
2016,polyhedral,11,1.524998466,1.133600842
2016,polyhedral,12,0.7341706932,-0.001568030548
2016,polyhedral,13,0.8447790963,-0.1764531559
2016,polyhedral,14,0.8351801927,0.1910636478
2016,polyhedral,15,1.336779271,1.819078592
2016,polyhedral,16,0.585054299,0.8730140942
2016,polyhedral,17,1.405825037,0.6853359612
2016,polyhedral,18,1.570043927,1.245166156
2016,polyhedral,19,1.154960963,0.5020479823
2016,polyhedral,20,1.874017072,0.7820026113
2016,polyhedral,21,0.1702067876,0.9791184288
2016,polyhedral,22,0.7612037593,0.1749277459
2016,polyhedral,23,-3.642717885,-0.05014922376
2016,polyhedral,24,-11.50981719,0.002376614406
2016,polyhedral,25,0.9573306569,0.2514700241
2016,polyhedral,26,-1.809690638,0.1747719072
2016,polyhedral,27,1.366714589,0.8926836565
2016,polyhedral,28,1.027153629,1.465409749
2016,polyhedral,29,0.9337123642,0.565931536
2016,polyhedral,30,-2.338843758,-0.1992536406
2016,polyhedral,31,1.113892269,0.6819649667
2016,polyhedral,32,0.106183618,0.2917679101
2016,polyhedral,33,0.3416695507,0.6140043078
2016,polyhedral,34,1.500737049,0.8724655783
2016,polyhedral,35,1.55701938,0.7425503869
2016,polyhedral,36,0.2204118293,0.3213578033
2016,polyhedral,37,2.104182578,0.6050549095
2016,polyhedral,38,-1.100772018,0.9212192906
2016,polyhedral,39,-2.799295595,-0.04185385504
2016,polyhedral,40,0.9332880014,-0.07145408602
2016,polyhedral,41,-1.756642724,1.194737688
2016,polyhedral,42,0.5947356664,-0.0977510899
2016,polyhedral,43,-10.92606295,1.1035836
2016,polyhedral,44,1.969300416,1.392468253
2016,polyhedral,45,2.530128335,1.841375651
2016,polyhedral,46,-10.69745933,0.7219442114
2016,polyhedral,47,-11.76273946,-0.086765504
2016,polyhedral,48,0.1804342142,0.5268534955
2016,polyhedral,49,0.2471527184,0.1870121777
2016,polyhedral,50,0.04285457321,0.2603082705
2016,polyhedral,51,1.194643393,1.004994034
2016,polyhedral,52,-1.222645938,0.1463428682
2016,polyhedral,53,1.29835752,0.4101869749
2016,polyhedral,54,0.7340110958,0.217890972
2016,polyhedral,55,0.6947637109,0.413616105
2016,polyhedral,56,0.802021618,0.3048773893
2016,polyhedral,57,1.291770665,1.290963059
2016,polyhedral,58,1.41925167,0.8493693799
2016,polyhedral,59,0.635432574,0.5329125702
2016,polyhedral,60,-0.854085705,0.442648784
2016,polyhedral,61,-1.077868589,0.4772088407
2016,polyhedral,62,2.401900734,1.321861264
2016,polyhedral,63,-0.3118279347,1.063989261
2016,polyhedral,64,0.5078772708,0.0487379837
2016,polyhedral,65,0.8019929542,0.4983007868
2016,polyhedral,66,0.8843270284,0.1189926081
2016,polyhedral,67,1.613914139,1.19455732
2016,polyhedral,68,-4.7186464,0.5607645033
2016,polyhedral,69,0.297207338,0.09090868211
2016,polyhedral,70,1.616057078,0.8796428739
2016,polyhedral,71,1.60599946,1.560994429
2016,polyhedral,72,-5.579023954,0.5293946338
2016,polyhedral,73,-0.9742262626,-0.01671133016
2016,polyhedral,74,0.9202755436,0.193086952
2016,polyhedral,75,0.9772709572,0.002270028038
2016,polyhedral,76,0.7588342494,0.6320904948
2016,polyhedral,77,-11.37924553,0.06874894283
2016,polyhedral,78,-1.108767393,0.05655434973
2016,polyhedral,79,1.457822722,0.6845804848
2016,polyhedral,80,0.08539828195,0.1352151271
2016,polyhedral,81,1.876715037,1.408347056
2016,polyhedral,82,0.7086369688,0.2223091681
2016,polyhedral,83,1.106254515,0.01370721477
2016,polyhedral,84,-5.939048916,1.473687724
2016,polyhedral,85,1.5047592,0.8648619605
2016,polyhedral,86,0.9113611342,1.141732289
2016,polyhedral,87,1.396855745,0.739345627
2016,polyhedral,88,-0.06902981039,2.880615995
2016,polyhedral,89,0.1252696699,1.357705714
2016,polyhedral,90,0.1369639174,0.4276207143
2016,polyhedral,91,0.5319312606,0.3475939906
2016,polyhedral,92,-0.6503887613,0.4434971823
2016,polyhedral,93,1.545032563,1.057224288
2016,polyhedral,94,0.4374238502,0.7889165242
2016,polyhedral,95,0.3842619562,0.02411881505
2016,polyhedral,96,2.101426897,1.476277849
2016,polyhedral,97,1.029563891,0.9565315793
2016,polyhedral,98,-4.861812576,0.5078303115
2016,polyhedral,99,0.5448939311,-0.05862723549
2016,polyhedral,100,-2.637553316,0.8077612069
2016,polyhedral,101,-1.860824259,0.6461257003
2016,polyhedral,102,-1.201980537,0.002520728194
2016,polyhedral,103,-0.7173638976,0.02825194948
2016,polyhedral,104,-11.56384381,0.266971216
2016,polyhedral,105,2.147813331,1.592995142
2016,polyhedral,106,-0.3834383369,0.0798880136
2016,polyhedral,107,1.603827571,0.8128839682
2016,polyhedral,108,1.615996923,0.815380719
2016,polyhedral,109,0.5657423635,0.7591171401
2016,polyhedral,110,0.3011849255,0.4249675644
2016,polyhedral,111,-0.6162272782,0.0007748989577
2016,polyhedral,112,0.9044046169,0.769645129
2016,polyhedral,113,-4.493400301,0.9945454277
2016,polyhedral,114,1.374604557,1.38588458
2016,polyhedral,115,0.800966509,0.350492154
2016,polyhedral,116,2.11410828,1.873253277
2016,polyhedral,117,1.563008777,0.914236542
2016,polyhedral,118,0.460336021,1.327377109
2016,polyhedral,119,0.2957271896,0.3553354824
2016,polyhedral,120,0.03670070807,0.022835718
2016,polyhedral,121,0.3575579507,-0.007903472675
2016,polyhedral,122,2.151966766,2.371023358
2016,polyhedral,123,0.06831412076,0.1770849638
2016,polyhedral,124,0.6046171177,1.017273255
2016,polyhedral,125,0.9255582048,0.6854335293
2016,polyhedral,126,-0.2742874394,-0.03584675722
2016,polyhedral,127,0.1505673208,1.350908709
2016,polyhedral,128,1.558938166,0.5975351596
2016,polyhedral,129,-3.716410471,0.2089782701
2016,polyhedral,130,2.986926671,2.654852006
2016,polyhedral,131,0.1787390976,0.9504740874
2016,polyhedral,132,2.236433683,1.544271139
2016,polyhedral,133,0.04522384199,0.704153954
2016,polyhedral,134,-2.242528699,0.6934838935
2016,polyhedral,135,-5.545669495,0.04443413751
2016,polyhedral,136,-1.171551173,0.08502470023
2016,polyhedral,137,-2.283103088,0.2699246421
2016,polyhedral,138,-1.406758346,0.7724128036
2016,polyhedral,139,0.7749946485,0.6220023821
2016,polyhedral,140,-0.1676639272,0.7493008366
2016,polyhedral,141,-1.284690941,1.622190215
2016,polyhedral,142,-1.887916926,1.450402869
2016,polyhedral,143,-3.433660785,0.2007481602
2016,polyhedral,144,0.1381234597,0.1856287493
2016,polyhedral,145,0.6013939594,0.1014381407
2016,polyhedral,146,1.250653043,0.8659623698
2016,polyhedral,147,-1.75064539,0.1249335177
2016,polyhedral,148,0.0792982484,0.2566206762
2016,polyhedral,149,-0.7234496588,0.4136711957
2016,polyhedral,150,1.624125685,0.9516818688
2016,polyhedral,151,-1.219285047,1.094636371
2016,polyhedral,152,1.632245695,1.089469296
2016,polyhedral,153,1.652511498,1.137050868
2016,polyhedral,154,1.58637266,1.626610782
2016,polyhedral,155,-0.6314346082,-0.1711098484
2016,polyhedral,156,1.765575187,0.7828594999
2016,polyhedral,157,0.144165114,-0.05276759378
2016,polyhedral,158,0.7594952459,0.401742402
2016,polyhedral,159,0.004163612358,0.8549721406
2016,polyhedral,160,0.834398399,0.6246661777
2016,polyhedral,161,0.2311660012,0.1199465352
2016,polyhedral,162,1.808727522,1.752949099
2016,polyhedral,163,0.7851092848,0.1113110815
2016,polyhedral,164,0.9503816299,0.7038770661
2016,polyhedral,165,0.8313626892,0.4836028253
2016,polyhedral,166,0.8445202845,0.007445231711
2016,polyhedral,167,1.226764326,0.774060152
2016,polyhedral,168,1.681247451,2.08252276
2016,polyhedral,169,0.4309390479,0.8401389607
2016,polyhedral,170,0.3775803916,0.4827441653
2016,polyhedral,171,1.838896941,1.289577501
2016,polyhedral,172,-3.197976576,1.448926005
2016,polyhedral,173,1.222902108,0.1994121572
2016,polyhedral,174,1.470751387,0.8727873109
2016,polyhedral,175,1.366827191,1.364707635
2016,polyhedral,176,-10.57363333,0.8803053042
2016,polyhedral,177,-11.68005904,0.02664706705
2016,polyhedral,178,1.188493951,1.13499072
2016,polyhedral,179,1.132865052,0.7438128924
2016,polyhedral,180,1.870873905,1.508753755
2016,polyhedral,181,-3.271662868,0.1778613384
2016,polyhedral,182,1.499796786,1.123029077
2016,polyhedral,183,2.247063871,2.570944414
2016,polyhedral,184,-0.01258325379,0.452387212
2016,polyhedral,185,0.9080374869,0.9464471965
2016,polyhedral,186,-7.355900291,-0.1287426361
2016,polyhedral,187,0.6757179623,0.2447316782
2016,polyhedral,188,0.8516103096,0.8727683313
2016,polyhedral,189,0.1502890885,0.3437746296
2016,polyhedral,190,-0.350956583,0.6108011241
2016,polyhedral,191,1.187137661,0.8150965462
2016,polyhedral,192,0.5104753194,0.3012655274
2016,polyhedral,193,0.6338012234,1.091065496
2016,polyhedral,194,0.3729296626,-0.04800866349
2016,polyhedral,195,-2.544970977,0.01450356329
2016,polyhedral,196,2.187135213,1.670820485
2016,polyhedral,197,0.9294032866,0.288803051
2016,polyhedral,198,0.1144115092,0.4265300247
2016,polyhedral,199,1.082915959,0.33808149
2016,polyhedral,200,1.628068799,0.8206822367
2016,polyhedral,201,0.6298027325,0.4467607373
2016,polyhedral,202,1.989252897,1.760681178
2016,polyhedral,203,1.649531386,0.9161266155
2016,polyhedral,204,1.11858667,1.000372981
2016,polyhedral,205,0.1831284894,0.01762936378
2016,polyhedral,206,0.723342588,0.7639934572
2016,polyhedral,207,1.800718602,1.638984052
2016,polyhedral,208,-0.07695958171,0.08800135143
2016,polyhedral,209,-3.346250312,0.01393744207
2016,polyhedral,210,-0.394013974,0.2708742771
2016,polyhedral,211,1.014003233,0.4829924479
2016,polyhedral,212,2.460750219,1.84887463
2016,polyhedral,213,2.187459207,2.021977662
2016,polyhedral,214,0.04687721075,0.40552974
2016,polyhedral,215,-0.315849204,0.6826372889
2016,polyhedral,216,-0.2142647562,0.07303782697
2016,polyhedral,217,-2.365588105,0.4128962595
2016,polyhedral,218,2.576091561,1.647147971
2016,polyhedral,219,0.7448614606,0.1202791496
2016,polyhedral,220,2.275946711,2.558794838
2016,polyhedral,221,-4.007002803,1.202366917
2016,polyhedral,222,-11.44368205,0.02765173318
2016,polyhedral,223,-0.3449894773,0.541787514
2016,polyhedral,224,0.8704926173,1.661434972
2016,polyhedral,225,0.5500605981,1.017944418
2016,polyhedral,226,0.04656493458,0.0710372777
2016,polyhedral,227,0.01497279958,-0.04225641633
2016,polyhedral,228,-0.2573646679,1.228659366
2016,polyhedral,229,-0.670625482,0.3214283341
2016,polyhedral,230,0.6793847907,1.255589249
2016,polyhedral,231,1.1543693,0.9800096718
2016,polyhedral,232,0.9643904275,0.6208962576
2016,polyhedral,233,-1.377392343,0.534153878
2016,polyhedral,234,-11.20348208,0.6239714647
2016,polyhedral,235,0.685618586,0.6179912002
2016,polyhedral,236,-7.786733881,0.7127656346
2016,polyhedral,237,0.7525638715,0.8297019734
2016,polyhedral,238,0.7859413732,0.5411671876
2016,polyhedral,239,1.716190137,0.72642411
2016,polyhedral,240,0.6672047637,0.1713526112
2016,polyhedral,241,-11.13375371,0.2456247347
2016,polyhedral,242,-1.017415362,0.4595937013
2016,polyhedral,243,1.000608475,0.8105641134
2016,polyhedral,244,1.196765591,0.8259254495
2016,polyhedral,245,0.7504126839,0.9639700768
2016,polyhedral,246,0.4626331976,0.7740312947
2016,polyhedral,247,-0.07295349232,0.3634489865
2016,polyhedral,248,-1.218010636,0.987864072
2016,polyhedral,249,0.2866694983,1.405166585
2016,polyhedral,250,1.46263739,0.9312766912
2016,polyhedral,251,0.1395005722,0.4280657258
2016,polyhedral,252,0.1171042096,1.194653019
2016,polyhedral,253,0.1981513964,0.8086116401
2016,polyhedral,254,1.235979208,1.457267141
2016,polyhedral,255,0.01548653019,0.6667928931
2016,polyhedral,256,1.435986682,0.9431931099
2016,polyhedral,257,-0.2638783562,0.4111528146
2016,polyhedral,258,0.6219325547,0.5184652897
2016,polyhedral,259,2.116290618,2.124602225
2016,polyhedral,260,1.270383466,1.925739892
2016,polyhedral,261,-6.344325814,-0.1388706748
2016,polyhedral,262,1.207798512,0.529586577
2016,polyhedral,263,1.45351418,1.505013204
2016,polyhedral,264,-3.756872401,0.3711169214
2016,polyhedral,265,-0.4086908618,0.1322566466
2016,polyhedral,266,-6.399279879,0.7764998973
2016,polyhedral,267,1.495860396,0.86314039
2016,polyhedral,268,2.378133185,1.295570703
2016,polyhedral,269,-0.6734199999,-0.1320343375
2016,polyhedral,270,0.8837681828,0.208635762
2016,polyhedral,271,0.6554075827,0.6228675777
2016,polyhedral,272,-0.3310114942,0.6958133786
2016,polyhedral,273,0.7300015591,1.196554479
2016,polyhedral,274,0.9142200873,0.7111209635
2016,polyhedral,275,1.29688059,0.9499259597
2016,polyhedral,276,0.6751127365,0.9726177102
2016,polyhedral,277,-0.01628581763,0.2789718375
2016,polyhedral,278,0.5430044914,0.2671350341
2016,polyhedral,279,1.51302243,0.9297050506
2016,polyhedral,280,2.287975407,1.179165795
2016,polyhedral,281,1.387962898,1.508541767
2016,polyhedral,282,-0.5100216779,0.9011528313
2016,polyhedral,283,0.766026776,-0.008417119648
2016,polyhedral,284,1.862253229,0.6868955888
2016,polyhedral,285,0.3289704404,-0.1313943677
2016,polyhedral,286,-0.2734641124,2.303387264
2016,polyhedral,287,2.02899355,1.876481159
2016,polyhedral,288,1.39185438,0.3380543474
2016,polyhedral,289,0.1080027467,0.03613058746
2016,polyhedral,290,1.587759697,1.421740857
2016,polyhedral,291,-9.646945794,0.5495241601
2016,polyhedral,292,0.8674241546,0.4869495195
2016,polyhedral,293,0.672079981,0.3990820946
2016,polyhedral,294,-3.598007358,0.2185016989
2016,polyhedral,295,-0.79444616,1.02519642
2016,polyhedral,296,0.08493141682,-0.05645587626
2016,polyhedral,297,0.8729891229,0.8041941755
2016,polyhedral,298,-2.916579131,0.3859764868
2016,polyhedral,299,2.679323859,1.684177162
2016,polyhedral,300,-0.2065732795,0.06656994695
2016,polyhedral,301,-4.104515114,0.6863843511
2016,polyhedral,302,-3.437456762,0.2401328476
2016,polyhedral,303,-0.05689021124,0.04244284478
2016,polyhedral,304,1.151781168,1.589853883
2016,polyhedral,305,-3.903599888,0.481600212
2016,polyhedral,306,0.6576595504,0.6129028511
2016,polyhedral,307,0.8084635264,-0.04913670487
2016,polyhedral,308,0.4396864711,-0.02431579245
2016,polyhedral,309,1.536433914,1.36348082
2016,polyhedral,310,1.900430901,1.537341319
2016,polyhedral,311,0.8484845746,-0.003792796742
2016,polyhedral,312,0.8929467038,0.6600081486
2016,polyhedral,313,0.3748095969,0.87269921
2016,polyhedral,314,0.5620308767,0.2159766164
2016,polyhedral,315,-1.232835769,-0.01000539426
2016,polyhedral,316,-2.134806568,0.01211204081
2016,polyhedral,317,1.989524631,1.532060566
2016,polyhedral,318,1.25359475,0.7393693411
2016,polyhedral,319,1.574397091,1.008239506
2016,polyhedral,320,0.8107033627,0.545578639
2016,polyhedral,321,1.124685057,0.6431901444
2016,polyhedral,322,1.091878937,0.5100600832
2016,polyhedral,323,0.3319043155,0.01974772475
2016,polyhedral,324,-0.9286951228,-0.08725190241
2016,polyhedral,325,-0.8843169586,0.2524744178
2016,polyhedral,326,1.13722966,0.9594506993
2016,polyhedral,327,1.302656623,0.7147836854
2016,polyhedral,328,-4.951649866,1.319802252
2016,polyhedral,329,-4.433902431,0.4945370666
2016,polyhedral,330,0.9016663478,0.2096521353
2016,polyhedral,331,-0.7533139241,0.0102879353
2016,polyhedral,332,-0.6410755915,0.06101122124
2016,polyhedral,333,1.904759761,0.5557806345
2016,polyhedral,334,1.723835813,2.425105523
2016,polyhedral,335,1.013811239,0.2357246146
2016,polyhedral,336,-0.3723861295,0.09324509538
2016,polyhedral,337,1.298386856,1.704847135
2016,polyhedral,338,0.9217753611,0.8503789057
2016,polyhedral,339,3.135612222,2.550562333
2016,polyhedral,340,0.2230028723,1.079690298
2016,polyhedral,341,1.356924267,1.041815305
2016,polyhedral,342,-1.213370961,0.9691871998
2016,polyhedral,343,1.67082545,1.235339346
2016,polyhedral,344,0.2395080238,0.1413542858
2016,polyhedral,345,2.10852239,1.569828484
2016,polyhedral,346,-5.896377682,0.5599359022
2016,polyhedral,347,1.059529094,0.4824050091
2016,polyhedral,348,1.395857213,1.133975687
2016,polyhedral,349,-3.503680723,0.8509865917
2016,polyhedral,350,1.753102646,1.670732055
2016,polyhedral,351,1.542142594,2.760360378
2016,polyhedral,352,1.938192358,1.32761468
2016,polyhedral,353,0.09089908005,-0.1153221355
2016,polyhedral,354,0.9459882807,0.6055469357
2016,polyhedral,355,0.0765002648,0.6857652668
2016,polyhedral,356,-1.661239666,1.851767814
2016,polyhedral,357,1.91857519,0.5848901663
2016,polyhedral,358,0.2356541919,0.1197322708
2016,polyhedral,359,-3.331984694,0.5101521343
2016,polyhedral,360,0.2416990848,0.05314020843
2016,polyhedral,361,2.133207071,2.634511548
2016,polyhedral,362,-0.0682197936,0.6229452477
2016,polyhedral,363,2.50375876,1.476088725
2016,polyhedral,364,1.710167311,2.993945163
2016,polyhedral,365,0.398012502,2.148140269
2016,polyhedral,366,-2.535442554,0.3070946757
2016,polyhedral,367,3.343718588,3.711798026
2016,polyhedral,368,0.9510393212,0.2613700632
2016,polyhedral,369,-0.4304836332,-0.003068070264
2016,polyhedral,370,1.475278259,1.256987895
2016,polyhedral,371,1.505348585,1.166867982
2016,polyhedral,372,1.241624664,0.9155790652
2016,polyhedral,373,2.230649944,0.9840756265
2016,polyhedral,374,-0.8995627678,0.6963548054
2016,polyhedral,375,-0.521384073,1.646448422
2016,polyhedral,376,-0.9058020302,-0.005761381695
2016,polyhedral,377,0.33440654,0.5117705842
2016,polyhedral,378,-0.5239884351,0.2067356286
2016,polyhedral,379,-11.38913166,0.1232944074
2016,polyhedral,380,0.8282098755,-0.03342110445
2016,polyhedral,381,-1.017260985,0.0182231479
2016,polyhedral,382,0.4150345021,0.8790033057
2016,polyhedral,383,-3.614867241,0.5064956349
2016,polyhedral,384,1.140210844,0.5616789162
2016,polyhedral,385,-1.374246747,0.1096896422
2016,polyhedral,386,0.3974606428,0.53178547
2016,polyhedral,387,-0.1824791724,0.3336607918
2016,polyhedral,388,0.5304507127,0.7273378796
2016,polyhedral,389,0.844944913,0.009747517713
2016,polyhedral,390,1.808644282,2.022914223
2016,polyhedral,391,0.485274533,1.75439821
2016,polyhedral,392,0.07310484351,0.01305277946
2016,polyhedral,393,-3.63356063,0.2480848616
2016,polyhedral,394,1.543318542,0.7315737986
2016,polyhedral,395,2.463169465,1.386570599
2016,polyhedral,396,-0.9408498764,-0.05827688002
2016,polyhedral,397,0.3376326796,0.3352905534
2016,polyhedral,398,1.514781693,1.078333291
2016,polyhedral,399,-1.298072448,0.6640458576
2016,polyhedral,400,1.235611862,0.9185406028
2016,polyhedral,401,-5.115543763,0.4779641925
2016,polyhedral,402,1.180825639,0.7763599261
2016,polyhedral,403,0.194210397,0.9659497143
2016,polyhedral,404,1.097769386,2.201697279
2016,polyhedral,405,-1.450981274,0.3766689235
2016,polyhedral,406,1.396297546,0.6123692065
2016,polyhedral,407,0.7397740683,0.5087283857
2016,polyhedral,408,1.430881368,0.7924371031
2016,polyhedral,409,0.5636896927,0.3460726445
2016,polyhedral,410,-1.058274035,0.9420161345
2016,polyhedral,411,3.069618699,2.904872089
2016,polyhedral,412,-0.5335876294,0.2084266479
2016,polyhedral,413,-0.3126444966,0.121623604
2016,polyhedral,414,1.421510577,0.6215342098
2016,polyhedral,415,0.304239829,0.1751633756
2016,polyhedral,416,1.989323791,0.6159882495
2016,polyhedral,417,-3.646418748,0.5821846512
2016,polyhedral,418,0.6268320975,0.744466987
2016,polyhedral,419,1.123800083,0.8252065234
2016,polyhedral,420,2.531243773,2.228064182
2016,polyhedral,421,0.05261192738,0.9400482948
2016,polyhedral,422,-1.663159256,0.2222764115
2016,polyhedral,423,1.307446763,0.1808500025
2016,polyhedral,424,1.311727346,1.275446061
2016,polyhedral,425,-1.407009562,0.8227136915
2016,polyhedral,426,-1.935083869,0.3832123511
2016,polyhedral,427,0.3216229386,1.982175582
2016,polyhedral,428,-10.97542217,0.50376333
2016,polyhedral,429,-10.69369723,0.02547257659
2016,polyhedral,430,0.92522412,0.917929211
2016,polyhedral,431,2.021325924,0.7778452354
2016,polyhedral,432,-1.681792335,-0.01354924058
2016,polyhedral,433,1.266884627,0.4264733413
2016,polyhedral,434,2.109283893,1.241379066
2016,polyhedral,435,2.252611072,1.507001172
2016,polyhedral,436,0.5204799996,0.6183577186
2016,polyhedral,437,-0.7248187264,0.4381210333
2016,polyhedral,438,-7.567480124,1.325206864
2016,polyhedral,439,1.78225764,1.544620737
2016,polyhedral,440,2.386737577,1.849999579
2016,polyhedral,441,0.2456825702,0.01915376261
2016,polyhedral,442,1.638852632,1.128662087
2016,polyhedral,443,-2.583332757,1.155475297
2016,polyhedral,444,0.5721413994,0.26882527
2016,polyhedral,445,-2.320149375,0.2473278209
2016,polyhedral,446,0.5037863946,0.7275903361
2016,polyhedral,447,1.381439533,0.728674968
2016,polyhedral,448,-0.4253037963,0.254004673
2016,polyhedral,449,1.284560345,1.289303982
2016,polyhedral,450,0.6074805338,0.1183017941
2016,polyhedral,451,-0.3752811314,-0.06019365965
2016,polyhedral,452,0.8967744642,0.4173501389
2016,polyhedral,453,-0.623724915,0.5327344588
2016,polyhedral,454,-2.182577156,1.381745871
2016,polyhedral,455,0.3553599296,0.9644489191
2016,polyhedral,456,1.065722687,0.0008078947941
2016,polyhedral,457,1.062793648,0.5532964857
2016,polyhedral,458,1.314665085,0.6893516468
2016,polyhedral,459,-8.955468272,0.6676345407
2016,polyhedral,460,0.3450264646,0.4400741841
2016,polyhedral,461,0.5013127475,0.3447807352
2016,polyhedral,462,1.666811875,1.529374983
2016,polyhedral,463,-6.164858326,0.06746874517
2016,polyhedral,464,-3.132579962,0.8945628942
2016,polyhedral,465,-0.6152231804,0.351848642
2016,polyhedral,466,0.8804051586,0.06258040813
2016,polyhedral,467,-7.066485805,0.7202304527
2016,polyhedral,468,1.277170684,-0.03366669218
2016,polyhedral,469,2.405563069,1.603008483
2016,polyhedral,470,0.6980295921,0.7331570015
2016,polyhedral,471,1.507867992,1.058381312
2016,polyhedral,472,-6.43627035,0.5247830868
2016,polyhedral,473,0.3612325307,-0.1419044866
2016,polyhedral,474,1.385297325,0.8867650464
2016,polyhedral,475,0.4086139587,0.4443744056
2016,polyhedral,476,0.9323640645,0.03982350512
2016,polyhedral,477,1.632411839,0.9221735811
2016,polyhedral,478,0.4770003035,1.187006676
2016,polyhedral,479,0.445475818,-0.05066718073
2016,polyhedral,480,-6.358516821,1.230178897
2016,polyhedral,481,1.096405666,0.6353256141
2016,polyhedral,482,1.940831606,1.681736704
2016,polyhedral,483,0.5342951693,0.1941528637
2016,polyhedral,484,0.1066180938,0.2359625573
2016,polyhedral,485,2.327145832,2.385444647
2016,polyhedral,486,0.2112955574,0.02884670019
2016,polyhedral,487,-0.7010745811,0.03552809737
2016,polyhedral,488,2.15058169,2.212786341
2016,polyhedral,489,1.080707425,0.5614498424
2016,polyhedral,490,-1.106123107,0.7797285138
2016,polyhedral,491,1.278720623,0.4660791221
2016,polyhedral,492,-1.043013571,0.9875515616
2016,polyhedral,493,1.176087151,0.7048015654
2016,polyhedral,494,1.502640256,0.6136139214
2016,polyhedral,495,0.09644565208,0.3941303604
2016,polyhedral,496,-11.68188539,-0.0489163047
2016,polyhedral,497,0.2767975296,1.012878404
2016,polyhedral,498,0.6678624399,0.7839852624
2016,polyhedral,499,1.289399957,1.058322838
2016,polyhedral,500,-1.978469826,0.697312226
